date,code,pool,shares,avg
2015-01-09,4417,A,194,32.6
2015-01-09,3051,A,846,7.48
2015-01-09,4729,A,260,24.35
2015-01-09,3532,A,105,60.1
2015-01-09,2611,A,485,13.05
2015-01-09,2610,A,395,16.0
2015-01-09,2483,A,253,24.95
2015-01-09,2368,A,328,19.3
2015-01-09,3217,A,348,18.15
2015-01-09,2636,A,171,36.95
2015-01-09,2527,A,305,20.7
2015-01-09,2543,A,550,11.5
2015-01-09,2305,A,633,10.0
2015-01-09,8085,A,683,9.27
2015-01-09,3533,A,42,147.5
2015-01-16,4417,A,194,32.6
2015-01-16,3051,A,635,7.48
2015-01-16,4729,A,260,24.35
2015-01-16,2611,A,485,13.05
2015-01-16,2610,A,395,16.0
2015-01-16,2483,A,253,24.95
2015-01-16,2368,A,328,19.3
2015-01-16,2636,A,171,36.95
2015-01-16,2527,A,305,20.7
2015-01-16,2305,A,633,10.0
2015-01-16,3631,A,101,62.2
2015-01-16,3227,A,74,85.5
2015-01-16,2514,A,276,22.9
2015-01-16,1522,A,283,22.35
2015-01-16,1727,A,313,20.25
2015-01-23,4417,A,133,32.6
2015-01-23,3051,A,291,7.48
2015-01-23,2610,A,244,16.0
2015-01-23,2483,A,154,24.95
2015-01-23,2368,A,177,19.3
2015-01-23,2636,A,105,36.95
2015-01-23,2305,A,370,10.0
2015-01-23,3631,A,62,62.2
2015-01-23,3227,A,45,85.5
2015-01-23,2514,A,172,22.9
2015-01-23,1522,A,173,22.35
2015-01-23,3152,A,24,157.0
2015-01-23,8085,A,366,10.7
2015-01-23,3532,A,71,54.5
2015-01-23,3217,A,217,18.0
2015-01-23,2618,B,1611,24.3
2015-01-30,3051,A,291,7.48
2015-01-30,2368,A,177,19.3
2015-01-30,3227,A,45,85.5
2015-01-30,2514,A,172,22.9
2015-01-30,1522,A,173,22.35
2015-01-30,3152,A,24,157.0
2015-01-30,2618,B,798,24.3
2015-01-30,2456,A,89,43.05
2015-01-30,4426,A,86,44.8
2015-01-30,1307,A,114,33.7
2015-01-30,8016,A,37,104.0
2015-01-30,5102,A,208,18.55
2015-01-30,9910,A,32,118.5
2015-01-30,9924,A,110,35.1
2015-01-30,5469,A,241,16.0
2015-01-30,2527,A,189,20.35
2015-01-30,4938,B,51,85.0
2015-02-06,3051,A,291,7.48
2015-02-06,3227,A,45,85.5
2015-02-06,2514,A,172,22.9
2015-02-06,1522,A,173,22.35
2015-02-06,2618,B,798,24.3
2015-02-06,2456,A,89,43.05
2015-02-06,4426,A,86,44.8
2015-02-06,1307,A,114,33.7
2015-02-06,8016,A,37,104.0
2015-02-06,9910,A,32,118.5
2015-02-06,5469,A,241,16.0
2015-02-06,2527,A,189,20.35
2015-02-06,4938,B,236,81.002
2015-02-06,2325,A,69,54.4
2015-02-06,9938,A,66,56.9
2015-02-06,2414,A,191,19.7
2015-02-06,3532,A,59,63.3
2015-02-13,3051,A,291,7.48
2015-02-13,3227,A,45,85.5
2015-02-13,2456,A,89,43.05
2015-02-13,4426,A,86,44.8
2015-02-13,1307,A,114,33.7
2015-02-13,8016,A,37,104.0
2015-02-13,9910,A,32,118.5
2015-02-13,5469,A,241,16.0
2015-02-13,2527,A,189,20.35
2015-02-13,4938,B,454,82.826
2015-02-13,2325,A,69,54.4
2015-02-13,9938,A,66,56.9
2015-02-13,3532,A,59,63.3
2015-02-13,2492,A,269,14.3
2015-02-13,9924,A,114,33.6
2015-02-13,3631,A,65,58.7
2015-03-06,2456,A,89,43.05
2015-03-06,1307,A,114,33.7
2015-03-06,4938,B,454,82.826
2015-03-06,9938,A,66,56.9
2015-03-06,9924,A,114,33.6
2015-03-06,5498,A,365,11.2
2015-03-06,1452,A,226,18.1
2015-03-06,1459,A,365,11.2
2015-03-06,5306,A,26,153.0
2015-03-06,9937,A,103,39.5
2015-03-06,3484,A,72,56.6
2015-03-06,9802,A,67,60.5
2015-03-06,1589,A,25,161.0
2015-03-06,6189,A,106,38.55
2015-03-06,1539,A,178,22.9
2015-03-06,6177,A,91,44.6
2015-03-13,1307,A,114,33.7
2015-03-13,4938,B,454,82.826
2015-03-13,1452,A,226,18.1
2015-03-13,9937,A,103,39.5
2015-03-13,3484,A,72,56.6
2015-03-13,9802,A,67,60.5
2015-03-13,1589,A,25,161.0
2015-03-13,2731,A,37,109.5
2015-03-13,6187,A,71,57.6
2015-03-13,9943,A,97,42.2
2015-03-13,4426,A,60,68.6
2015-03-13,2355,A,67,61.0
2015-03-13,9910,A,26,158.0
2015-03-13,4528,A,86,48.0
2015-03-13,4733,A,21,188.0
2015-03-13,1464,A,236,17.45
2015-03-20,4938,B,454,82.826
2015-03-20,1452,A,226,18.1
2015-03-20,3484,A,72,56.6
2015-03-20,9802,A,67,60.5
2015-03-20,1589,A,25,161.0
2015-03-20,2731,A,37,109.5
2015-03-20,9943,A,97,42.2
2015-03-20,4426,A,60,68.6
2015-03-20,4528,A,86,48.0
2015-03-20,4733,A,21,188.0
2015-03-20,8086,A,60,70.4
2015-03-20,6196,A,144,29.6
2015-03-20,5317,A,286,14.9
2015-03-20,2493,A,137,31.15
2015-03-20,1521,A,50,83.9
2015-03-20,2383,A,79,54.0
2015-03-27,4938,B,454,82.826
2015-03-27,3484,A,72,56.6
2015-03-27,9943,A,97,42.2
2015-03-27,4733,A,21,188.0
2015-03-27,2493,A,137,31.15
2015-03-27,2035,A,76,54.5
2015-03-27,6115,A,90,46.0
2015-03-27,5015,A,146,28.3
2015-03-27,3028,A,217,19.05
2015-03-27,4930,A,129,32.0
2015-03-27,2527,A,173,23.95
2015-03-27,1815,A,283,14.6
2015-03-27,6218,A,169,24.5
2015-03-27,9910,A,22,180.5
2015-03-27,5498,A,323,12.8
2015-03-27,2833,A,164,25.15
2015-04-10,3028,A,358,19.129
2015-04-10,5315,A,464,14.85
2015-04-10,2316,A,329,20.9
2015-04-10,6269,A,71,96.0
2015-04-10,3685,A,164,41.9
2015-04-10,8050,A,100,68.6
2015-04-10,2542,A,87,78.5
2015-04-10,1905,A,650,10.6
2015-04-10,3030,A,112,61.3
2015-04-10,1459,A,534,12.9
2015-04-10,1707,A,43,159.0
2015-04-10,9930,A,85,81.0
2015-04-10,3455,A,155,44.25
2015-04-10,1808,A,198,34.75
2015-04-10,1473,A,222,31.0
2015-04-17,5315,A,236,14.85
2015-04-17,2316,A,193,20.9
2015-04-17,6269,A,40,96.0
2015-04-17,3685,A,92,41.9
2015-04-17,8050,A,63,68.6
2015-04-17,1707,A,26,159.0
2015-04-17,1808,A,116,34.75
2015-04-17,1584,A,271,15.75
2015-04-17,6167,A,617,6.94
2015-04-17,2442,A,432,9.91
2015-04-17,4426,A,34,123.0
2015-04-17,9943,A,86,49.7
2015-04-17,2823,A,138,30.9
2015-04-17,3308,A,310,13.8
2015-04-17,2108,A,220,19.45
2015-04-17,4938,B,245,87.2
2015-04-17,8086,B,339,63.0
2015-04-24,2316,A,304,21.886
2015-04-24,6269,A,61,102.885
2015-04-24,3685,A,134,45.473
2015-04-24,1707,A,43,162.163
2015-04-24,1808,A,194,35.594
2015-04-24,4426,A,53,126.943
2015-04-24,9943,A,131,51.383
2015-04-24,2823,A,223,31.376
2015-04-24,9917,A,77,92.4
2015-04-24,2834,A,711,10.1
2015-04-24,2833,A,253,28.35
2015-04-24,1452,A,247,29.0
2015-04-24,2731,A,56,128.0
2015-04-24,2542,A,88,80.8
2015-04-24,6187,A,112,63.9
2015-05-08,6269,A,61,102.885
2015-05-08,1707,A,43,162.163
2015-05-08,1808,A,194,35.594
2015-05-08,9943,A,131,51.383
2015-05-08,9917,A,77,92.4
2015-05-08,2833,A,253,28.35
2015-05-08,2731,A,56,128.0
2015-05-08,2923,A,165,42.7
2015-05-08,2108,A,320,22.0
2015-05-08,4930,A,194,36.25
2015-05-08,1541,A,292,24.1
2015-05-08,8086,A,93,75.1
2015-05-08,1464,A,317,22.2
2015-05-08,9930,A,84,83.5
2015-05-08,2456,A,103,68.0
2015-05-15,9943,A,131,51.383
2015-05-15,2833,A,253,28.35
2015-05-15,2731,A,56,128.0
2015-05-15,2923,A,165,42.7
2015-05-15,2108,A,320,22.0
2015-05-15,8086,A,93,75.1
2015-05-15,1464,A,317,22.2
2015-05-15,2456,A,103,68.0
2015-05-15,1539,A,229,30.2
2015-05-15,2316,A,276,25.0
2015-05-15,8070,A,72,94.9
2015-05-15,4426,A,53,129.0
2015-05-15,2442,A,640,10.8
2015-05-15,5490,A,88,77.8
2015-05-15,4528,A,104,66.5
2015-05-22,2833,A,253,28.35
2015-05-22,2731,A,56,128.0
2015-05-22,2108,A,320,22.0
2015-05-22,8086,A,93,75.1
2015-05-22,1464,A,317,22.2
2015-05-22,2316,A,276,25.0
2015-05-22,5490,A,88,77.8
2015-05-22,4528,A,104,66.5
2015-05-22,6506,A,271,25.6
2015-05-22,3706,A,251,27.6
2015-05-22,3030,A,104,66.5
2015-05-22,3234,A,99,69.7
2015-05-22,1452,A,211,32.8
2015-05-22,3685,A,118,58.6
2015-05-22,4979,A,61,87.1
2015-05-29,8086,A,70,75.1
2015-05-29,2316,A,276,25.0
2015-05-29,5490,A,88,77.8
2015-05-29,4528,A,104,66.5
2015-05-29,6506,A,271,25.6
2015-05-29,3706,A,251,27.6
2015-05-29,3234,A,99,69.7
2015-05-29,4506,A,301,24.85
2015-05-29,4417,A,158,47.2
2015-05-29,6414,A,19,388.0
2015-05-29,3152,A,37,201.0
2015-05-29,3529,A,16,450.0
2015-05-29,2354,A,69,108.0
2015-05-29,6214,A,95,78.3
2015-05-29,1539,A,218,34.2
2015-06-05,8086,A,70,75.1
2015-06-05,2316,A,276,25.0
2015-06-05,6506,A,271,25.6
2015-06-05,3706,A,251,27.6
2015-06-05,4417,A,158,47.2
2015-06-05,6414,A,19,388.0
2015-06-05,3152,A,37,201.0
2015-06-05,3529,A,16,450.0
2015-06-05,2354,A,69,108.0
2015-06-05,1539,A,218,34.2
2015-06-05,8070,A,71,103.0
2015-06-05,2833,A,230,32.1
2015-06-05,4107,A,74,99.5
2015-06-05,3030,A,106,69.3
2015-06-05,2397,A,148,49.95
2015-06-12,8086,A,70,75.1
2015-06-12,6506,A,271,25.6
2015-06-12,3706,A,251,27.6
2015-06-12,4417,A,158,47.2
2015-06-12,3152,A,37,201.0
2015-06-12,3529,A,16,450.0
2015-06-12,1539,A,218,34.2
2015-06-12,8070,A,71,103.0
2015-06-12,2833,A,230,32.1
2015-06-12,3234,A,89,84.1
2015-06-12,1537,A,46,161.5
2015-06-12,6269,A,61,122.0
2015-06-12,4506,A,298,25.15
2015-06-12,6224,A,94,79.7
2015-06-12,6214,A,94,79.8
2015-06-26,8086,A,70,75.1
2015-06-26,3706,A,251,27.6
2015-06-26,4417,A,158,47.2
2015-06-26,3152,A,29,201.0
2015-06-26,3234,A,89,84.1
2015-06-26,6269,A,61,122.0
2015-06-26,4506,A,298,25.15
2015-06-26,3029,A,262,29.55
2015-06-26,5490,A,69,112.0
2015-06-26,4733,A,24,320.5
2015-06-26,2455,A,157,49.2
2015-06-26,2506,A,445,17.4
2015-06-26,2731,A,45,169.0
2015-06-26,1464,A,250,30.95
2015-06-26,1707,A,39,197.5
2015-07-03,8086,A,70,75.1
2015-07-03,3706,A,251,27.6
2015-07-03,3152,A,29,201.0
2015-07-03,3234,A,89,84.1
2015-07-03,6269,A,61,122.0
2015-07-03,4506,A,298,25.15
2015-07-03,3029,A,262,29.55
2015-07-03,5490,A,69,112.0
2015-07-03,2455,A,157,49.2
2015-07-03,2506,A,445,17.4
2015-07-03,2731,A,45,169.0
2015-07-03,1707,A,39,197.5
2015-07-03,2354,A,65,118.5
2015-07-03,4107,A,70,110.0
2015-07-03,6414,A,20,372.0
2015-07-17,3706,A,251,27.6
2015-07-17,3152,A,29,201.0
2015-07-17,3234,A,89,84.1
2015-07-17,6269,A,61,122.0
2015-07-17,4506,A,298,25.15
2015-07-17,3029,A,262,29.55
2015-07-17,2506,A,445,17.4
2015-07-17,1707,A,30,197.5
2015-07-17,2354,A,65,118.5
2015-07-17,4107,A,70,110.0
2015-07-17,6414,A,20,372.0
2015-07-17,4417,A,137,52.8
2015-07-17,2108,A,262,27.7
2015-07-17,2891,A,300,24.15
2015-07-17,3529,A,17,414.0
2015-07-24,3152,A,78,207.282
2015-07-24,3029,A,721,25.317
2015-07-24,2506,A,930,17.583
2015-07-24,1707,A,74,212.662
2015-07-24,4107,A,166,103.639
2015-07-24,2891,A,696,23.894
2015-07-31,2506,A,2930,16.741
2015-07-31,1707,A,226,212.217
2015-08-07,2506,A,5461,16.815
2015-08-14,2506,A,5461,16.815
2015-09-04,1541,A,2668,32.45
2015-09-11,1541,A,2668,32.45
2015-09-18,1541,A,2668,32.45
2015-09-25,1541,A,2668,32.45
2015-10-02,1541,A,1312,32.45
2015-10-02,8916,A,89,51.5
2015-10-16,1541,A,375,32.45
2015-10-16,8916,A,89,51.5
2015-10-16,8105,A,1382,13.2
2015-10-16,4935,A,338,54.0
2015-10-16,1527,A,311,58.6
2015-10-16,5315,A,551,20.9
2015-10-23,1541,A,261,32.45
2015-10-23,8916,A,294,50.663
2015-10-23,8105,A,1382,13.2
2015-10-23,4935,A,251,54.0
2015-10-23,1527,A,311,58.6
2015-10-23,5315,A,551,20.9
2015-10-23,2345,A,779,19.0
2015-10-23,1704,A,549,26.95
2015-10-23,3324,A,655,22.6
2015-10-30,1541,A,195,32.45
2015-10-30,8916,A,294,50.663
2015-10-30,8105,A,868,13.2
2015-10-30,4935,A,186,54.0
2015-10-30,1527,A,311,58.6
2015-10-30,5315,A,551,20.9
2015-10-30,2345,A,598,19.0
2015-10-30,1704,A,422,26.95
2015-10-30,3324,A,504,22.6
2015-10-30,3617,A,23,101.0
2015-11-06,1541,A,195,32.45
2015-11-06,8916,A,234,50.663
2015-11-06,8105,A,618,13.2
2015-11-06,4935,A,186,54.0
2015-11-06,1527,A,311,58.6
2015-11-06,5315,A,427,20.9
2015-11-06,2345,A,469,19.0
2015-11-06,1704,A,422,26.95
2015-11-06,3324,A,402,22.6
2015-11-06,3617,A,106,101.0
2015-11-06,8404,A,277,38.7
2015-11-06,8096,A,381,28.15
2015-11-13,1541,A,195,32.45
2015-11-13,8916,A,234,50.663
2015-11-13,8105,A,618,13.2
2015-11-13,4935,A,186,54.0
2015-11-13,1527,A,200,58.6
2015-11-13,5315,A,427,20.9
2015-11-13,2345,A,469,19.0
2015-11-13,1704,A,422,26.95
2015-11-13,3324,A,402,22.6
2015-11-13,3617,A,106,101.0
2015-11-13,8404,A,277,38.7
2015-11-13,8096,A,381,28.15
2015-11-13,6274,A,373,29.15
2015-11-20,1541,A,195,32.45
2015-11-20,8916,A,178,50.663
2015-11-20,8105,A,465,13.2
2015-11-20,4935,A,133,54.0
2015-11-20,1527,A,200,58.6
2015-11-20,5315,A,427,20.9
2015-11-20,2345,A,469,19.0
2015-11-20,1704,A,422,26.95
2015-11-20,3324,A,402,22.6
2015-11-20,3617,A,85,101.0
2015-11-20,8404,A,277,38.7
2015-11-20,8096,A,381,28.15
2015-11-20,6274,A,373,29.15
2015-11-20,2377,A,186,42.0
2015-11-20,3050,A,1,9.77
2015-11-27,8916,A,178,50.663
2015-11-27,4935,A,133,54.0
2015-11-27,2345,A,469,19.0
2015-11-27,1704,A,305,26.95
2015-11-27,3324,A,295,22.6
2015-11-27,2377,A,252,41.817
2015-11-27,4119,A,95,109.0
2015-11-27,4746,A,144,72.0
2015-11-27,6237,A,292,35.6
2015-11-27,3479,A,152,68.2
2015-11-27,1762,A,246,42.25
2015-11-27,2481,A,687,15.15
2015-11-27,8403,A,196,53.0
2015-11-27,1817,A,251,41.4
2015-11-27,3038,A,1035,10.05
2015-12-04,8916,A,178,50.663
2015-12-04,4935,A,133,54.0
2015-12-04,2345,A,469,19.0
2015-12-04,1704,A,305,26.95
2015-12-04,3324,A,295,22.6
2015-12-04,2377,A,252,41.817
2015-12-04,4746,A,144,72.0
2015-12-04,6237,A,292,35.6
2015-12-04,3479,A,152,68.2
2015-12-04,1762,A,246,42.25
2015-12-04,2481,A,687,15.15
2015-12-04,3038,A,1035,10.05
2015-12-04,6230,A,93,115.0
2015-12-04,4736,A,94,113.0
2015-12-04,2406,A,275,38.8
2015-12-11,8916,A,178,50.663
2015-12-11,2345,A,358,19.0
2015-12-11,1704,A,305,26.95
2015-12-11,3324,A,295,22.6
2015-12-11,2377,A,252,41.817
2015-12-11,4746,A,144,72.0
2015-12-11,3479,A,152,68.2
2015-12-11,1762,A,246,42.25
2015-12-11,2481,A,687,15.15
2015-12-11,3038,A,1035,10.05
2015-12-11,6230,A,93,115.0
2015-12-11,2406,A,275,38.8
2015-12-11,2428,A,190,52.3
2015-12-11,6290,A,337,29.5
2015-12-11,4919,A,302,33.0
2015-12-18,8916,A,178,50.663
2015-12-18,2345,A,358,19.0
2015-12-18,1704,A,305,26.95
2015-12-18,3324,A,295,22.6
2015-12-18,2377,A,252,41.817
2015-12-18,4746,A,144,72.0
2015-12-18,1762,A,246,42.25
2015-12-18,2481,A,687,15.15
2015-12-18,3038,A,1035,10.05
2015-12-18,6230,A,93,115.0
2015-12-18,2406,A,275,38.8
2015-12-18,2428,A,190,52.3
2015-12-18,6290,A,337,29.5
2015-12-18,6158,A,689,15.3
2015-12-18,4935,A,136,77.2
2015-12-25,8916,A,178,50.663
2015-12-25,2345,A,358,19.0
2015-12-25,1704,A,305,26.95
2015-12-25,3324,A,295,22.6
2015-12-25,2377,A,252,41.817
2015-12-25,2481,A,687,15.15
2015-12-25,3038,A,1035,10.05
2015-12-25,6230,A,93,115.0
2015-12-25,2406,A,275,38.8
2015-12-25,6158,A,689,15.3
2015-12-25,4935,A,136,77.2
2015-12-25,1310,A,613,17.0
2015-12-25,2464,A,287,36.25
2015-12-25,6237,A,292,35.65
2015-12-25,4919,A,324,32.1
2016-01-08,2345,A,358,19.0
2016-01-08,3324,A,231,22.6
2016-01-08,2377,A,252,41.817
2016-01-08,2481,A,687,15.15
2016-01-08,6230,A,93,115.0
2016-01-08,2406,A,275,38.8
2016-01-08,6158,A,689,15.3
2016-01-08,1310,A,613,17.0
2016-01-08,2464,A,287,36.25
2016-01-08,6237,A,292,35.65
2016-01-08,1737,A,305,35.75
2016-01-08,1817,A,279,39.1
2016-01-08,2428,A,213,51.3
2016-01-08,1527,A,184,59.4
2016-01-15,2345,A,496,21.852
2016-01-15,3324,A,231,22.6
2016-01-15,2377,A,358,41.427
2016-01-15,6230,A,93,115.0
2016-01-15,6158,A,689,15.3
2016-01-15,1310,A,825,17.154
2016-01-15,2464,A,456,34.601
2016-01-15,1737,A,451,34.601
2016-01-15,1817,A,279,39.1
2016-01-15,1527,A,250,59.004
2016-01-22,2345,A,496,21.852
2016-01-22,3324,A,382,33.115
2016-01-22,6230,A,144,120.312
2016-01-22,6158,A,995,16.407
2016-01-22,1310,A,1119,17.061
2016-01-22,1737,A,615,33.521
2016-01-22,1817,A,419,41.005
2016-01-22,1527,A,250,59.004
2016-01-29,2345,A,496,21.852
2016-01-29,6230,A,144,120.312
2016-01-29,6158,A,995,16.407
2016-01-29,1310,A,1119,17.061
2016-01-29,1737,A,615,33.521
2016-01-29,1817,A,419,41.005
2016-01-29,1527,A,250,59.004
2016-01-29,2419,A,909,21.2
2016-02-19,6230,A,61,120.312
2016-02-19,6158,A,438,16.407
2016-02-19,1310,A,525,17.061
2016-02-19,1737,A,304,33.521
2016-02-19,1817,A,230,41.005
2016-02-19,2419,A,417,21.2
2016-02-19,6213,A,368,25.85
2016-02-19,2013,A,401,23.7
2016-02-19,3526,A,328,29.0
2016-02-19,3552,B,153,414.0
2016-02-26,2419,A,269,21.2
2016-02-26,6213,A,241,25.85
2016-02-26,2013,A,250,23.7
2016-02-26,3526,A,185,29.0
2016-02-26,3552,B,153,414.0
2016-02-26,6227,A,213,30.0
2016-02-26,6139,A,238,26.8
2016-02-26,3202,A,695,9.2
2016-02-26,8081,A,78,81.5
2016-02-26,8049,A,446,14.35
2016-02-26,2404,A,128,49.65
2016-02-26,6024,A,196,32.65
2016-02-26,3293,A,26,238.5
2016-02-26,6189,A,187,34.1
2016-02-26,3324,A,92,69.0
2016-02-26,8109,A,90,70.5
2016-03-04,3552,B,153,414.0
2016-03-04,6227,A,213,30.0
2016-03-04,6139,A,238,26.8
2016-03-04,3202,A,695,9.2
2016-03-04,8081,A,78,81.5
2016-03-04,8049,A,446,14.35
2016-03-04,2404,A,128,49.65
2016-03-04,6024,A,196,32.65
2016-03-04,3293,A,26,238.5
2016-03-04,6189,A,187,34.1
2016-03-04,3324,A,92,69.0
2016-03-04,3038,A,540,11.95
2016-03-04,6266,A,418,15.45
2016-03-04,3443,A,73,87.5
2016-03-04,2449,A,238,27.1
2016-03-04,8996,A,105,61.5
2016-03-11,3552,B,76,414.0
2016-03-11,6227,A,213,30.0
2016-03-11,3202,A,695,9.2
2016-03-11,2404,A,128,49.65
2016-03-11,6024,A,196,32.65
2016-03-11,3293,B,29,238.966
2016-03-11,3038,A,540,11.95
2016-03-11,2449,A,238,27.1
2016-03-11,4534,A,453,15.2
2016-03-11,1218,A,495,13.9
2016-03-11,5452,A,526,13.1
2016-03-11,2481,A,355,19.4
2016-03-11,2488,A,197,34.95
2016-03-11,6156,A,388,17.75
2016-03-11,1611,A,678,10.15
2016-03-11,3032,A,222,31.0
2016-03-11,2373,A,123,56.0
2016-03-18,3552,B,76,414.0
2016-03-18,6227,A,213,30.0
2016-03-18,3202,A,695,9.2
2016-03-18,3293,B,144,244.583
2016-03-18,4534,A,453,15.2
2016-03-18,5452,A,526,13.1
2016-03-18,3032,A,222,31.0
2016-03-18,2373,A,123,56.0
2016-03-18,1735,A,484,14.7
2016-03-18,6139,A,178,39.85
2016-03-18,5015,A,325,21.85
2016-03-18,4533,A,413,17.2
2016-03-18,3310,A,465,15.3
2016-03-18,2017,A,908,7.83
2016-03-18,1235,A,292,24.35
2016-03-18,5315,A,207,34.25
2016-03-18,1323,A,211,33.6
2016-03-25,3552,B,76,414.0
2016-03-25,3202,A,695,9.2
2016-03-25,3293,B,144,244.583
2016-03-25,4534,A,453,15.2
2016-03-25,5452,A,526,13.1
2016-03-25,3032,A,177,31.0
2016-03-25,6139,A,178,39.85
2016-03-25,5015,A,325,21.85
2016-03-25,1235,A,292,24.35
2016-03-25,6234,A,245,29.1
2016-03-25,6128,A,179,39.9
2016-03-25,6160,A,330,21.6
2016-03-25,8064,A,343,20.8
2016-03-25,5403,A,259,27.5
2016-03-25,3535,A,560,12.75
2016-03-25,6213,A,255,27.95
2016-03-25,3016,A,287,24.9
2016-04-01,3552,B,76,414.0
2016-04-01,3293,B,144,244.583
2016-04-01,4534,A,453,15.2
2016-04-01,3032,A,177,31.0
2016-04-01,6234,A,245,29.1
2016-04-01,6128,A,179,39.9
2016-04-01,6160,A,330,21.6
2016-04-01,8064,A,343,20.8
2016-04-01,5403,A,259,27.5
2016-04-01,3535,A,560,12.75
2016-04-01,6213,A,255,27.95
2016-04-01,3016,A,287,24.9
2016-04-01,4916,A,181,40.1
2016-04-01,2511,A,605,12.05
2016-04-01,2449,A,264,27.6
2016-04-01,3050,A,714,10.2
2016-04-01,2488,A,200,36.3
2016-04-08,3552,B,76,414.0
2016-04-08,3293,B,144,244.583
2016-04-08,4534,A,453,15.2
2016-04-08,3032,A,177,31.0
2016-04-08,6234,A,245,29.1
2016-04-08,6128,A,179,39.9
2016-04-08,6160,A,330,21.6
2016-04-08,5403,A,259,27.5
2016-04-08,3535,A,560,12.75
2016-04-08,4916,A,181,40.1
2016-04-08,2511,A,605,12.05
2016-04-08,3050,A,714,10.2
2016-04-08,2488,A,200,36.3
2016-04-08,1909,A,612,13.25
2016-04-08,1604,A,586,13.85
2016-04-08,6227,A,168,48.3
2016-04-15,3552,B,76,414.0
2016-04-15,3293,B,144,244.583
2016-04-15,4534,A,453,15.2
2016-04-15,6160,A,330,21.6
2016-04-15,5403,A,259,27.5
2016-04-15,4916,A,181,40.1
2016-04-15,2511,A,605,12.05
2016-04-15,2488,A,200,36.3
2016-04-15,1909,A,612,13.25
2016-04-15,1604,A,586,13.85
2016-04-15,4706,A,347,21.8
2016-04-15,2444,A,466,16.25
2016-04-15,6803,A,41,182.0
2016-04-15,6266,A,413,18.3
2016-04-15,2373,A,133,56.6
2016-04-15,5015,A,313,24.15
2016-04-15,3202,A,467,11.0
2016-04-22,3552,B,76,414.0
2016-04-22,3293,B,144,244.583
2016-04-22,4534,A,324,15.2
2016-04-22,6160,A,330,21.6
2016-04-22,4916,A,181,40.1
2016-04-22,2488,A,200,36.3
2016-04-22,1909,A,612,13.25
2016-04-22,1604,A,586,13.85
2016-04-22,2444,A,466,16.25
2016-04-22,6266,A,413,18.3
2016-04-22,4721,A,210,39.95
2016-04-22,2015,A,181,46.25
2016-04-22,8210,A,159,52.8
2016-04-22,1532,A,223,37.5
2016-04-22,3526,A,185,45.35
2016-04-22,2010,A,766,10.95
2016-04-22,6213,A,52,29.55
2016-04-29,4534,A,465,18.702
2016-04-29,6160,A,466,23.088
2016-04-29,4916,A,288,41.252
2016-04-29,2488,A,306,37.824
2016-04-29,1909,A,922,13.334
2016-04-29,1604,A,922,13.722
2016-04-29,6266,A,413,18.3
2016-04-29,4721,A,346,38.397
2016-04-29,2015,A,273,45.997
2016-04-29,8210,A,237,52.668
2016-04-29,1532,A,326,37.705
2016-04-29,3526,A,297,44.049
2016-04-29,6213,A,417,29.813
2016-04-29,3028,A,680,18.3
2016-04-29,2449,A,437,28.5
2016-04-29,2511,A,1055,11.8
2016-05-06,4534,A,465,18.702
2016-05-06,6160,A,466,23.088
2016-05-06,4916,A,288,41.252
2016-05-06,2488,A,306,37.824
2016-05-06,1909,A,922,13.334
2016-05-06,4721,A,346,38.397
2016-05-06,8210,A,237,52.668
2016-05-06,1532,A,326,37.705
2016-05-06,3526,A,297,44.049
2016-05-06,6213,A,417,29.813
2016-05-06,9911,A,539,23.0
2016-05-06,3293,A,44,281.5
2016-05-06,8996,A,202,61.3
2016-05-06,3202,A,1107,11.2
2016-05-06,5403,A,426,29.1
2016-05-13,4534,A,465,18.702
2016-05-13,6160,A,466,23.088
2016-05-13,2488,A,306,37.824
2016-05-13,1909,A,922,13.334
2016-05-13,1532,A,326,37.705
2016-05-13,6213,A,417,29.813
2016-05-13,9911,A,539,23.0
2016-05-13,3202,A,1107,11.2
2016-05-13,4736,A,79,147.5
2016-05-13,1604,A,868,13.5
2016-05-13,1235,A,499,23.5
2016-05-13,2449,A,402,29.15
2016-05-13,3535,A,840,13.95
2016-05-13,6803,A,67,173.5
2016-05-13,2351,A,347,33.75
2016-05-20,4534,A,465,18.702
2016-05-20,6160,A,466,23.088
2016-05-20,2488,A,306,37.824
2016-05-20,1532,A,326,37.705
2016-05-20,6213,A,417,29.813
2016-05-20,9911,A,539,23.0
2016-05-20,3202,A,1107,11.2
2016-05-20,4736,A,79,147.5
2016-05-20,1604,A,868,13.5
2016-05-20,1235,A,499,23.5
2016-05-20,2351,A,347,33.75
2016-05-20,8996,A,178,67.0
2016-05-20,1225,A,367,32.45
2016-05-20,8210,A,223,53.3
2016-05-20,2492,A,429,27.8
2016-05-27,4534,A,465,18.702
2016-05-27,6160,A,466,23.088
2016-05-27,2488,A,306,37.824
2016-05-27,6213,A,417,29.813
2016-05-27,9911,A,539,23.0
2016-05-27,3202,A,1107,11.2
2016-05-27,4736,A,79,147.5
2016-05-27,1604,A,868,13.5
2016-05-27,2351,A,347,33.75
2016-05-27,8996,A,178,67.0
2016-05-27,1225,A,367,32.45
2016-05-27,8210,A,223,53.3
2016-05-27,2492,A,429,27.8
2016-05-27,3028,A,687,18.35
2016-05-27,4721,A,329,38.25
2016-06-03,4534,A,465,18.702
2016-06-03,6160,A,466,23.088
2016-06-03,2488,A,306,37.824
2016-06-03,9911,A,539,23.0
2016-06-03,3202,A,1107,11.2
2016-06-03,4736,A,79,147.5
2016-06-03,1225,A,367,32.45
2016-06-03,2492,A,429,27.8
2016-06-03,3028,A,687,18.35
2016-06-03,5439,A,513,24.85
2016-06-03,4973,A,552,23.1
2016-06-03,1235,A,528,24.15
2016-06-03,1323,A,372,34.25
2016-06-03,2449,A,431,29.6
2016-06-03,1532,A,345,36.95
2016-06-17,4534,A,465,18.702
2016-06-17,9911,A,539,23.0
2016-06-17,3202,A,1107,11.2
2016-06-17,1225,A,367,32.45
2016-06-17,5439,A,513,24.85
2016-06-17,4973,A,552,23.1
2016-06-17,3669,A,613,21.0
2016-06-17,3092,A,434,29.7
2016-06-17,6274,A,347,37.05
2016-06-17,1215,A,368,35.0
2016-06-17,5426,A,1023,12.6
2016-06-17,1909,A,883,14.6
2016-06-17,5015,A,539,23.9
2016-06-17,8210,A,218,58.9
2016-06-17,4916,A,254,50.6
2016-06-24,4534,A,465,18.702
2016-06-24,9911,A,539,23.0
2016-06-24,1225,A,367,32.45
2016-06-24,4973,A,552,23.1
2016-06-24,3669,A,613,21.0
2016-06-24,3092,A,434,29.7
2016-06-24,6274,A,347,37.05
2016-06-24,1215,A,368,35.0
2016-06-24,5426,A,1023,12.6
2016-06-24,1909,A,883,14.6
2016-06-24,8210,A,218,58.9
2016-06-24,1210,A,433,28.85
2016-06-24,4207,A,1141,10.95
2016-06-24,4551,A,110,113.5
2016-06-24,2488,A,257,48.5
2016-07-01,4534,A,358,18.702
2016-07-01,9911,A,539,23.0
2016-07-01,1225,A,367,32.45
2016-07-01,3669,A,613,21.0
2016-07-01,3092,A,434,29.7
2016-07-01,1215,A,368,35.0
2016-07-01,5426,A,1023,12.6
2016-07-01,1909,A,883,14.6
2016-07-01,1210,A,433,28.85
2016-07-01,4207,A,1141,10.95
2016-07-01,4551,A,110,113.5
2016-07-01,6271,A,111,118.5
2016-07-01,5439,A,474,27.85
2016-07-01,1532,A,331,39.8
2016-07-15,9911,A,250,23.0
2016-07-15,1225,A,161,32.45
2016-07-15,3092,A,223,29.7
2016-07-15,5426,A,640,12.6
2016-07-15,6271,A,69,118.5
2016-07-15,2427,A,1152,7.08
2016-07-15,2450,A,156,52.0
2016-07-15,5484,A,1137,7.17
2016-07-15,1717,A,230,35.35
2016-07-15,3555,A,198,41.0
2016-07-15,6190,A,1023,7.97
2016-07-15,5013,A,324,25.15
2016-07-15,6803,A,43,187.5
2016-07-15,6274,A,202,40.2
2016-07-15,2412,B,663,123.0
2016-07-22,9911,A,250,23.0
2016-07-22,5426,A,640,12.6
2016-07-22,2427,A,1152,7.08
2016-07-22,2450,A,156,52.0
2016-07-22,5484,A,1137,7.17
2016-07-22,3555,A,198,41.0
2016-07-22,6190,A,1023,7.97
2016-07-22,2412,B,663,123.0
2016-07-22,1604,A,508,15.95
2016-07-22,3167,A,256,31.6
2016-07-22,5403,A,263,30.8
2016-07-22,8358,A,336,24.05
2016-07-22,6127,A,664,12.2
2016-07-22,1515,A,521,15.55
2016-07-22,9925,A,192,42.05
2016-07-22,6218,A,343,23.6
2016-07-29,9911,A,250,23.0
2016-07-29,5426,A,640,12.6
2016-07-29,2450,A,156,52.0
2016-07-29,5484,A,1137,7.17
2016-07-29,3555,A,198,41.0
2016-07-29,2412,B,663,123.0
2016-07-29,1604,A,508,15.95
2016-07-29,3167,A,256,31.6
2016-07-29,5403,A,263,30.8
2016-07-29,1515,A,521,15.55
2016-07-29,3706,A,286,27.7
2016-07-29,3559,A,336,23.55
2016-07-29,5013,A,299,26.5
2016-07-29,3702,A,195,40.6
2016-07-29,3050,A,660,12.0
2016-07-29,8074,A,244,32.4
2016-08-05,5403,A,416,31.186
2016-08-05,3706,A,460,28.116
2016-08-05,3559,A,560,23.59
2016-08-05,5013,A,499,26.52
2016-08-05,3050,A,1003,12.41
2016-08-05,5434,A,158,83.5
2016-08-05,1522,A,382,34.6
2016-08-05,6191,A,1488,8.9
2016-08-05,8070,A,117,113.0
2016-08-05,4999,A,234,56.5
2016-08-05,3402,A,552,24.0
2016-08-05,2328,A,803,16.5
2016-08-05,2421,A,480,27.55
2016-08-05,5439,A,422,31.35
2016-08-05,6190,A,1562,8.48
2016-08-12,3706,A,460,28.116
2016-08-12,3559,A,560,23.59
2016-08-12,4999,A,234,56.5
2016-08-12,2328,A,803,16.5
2016-08-12,6190,A,1562,8.48
2016-08-12,6451,A,97,135.0
2016-08-12,2439,A,113,115.5
2016-08-12,3324,A,123,106.0
2016-08-12,2809,A,493,26.55
2016-08-12,3526,A,196,66.6
2016-08-12,9911,A,350,37.4
2016-08-12,8358,A,486,26.95
2016-08-12,4532,A,416,31.5
2016-08-12,3653,A,221,59.3
2016-08-12,2415,A,745,17.6
2016-08-19,3706,A,460,28.116
2016-08-19,3559,A,560,23.59
2016-08-19,4999,A,234,56.5
2016-08-19,2328,A,803,16.5
2016-08-19,6190,A,1562,8.48
2016-08-19,6451,A,97,135.0
2016-08-19,2439,A,113,115.5
2016-08-19,3526,A,196,66.6
2016-08-19,4532,A,416,31.5
2016-08-19,8043,A,793,17.0
2016-08-19,1568,A,394,34.2
2016-08-19,6124,A,393,34.25
2016-08-19,1569,A,689,19.55
2016-08-19,1522,A,375,35.9
2016-08-19,2029,A,524,25.7
2016-08-26,3706,A,262,28.116
2016-08-26,3559,A,351,23.59
2016-08-26,2328,A,346,16.5
2016-08-26,6190,A,786,8.48
2016-08-26,6451,A,55,135.0
2016-08-26,2439,B,723,115.078
2016-08-26,4532,A,247,31.5
2016-08-26,6124,A,226,34.25
2016-08-26,2029,A,317,25.7
2016-08-26,8069,A,354,23.45
2016-08-26,2023,A,836,9.95
2016-08-26,4956,A,435,19.1
2016-08-26,2017,A,984,8.45
2016-08-26,4551,A,58,143.0
2016-08-26,5484,A,952,8.74
2016-08-26,6201,A,228,36.4
2016-09-02,3706,A,262,28.116
2016-09-02,2328,A,346,16.5
2016-09-02,6190,A,786,8.48
2016-09-02,2439,B,366,115.078
2016-09-02,4532,A,247,31.5
2016-09-02,8069,A,354,23.45
2016-09-02,2023,A,836,9.95
2016-09-02,4956,A,435,19.1
2016-09-02,2017,A,984,8.45
2016-09-02,4551,A,58,143.0
2016-09-02,3056,A,401,20.5
2016-09-02,2505,A,602,13.65
2016-09-02,2415,A,430,19.1
2016-09-02,3526,A,99,83.0
2016-09-02,1218,A,553,14.85
2016-09-02,3305,A,286,28.75
2016-09-02,3324,B,420,97.8
2016-09-09,2328,A,346,16.5
2016-09-09,6190,A,786,8.48
2016-09-09,2439,B,366,115.078
2016-09-09,4532,A,247,31.5
2016-09-09,2023,A,836,9.95
2016-09-09,4551,A,58,143.0
2016-09-09,2505,A,602,13.65
2016-09-09,2415,A,430,19.1
2016-09-09,1218,A,553,14.85
2016-09-09,3324,B,420,97.8
2016-09-09,3005,A,263,32.6
2016-09-09,6191,A,833,10.3
2016-09-09,1568,A,219,39.15
2016-09-09,1569,A,379,22.6
2016-09-09,5434,A,95,89.8
2016-09-09,6451,A,51,168.0
2016-09-23,2328,A,346,16.5
2016-09-23,2439,B,242,115.078
2016-09-23,4532,A,247,31.5
2016-09-23,2023,A,836,9.95
2016-09-23,2415,A,430,19.1
2016-09-23,1218,A,553,14.85
2016-09-23,3324,B,278,97.8
2016-09-23,3005,A,263,32.6
2016-09-23,2371,A,1073,8.07
2016-09-23,2462,A,402,21.5
2016-09-23,6412,A,203,42.5
2016-09-23,8070,A,61,142.0
2016-09-23,6220,A,305,28.4
2016-09-23,4711,A,356,24.3
2016-09-23,6127,A,632,13.7
2016-09-23,8374,A,495,17.5
2016-09-23,3056,A,419,20.65
2016-09-23,2377,B,77,79.8
2016-09-30,2328,A,346,16.5
2016-09-30,2439,B,242,115.078
2016-09-30,4532,A,247,31.5
2016-09-30,2023,A,836,9.95
2016-09-30,1218,A,553,14.85
2016-09-30,3324,B,278,97.8
2016-09-30,3005,A,263,32.6
2016-09-30,2371,A,1073,8.07
2016-09-30,2462,A,402,21.5
2016-09-30,6412,A,203,42.5
2016-09-30,8070,A,61,142.0
2016-09-30,6220,A,305,28.4
2016-09-30,4711,A,356,24.3
2016-09-30,6127,A,632,13.7
2016-09-30,2377,B,355,81.131
2016-09-30,1609,A,1660,5.24
2016-09-30,8110,A,773,11.25
2016-09-30,3217,A,483,18.0
2016-10-07,2328,A,346,16.5
2016-10-07,2439,B,242,115.078
2016-10-07,1218,A,553,14.85
2016-10-07,3324,B,278,97.8
2016-10-07,3005,A,263,32.6
2016-10-07,6412,A,203,42.5
2016-10-07,6220,A,305,28.4
2016-10-07,2377,B,355,81.131
2016-10-07,8110,A,773,11.25
2016-10-07,3217,A,483,18.0
2016-10-07,6161,A,994,8.83
2016-10-07,1232,A,100,87.4
2016-10-07,3058,A,832,10.55
2016-10-07,3305,A,268,32.7
2016-10-07,6108,A,408,21.5
2016-10-07,5013,A,301,29.15
2016-10-07,6190,A,683,12.85
2016-10-07,5465,A,553,15.85
2016-10-14,2328,B,1016,23.49
2016-10-14,2439,B,242,115.078
2016-10-14,1218,A,553,14.85
2016-10-14,3005,A,263,32.6
2016-10-14,6412,A,203,42.5
2016-10-14,6220,A,305,28.4
2016-10-14,2377,B,355,81.131
2016-10-14,3217,A,483,18.0
2016-10-14,6161,A,994,8.83
2016-10-14,1232,A,100,87.4
2016-10-14,6108,A,408,21.5
2016-10-14,5013,A,301,29.15
2016-10-14,6191,A,798,10.35
2016-10-14,1773,A,171,48.3
2016-10-14,2489,A,337,24.5
2016-10-14,2023,A,790,10.45
2016-10-14,8069,A,333,24.8
2016-10-14,2371,A,1128,7.32
2016-10-21,2328,B,1016,23.49
2016-10-21,2439,B,242,115.078
2016-10-21,1218,A,553,14.85
2016-10-21,3005,A,204,32.6
2016-10-21,6412,A,203,42.5
2016-10-21,6220,A,230,28.4
2016-10-21,2377,B,355,81.131
2016-10-21,6161,A,994,8.83
2016-10-21,6108,A,408,21.5
2016-10-21,1773,A,171,48.3
2016-10-21,2489,A,337,24.5
2016-10-21,2023,A,790,10.45
2016-10-21,8069,A,333,24.8
2016-10-21,2371,A,1128,7.32
2016-10-21,2103,A,248,34.45
2016-10-21,1215,A,183,46.55
2016-10-21,2029,A,298,28.65
2016-10-21,2354,A,88,96.4
2016-10-28,2328,B,1016,23.49
2016-10-28,2439,B,242,115.078
2016-10-28,3005,A,204,32.6
2016-10-28,6412,A,203,42.5
2016-10-28,6220,A,230,28.4
2016-10-28,2377,B,355,81.131
2016-10-28,6161,A,994,8.83
2016-10-28,1773,A,171,48.3
2016-10-28,2023,A,790,10.45
2016-10-28,8069,A,333,24.8
2016-10-28,2371,A,1128,7.32
2016-10-28,2103,A,248,34.45
2016-10-28,1215,A,183,46.55
2016-10-28,2029,A,298,28.65
2016-10-28,1603,A,592,14.85
2016-10-28,1604,A,444,19.8
2016-10-28,1304,A,563,15.6
2016-10-28,8070,A,58,149.5
2016-11-04,2328,B,1548,24.696
2016-11-04,3005,A,204,32.6
2016-11-04,6412,A,203,42.5
2016-11-04,6220,A,230,28.4
2016-11-04,2377,B,498,81.926
2016-11-04,1773,A,171,48.3
2016-11-04,2023,A,790,10.45
2016-11-04,2371,A,1128,7.32
2016-11-04,1215,A,183,46.55
2016-11-04,2029,A,298,28.65
2016-11-04,1603,A,592,14.85
2016-11-04,8070,A,58,149.5
2016-11-04,1569,A,315,26.5
2016-11-04,6108,A,383,21.8
2016-11-04,2415,A,374,22.3
2016-11-04,3217,A,459,18.2
2016-11-04,6191,A,796,10.5
2016-11-11,6412,A,160,42.5
2016-11-11,6220,A,230,28.4
2016-11-11,2377,B,987,82.062
2016-11-11,1773,A,171,48.3
2016-11-11,2023,A,790,10.45
2016-11-11,2371,A,1128,7.32
2016-11-11,1215,A,183,46.55
2016-11-11,2029,A,238,28.65
2016-11-11,1603,A,592,14.85
2016-11-11,8070,A,58,149.5
2016-11-11,1569,A,315,26.5
2016-11-11,6108,A,383,21.8
2016-11-11,2415,A,374,22.3
2016-11-11,3217,A,459,18.2
2016-11-11,1304,A,523,15.5
2016-11-11,8110,A,724,11.2
2016-11-18,6220,A,312,33.275
2016-11-18,1773,A,283,49.685
2016-11-18,2023,A,1174,11.121
2016-11-18,2371,A,1535,7.914
2016-11-18,2029,A,409,31.66
2016-11-18,1603,A,848,15.59
2016-11-18,1569,A,497,27.599
2016-11-18,6108,A,600,22.758
2016-11-18,2415,A,599,23.126
2016-11-18,3217,A,743,18.792
2016-11-18,1304,A,923,15.673
2016-11-18,5014,A,1682,8.73
2016-11-18,2014,A,1529,9.6
2016-11-18,2024,A,1729,8.49
2016-11-18,6161,A,1573,9.33
2016-11-25,6220,A,312,33.275
2016-11-25,2371,A,1535,7.914
2016-11-25,2029,A,409,31.66
2016-11-25,1603,A,848,15.59
2016-11-25,1569,A,497,27.599
2016-11-25,5014,A,1682,8.73
2016-11-25,2014,A,1529,9.6
2016-11-25,2024,A,1729,8.49
2016-11-25,3406,A,148,94.5
2016-11-25,3040,A,401,34.95
2016-11-25,8042,A,231,60.8
2016-11-25,1312,A,695,20.2
2016-11-25,1310,A,695,20.2
2016-11-25,2612,A,432,32.5
2016-11-25,8183,A,1093,12.85
2016-12-02,6220,A,312,33.275
2016-12-02,5014,A,1682,8.73
2016-12-02,3406,A,148,94.5
2016-12-02,3040,A,401,34.95
2016-12-02,1310,A,695,20.2
2016-12-02,8068,A,326,43.6
2016-12-02,5469,A,676,21.05
2016-12-02,2616,A,504,28.25
2016-12-02,2816,A,850,16.75
2016-12-02,2477,A,793,17.95
2016-12-02,2823,A,401,35.5
2016-12-02,2888,A,1730,8.23
2016-12-02,2852,A,1039,13.7
2016-12-02,3290,A,942,15.1
2016-12-02,6161,A,1318,10.8
2016-12-09,5014,A,1682,8.73
2016-12-09,3040,A,401,34.95
2016-12-09,1310,A,695,20.2
2016-12-09,2616,A,504,28.25
2016-12-09,2816,A,850,16.75
2016-12-09,6161,A,1318,10.8
2016-12-09,1582,A,225,62.2
2016-12-09,2204,A,516,27.2
2016-12-09,3455,A,302,46.4
2016-12-09,2031,A,612,22.95
2016-12-09,9940,A,422,33.25
2016-12-09,6164,A,946,14.85
2016-12-09,1312,A,626,22.45
2016-12-09,2029,A,364,38.55
2016-12-09,1603,A,638,22.0
2016-12-16,5014,A,1682,8.73
2016-12-16,3040,A,401,34.95
2016-12-16,2616,A,504,28.25
2016-12-16,6161,A,1318,10.8
2016-12-16,1582,A,225,62.2
2016-12-16,6164,A,946,14.85
2016-12-16,1603,A,638,22.0
2016-12-16,4906,A,544,25.6
2016-12-16,6005,A,1478,9.42
2016-12-16,3406,A,118,117.5
2016-12-16,2034,A,477,29.15
2016-12-16,3532,A,215,64.6
2016-12-16,4714,A,941,14.8
2016-12-16,6108,A,508,27.4
2016-12-16,3615,A,586,23.75
2016-12-23,5014,A,1682,8.73
2016-12-23,3040,A,401,34.95
2016-12-23,6161,A,1318,10.8
2016-12-23,1582,A,225,62.2
2016-12-23,1603,A,638,22.0
2016-12-23,6005,A,1478,9.42
2016-12-23,3532,A,215,64.6
2016-12-23,8059,A,903,14.95
2016-12-23,9937,A,338,39.85
2016-12-23,8938,A,566,23.85
2016-12-23,8358,A,362,37.2
2016-12-23,3290,A,843,16.0
2016-12-23,2204,A,509,26.5
2016-12-23,2467,A,729,18.5
2016-12-23,5534,A,213,63.2
2016-12-30,5014,A,1682,8.73
2016-12-30,3040,A,401,34.95
2016-12-30,6161,A,1318,10.8
2016-12-30,6005,A,1478,9.42
2016-12-30,3532,A,215,64.6
2016-12-30,8059,A,903,14.95
2016-12-30,9937,A,338,39.85
2016-12-30,8938,A,566,23.85
2016-12-30,8358,A,362,37.2
2016-12-30,2467,A,729,18.5
2016-12-30,3615,A,557,24.8
2016-12-30,6220,A,230,60.1
2016-12-30,1513,A,714,19.35
2016-12-30,6108,A,505,27.35
2016-12-30,4714,A,901,15.35
2017-01-06,5014,A,1682,8.73
2017-01-06,3040,A,401,34.95
2017-01-06,8059,A,903,14.95
2017-01-06,9937,A,338,39.85
2017-01-06,8938,A,566,23.85
2017-01-06,8358,A,362,37.2
2017-01-06,2467,A,729,18.5
2017-01-06,6220,A,230,60.1
2017-01-06,1513,A,714,19.35
2017-01-06,6108,A,505,27.35
2017-01-06,1904,A,924,15.25
2017-01-06,6139,A,384,36.65
2017-01-06,8183,A,859,16.4
2017-01-06,1582,A,220,64.0
2017-01-06,3290,A,869,16.2
2017-01-13,5014,A,1310,8.73
2017-01-13,3040,A,401,34.95
2017-01-13,9937,A,338,39.85
2017-01-13,8358,A,362,37.2
2017-01-13,1513,A,714,19.35
2017-01-13,1904,A,924,15.25
2017-01-13,6139,A,384,36.65
2017-01-13,8183,A,859,16.4
2017-01-13,6175,A,818,16.8
2017-01-13,2337,A,2203,6.24
2017-01-13,3529,A,31,442.5
2017-01-13,2204,A,487,28.2
2017-01-13,1909,A,672,20.45
2017-01-13,2820,A,1041,13.2
2017-01-13,3217,A,555,24.75
2017-01-20,3040,A,401,34.95
2017-01-20,8358,A,362,37.2
2017-01-20,8183,A,859,16.4
2017-01-20,6175,A,818,16.8
2017-01-20,2337,A,2203,6.24
2017-01-20,2204,A,487,28.2
2017-01-20,1909,A,672,20.45
2017-01-20,6156,A,646,21.5
2017-01-20,5305,A,477,29.1
2017-01-20,8249,A,594,23.4
2017-01-20,3406,A,93,148.5
2017-01-20,4974,A,344,40.35
2017-01-20,3532,A,198,69.9
2017-01-20,8085,A,2376,5.85
2017-01-20,1541,A,231,60.1
2017-02-03,8183,A,677,16.4
2017-02-03,6175,A,818,16.8
2017-02-03,2337,A,2203,6.24
2017-02-03,2204,A,487,28.2
2017-02-03,1909,A,672,20.45
2017-02-03,6156,A,646,21.5
2017-02-03,5305,A,477,29.1
2017-02-03,3406,A,71,148.5
2017-02-03,4974,A,344,40.35
2017-02-03,3027,A,917,16.0
2017-02-03,2344,A,1188,12.35
2017-02-03,5009,A,649,22.6
2017-02-03,2442,A,1649,8.9
2017-02-03,5328,A,1833,8.01
2017-02-03,2014,A,1174,12.5
2017-02-10,2337,A,1072,6.24
2017-02-10,1909,A,307,20.45
2017-02-10,3406,B,243,175.751
2017-02-10,4974,A,215,40.35
2017-02-10,5521,A,802,11.35
2017-02-10,5871,A,146,62.1
2017-02-10,6257,A,350,26.0
2017-02-10,1439,A,365,24.9
2017-02-10,8358,A,177,51.2
2017-02-10,5340,A,1299,7.01
2017-02-10,5306,A,66,136.0
2017-02-10,3189,A,113,80.4
2017-02-10,4919,A,189,48.0
2017-02-10,6283,A,207,43.8
2017-02-10,2404,A,163,55.8
2017-02-10,1437,A,459,19.8
2017-02-10,6488,B,270,168.5
2017-02-17,3406,B,243,175.751
2017-02-17,5521,A,802,11.35
2017-02-17,1439,A,365,24.9
2017-02-17,5306,A,66,136.0
2017-02-17,6283,A,207,43.8
2017-02-17,2404,A,163,55.8
2017-02-17,1437,A,459,19.8
2017-02-17,6488,B,270,168.5
2017-02-17,5014,A,578,17.0
2017-02-17,3296,A,546,18.0
2017-02-17,6015,A,1300,7.56
2017-02-17,3092,A,182,53.8
2017-02-17,3105,A,75,130.0
2017-02-17,3532,A,91,108.0
2017-02-17,3011,A,1117,8.8
2017-02-17,2605,A,426,23.05
2017-02-17,1616,A,1369,7.18
2017-02-24,3406,B,243,175.751
2017-02-24,6488,B,270,168.5
2017-02-24,5014,A,578,17.0
2017-02-24,3296,A,546,18.0
2017-02-24,3011,A,1117,8.8
2017-02-24,2605,A,426,23.05
2017-02-24,3443,A,94,102.0
2017-02-24,3018,A,418,23.1
2017-02-24,5871,A,146,65.9
2017-02-24,2459,A,246,39.2
2017-02-24,6196,A,279,34.55
2017-02-24,1905,A,855,11.3
2017-02-24,3040,A,231,41.75
2017-02-24,6207,A,363,26.55
2017-02-24,2331,A,426,22.65
2017-02-24,5371,A,222,43.35
2017-02-24,2820,A,700,13.8
2017-03-03,3406,B,243,175.751
2017-03-03,6488,B,270,168.5
2017-03-03,5014,A,578,17.0
2017-03-03,3011,A,1117,8.8
2017-03-03,3443,A,94,102.0
2017-03-03,3018,A,418,23.1
2017-03-03,5871,A,146,65.9
2017-03-03,1905,A,855,11.3
2017-03-03,6207,A,363,26.55
2017-03-03,2331,A,426,22.65
2017-03-03,5371,A,222,43.35
2017-03-03,2493,A,315,29.9
2017-03-03,2022,A,1369,6.9
2017-03-03,5340,A,1035,9.12
2017-03-03,1909,A,277,34.0
2017-03-03,2313,A,467,20.2
2017-03-03,3645,A,218,43.2
2017-03-10,3406,B,243,175.751
2017-03-10,6488,B,270,168.5
2017-03-10,5014,A,455,17.0
2017-03-10,3443,A,94,102.0
2017-03-10,5871,A,146,65.9
2017-03-10,6207,A,363,26.55
2017-03-10,2331,A,426,22.65
2017-03-10,5371,A,222,43.35
2017-03-10,2493,A,315,29.9
2017-03-10,2373,A,157,61.2
2017-03-10,2444,A,622,15.5
2017-03-10,2387,A,470,20.5
2017-03-10,4716,A,478,20.15
2017-03-10,2459,A,244,39.4
2017-03-10,2606,A,294,32.8
2017-03-10,2441,A,228,42.3
2017-03-10,5521,A,800,12.05
2017-03-17,3406,B,243,175.751
2017-03-17,6488,B,270,168.5
2017-03-17,5014,A,455,17.0
2017-03-17,5871,A,146,65.9
2017-03-17,2373,A,157,61.2
2017-03-17,4716,A,478,20.15
2017-03-17,5521,A,800,12.05
2017-03-17,8930,A,644,16.05
2017-03-17,1773,A,161,64.2
2017-03-17,1583,A,129,80.0
2017-03-17,3018,A,404,25.6
2017-03-17,1808,A,248,41.65
2017-03-17,5403,A,290,35.6
2017-03-17,4737,A,147,70.3
2017-03-17,2892,A,557,18.55
2017-03-17,6263,A,193,53.4
2017-03-17,4120,A,129,79.7
2017-03-24,3406,B,101,175.751
2017-03-24,6488,B,122,168.5
2017-03-24,2373,A,157,61.2
2017-03-24,5521,A,800,12.05
2017-03-24,1808,A,248,41.65
2017-03-24,5403,A,290,35.6
2017-03-24,3260,A,137,77.0
2017-03-24,2889,A,1131,9.38
2017-03-24,2459,A,255,41.55
2017-03-24,8021,A,386,27.5
2017-03-24,5443,A,355,29.9
2017-03-24,1506,A,450,23.55
2017-03-24,3031,A,573,18.5
2017-03-24,6196,A,274,38.7
2017-03-24,2812,A,1084,9.79
2017-03-24,1451,A,393,26.95
2017-03-24,6197,A,178,41.5
2017-03-24,3105,B,199,133.0
2017-03-24,3019,B,490,54.1
2017-03-31,3406,B,173,230.375
2017-03-31,6488,B,234,196.5
2017-03-31,5521,A,800,12.05
2017-03-31,1808,A,248,41.65
2017-03-31,3260,A,137,77.0
2017-03-31,2889,A,1131,9.38
2017-03-31,8021,A,386,27.5
2017-03-31,2812,A,1084,9.79
2017-03-31,2616,A,336,31.6
2017-03-31,2344,A,625,17.0
2017-03-31,2337,A,837,12.7
2017-03-31,4973,A,432,24.55
2017-03-31,3018,A,390,27.2
2017-03-31,5522,A,258,41.05
2017-03-31,1231,A,305,34.75
2017-03-31,2404,A,159,66.8
2017-03-31,5306,A,71,149.0
2017-04-07,3406,B,173,230.375
2017-04-07,6488,B,234,196.5
2017-04-07,5521,A,800,12.05
2017-04-07,1808,A,248,41.65
2017-04-07,3260,A,137,77.0
2017-04-07,2889,A,1131,9.38
2017-04-07,8021,A,386,27.5
2017-04-07,2812,A,1084,9.79
2017-04-07,2344,A,625,17.0
2017-04-07,2337,A,837,12.7
2017-04-07,3018,A,390,27.2
2017-04-07,1231,A,305,34.75
2017-04-07,2404,A,159,66.8
2017-04-07,1709,A,520,20.85
2017-04-07,1229,A,395,27.45
2017-04-07,6142,A,1106,9.8
2017-04-07,3317,A,550,19.7
2017-04-14,3406,B,111,230.375
2017-04-14,6488,B,156,196.5
2017-04-14,1808,A,248,41.65
2017-04-14,3260,B,474,74.583
2017-04-14,2344,A,625,17.0
2017-04-14,3018,A,390,27.2
2017-04-14,1709,A,520,20.85
2017-04-14,1229,A,395,27.45
2017-04-14,3315,A,397,26.35
2017-04-14,3362,A,188,55.6
2017-04-14,8131,A,397,26.4
2017-04-14,6207,A,323,32.35
2017-04-14,2327,A,118,88.7
2017-04-14,5015,A,379,27.6
2017-04-14,4737,A,143,72.8
2017-04-14,5490,A,156,67.0
2017-04-14,3438,A,441,23.75
2017-04-14,3645,A,188,46.2
2017-04-21,1808,A,374,43.587
2017-04-21,2344,A,1030,17.079
2017-04-21,3018,A,534,28.818
2017-04-21,1709,A,877,20.585
2017-04-21,1229,A,659,27.23
2017-04-21,3315,A,671,26.37
2017-04-21,3362,A,266,58.826
2017-04-21,8131,A,656,26.637
2017-04-21,6207,A,495,33.549
2017-04-21,2327,A,183,91.577
2017-04-21,4737,A,242,72.882
2017-04-21,5490,A,256,67.859
2017-04-21,3438,A,698,24.358
2017-04-21,2337,A,1338,13.25
2017-04-21,6142,A,1970,9.0
2017-04-28,1808,A,228,43.587
2017-04-28,2344,B,1613,17.068
2017-04-28,3018,A,252,28.818
2017-04-28,1229,A,403,27.23
2017-04-28,3315,A,416,26.37
2017-04-28,3362,A,160,58.826
2017-04-28,8131,A,388,26.637
2017-04-28,2327,A,104,91.577
2017-04-28,4737,A,145,72.882
2017-04-28,5490,A,157,67.859
2017-04-28,6155,A,470,23.4
2017-04-28,6196,A,267,41.15
2017-04-28,5871,A,143,76.9
2017-04-28,3026,A,264,41.65
2017-04-28,1231,A,311,35.3
2017-04-28,3673,A,101,108.0
2017-04-28,3406,B,77,353.5
2017-04-28,6488,B,127,216.0
2017-04-28,3019,B,474,58.0
2017-05-05,1808,A,228,43.587
2017-05-05,2344,B,1613,17.068
2017-05-05,3018,A,252,28.818
2017-05-05,3315,A,416,26.37
2017-05-05,2327,A,104,91.577
2017-05-05,5871,A,143,76.9
2017-05-05,6488,B,127,216.0
2017-05-05,3019,B,474,58.0
2017-05-05,6412,A,176,60.5
2017-05-05,2820,A,698,15.25
2017-05-05,2227,A,45,235.0
2017-05-05,2441,A,245,43.45
2017-05-05,4906,A,311,34.2
2017-05-05,3071,A,666,16.0
2017-05-05,5403,A,293,36.35
2017-05-05,1506,A,421,25.3
2017-05-05,3144,A,426,25.0
2017-05-05,2439,B,148,180.0
2017-05-12,2344,B,1613,17.068
2017-05-12,3018,A,252,28.818
2017-05-12,3315,A,416,26.37
2017-05-12,5871,A,143,76.9
2017-05-12,6488,B,127,216.0
2017-05-12,6412,A,176,60.5
2017-05-12,2820,A,698,15.25
2017-05-12,2227,A,45,235.0
2017-05-12,2441,A,245,43.45
2017-05-12,4906,A,311,34.2
2017-05-12,1506,A,421,25.3
2017-05-12,3144,A,426,25.0
2017-05-12,2439,B,148,180.0
2017-05-12,5465,A,585,18.5
2017-05-12,2317,A,105,102.5
2017-05-12,8111,A,983,11.0
2017-05-12,6196,A,253,42.65
2017-05-12,3014,A,289,37.4
2017-05-12,6456,B,129,208.5
2017-05-19,3018,A,252,28.818
2017-05-19,3315,A,416,26.37
2017-05-19,6488,B,127,216.0
2017-05-19,6412,A,176,60.5
2017-05-19,2820,A,698,15.25
2017-05-19,2227,A,45,235.0
2017-05-19,2441,A,245,43.45
2017-05-19,2439,B,148,180.0
2017-05-19,8111,A,983,11.0
2017-05-19,6196,A,253,42.65
2017-05-19,3014,A,289,37.4
2017-05-19,6456,B,129,208.5
2017-05-19,5302,A,1322,8.23
2017-05-19,3413,A,65,166.5
2017-05-19,3533,A,78,138.0
2017-05-19,3515,A,202,53.8
2017-05-19,5403,A,299,36.35
2017-05-19,2313,A,458,23.75
2017-05-19,3406,B,86,313.0
2017-05-26,3315,A,416,26.37
2017-05-26,6488,B,127,216.0
2017-05-26,6412,A,176,60.5
2017-05-26,2227,A,45,235.0
2017-05-26,2441,A,245,43.45
2017-05-26,2439,B,148,180.0
2017-05-26,8111,A,983,11.0
2017-05-26,6456,B,129,208.5
2017-05-26,3413,A,65,166.5
2017-05-26,3515,A,202,53.8
2017-05-26,9941,A,101,108.0
2017-05-26,1597,A,230,47.7
2017-05-26,5478,A,122,89.7
2017-05-26,6158,A,403,27.25
2017-05-26,8349,A,103,106.5
2017-05-26,5285,A,255,43.1
2017-05-26,2404,A,156,70.2
2017-05-26,2317,A,105,104.5
2017-05-26,2344,B,1607,17.1
2017-06-02,3315,A,416,26.37
2017-06-02,2227,A,36,235.0
2017-06-02,2441,A,245,43.45
2017-06-02,2439,B,148,180.0
2017-06-02,6456,B,129,208.5
2017-06-02,9941,A,101,108.0
2017-06-02,1597,A,230,47.7
2017-06-02,5478,A,122,89.7
2017-06-02,8349,A,103,106.5
2017-06-02,2404,A,156,70.2
2017-06-02,2344,B,1607,17.1
2017-06-02,1902,A,663,16.9
2017-06-02,3664,A,562,19.95
2017-06-02,1336,A,669,16.75
2017-06-02,5465,A,446,25.1
2017-06-02,2727,A,53,209.0
2017-06-02,6180,A,299,37.45
2017-06-02,8299,A,32,350.0
2017-06-02,3260,B,370,75.6
2017-06-09,3315,A,416,26.37
2017-06-09,2227,A,36,235.0
2017-06-09,2441,A,245,43.45
2017-06-09,2439,B,148,180.0
2017-06-09,6456,B,129,208.5
2017-06-09,1597,A,179,47.7
2017-06-09,2344,B,1607,17.1
2017-06-09,1902,A,663,16.9
2017-06-09,1336,A,669,16.75
2017-06-09,5465,A,446,25.1
2017-06-09,2727,A,53,209.0
2017-06-09,6180,A,299,37.45
2017-06-09,8299,A,32,350.0
2017-06-09,3260,B,370,75.6
2017-06-09,2504,A,1128,9.94
2017-06-09,2423,A,476,23.55
2017-06-09,2352,A,465,24.1
2017-06-09,3706,A,289,38.8
2017-06-09,6192,A,178,62.8
2017-06-16,3315,A,416,26.37
2017-06-16,2441,A,245,43.45
2017-06-16,2439,B,148,180.0
2017-06-16,6456,B,129,208.5
2017-06-16,1597,A,179,47.7
2017-06-16,2344,B,1607,17.1
2017-06-16,1902,A,663,16.9
2017-06-16,1336,A,669,16.75
2017-06-16,5465,A,446,25.1
2017-06-16,8299,A,32,350.0
2017-06-16,3706,A,289,38.8
2017-06-16,6192,A,178,62.8
2017-06-16,6409,A,21,526.0
2017-06-16,2421,A,276,40.4
2017-06-16,6156,A,316,35.25
2017-06-16,6412,A,167,66.5
2017-06-16,3653,A,134,82.8
2017-06-16,5285,A,248,44.85
2017-06-16,2337,B,1665,16.75
2017-06-23,3315,A,416,26.37
2017-06-23,2441,A,245,43.45
2017-06-23,6456,B,129,208.5
2017-06-23,2344,B,1607,17.1
2017-06-23,1902,A,663,16.9
2017-06-23,1336,A,669,16.75
2017-06-23,8299,A,32,350.0
2017-06-23,6409,A,21,526.0
2017-06-23,2421,A,276,40.4
2017-06-23,3653,A,134,82.8
2017-06-23,2337,B,2263,16.605
2017-06-23,8112,A,345,31.8
2017-06-23,2373,A,175,62.7
2017-06-23,1215,A,145,75.7
2017-06-23,2731,A,98,112.0
2017-06-23,2812,A,1083,10.15
2017-06-23,2317,A,97,112.5
2017-06-23,1442,A,497,22.1
2017-06-30,3315,A,416,26.37
2017-06-30,2441,A,245,43.45
2017-06-30,6456,B,129,208.5
2017-06-30,1336,A,669,16.75
2017-06-30,8299,A,32,350.0
2017-06-30,8112,A,345,31.8
2017-06-30,1215,A,145,75.7
2017-06-30,2731,A,98,112.0
2017-06-30,2812,A,1083,10.15
2017-06-30,2317,A,97,112.5
2017-06-30,2908,A,462,23.7
2017-06-30,4506,A,245,44.7
2017-06-30,8404,A,222,49.2
2017-06-30,2423,A,460,23.8
2017-06-30,3706,A,282,38.85
2017-06-30,8091,A,163,67.2
2017-06-30,2303,B,2477,14.75
2017-06-30,3105,B,218,167.0
2017-07-07,3315,A,416,26.37
2017-07-07,6456,B,129,208.5
2017-07-07,8299,A,32,350.0
2017-07-07,8112,A,345,31.8
2017-07-07,1215,A,145,75.7
2017-07-07,2812,A,1083,10.15
2017-07-07,2317,A,97,112.5
2017-07-07,2908,A,462,23.7
2017-07-07,4506,A,245,44.7
2017-07-07,8404,A,222,49.2
2017-07-07,2423,A,460,23.8
2017-07-07,8091,A,163,67.2
2017-07-07,2303,B,2477,14.75
2017-07-07,3105,B,218,167.0
2017-07-07,5285,A,240,47.8
2017-07-07,9941,A,105,109.0
2017-07-07,2421,A,290,39.6
2017-07-14,3315,A,416,26.37
2017-07-14,6456,B,129,208.5
2017-07-14,8299,A,32,350.0
2017-07-14,1215,A,145,75.7
2017-07-14,2317,B,240,114.287
2017-07-14,4506,A,245,44.7
2017-07-14,8404,A,222,49.2
2017-07-14,2303,B,1913,14.75
2017-07-14,3105,B,162,167.0
2017-07-14,5285,A,240,47.8
2017-07-14,9941,A,105,109.0
2017-07-14,1218,A,518,23.0
2017-07-14,5381,A,2338,5.1
2017-07-14,3257,A,248,47.95
2017-07-14,3533,A,74,160.0
2017-07-14,6409,A,22,540.0
2017-07-14,1597,A,198,60.0
2017-07-14,3413,A,71,166.0
2017-07-21,3315,A,416,26.37
2017-07-21,6456,B,129,208.5
2017-07-21,8299,A,32,350.0
2017-07-21,2317,B,240,114.287
2017-07-21,8404,A,222,49.2
2017-07-21,2303,B,1913,14.75
2017-07-21,3105,B,162,167.0
2017-07-21,1218,A,518,23.0
2017-07-21,5381,A,2338,5.1
2017-07-21,3257,A,248,47.95
2017-07-21,3533,A,74,160.0
2017-07-21,4205,A,164,73.6
2017-07-21,3443,A,73,166.0
2017-07-21,3515,A,167,72.3
2017-07-21,2031,A,405,29.95
2017-07-21,6127,A,643,18.85
2017-07-21,2104,A,362,33.5
2017-07-21,2883,A,1345,9.02
2017-07-28,6456,B,100,208.5
2017-07-28,8299,A,32,350.0
2017-07-28,2317,B,240,114.287
2017-07-28,2303,B,1913,14.75
2017-07-28,5381,A,2338,5.1
2017-07-28,3533,A,74,160.0
2017-07-28,3443,A,73,166.0
2017-07-28,6127,A,643,18.85
2017-07-28,2104,A,362,33.5
2017-07-28,2528,A,638,17.6
2017-07-28,9935,A,963,11.65
2017-07-28,2455,A,159,70.5
2017-07-28,3167,A,237,47.25
2017-07-28,4919,A,194,57.7
2017-07-28,2477,A,430,26.1
2017-07-28,3413,A,51,218.0
2017-07-28,3661,A,138,80.8
2017-07-28,2408,A,177,63.4
2017-07-28,2439,B,116,240.0
2017-08-04,6456,B,100,208.5
2017-08-04,2317,B,240,114.287
2017-08-04,2303,B,1913,14.75
2017-08-04,5381,A,2338,5.1
2017-08-04,2104,A,362,33.5
2017-08-04,2528,A,638,17.6
2017-08-04,9935,A,726,11.65
2017-08-04,3167,A,237,47.25
2017-08-04,4919,A,194,57.7
2017-08-04,3413,A,51,218.0
2017-08-04,2439,B,116,240.0
2017-08-04,3019,A,133,92.9
2017-08-04,6122,A,987,12.6
2017-08-04,6251,A,1049,11.85
2017-08-04,2467,A,521,23.85
2017-08-04,2642,A,449,27.65
2017-08-04,3257,A,245,50.6
2017-08-04,2031,A,377,33.0
2017-08-11,6456,B,100,208.5
2017-08-11,2317,B,329,114.886
2017-08-11,5381,A,2338,5.1
2017-08-11,2528,A,491,17.6
2017-08-11,9935,A,726,11.65
2017-08-11,3167,A,237,47.25
2017-08-11,2439,B,159,240.135
2017-08-11,3019,A,133,92.9
2017-08-11,2467,A,521,23.85
2017-08-11,3257,A,245,50.6
2017-08-11,3515,A,132,86.5
2017-08-11,3227,A,97,118.0
2017-08-11,3018,A,210,54.6
2017-08-11,3059,A,390,29.45
2017-08-11,2421,A,230,50.0
2017-08-11,1515,A,360,31.9
2017-08-11,6213,A,220,52.2
2017-08-11,2030,A,718,16.0
2017-08-18,6456,B,100,208.5
2017-08-18,2317,B,329,114.886
2017-08-18,2528,A,491,17.6
2017-08-18,9935,A,487,11.65
2017-08-18,2439,B,159,240.135
2017-08-18,3019,A,133,92.9
2017-08-18,2467,A,521,23.85
2017-08-18,3257,A,245,50.6
2017-08-18,3515,A,132,86.5
2017-08-18,3227,A,97,118.0
2017-08-18,2421,A,230,50.0
2017-08-18,1515,A,360,31.9
2017-08-18,6213,A,220,52.2
2017-08-18,2030,A,718,16.0
2017-08-18,8374,A,385,30.55
2017-08-18,2104,A,317,37.0
2017-08-18,6116,A,1059,11.1
2017-08-18,3533,A,61,190.5
2017-08-25,6456,B,100,208.5
2017-08-25,2317,B,329,114.886
2017-08-25,9935,A,386,11.65
2017-08-25,3019,A,133,92.9
2017-08-25,3257,A,245,50.6
2017-08-25,3227,B,329,122.584
2017-08-25,8374,A,385,30.55
2017-08-25,6116,A,1059,11.1
2017-08-25,6405,A,471,26.1
2017-08-25,2610,A,1016,12.1
2017-08-25,2603,A,558,22.0
2017-08-25,4721,A,136,90.1
2017-08-25,1235,A,366,33.55
2017-08-25,6177,A,377,32.6
2017-08-25,3059,A,351,35.0
2017-08-25,5475,A,1117,11.0
2017-09-01,6456,B,100,208.5
2017-09-01,2317,B,329,114.886
2017-09-01,3019,B,247,109.1
2017-09-01,2610,A,1016,12.1
2017-09-01,2603,A,558,22.0
2017-09-01,4721,A,106,90.1
2017-09-01,6177,A,377,32.6
2017-09-01,6120,A,516,24.5
2017-09-01,5285,A,227,55.7
2017-09-01,3689,A,226,56.0
2017-09-01,2636,A,486,26.0
2017-09-01,1615,A,855,14.8
2017-09-01,3149,A,473,26.75
2017-09-01,1103,A,1045,12.1
2017-09-01,5007,A,211,59.7
2017-09-01,8069,A,294,43.0
2017-09-01,3294,A,474,26.65
2017-09-01,2344,B,1357,23.3
2017-09-08,6456,B,100,208.5
2017-09-08,4721,A,106,90.1
2017-09-08,6177,A,377,32.6
2017-09-08,6120,A,516,24.5
2017-09-08,5285,A,227,55.7
2017-09-08,5007,A,211,59.7
2017-09-08,8069,A,294,43.0
2017-09-08,2344,B,1357,23.3
2017-09-08,2413,A,664,19.4
2017-09-08,2397,A,204,63.0
2017-09-08,3202,A,641,20.1
2017-09-08,1515,A,291,44.2
2017-09-08,6180,A,199,64.5
2017-09-08,6405,A,439,29.3
2017-09-08,9935,A,409,31.5
2017-09-08,2362,A,399,32.25
2017-09-08,5426,A,839,15.35
2017-09-08,6116,B,2460,13.1
2017-09-08,3227,B,246,131.0
2017-09-15,5285,A,227,55.7
2017-09-15,2344,B,1357,23.3
2017-09-15,2413,A,664,19.4
2017-09-15,2397,A,204,63.0
2017-09-15,3202,A,641,20.1
2017-09-15,6180,A,199,64.5
2017-09-15,6116,B,2460,13.1
2017-09-15,6024,A,276,45.75
2017-09-15,2448,A,296,42.7
2017-09-15,6026,A,947,13.35
2017-09-15,3323,A,266,47.5
2017-09-15,6016,A,1433,8.83
2017-09-15,2104,A,287,44.0
2017-09-15,2340,A,629,20.1
2017-09-15,6168,A,766,16.5
2017-09-15,1907,A,969,13.05
2017-09-15,1103,A,1008,12.55
2017-09-15,3019,B,261,121.0
2017-09-15,4739,B,256,123.5
2017-09-22,5285,A,161,55.7
2017-09-22,2413,A,664,19.4
2017-09-22,2397,A,204,63.0
2017-09-22,3202,A,499,20.1
2017-09-22,6116,B,3421,12.833
2017-09-22,6024,A,276,45.75
2017-09-22,6026,A,947,13.35
2017-09-22,3323,A,266,47.5
2017-09-22,2340,A,629,20.1
2017-09-22,3019,B,350,120.364
2017-09-22,4739,B,350,122.157
2017-09-22,4907,A,351,35.5
2017-09-22,3593,A,784,15.9
2017-09-22,9958,A,1001,12.45
2017-09-22,2408,A,148,84.0
2017-09-22,6021,A,1154,10.8
2017-09-22,6015,A,1568,7.95
2017-09-22,4721,A,95,131.0
2017-09-29,5285,A,279,62.594
2017-09-29,2413,A,928,20.04
2017-09-29,2397,A,313,63.418
2017-09-29,3202,A,839,21.66
2017-09-29,6026,A,1557,13.174
2017-09-29,2340,A,629,20.1
2017-09-29,4907,A,564,35.538
2017-09-29,9958,A,1385,13.018
2017-09-29,2408,A,234,84.662
2017-09-29,6290,A,346,58.0
2017-09-29,2483,A,891,22.55
2017-09-29,8404,A,304,66.0
2017-09-29,2475,A,6588,3.05
2017-09-29,1472,A,905,22.2
2017-09-29,9935,A,672,29.9
2017-10-06,5285,A,164,62.594
2017-10-06,2397,A,204,63.418
2017-10-06,3202,A,543,21.66
2017-10-06,2340,A,629,20.1
2017-10-06,4907,A,357,35.538
2017-10-06,9958,A,811,13.018
2017-10-06,2408,B,385,84.716
2017-10-06,6290,A,202,58.0
2017-10-06,8404,A,177,66.0
2017-10-06,2475,A,3849,3.05
2017-10-06,1515,A,246,53.0
2017-10-06,5425,A,231,56.6
2017-10-06,8121,A,477,27.4
2017-10-06,6024,A,276,47.35
2017-10-06,6168,A,731,17.9
2017-10-06,3661,A,119,109.5
2017-10-06,3019,B,237,138.0
2017-10-06,2344,B,1218,26.85
2017-10-06,6182,B,1116,29.3
2017-10-13,5285,A,164,62.594
2017-10-13,2397,A,204,63.418
2017-10-13,3202,A,543,21.66
2017-10-13,2408,B,385,84.716
2017-10-13,6290,A,202,58.0
2017-10-13,8404,A,177,66.0
2017-10-13,1515,A,246,53.0
2017-10-13,5425,A,231,56.6
2017-10-13,8121,A,477,27.4
2017-10-13,6024,A,276,47.35
2017-10-13,6168,A,731,17.9
2017-10-13,3661,A,119,109.5
2017-10-13,3019,B,331,136.438
2017-10-13,2344,B,1218,26.85
2017-10-13,3211,A,251,52.4
2017-10-13,3454,A,116,113.0
2017-10-13,2448,A,307,42.8
2017-10-13,6213,A,190,69.0
2017-10-20,5285,A,164,62.594
2017-10-20,2397,A,204,63.418
2017-10-20,2408,B,385,84.716
2017-10-20,6290,A,202,58.0
2017-10-20,1515,A,246,53.0
2017-10-20,5425,A,231,56.6
2017-10-20,3019,B,264,136.438
2017-10-20,2344,B,1218,26.85
2017-10-20,3211,A,251,52.4
2017-10-20,2448,A,307,42.8
2017-10-20,8937,A,876,14.95
2017-10-20,5426,A,740,17.7
2017-10-20,3443,A,45,290.5
2017-10-20,3501,A,203,64.4
2017-10-20,4306,A,903,14.5
2017-10-20,2330,A,55,237.5
2017-10-20,4919,A,171,76.6
2017-10-20,2337,A,217,60.1
2017-10-20,6488,B,91,359.5
2017-10-27,5285,A,164,62.594
2017-10-27,2397,A,204,63.418
2017-10-27,2408,B,385,84.716
2017-10-27,6290,A,202,58.0
2017-10-27,1515,A,246,53.0
2017-10-27,5425,A,173,56.6
2017-10-27,3019,B,264,136.438
2017-10-27,2448,A,307,42.8
2017-10-27,5426,A,740,17.7
2017-10-27,3443,A,45,290.5
2017-10-27,3501,A,203,64.4
2017-10-27,6488,B,127,351.138
2017-10-27,2441,A,232,54.4
2017-10-27,2114,A,153,82.3
2017-10-27,6153,A,371,34.05
2017-10-27,2392,A,265,47.65
2017-10-27,2483,A,460,27.5
2017-10-27,5483,A,158,80.1
2017-11-03,2397,A,204,63.418
2017-11-03,1515,A,190,53.0
2017-11-03,5425,A,173,56.6
2017-11-03,2448,A,227,42.8
2017-11-03,3443,B,151,285.937
2017-11-03,2114,A,153,82.3
2017-11-03,6153,A,371,34.05
2017-11-03,2483,A,460,27.5
2017-11-03,5483,B,530,80.802
2017-11-03,2024,A,1122,11.5
2017-11-03,2367,A,809,15.95
2017-11-03,6525,A,155,83.1
2017-11-03,3317,A,335,38.5
2017-11-03,8401,A,717,18.0
2017-11-03,2462,A,372,34.65
2017-11-03,4943,A,36,352.0
2017-11-03,8091,A,133,96.5
2017-11-03,2330,B,180,239.0
2017-11-10,1515,A,190,53.0
2017-11-10,2448,B,545,51.844
2017-11-10,3443,B,151,285.937
2017-11-10,2114,A,153,82.3
2017-11-10,6153,A,371,34.05
2017-11-10,2367,A,809,15.95
2017-11-10,6525,A,155,83.1
2017-11-10,3317,A,335,38.5
2017-11-10,2462,A,372,34.65
2017-11-10,8091,A,133,96.5
2017-11-10,2330,B,133,239.0
2017-11-10,3264,A,332,38.3
2017-11-10,1735,A,678,18.75
2017-11-10,3703,A,865,14.7
2017-11-10,8374,A,342,37.15
2017-11-10,6202,A,165,77.0
2017-11-10,2405,A,773,16.45
2017-11-10,5340,A,1017,12.5
2017-11-17,2448,B,545,51.844
2017-11-17,6153,A,371,34.05
2017-11-17,6525,A,155,83.1
2017-11-17,3317,A,335,38.5
2017-11-17,2330,B,133,239.0
2017-11-17,3264,A,332,38.3
2017-11-17,1735,A,678,18.75
2017-11-17,2405,A,773,16.45
2017-11-17,2353,A,606,21.0
2017-11-17,6609,A,455,27.95
2017-11-17,2851,A,723,17.6
2017-11-17,3028,A,638,19.95
2017-11-17,1235,A,338,37.65
2017-11-17,2816,A,633,20.1
2017-11-17,3033,A,681,18.7
2017-11-17,3540,A,413,30.8
2017-11-17,1414,A,1817,7.01
2017-11-17,6182,B,770,41.35
2017-11-17,6488,B,79,402.0
2017-11-24,2448,B,545,51.844
2017-11-24,3317,A,335,38.5
2017-11-24,2330,B,133,239.0
2017-11-24,1735,A,678,18.75
2017-11-24,2405,A,773,16.45
2017-11-24,2353,A,606,21.0
2017-11-24,6609,A,455,27.95
2017-11-24,2851,A,723,17.6
2017-11-24,1235,A,338,37.65
2017-11-24,3033,A,681,18.7
2017-11-24,6182,B,770,41.35
2017-11-24,2455,A,140,94.7
2017-11-24,5347,A,192,69.0
2017-11-24,4121,A,938,14.15
2017-11-24,6257,A,426,31.15
2017-11-24,2850,A,456,29.1
2017-11-24,1609,A,1150,11.55
2017-11-24,9940,A,341,38.95
2017-11-24,3105,B,113,293.0
2017-12-01,1735,A,1126,18.949
2017-12-01,2405,A,773,16.45
2017-12-01,3033,A,1150,18.761
2017-12-01,2455,A,199,98.94
2017-12-01,5347,A,312,69.192
2017-12-01,1609,A,1606,12.104
2017-12-01,3028,A,1063,20.4
2017-12-01,2327,A,69,310.0
2017-12-01,8086,A,285,76.0
2017-12-01,3090,A,627,34.55
2017-12-01,3703,A,1404,15.45
2017-12-01,6153,A,446,48.6
2017-12-01,3645,A,349,62.1
2017-12-01,2367,A,1276,17.0
2017-12-08,1735,A,1126,18.949
2017-12-08,3033,A,1150,18.761
2017-12-08,2455,A,199,98.94
2017-12-08,1609,A,1606,12.104
2017-12-08,3028,A,1063,20.4
2017-12-08,3703,A,1404,15.45
2017-12-08,3645,A,349,62.1
2017-12-08,2367,A,1276,17.0
2017-12-08,3354,A,742,29.0
2017-12-08,6005,A,1905,11.3
2017-12-08,2850,A,750,28.7
2017-12-08,1235,A,574,37.5
2017-12-08,2816,A,1035,20.8
2017-12-08,2851,A,1234,17.45
2017-12-08,1720,A,564,38.15
2017-12-15,1735,A,1126,18.949
2017-12-15,3033,A,1150,18.761
2017-12-15,2455,A,199,98.94
2017-12-15,1609,A,1606,12.104
2017-12-15,3028,A,1063,20.4
2017-12-15,3703,A,1404,15.45
2017-12-15,3645,A,349,62.1
2017-12-15,2367,A,971,17.0
2017-12-15,3354,A,742,29.0
2017-12-15,6005,A,1905,11.3
2017-12-15,2850,A,750,28.7
2017-12-15,4506,A,393,55.4
2017-12-15,2353,A,1069,20.4
2017-12-15,6120,A,627,34.8
2017-12-22,1735,A,1126,18.949
2017-12-22,1609,A,1606,12.104
2017-12-22,3703,A,1404,15.45
2017-12-22,3645,A,349,62.1
2017-12-22,2367,A,971,17.0
2017-12-22,3354,A,742,29.0
2017-12-22,6005,A,1905,11.3
2017-12-22,2850,A,750,28.7
2017-12-22,2353,A,1069,20.4
2017-12-22,8926,A,832,26.65
2017-12-22,1704,A,465,47.7
2017-12-22,1414,A,2981,7.44
2017-12-22,2327,A,64,342.5
2017-12-22,3090,A,628,35.3
2017-12-22,2851,A,1278,17.35
2017-12-29,1735,A,1126,18.949
2017-12-29,3703,A,1404,15.45
2017-12-29,3645,A,270,62.1
2017-12-29,2367,A,971,17.0
2017-12-29,3354,A,742,29.0
2017-12-29,2353,A,1069,20.4
2017-12-29,8926,A,832,26.65
2017-12-29,1704,A,465,47.7
2017-12-29,1414,A,2981,7.44
2017-12-29,2327,A,64,342.5
2017-12-29,1815,A,994,22.75
2017-12-29,3550,A,979,23.1
2017-12-29,6531,A,242,93.5
2017-12-29,1323,A,586,38.6
2017-12-29,6525,A,260,86.8
2018-01-05,1815,A,994,22.75
2018-01-05,3550,A,979,23.1
2018-01-05,6127,A,918,25.05
2018-01-05,5317,A,329,69.9
2018-01-05,2527,A,899,25.6
2018-01-05,2460,A,1237,18.6
2018-01-05,1785,A,959,24.0
2018-01-05,2009,A,1649,13.95
2018-01-05,3018,A,251,91.7
2018-01-05,3310,A,656,35.05
2018-01-05,2478,A,604,38.1
2018-01-05,2520,A,1043,22.05
2018-01-05,6603,A,1315,17.5
2018-01-05,3624,A,857,26.85
2018-01-05,9946,A,1680,13.7
2018-01-12,2460,A,1237,18.6
2018-01-12,3018,A,251,91.7
2018-01-12,3310,A,656,35.05
2018-01-12,3624,A,857,26.85
2018-01-12,2731,A,185,123.0
2018-01-12,2006,A,825,27.65
2018-01-12,1414,A,2661,8.57
2018-01-12,5534,A,258,88.1
2018-01-12,2614,A,1958,11.65
2018-01-12,2014,A,1641,13.9
2018-01-12,2027,A,916,24.9
2018-01-12,2809,A,542,42.05
2018-01-12,2887,A,1567,14.55
2018-01-12,2427,A,1925,11.85
2018-01-12,1229,A,571,39.9
2018-01-19,3310,A,656,35.05
2018-01-19,2731,A,185,123.0
2018-01-19,2887,A,1567,14.55
2018-01-19,1229,A,571,39.9
2018-01-19,2889,A,2249,9.98
2018-01-19,2546,A,991,22.65
2018-01-19,6609,A,679,33.05
2018-01-19,3663,A,1175,19.1
2018-01-19,1713,A,1103,20.35
2018-01-19,2353,A,766,29.3
2018-01-19,2527,A,853,26.3
2018-01-19,8034,A,1226,18.3
2018-01-19,2886,A,878,25.55
2018-01-19,1531,A,822,27.3
2018-01-19,8908,A,691,32.45
2018-01-26,3310,A,341,35.05
2018-01-26,2731,A,101,123.0
2018-01-26,2887,A,913,14.55
2018-01-26,2889,A,1327,9.98
2018-01-26,2546,A,583,22.65
2018-01-26,6609,A,352,33.05
2018-01-26,3663,A,682,19.1
2018-01-26,2353,B,1219,28.668
2018-01-26,1531,A,499,27.3
2018-01-26,3055,A,359,37.4
2018-01-26,5483,A,142,94.4
2018-01-26,6026,A,857,15.7
2018-01-26,1540,A,715,18.8
2018-01-26,1773,A,147,91.4
2018-01-26,2809,A,322,41.75
2018-01-26,5880,A,775,17.35
2018-01-26,2330,B,131,255.0
2018-01-26,2327,B,90,373.0
2018-01-26,6488,B,76,438.0
2018-02-02,2731,A,101,123.0
2018-02-02,2887,A,913,14.55
2018-02-02,2889,A,1327,9.98
2018-02-02,2546,A,583,22.65
2018-02-02,6609,A,352,33.05
2018-02-02,2353,B,1219,28.668
2018-02-02,5483,A,142,94.4
2018-02-02,6026,A,857,15.7
2018-02-02,1773,A,147,91.4
2018-02-02,2809,A,322,41.75
2018-02-02,2330,B,131,255.0
2018-02-02,2327,B,90,373.0
2018-02-02,8454,A,47,276.5
2018-02-02,3540,A,373,35.4
2018-02-02,6257,A,346,38.2
2018-02-02,1597,A,97,135.0
2018-02-02,6531,A,141,93.4
2018-02-02,3033,A,651,20.3
2018-02-02,3443,B,93,354.0
2018-02-09,2731,A,158,123.902
2018-02-09,5483,A,223,92.439
2018-02-09,6026,A,1328,15.434
2018-02-09,8454,A,70,277.979
2018-02-09,1597,A,152,133.191
2018-02-09,3030,A,361,55.0
2018-02-09,2425,A,913,21.75
2018-02-09,4506,A,339,58.5
2018-02-09,5371,A,470,42.2
2018-02-09,3624,A,642,30.9
2018-02-09,8908,A,613,32.4
2018-02-09,6023,A,457,43.4
2018-02-09,3018,A,249,79.5
2018-02-09,2614,A,1750,11.35
2018-02-09,2015,A,329,60.3
2018-02-23,2731,A,99,123.902
2018-02-23,8454,A,43,277.979
2018-02-23,1597,A,91,133.191
2018-02-23,3030,A,220,55.0
2018-02-23,2425,A,452,21.75
2018-02-23,4506,A,214,58.5
2018-02-23,5371,A,295,42.2
2018-02-23,3624,A,397,30.9
2018-02-23,8908,A,389,32.4
2018-02-23,6023,A,265,43.4
2018-02-23,3018,A,145,79.5
2018-02-23,2614,A,1016,11.35
2018-02-23,3090,A,319,39.25
2018-02-23,2014,A,928,13.5
2018-02-23,3663,A,651,19.25
2018-02-23,2353,B,5056,24.8
2018-03-02,8454,A,43,277.979
2018-03-02,1597,A,91,133.191
2018-03-02,3030,A,220,55.0
2018-03-02,2425,A,357,21.75
2018-03-02,4506,A,214,58.5
2018-03-02,5371,A,295,42.2
2018-03-02,6023,A,265,43.4
2018-03-02,3018,A,145,79.5
2018-03-02,2614,A,1016,11.35
2018-03-02,2014,A,928,13.5
2018-03-02,3663,A,651,19.25
2018-03-02,2353,B,5056,24.8
2018-03-02,6024,A,235,54.0
2018-03-02,2015,A,207,61.4
2018-03-02,6026,A,822,15.45
2018-03-09,8454,A,43,277.979
2018-03-09,3030,A,220,55.0
2018-03-09,2425,A,357,21.75
2018-03-09,4506,A,214,58.5
2018-03-09,5371,A,295,42.2
2018-03-09,6023,A,265,43.4
2018-03-09,2614,A,1016,11.35
2018-03-09,2353,B,5056,24.8
2018-03-09,6024,A,235,54.0
2018-03-09,6203,A,282,45.5
2018-03-09,3090,A,268,47.85
2018-03-09,6141,A,527,24.4
2018-03-09,2440,A,928,13.85
2018-03-09,2388,A,583,22.05
2018-03-09,1785,A,509,25.25
2018-03-09,3624,A,377,34.1
2018-03-16,2425,A,357,21.75
2018-03-16,4506,A,214,58.5
2018-03-16,5371,A,295,42.2
2018-03-16,6023,A,265,43.4
2018-03-16,2614,A,1016,11.35
2018-03-16,2353,B,1645,24.8
2018-03-16,6024,A,235,54.0
2018-03-16,6203,A,282,45.5
2018-03-16,3090,A,268,47.85
2018-03-16,6141,A,527,24.4
2018-03-16,2388,A,435,22.05
2018-03-16,3040,A,212,62.1
2018-03-16,8111,A,1216,10.85
2018-03-16,8908,A,395,33.4
2018-03-16,2231,A,32,400.0
2018-03-16,2546,A,557,23.65
2018-03-16,2327,B,35,425.0
2018-03-16,2455,B,1,135.0
2018-03-23,6023,A,265,43.4
2018-03-23,2614,A,1016,11.35
2018-03-23,2353,B,1645,24.8
2018-03-23,6024,A,235,54.0
2018-03-23,3090,A,268,47.85
2018-03-23,6141,A,527,24.4
2018-03-23,2388,A,435,22.05
2018-03-23,3040,A,212,62.1
2018-03-23,8908,A,395,33.4
2018-03-23,2231,A,32,400.0
2018-03-23,2546,A,557,23.65
2018-03-23,2327,B,91,461.308
2018-03-23,2455,B,343,129.516
2018-03-23,2012,A,724,18.4
2018-03-23,3663,A,620,21.5
2018-03-23,2527,A,516,25.8
2018-03-23,3679,A,166,80.2
2018-03-23,1597,A,84,157.0
2018-03-30,6024,A,347,57.195
2018-03-30,3090,A,428,49.364
2018-03-30,6141,A,760,25.887
2018-03-30,2388,A,589,26.142
2018-03-30,3040,A,362,61.81
2018-03-30,8908,A,612,34.428
2018-03-30,2012,A,1205,18.42
2018-03-30,2527,A,761,26.895
2018-03-30,1597,A,138,158.565
2018-03-30,2348,A,419,53.0
2018-03-30,3402,A,814,27.3
2018-03-30,2535,A,1079,20.6
2018-03-30,4123,A,369,60.2
2018-03-30,4144,A,485,45.8
2018-03-30,2020,A,1416,15.7
2018-04-13,3090,A,428,49.364
2018-04-13,6141,A,760,25.887
2018-04-13,8908,A,612,34.428
2018-04-13,3402,A,814,27.3
2018-04-13,2535,A,1079,20.6
2018-04-13,2903,A,1250,18.15
2018-04-13,5015,A,560,40.5
2018-04-13,2031,A,531,42.7
2018-04-13,6196,A,394,57.5
2018-04-13,2013,A,620,36.55
2018-04-13,2049,A,44,505.0
2018-04-13,4736,A,169,134.0
2018-04-13,1514,A,1418,16.0
2018-04-13,2546,A,866,26.2
2018-04-20,3090,A,307,49.364
2018-04-20,2535,A,1079,20.6
2018-04-20,2903,A,1250,18.15
2018-04-20,5015,A,560,40.5
2018-04-20,2031,A,531,42.7
2018-04-20,6196,A,394,57.5
2018-04-20,2049,A,44,505.0
2018-04-20,4736,A,169,134.0
2018-04-20,2492,A,143,164.0
2018-04-20,1413,A,1575,14.9
2018-04-20,1795,A,287,81.8
2018-04-20,6101,A,270,86.7
2018-04-20,3679,A,263,89.0
2018-04-20,6284,A,553,42.45
2018-04-20,4707,A,1886,12.45
2018-04-27,3090,A,307,49.364
2018-04-27,2535,A,1079,20.6
2018-04-27,2903,A,1250,18.15
2018-04-27,5015,A,560,40.5
2018-04-27,6196,A,394,57.5
2018-04-27,4736,A,169,134.0
2018-04-27,2492,A,143,164.0
2018-04-27,1413,A,1575,14.9
2018-04-27,1795,A,287,81.8
2018-04-27,6101,A,270,86.7
2018-04-27,6284,A,553,42.45
2018-04-27,2534,A,671,34.5
2018-04-27,8908,A,639,36.2
2018-04-27,4123,A,343,67.4
2018-04-27,2527,A,797,29.05
2018-05-04,3090,A,307,49.364
2018-05-04,2535,A,1079,20.6
2018-05-04,2903,A,1250,18.15
2018-05-04,6196,A,394,57.5
2018-05-04,4736,A,169,134.0
2018-05-04,2492,A,103,164.0
2018-05-04,1413,A,1575,14.9
2018-05-04,1795,A,287,81.8
2018-05-04,2534,A,671,34.5
2018-05-04,8908,A,639,36.2
2018-05-04,4190,A,205,113.5
2018-05-04,5907,A,800,29.1
2018-05-04,2601,A,1925,12.1
2018-05-04,2108,A,913,25.5
2018-05-04,3402,A,789,29.5
2018-05-11,3090,A,307,49.364
2018-05-11,2535,A,1079,20.6
2018-05-11,2903,A,1250,18.15
2018-05-11,6196,A,394,57.5
2018-05-11,4736,A,169,134.0
2018-05-11,2492,A,103,164.0
2018-05-11,2534,A,671,34.5
2018-05-11,8908,A,639,36.2
2018-05-11,4190,A,205,113.5
2018-05-11,5907,A,800,29.1
2018-05-11,2601,A,1925,12.1
2018-05-11,3402,A,789,29.5
2018-05-11,5015,A,598,40.35
2018-05-11,6284,A,561,43.0
2018-05-11,2012,A,1189,20.3
2018-05-18,3090,A,307,49.364
2018-05-18,2535,A,1079,20.6
2018-05-18,6196,A,308,57.5
2018-05-18,4736,A,169,134.0
2018-05-18,2492,A,103,164.0
2018-05-18,2534,A,671,34.5
2018-05-18,8908,A,639,36.2
2018-05-18,4190,A,205,113.5
2018-05-18,3402,A,789,29.5
2018-05-18,2596,A,976,23.8
2018-05-18,2540,A,628,37.0
2018-05-18,8163,A,491,47.3
2018-05-18,9943,A,398,58.3
2018-05-18,2546,A,895,25.95
2018-05-18,2020,A,1461,15.9
2018-05-25,6196,A,308,57.5
2018-05-25,2534,A,671,34.5
2018-05-25,4190,A,205,113.5
2018-05-25,3402,A,789,29.5
2018-05-25,2596,A,976,23.8
2018-05-25,2540,A,628,37.0
2018-05-25,8163,A,491,47.3
2018-05-25,9943,A,398,58.3
2018-05-25,1225,A,325,80.1
2018-05-25,8277,A,1863,14.0
2018-05-25,3504,A,255,102.0
2018-05-25,8131,A,625,41.7
2018-05-25,2377,A,209,124.5
2018-05-25,2108,A,969,26.9
2018-05-25,1103,A,1911,13.65
2018-06-01,2596,A,976,23.8
2018-06-01,2540,A,628,37.0
2018-06-01,8163,A,384,47.3
2018-06-01,1225,A,325,80.1
2018-06-01,3504,A,255,102.0
2018-06-01,2108,A,969,26.9
2018-06-01,2332,A,1795,14.6
2018-06-01,5525,A,1207,21.7
2018-06-01,3707,A,708,37.0
2018-06-01,8261,A,675,38.8
2018-06-01,1231,A,679,38.55
2018-06-01,3702,A,609,43.0
2018-06-01,2492,A,69,378.0
2018-06-01,3016,A,374,69.9
2018-06-01,5469,A,899,29.15
2018-06-08,2596,A,976,23.8
2018-06-08,8163,A,384,47.3
2018-06-08,1225,A,325,80.1
2018-06-08,3504,A,181,102.0
2018-06-08,2108,A,969,26.9
2018-06-08,5525,A,1207,21.7
2018-06-08,8261,A,675,38.8
2018-06-08,3702,A,609,43.0
2018-06-08,2492,A,69,378.0
2018-06-08,1409,A,2234,12.35
2018-06-08,8415,A,903,30.55
2018-06-08,2362,A,779,35.4
2018-06-08,3030,A,371,74.2
2018-06-08,2478,A,213,129.5
2018-06-08,9943,A,467,59.1
2018-06-15,2596,A,976,23.8
2018-06-15,8163,A,384,47.3
2018-06-15,1225,A,325,80.1
2018-06-15,3504,A,181,102.0
2018-06-15,2108,A,969,26.9
2018-06-15,8261,A,496,38.8
2018-06-15,1409,A,2234,12.35
2018-06-15,8415,A,903,30.55
2018-06-15,2478,A,213,129.5
2018-06-15,4976,A,425,67.0
2018-06-15,8016,A,247,115.0
2018-06-15,3088,A,443,64.3
2018-06-15,2838,A,2807,10.15
2018-06-15,5328,A,1363,20.9
2018-06-22,2596,A,976,23.8
2018-06-22,8163,A,384,47.3
2018-06-22,1225,A,325,80.1
2018-06-22,2108,A,969,26.9
2018-06-22,8261,A,496,38.8
2018-06-22,1409,A,2234,12.35
2018-06-22,8016,A,247,115.0
2018-06-22,3088,A,443,64.3
2018-06-22,4513,A,1547,17.6
2018-06-22,6504,A,156,174.0
2018-06-22,2388,A,555,49.0
2018-06-22,2362,A,780,34.9
2018-06-22,3707,A,704,38.65
2018-06-22,5525,A,1249,21.8
2018-06-29,2596,A,976,23.8
2018-06-29,8163,A,384,47.3
2018-06-29,1225,A,325,80.1
2018-06-29,2108,A,969,26.9
2018-06-29,8261,A,496,38.8
2018-06-29,3088,A,443,64.3
2018-06-29,4513,A,1547,17.6
2018-06-29,5525,A,1249,21.8
2018-06-29,2426,A,1126,23.95
2018-06-29,5328,A,1272,21.2
2018-06-29,3624,A,382,70.5
2018-06-29,2534,A,660,40.85
2018-06-29,5213,A,1147,23.5
2018-06-29,2478,A,225,119.5
2018-06-29,2492,A,64,417.0
2018-07-06,2596,A,976,23.8
2018-07-06,8163,A,384,47.3
2018-07-06,1225,A,325,80.1
2018-07-06,4513,A,1547,17.6
2018-07-06,5525,A,1249,21.8
2018-07-06,2426,A,1126,23.95
2018-07-06,5328,A,1272,21.2
2018-07-06,3624,A,382,70.5
2018-07-06,2492,A,64,417.0
2018-07-06,6160,A,1192,21.9
2018-07-06,1409,A,2194,11.9
2018-07-06,8415,A,868,30.05
2018-07-06,3090,A,275,94.8
2018-07-06,8016,A,218,119.5
2018-07-06,5469,A,901,28.95
2018-07-13,8163,A,384,47.3
2018-07-13,1225,A,325,80.1
2018-07-13,4513,A,1547,17.6
2018-07-13,2426,A,1126,23.95
2018-07-13,2492,A,64,417.0
2018-07-13,6160,A,1192,21.9
2018-07-13,1409,A,2194,11.9
2018-07-13,8415,A,868,30.05
2018-07-13,3416,A,468,55.6
2018-07-13,2108,A,897,29.05
2018-07-13,3702,A,592,44.0
2018-07-13,3059,A,671,38.8
2018-07-13,8261,A,516,50.5
2018-07-13,3088,A,407,63.9
2018-07-13,3016,A,356,73.0
2018-07-20,1225,A,325,80.1
2018-07-20,4513,A,1547,17.6
2018-07-20,2492,A,64,417.0
2018-07-20,6160,A,1192,21.9
2018-07-20,1409,A,2194,11.9
2018-07-20,8415,A,868,30.05
2018-07-20,3416,A,468,55.6
2018-07-20,2108,A,897,29.05
2018-07-20,3702,A,592,44.0
2018-07-20,3088,A,407,63.9
2018-07-20,4942,A,926,27.1
2018-07-20,4123,A,283,88.7
2018-07-20,4190,A,184,136.0
2018-07-20,2332,A,1819,13.8
2018-07-20,2362,A,732,34.25
2018-07-20,5525,A,129,22.0
2018-07-27,4513,A,1547,17.6
2018-07-27,6160,A,1192,21.9
2018-07-27,1409,A,2194,11.9
2018-07-27,8415,A,868,30.05
2018-07-27,3416,A,468,55.6
2018-07-27,2108,A,897,29.05
2018-07-27,3088,A,407,63.9
2018-07-27,4942,A,926,27.1
2018-07-27,2332,A,1819,13.8
2018-07-27,5525,A,1147,22.133
2018-07-27,1704,A,494,51.4
2018-07-27,2838,A,2492,10.2
2018-07-27,2534,A,632,40.2
2018-07-27,3016,A,353,72.0
2018-07-27,3059,A,640,39.7
2018-08-03,4513,A,899,17.6
2018-08-03,6160,A,547,21.9
2018-08-03,1409,A,1137,11.9
2018-08-03,8415,A,434,30.05
2018-08-03,3416,A,270,55.6
2018-08-03,4942,A,555,27.1
2018-08-03,1704,A,292,51.4
2018-08-03,2838,A,1446,10.2
2018-08-03,2547,A,1107,13.7
2018-08-03,5820,A,1522,9.97
2018-08-03,1515,A,275,55.1
2018-08-03,8942,A,165,91.8
2018-08-03,1539,A,616,24.6
2018-08-03,5340,A,1190,12.75
2018-08-03,2596,A,599,25.3
2018-08-03,2456,B,1233,123.0
2018-08-10,6160,A,547,21.9
2018-08-10,1409,A,1137,11.9
2018-08-10,8415,A,434,30.05
2018-08-10,3416,A,270,55.6
2018-08-10,4942,A,555,27.1
2018-08-10,1704,A,292,51.4
2018-08-10,2838,A,1446,10.2
2018-08-10,2547,A,1107,13.7
2018-08-10,5820,A,1522,9.97
2018-08-10,1515,A,275,55.1
2018-08-10,1539,A,616,24.6
2018-08-10,5340,A,1190,12.75
2018-08-10,2596,A,599,25.3
2018-08-10,2456,B,1233,123.0
2018-08-10,2612,A,425,34.4
2018-08-10,3059,A,377,38.75
2018-08-17,6160,A,742,22.925
2018-08-17,1409,A,1137,11.9
2018-08-17,8415,A,434,30.05
2018-08-17,3416,A,270,55.6
2018-08-17,4942,A,555,27.1
2018-08-17,1704,A,292,51.4
2018-08-17,2547,A,1107,13.7
2018-08-17,1515,A,381,53.737
2018-08-17,1539,A,616,24.6
2018-08-17,5340,A,1190,12.75
2018-08-17,2456,B,1233,123.0
2018-08-17,2612,A,425,34.4
2018-08-24,6160,A,523,22.925
2018-08-24,1409,A,1137,11.9
2018-08-24,8415,A,434,30.05
2018-08-24,3416,A,270,55.6
2018-08-24,4942,A,555,27.1
2018-08-24,1704,A,292,51.4
2018-08-24,2547,A,1107,13.7
2018-08-24,1539,A,616,24.6
2018-08-24,5340,A,1190,12.75
2018-08-24,2456,B,1233,123.0
2018-08-24,2612,A,425,34.4
2018-08-24,1904,A,640,21.75
2018-08-24,2368,A,926,15.05
2018-08-24,2425,A,306,45.5
2018-08-24,2834,A,1261,11.05
2018-08-24,6121,A,67,207.0
2018-08-31,4942,A,555,27.1
2018-08-31,1704,A,292,51.4
2018-08-31,2547,A,869,13.7
2018-08-31,5340,A,1190,12.75
2018-08-31,2456,B,1233,123.0
2018-08-31,1904,A,640,21.75
2018-08-31,2368,A,926,15.05
2018-08-31,2425,A,306,45.5
2018-08-31,2834,A,1261,11.05
2018-08-31,6121,A,67,207.0
2018-08-31,2442,A,1112,13.2
2018-08-31,6021,A,1174,12.5
2018-08-31,2845,A,1305,11.25
2018-08-31,2373,A,134,109.0
2018-08-31,2356,A,533,27.55
2018-08-31,5439,A,289,50.7
2018-09-07,4942,A,434,27.1
2018-09-07,2547,A,869,13.7
2018-09-07,2456,B,1233,123.0
2018-09-07,1904,A,640,21.75
2018-09-07,2368,A,926,15.05
2018-09-07,2425,A,306,45.5
2018-09-07,6121,A,67,207.0
2018-09-07,2442,A,1112,13.2
2018-09-07,6021,A,1174,12.5
2018-09-07,2373,A,134,109.0
2018-09-07,2356,A,533,27.55
2018-09-07,5439,A,289,50.7
2018-09-07,2538,A,1005,13.3
2018-09-07,6278,A,393,33.95
2018-09-07,1539,A,495,27.0
2018-09-07,3416,A,236,56.6
2018-09-14,4942,A,695,29.034
2018-09-14,2547,A,1253,14.987
2018-09-14,1904,A,897,22.681
2018-09-14,2425,A,470,46.268
2018-09-14,6121,A,107,207.561
2018-09-14,2442,A,1680,13.251
2018-09-14,2373,A,226,104.929
2018-09-14,2538,A,1705,13.238
2018-09-14,6278,A,614,34.868
2018-09-14,1539,A,792,27.487
2018-09-14,4119,A,252,88.8
2018-09-14,1704,A,432,51.9
2018-09-14,2834,A,2039,11.0
2018-09-14,2612,A,653,34.3
2018-09-14,8415,A,679,33.0
2018-09-21,4942,A,695,29.034
2018-09-21,2547,A,1253,14.987
2018-09-21,1904,A,897,22.681
2018-09-21,2442,A,1680,13.251
2018-09-21,2538,A,1705,13.238
2018-09-21,6278,A,614,34.868
2018-09-21,1539,A,792,27.487
2018-09-21,4119,A,252,88.8
2018-09-21,1704,A,432,51.9
2018-09-21,2834,A,2039,11.0
2018-09-21,2612,A,653,34.3
2018-09-21,8415,A,679,33.0
2018-09-21,2348,A,433,52.4
2018-09-21,1503,A,472,48.05
2018-09-21,5340,A,1603,14.15
2018-09-28,2547,A,1253,14.987
2018-09-28,1904,A,897,22.681
2018-09-28,2442,A,1680,13.251
2018-09-28,2538,A,1705,13.238
2018-09-28,6278,A,614,34.868
2018-09-28,1539,A,792,27.487
2018-09-28,4119,A,252,88.8
2018-09-28,1704,A,432,51.9
2018-09-28,2834,A,2039,11.0
2018-09-28,8415,A,679,33.0
2018-09-28,2348,A,433,52.4
2018-09-28,1503,A,472,48.05
2018-09-28,5340,A,1603,14.15
2018-09-28,6452,A,49,462.5
2018-09-28,6021,A,1897,11.95
2018-10-05,2547,A,1253,14.987
2018-10-05,1904,A,897,22.681
2018-10-05,2442,A,1680,13.251
2018-10-05,2538,A,1705,13.238
2018-10-05,6278,A,614,34.868
2018-10-05,4119,A,252,88.8
2018-10-05,1704,A,432,51.9
2018-10-05,2834,A,2039,11.0
2018-10-05,2348,A,433,52.4
2018-10-05,5340,A,1603,14.15
2018-10-05,6452,A,49,462.5
2018-10-05,5206,A,1609,13.7
2018-10-05,2612,A,648,34.0
2018-10-05,4942,A,725,30.4
2018-10-05,6121,A,109,202.0
2018-10-12,1904,A,1626,22.196
2018-10-12,2442,A,2289,13.809
2018-10-12,2538,A,2702,13.15
2018-10-12,6278,A,614,34.868
2018-10-12,4119,A,444,84.605
2018-10-12,1704,A,678,51.864
2018-10-12,6452,A,72,470.326
2018-10-12,5206,A,2641,13.544
2018-10-12,2612,A,981,34.611
2018-10-19,2442,A,3096,13.976
2018-10-19,2538,A,2702,13.15
2018-10-19,6278,A,1260,35.192
2018-10-19,4119,A,444,84.605
2018-10-19,6452,A,72,470.326
2018-10-19,5206,A,3551,13.302
2018-10-19,2612,A,981,34.611
2018-10-26,2442,A,7493,13.022
2018-10-26,6278,A,2787,34.101
2018-10-26,6452,A,72,470.326
2018-10-26,5206,A,7112,12.575
2018-11-02,5206,A,22138,12.829
2018-11-09,5206,A,22138,12.829
2018-11-16,5206,A,11070,12.829
2018-11-16,2597,A,355,42.45
2018-11-23,5206,A,7420,12.829
2018-11-23,2597,A,1418,44.212
2018-11-23,3455,A,1363,69.9
2018-11-30,2597,A,1418,44.212
2018-11-30,3455,A,1057,69.9
2018-11-30,1730,A,1270,56.7
2018-11-30,2704,A,2882,25.0
2018-12-07,2597,A,1418,44.212
2018-12-07,3455,A,1057,69.9
2018-12-07,1730,A,1270,56.7
2018-12-07,2704,A,2250,25.0
2018-12-07,2524,A,827,27.4
2018-12-14,2597,A,692,44.212
2018-12-14,3455,A,454,69.9
2018-12-14,1730,A,517,56.7
2018-12-14,2704,A,1457,25.0
2018-12-14,2524,A,827,27.4
2018-12-14,5288,A,325,110.0
2018-12-14,1515,A,478,74.9
2018-12-14,3535,A,1845,18.85
2018-12-21,2597,A,534,44.212
2018-12-21,3455,A,454,69.9
2018-12-21,1730,A,391,56.7
2018-12-21,2704,A,1073,25.0
2018-12-21,2524,A,827,27.4
2018-12-21,5288,A,218,110.0
2018-12-21,1515,A,369,74.9
2018-12-21,3535,A,1425,18.85
2018-12-21,5234,A,292,90.5
2018-12-21,8927,A,1558,17.0
2018-12-21,3338,A,832,31.85
2018-12-21,3322,A,2265,11.7
2018-12-28,2597,A,534,44.212
2018-12-28,3455,A,346,69.9
2018-12-28,1730,A,391,56.7
2018-12-28,2524,A,827,27.4
2018-12-28,5288,A,218,110.0
2018-12-28,1515,A,369,74.9
2018-12-28,3535,A,1425,18.85
2018-12-28,5234,A,292,90.5
2018-12-28,8927,A,1558,17.0
2018-12-28,3338,A,832,31.85
2018-12-28,3322,A,1773,11.7
2018-12-28,6230,A,174,138.0
2018-12-28,1532,A,414,38.75
2019-01-04,2597,A,534,44.212
2019-01-04,3455,A,346,69.9
2019-01-04,1730,A,391,56.7
2019-01-04,2524,A,827,27.4
2019-01-04,5288,A,218,110.0
2019-01-04,1515,A,369,74.9
2019-01-04,3535,A,1425,18.85
2019-01-04,5234,A,292,90.5
2019-01-04,8927,A,1558,17.0
2019-01-04,3338,A,832,31.85
2019-01-04,3322,A,1773,11.7
2019-01-04,6230,A,174,138.0
2019-01-04,1532,A,416,38.747
2019-01-04,4536,A,130,108.5
2019-01-11,2597,A,416,44.212
2019-01-11,1730,A,391,56.7
2019-01-11,2524,A,827,27.4
2019-01-11,5288,A,218,110.0
2019-01-11,1515,A,369,74.9
2019-01-11,5234,A,227,90.5
2019-01-11,8927,A,1244,17.0
2019-01-11,3338,A,590,31.85
2019-01-11,3322,A,1773,11.7
2019-01-11,6230,A,174,138.0
2019-01-11,1532,A,416,38.747
2019-01-11,4536,A,130,108.5
2019-01-11,2423,A,824,25.8
2019-01-11,2546,A,759,28.0
2019-01-11,6277,A,47,93.3
2019-01-18,1730,A,391,56.7
2019-01-18,5288,A,167,110.0
2019-01-18,5234,A,227,90.5
2019-01-18,8927,A,1244,17.0
2019-01-18,3338,A,590,31.85
2019-01-18,3322,A,1773,11.7
2019-01-18,6230,A,174,138.0
2019-01-18,1532,A,568,38.574
2019-01-18,4536,A,130,108.5
2019-01-18,2423,A,824,25.8
2019-01-18,2546,A,759,28.0
2019-01-18,6277,A,233,92.981
2019-01-18,6245,A,386,56.1
2019-01-18,9943,A,350,61.9
2019-01-18,3324,A,188,115.0
2019-01-25,1730,A,391,56.7
2019-01-25,5234,A,227,90.5
2019-01-25,8927,A,1244,17.0
2019-01-25,3338,A,590,31.85
2019-01-25,3322,A,1773,11.7
2019-01-25,6230,A,174,138.0
2019-01-25,4536,A,130,108.5
2019-01-25,2423,A,824,25.8
2019-01-25,2546,A,759,28.0
2019-01-25,6277,A,233,92.981
2019-01-25,6245,A,386,56.1
2019-01-25,9943,A,350,61.9
2019-01-25,3324,A,188,115.0
2019-01-25,1515,A,255,85.2
2019-01-25,2597,A,414,52.5
2019-02-15,4536,A,130,108.5
2019-02-15,6245,A,386,56.1
2019-02-15,9943,A,350,61.9
2019-02-15,2597,A,414,52.5
2019-02-15,6188,A,582,37.25
2019-02-15,3038,A,1853,11.7
2019-02-15,8215,A,918,23.6
2019-02-15,8454,A,88,244.0
2019-02-15,8049,A,992,21.85
2019-02-15,8213,A,679,31.9
2019-02-15,9935,A,955,22.7
2019-02-15,3479,A,468,46.3
2019-02-15,8255,A,191,113.5
2019-02-15,2613,A,1588,13.65
2019-02-15,3363,A,610,35.5
2019-02-22,6245,A,386,56.1
2019-02-22,9943,A,350,61.9
2019-02-22,6188,A,582,37.25
2019-02-22,3038,A,1853,11.7
2019-02-22,8215,A,918,23.6
2019-02-22,8213,A,679,31.9
2019-02-22,9935,A,955,22.7
2019-02-22,8255,A,191,113.5
2019-02-22,2480,A,481,43.9
2019-02-22,5340,A,1054,20.05
2019-02-22,2108,A,648,32.6
2019-02-22,3376,A,195,108.0
2019-02-22,6189,A,713,29.65
2019-02-22,6275,A,1004,21.05
2019-02-22,5234,A,186,113.5
2019-03-08,3038,A,1853,11.7
2019-03-08,9935,A,955,22.7
2019-03-08,2480,A,481,43.9
2019-03-08,5340,A,1054,20.05
2019-03-08,2108,A,648,32.6
2019-03-08,3303,A,933,25.0
2019-03-08,2107,A,1303,17.9
2019-03-08,2392,A,664,35.1
2019-03-08,1787,A,922,25.3
2019-03-08,6158,A,731,31.9
2019-03-08,3092,A,456,51.1
2019-03-08,1582,A,297,78.3
2019-03-08,2633,A,679,34.35
2019-03-08,2546,A,774,30.1
2019-03-08,3217,A,477,48.9
2019-03-15,2480,A,261,43.9
2019-03-15,2108,A,404,32.6
2019-03-15,3303,A,576,25.0
2019-03-15,2392,A,377,35.1
2019-03-15,1787,A,560,25.3
2019-03-15,6158,A,392,31.9
2019-03-15,3092,A,272,51.1
2019-03-15,1582,A,178,78.3
2019-03-15,4933,A,481,30.1
2019-03-15,3293,A,65,221.0
2019-03-15,6112,A,406,35.65
2019-03-15,4119,A,151,95.5
2019-03-15,8109,A,165,87.6
2019-03-15,4999,A,266,54.5
2019-03-15,5525,A,583,24.85
2019-03-15,1795,B,1160,125.0
2019-03-22,2480,A,261,43.9
2019-03-22,6158,A,392,31.9
2019-03-22,1582,A,178,78.3
2019-03-22,6112,A,406,35.65
2019-03-22,1795,B,1160,125.0
2019-03-22,2493,A,524,28.35
2019-03-22,8070,A,94,157.5
2019-03-22,3363,A,307,48.3
2019-03-22,6189,A,462,32.1
2019-03-22,6213,A,175,84.6
2019-03-22,5009,A,651,22.8
2019-03-22,2884,A,629,23.6
2019-03-22,4426,A,261,56.8
2019-03-22,1808,A,212,70.0
2019-03-22,3217,A,267,55.5
2019-03-22,3023,A,150,98.9
2019-03-29,1582,A,178,78.3
2019-03-29,6112,A,406,35.65
2019-03-29,1795,B,1160,125.0
2019-03-29,2493,A,524,28.35
2019-03-29,8070,A,94,157.5
2019-03-29,6189,A,462,32.1
2019-03-29,1507,A,224,64.0
2019-03-29,3535,A,381,37.65
2019-03-29,1712,A,789,18.2
2019-03-29,1604,A,873,16.45
2019-03-29,5604,A,408,35.15
2019-03-29,5525,A,523,27.45
2019-03-29,2546,A,436,32.9
2019-03-29,8109,A,152,94.5
2019-03-29,4933,A,393,36.5
2019-03-29,5015,A,309,46.4
2019-04-12,1582,A,178,78.3
2019-04-12,1795,B,619,125.0
2019-04-12,2493,A,524,28.35
2019-04-12,8070,A,94,157.5
2019-04-12,3535,A,381,37.65
2019-04-12,1604,A,873,16.45
2019-04-12,8109,A,152,94.5
2019-04-12,5301,A,453,30.7
2019-04-12,4164,A,329,42.2
2019-04-12,2464,A,279,49.8
2019-04-12,1540,A,706,19.7
2019-04-12,8088,A,838,16.6
2019-04-12,3202,A,597,23.3
2019-04-12,3231,A,552,25.2
2019-04-12,5488,A,1289,10.8
2019-04-12,4438,A,91,153.0
2019-04-12,3390,A,508,27.4
2019-04-12,3037,B,203,36.7
2019-04-19,1582,A,178,78.3
2019-04-19,1795,B,454,125.0
2019-04-19,2493,A,524,28.35
2019-04-19,8070,A,94,157.5
2019-04-19,8088,A,838,16.6
2019-04-19,3231,A,552,25.2
2019-04-19,5488,A,1289,10.8
2019-04-19,3037,B,1223,37.451
2019-04-19,5340,A,331,41.65
2019-04-19,3338,A,227,60.7
2019-04-19,6218,A,586,23.55
2019-04-19,6213,A,135,102.0
2019-04-19,1507,A,216,63.7
2019-04-19,2613,A,917,15.05
2019-04-19,9924,A,345,40.0
2019-04-19,6219,A,756,18.25
2019-04-19,2707,A,87,157.5
2019-04-19,4958,B,418,110.0
2019-04-26,1582,A,178,78.3
2019-04-26,2493,A,524,28.35
2019-04-26,8070,A,94,157.5
2019-04-26,8088,A,838,16.6
2019-04-26,3037,B,1894,36.954
2019-04-26,5340,A,331,41.65
2019-04-26,6213,A,135,102.0
2019-04-26,9924,A,345,40.0
2019-04-26,6219,A,756,18.25
2019-04-26,4958,B,620,110.0
2019-04-26,1712,A,726,18.8
2019-04-26,2404,A,96,142.0
2019-04-26,5434,A,157,86.6
2019-04-26,1473,A,560,24.35
2019-04-26,9946,A,744,18.35
2019-04-26,2884,A,551,24.75
2019-04-26,8924,A,477,28.6
2019-05-03,8070,A,74,157.5
2019-05-03,3037,B,1894,36.954
2019-05-03,6219,A,756,18.25
2019-05-03,4958,B,620,110.0
2019-05-03,1712,A,726,18.8
2019-05-03,2404,A,96,142.0
2019-05-03,5434,A,157,86.6
2019-05-03,1473,A,560,24.35
2019-05-03,9946,A,744,18.35
2019-05-03,2884,A,551,24.75
2019-05-03,2812,A,1122,12.05
2019-05-03,2886,A,450,30.05
2019-05-03,2834,A,1073,12.6
2019-05-03,2101,A,377,35.8
2019-05-03,2207,A,29,465.0
2019-05-03,5880,A,661,20.45
2019-05-03,1232,A,128,105.5
2019-05-10,3037,B,1894,36.954
2019-05-10,6219,A,756,18.25
2019-05-10,4958,B,620,110.0
2019-05-10,1712,A,726,18.8
2019-05-10,2404,A,96,142.0
2019-05-10,9946,A,744,18.35
2019-05-10,2884,A,551,24.75
2019-05-10,2886,A,450,30.05
2019-05-10,1232,A,128,105.5
2019-05-10,5820,A,1291,10.15
2019-05-10,8088,A,657,19.95
2019-05-10,1109,A,697,18.8
2019-05-10,2501,A,506,25.9
2019-05-10,6217,A,354,37.0
2019-05-10,8924,A,438,29.9
2019-05-10,1446,A,421,31.1
2019-05-10,1540,A,619,21.15
2019-05-17,1712,A,1070,18.993
2019-05-17,2404,A,131,146.408
2019-05-17,9946,A,1059,18.722
2019-05-17,1232,A,182,108.022
2019-05-17,5820,A,2026,10.186
2019-05-17,8088,A,1101,19.506
2019-05-17,6217,A,620,35.477
2019-05-17,3528,A,520,39.9
2019-05-17,1473,A,769,27.0
2019-05-17,1730,A,266,77.8
2019-05-17,2633,A,517,40.15
2019-05-17,6803,A,108,191.0
2019-05-17,2020,A,1251,16.6
2019-05-17,8081,A,234,88.6
2019-05-17,3290,A,755,27.5
2019-05-24,1712,A,1070,18.993
2019-05-24,9946,A,1059,18.722
2019-05-24,1232,A,182,108.022
2019-05-24,5820,A,2026,10.186
2019-05-24,3528,A,520,39.9
2019-05-24,1473,A,769,27.0
2019-05-24,2633,A,517,40.15
2019-05-24,6803,A,108,191.0
2019-05-24,1736,A,331,63.2
2019-05-24,6214,A,281,74.4
2019-05-24,5876,A,362,57.8
2019-05-24,2838,A,1739,12.05
2019-05-24,1598,A,513,40.85
2019-05-24,1503,A,463,45.2
2019-05-24,9924,A,482,43.45
2019-05-31,1712,A,1070,18.993
2019-05-31,9946,A,1059,18.722
2019-05-31,3528,A,520,39.9
2019-05-31,1473,A,769,27.0
2019-05-31,6803,A,108,191.0
2019-05-31,5876,A,362,57.8
2019-05-31,1598,A,513,40.85
2019-05-31,1503,A,463,45.2
2019-05-31,9924,A,482,43.45
2019-05-31,2615,A,1125,18.85
2019-05-31,2841,A,2121,10.0
2019-05-31,6186,A,942,22.5
2019-05-31,2884,A,774,27.4
2019-05-31,1437,A,995,21.3
2019-05-31,2497,A,841,25.2
2019-06-14,3528,A,520,39.9
2019-06-14,6803,A,108,191.0
2019-06-14,1598,A,513,40.85
2019-06-14,9924,A,482,43.45
2019-06-14,2497,A,841,25.2
2019-06-14,2706,A,1352,15.55
2019-06-14,5905,A,2364,8.89
2019-06-14,1519,A,787,26.7
2019-06-14,2536,A,944,22.25
2019-06-14,2707,A,116,180.0
2019-06-14,1730,A,234,89.5
2019-06-14,8924,A,579,36.3
2019-06-14,1736,A,307,68.4
2019-06-14,2633,A,458,45.85
2019-06-14,3293,A,68,306.0
2019-06-21,3528,A,520,39.9
2019-06-21,6803,A,108,191.0
2019-06-21,1598,A,513,40.85
2019-06-21,9924,A,482,43.45
2019-06-21,2706,A,1352,15.55
2019-06-21,2707,A,116,180.0
2019-06-21,8924,A,579,36.3
2019-06-21,3293,A,68,306.0
2019-06-21,1232,A,167,125.0
2019-06-21,2801,A,1006,20.8
2019-06-21,6189,A,615,34.0
2019-06-21,1604,A,1156,18.1
2019-06-21,5525,A,721,29.0
2019-06-21,1712,A,978,21.4
2019-06-21,2834,A,1550,13.5
2019-06-28,3528,A,520,39.9
2019-06-28,6803,A,108,191.0
2019-06-28,1598,A,513,40.85
2019-06-28,2706,A,1352,15.55
2019-06-28,2707,A,116,180.0
2019-06-28,8924,A,579,36.3
2019-06-28,1232,A,167,125.0
2019-06-28,6189,A,615,34.0
2019-06-28,1604,A,1156,18.1
2019-06-28,5525,A,721,29.0
2019-06-28,2903,A,935,22.5
2019-06-28,4935,A,462,45.5
2019-06-28,2433,A,421,49.9
2019-06-28,2923,A,762,27.6
2019-06-28,1201,A,641,32.8
2019-07-05,3528,A,520,39.9
2019-07-05,6803,A,108,191.0
2019-07-05,1598,A,513,40.85
2019-07-05,8924,A,579,36.3
2019-07-05,1232,A,167,125.0
2019-07-05,6189,A,615,34.0
2019-07-05,2903,A,935,22.5
2019-07-05,4935,A,462,45.5
2019-07-05,2433,A,421,49.9
2019-07-05,2923,A,762,27.6
2019-07-05,1762,A,605,35.5
2019-07-05,6171,A,1327,16.2
2019-07-05,9911,A,452,47.5
2019-07-05,8086,A,330,65.1
2019-07-05,2615,A,1117,19.25
2019-07-12,6803,A,108,191.0
2019-07-12,1598,A,513,40.85
2019-07-12,8924,A,579,36.3
2019-07-12,6189,A,615,34.0
2019-07-12,2903,A,935,22.5
2019-07-12,4935,A,462,45.5
2019-07-12,2923,A,762,27.6
2019-07-12,1762,A,605,35.5
2019-07-12,9911,A,452,47.5
2019-07-12,8086,A,330,65.1
2019-07-12,2615,A,1117,19.25
2019-07-12,5403,A,561,39.6
2019-07-12,8466,A,271,82.0
2019-07-12,1736,A,286,77.5
2019-07-12,1566,A,1131,19.65
2019-07-19,6803,A,108,191.0
2019-07-19,1598,A,513,40.85
2019-07-19,8924,A,429,36.3
2019-07-19,4935,A,462,45.5
2019-07-19,1762,A,605,35.5
2019-07-19,8086,A,330,65.1
2019-07-19,8466,A,271,82.0
2019-07-19,3680,A,382,57.6
2019-07-19,4104,A,401,54.9
2019-07-19,2367,A,921,23.9
2019-07-19,8088,A,968,22.75
2019-07-19,3218,A,513,42.9
2019-07-19,8059,A,1776,12.4
2019-07-19,2801,A,1008,21.85
2019-07-19,6224,A,325,67.7
2019-07-26,1598,A,513,40.85
2019-07-26,4935,A,356,45.5
2019-07-26,8086,A,330,65.1
2019-07-26,3680,A,382,57.6
2019-07-26,8059,A,1776,12.4
2019-07-26,3479,A,348,62.4
2019-07-26,8028,A,318,68.4
2019-07-26,2615,A,993,21.9
2019-07-26,3105,A,79,275.0
2019-07-26,9802,A,244,89.0
2019-07-26,8040,A,2043,10.65
2019-07-26,5905,A,2211,9.84
2019-07-26,6171,A,1322,16.45
2019-07-26,2637,A,652,33.35
2019-07-26,2880,A,1002,21.7
2019-08-02,4935,A,356,45.5
2019-08-02,3680,A,382,57.6
2019-08-02,8059,A,1776,12.4
2019-08-02,3479,A,348,62.4
2019-08-02,8028,A,318,68.4
2019-08-02,3105,A,79,275.0
2019-08-02,9802,A,244,89.0
2019-08-02,8040,A,2043,10.65
2019-08-02,2316,A,715,30.0
2019-08-02,5469,A,594,36.1
2019-08-02,6192,A,242,88.4
2019-08-02,2344,A,1153,18.6
2019-08-02,8182,A,1031,20.8
2019-08-02,2228,A,196,109.0
2019-08-02,6271,A,171,125.0
2019-08-16,4935,A,183,45.5
2019-08-16,3680,A,177,57.6
2019-08-16,3479,A,205,62.4
2019-08-16,8028,A,159,68.4
2019-08-16,9802,A,157,89.0
2019-08-16,5469,A,348,36.1
2019-08-16,2228,A,107,109.0
2019-08-16,6251,A,1144,11.95
2019-08-16,6124,A,318,42.9
2019-08-16,6171,A,694,19.7
2019-08-16,6186,A,564,24.25
2019-08-16,3293,A,34,394.0
2019-08-16,1736,A,151,90.2
2019-08-16,8924,A,258,53.0
2019-08-16,8466,A,164,83.0
2019-08-16,4968,B,977,140.0
2019-08-23,4935,A,183,45.5
2019-08-23,3680,A,177,57.6
2019-08-23,3479,A,205,62.4
2019-08-23,8028,A,159,68.4
2019-08-23,5469,A,348,36.1
2019-08-23,2228,A,107,109.0
2019-08-23,6251,A,1144,11.95
2019-08-23,6124,A,318,42.9
2019-08-23,6171,A,694,19.7
2019-08-23,6186,A,564,24.25
2019-08-23,4968,B,486,140.0
2019-08-23,3317,A,306,45.35
2019-08-23,5305,A,338,41.05
2019-08-23,8358,A,323,42.95
2019-08-23,6411,A,118,117.5
2019-08-23,6265,A,1982,7.0
2019-08-23,3338,B,148,102.5
2019-08-30,3479,A,205,62.4
2019-08-30,6251,A,1144,11.95
2019-08-30,6124,A,318,42.9
2019-08-30,4968,B,486,140.0
2019-08-30,3317,A,306,45.35
2019-08-30,5305,A,338,41.05
2019-08-30,8358,A,323,42.95
2019-08-30,6411,A,118,117.5
2019-08-30,3338,B,732,95.798
2019-08-30,2537,A,1497,9.2
2019-08-30,5498,A,1115,12.35
2019-08-30,6233,A,1269,10.85
2019-08-30,3083,A,172,80.1
2019-08-30,6023,A,249,55.2
2019-08-30,3218,A,280,49.1
2019-08-30,2642,A,509,27.05
2019-08-30,2367,A,460,29.9
2019-09-06,3479,A,205,62.4
2019-09-06,4968,B,486,140.0
2019-09-06,5305,A,338,41.05
2019-09-06,8358,A,323,42.95
2019-09-06,3338,B,732,95.798
2019-09-06,2537,A,1497,9.2
2019-09-06,5498,A,1115,12.35
2019-09-06,3083,A,172,80.1
2019-09-06,2642,A,509,27.05
2019-09-06,2367,A,460,29.9
2019-09-06,2323,A,1385,10.0
2019-09-06,5203,A,141,98.0
2019-09-06,5340,A,243,57.0
2019-09-06,6257,A,413,33.5
2019-09-06,2316,A,337,41.1
2019-09-06,3031,A,962,14.4
2019-09-06,6171,A,682,20.3
2019-09-20,3479,A,205,62.4
2019-09-20,4968,B,486,140.0
2019-09-20,5305,A,338,41.05
2019-09-20,3338,B,732,95.798
2019-09-20,3083,A,172,80.1
2019-09-20,2367,A,460,29.9
2019-09-20,5340,A,243,57.0
2019-09-20,2316,A,337,41.1
2019-09-20,3031,A,962,14.4
2019-09-20,2482,A,917,15.5
2019-09-20,3048,A,786,18.1
2019-09-20,8930,A,971,14.65
2019-09-20,6233,A,1019,13.95
2019-09-20,3680,A,148,95.5
2019-09-20,8086,A,162,87.3
2019-09-20,3515,A,204,69.7
2019-09-20,5225,A,219,58.6
2019-09-27,3479,A,205,62.4
2019-09-27,4968,B,486,140.0
2019-09-27,5305,A,338,41.05
2019-09-27,3338,B,732,95.798
2019-09-27,3083,A,172,80.1
2019-09-27,2367,A,460,29.9
2019-09-27,2316,A,337,41.1
2019-09-27,3031,A,962,14.4
2019-09-27,2482,A,917,15.5
2019-09-27,8930,A,971,14.65
2019-09-27,6233,A,1019,13.95
2019-09-27,3680,A,148,95.5
2019-09-27,3515,A,204,69.7
2019-09-27,5225,A,219,58.6
2019-09-27,8463,A,429,30.8
2019-09-27,3530,A,128,103.0
2019-09-27,1752,A,381,34.7
2019-10-04,3479,A,205,62.4
2019-10-04,4968,B,361,140.0
2019-10-04,5305,A,338,41.05
2019-10-04,3338,B,732,95.798
2019-10-04,2367,A,460,29.9
2019-10-04,2316,A,337,41.1
2019-10-04,3031,A,962,14.4
2019-10-04,6233,A,1019,13.95
2019-10-04,3680,A,148,95.5
2019-10-04,3515,A,204,69.7
2019-10-04,5225,A,219,58.6
2019-10-04,8463,A,429,30.8
2019-10-04,1752,A,381,34.7
2019-10-04,8086,A,161,87.6
2019-10-04,3048,A,744,19.0
2019-10-04,6023,A,253,55.7
2019-10-18,3479,A,205,62.4
2019-10-18,4968,B,227,140.0
2019-10-18,5305,A,338,41.05
2019-10-18,2367,B,1494,33.43
2019-10-18,3680,A,148,95.5
2019-10-18,3515,A,204,69.7
2019-10-18,8463,A,429,30.8
2019-10-18,8086,A,161,87.6
2019-10-18,3048,A,744,19.0
2019-10-18,6023,A,253,55.7
2019-10-18,9802,A,134,116.5
2019-10-18,2505,A,1029,15.25
2019-10-18,9935,A,358,43.8
2019-10-18,2101,A,283,55.4
2019-10-18,4935,A,150,104.5
2019-10-18,3105,A,51,307.0
2019-10-18,3324,B,219,237.0
2019-10-25,2367,B,1145,33.43
2019-10-25,3680,A,148,95.5
2019-10-25,3515,A,204,69.7
2019-10-25,8463,A,339,30.8
2019-10-25,8086,B,346,101.448
2019-10-25,9802,A,134,116.5
2019-10-25,9935,A,358,43.8
2019-10-25,2101,A,283,55.4
2019-10-25,3324,B,173,237.0
2019-10-25,1603,A,594,26.5
2019-10-25,5905,A,1301,12.1
2019-10-25,2362,A,398,39.5
2019-10-25,6185,A,822,19.15
2019-10-25,4908,A,398,39.55
2019-10-25,3003,A,313,50.2
2019-10-25,1560,A,223,70.5
2019-10-25,3416,A,273,57.5
2019-10-25,2545,A,467,33.7
2019-10-25,3661,B,211,186.5
2019-11-01,2367,B,1145,33.43
2019-11-01,8463,A,339,30.8
2019-11-01,8086,B,346,101.448
2019-11-01,9802,A,134,116.5
2019-11-01,9935,A,358,43.8
2019-11-01,3324,B,173,237.0
2019-11-01,1603,A,594,26.5
2019-11-01,5905,A,1301,12.1
2019-11-01,6185,A,822,19.15
2019-11-01,4908,A,398,39.55
2019-11-01,3416,A,273,57.5
2019-11-01,2545,A,467,33.7
2019-11-01,3661,B,211,186.5
2019-11-01,2801,A,679,23.5
2019-11-01,2704,A,666,23.95
2019-11-01,5305,A,382,41.7
2019-11-01,6196,A,247,64.5
2019-11-01,6278,A,161,99.1
2019-11-01,3413,A,97,164.0
2019-11-08,2367,B,1145,33.43
2019-11-08,8463,A,339,30.8
2019-11-08,8086,B,346,101.448
2019-11-08,3324,B,173,237.0
2019-11-08,1603,A,594,26.5
2019-11-08,5905,A,1301,12.1
2019-11-08,4908,A,398,39.55
2019-11-08,2704,A,666,23.95
2019-11-08,5305,A,382,41.7
2019-11-08,6196,A,247,64.5
2019-11-08,3679,A,231,69.0
2019-11-08,2317,A,175,90.9
2019-11-08,8271,A,444,35.9
2019-11-08,4113,A,1167,13.65
2019-11-08,4974,A,291,54.6
2019-11-08,2207,A,28,563.0
2019-11-08,5203,A,139,114.0
2019-11-08,2362,A,381,41.8
2019-11-08,2454,B,96,414.0
2019-11-15,1603,A,594,26.5
2019-11-15,5905,A,1301,12.1
2019-11-15,2704,A,666,23.95
2019-11-15,5305,A,382,41.7
2019-11-15,3679,A,231,69.0
2019-11-15,4113,A,1167,13.65
2019-11-15,2454,B,96,414.0
2019-11-15,1456,A,1373,11.55
2019-11-15,8040,A,625,25.35
2019-11-15,4938,A,227,69.8
2019-11-15,4973,A,669,23.7
2019-11-15,2816,A,744,21.3
2019-11-15,3024,A,1918,8.27
2019-11-15,2313,A,311,51.0
2019-11-15,3548,A,194,81.4
2019-11-15,4205,A,175,90.6
2019-11-15,3661,B,225,234.5
2019-11-15,4968,B,265,199.5
2019-11-22,1603,A,594,26.5
2019-11-22,2704,A,666,23.95
2019-11-22,2454,B,96,414.0
2019-11-22,1456,A,1373,11.55
2019-11-22,4938,A,227,69.8
2019-11-22,4973,A,669,23.7
2019-11-22,3024,A,1918,8.27
2019-11-22,2313,B,778,50.1
2019-11-22,3661,B,225,234.5
2019-11-22,8240,A,507,30.35
2019-11-22,2459,A,368,41.8
2019-11-22,6005,A,1475,10.45
2019-11-22,6016,A,1857,8.3
2019-11-22,1103,A,737,20.9
2019-11-22,6251,A,815,18.9
2019-11-22,2548,A,162,94.6
2019-11-22,1582,A,181,84.8
2019-11-22,4737,A,221,69.7
2019-11-22,2367,B,1087,35.45
2019-11-29,2704,A,532,23.95
2019-11-29,2454,B,96,414.0
2019-11-29,2313,B,778,50.1
2019-11-29,3661,B,178,234.5
2019-11-29,8240,A,507,30.35
2019-11-29,2459,A,368,41.8
2019-11-29,6005,A,1475,10.45
2019-11-29,1582,A,181,84.8
2019-11-29,4737,A,221,69.7
2019-11-29,6185,A,645,24.05
2019-11-29,9934,A,860,18.05
2019-11-29,4908,A,267,58.0
2019-11-29,2433,A,296,52.3
2019-11-29,2207,A,26,597.0
2019-11-29,8176,A,979,15.85
2019-11-29,3056,A,541,28.7
2019-11-29,6196,A,211,73.5
2019-11-29,2393,A,466,33.3
2019-11-29,8086,B,348,111.5
2019-12-06,2704,A,532,23.95
2019-12-06,2454,B,96,414.0
2019-12-06,2313,B,778,50.1
2019-12-06,3661,B,178,234.5
2019-12-06,6005,A,1475,10.45
2019-12-06,1582,A,181,84.8
2019-12-06,4737,A,221,69.7
2019-12-06,6185,A,645,24.05
2019-12-06,9934,A,860,18.05
2019-12-06,3056,A,541,28.7
2019-12-06,8086,B,348,111.5
2019-12-06,6531,A,196,79.5
2019-12-06,8182,A,505,30.85
2019-12-06,1442,A,844,18.45
2019-12-06,2545,A,405,38.45
2019-12-06,3024,A,1785,8.73
2019-12-06,6251,A,813,19.15
2019-12-06,8271,A,415,37.55
2019-12-06,5607,A,554,28.1
2019-12-13,2704,A,532,23.95
2019-12-13,2454,B,96,414.0
2019-12-13,3661,B,178,234.5
2019-12-13,6005,A,1475,10.45
2019-12-13,1582,A,181,84.8
2019-12-13,6185,A,645,24.05
2019-12-13,3056,A,541,28.7
2019-12-13,8086,B,348,111.5
2019-12-13,6531,A,196,79.5
2019-12-13,8182,A,505,30.85
2019-12-13,6196,A,177,87.0
2019-12-13,3089,A,696,22.15
2019-12-13,3042,A,329,46.9
2019-12-13,3413,A,77,200.0
2019-12-13,4113,A,1032,14.95
2019-12-13,2433,A,283,54.5
2019-12-13,2393,A,450,34.25
2019-12-13,2207,A,24,640.0
2019-12-13,6278,B,347,111.0
2019-12-20,2454,B,96,414.0
2019-12-20,3661,B,178,234.5
2019-12-20,6005,A,1475,10.45
2019-12-20,1582,A,181,84.8
2019-12-20,3056,A,541,28.7
2019-12-20,6531,A,196,79.5
2019-12-20,6196,A,177,87.0
2019-12-20,4113,A,1032,14.95
2019-12-20,2207,A,24,640.0
2019-12-20,6278,B,347,111.0
2019-12-20,2910,A,414,37.45
2019-12-20,1907,A,1148,13.5
2019-12-20,2851,A,787,19.7
2019-12-20,6261,A,305,50.8
2019-12-20,3260,A,226,68.5
2019-12-20,2312,A,1136,13.65
2019-12-20,8101,A,3077,5.04
2019-12-20,8271,A,371,41.7
2019-12-20,2330,B,117,329.0
2019-12-27,2454,B,96,414.0
2019-12-27,3661,B,178,234.5
2019-12-27,3056,A,541,28.7
2019-12-27,4113,A,1032,14.95
2019-12-27,2207,A,24,640.0
2019-12-27,6278,B,347,111.0
2019-12-27,2910,A,414,37.45
2019-12-27,6261,A,305,50.8
2019-12-27,3260,A,226,68.5
2019-12-27,8101,A,2198,5.04
2019-12-27,8271,A,371,41.7
2019-12-27,2330,B,117,329.0
2019-12-27,1439,A,466,34.45
2019-12-27,3019,A,151,106.0
2019-12-27,5328,A,1567,10.25
2019-12-27,2456,A,127,126.5
2019-12-27,1442,A,815,19.7
2019-12-27,4755,A,324,49.55
2019-12-27,2433,A,282,56.9
2020-01-03,2454,B,96,414.0
2020-01-03,3661,B,178,234.5
2020-01-03,6278,B,347,111.0
2020-01-03,2910,A,414,37.45
2020-01-03,6261,A,305,50.8
2020-01-03,8101,A,2198,5.04
2020-01-03,2330,B,117,329.0
2020-01-03,3019,A,151,106.0
2020-01-03,5328,A,1567,10.25
2020-01-03,2456,A,127,126.5
2020-01-03,1442,A,815,19.7
2020-01-03,1513,A,621,25.6
2020-01-03,3548,A,164,96.7
2020-01-03,1321,A,406,39.1
2020-01-03,2492,A,62,255.5
2020-01-03,5283,A,147,108.0
2020-01-03,6170,A,855,18.6
2020-01-03,2702,A,713,22.3
2020-01-03,8996,A,274,58.0
2020-01-10,2454,B,96,414.0
2020-01-10,3661,B,178,234.5
2020-01-10,6278,B,347,111.0
2020-01-10,2910,A,414,37.45
2020-01-10,2330,B,117,329.0
2020-01-10,1442,A,815,19.7
2020-01-10,1513,A,621,25.6
2020-01-10,2492,A,62,255.5
2020-01-10,2702,A,713,22.3
2020-01-10,8996,A,218,58.0
2020-01-10,4737,A,178,87.7
2020-01-10,2889,A,1327,11.8
2020-01-10,6531,A,175,89.0
2020-01-10,4702,A,1143,13.7
2020-01-10,3260,A,214,73.0
2020-01-10,2851,A,783,20.0
2020-01-10,2312,A,1118,14.0
2020-01-10,8271,A,369,42.35
2020-01-10,4113,A,937,16.7
2020-01-17,3661,B,178,234.5
2020-01-17,6278,B,466,111.511
2020-01-17,2330,B,158,330.038
2020-01-17,1513,A,621,25.6
2020-01-17,8996,A,218,58.0
2020-01-17,2889,A,1327,11.8
2020-01-17,6531,A,134,89.0
2020-01-17,3260,A,214,73.0
2020-01-17,8271,A,369,42.35
2020-01-17,4113,A,937,16.7
2020-01-17,6279,A,161,97.7
2020-01-17,4716,A,929,17.0
2020-01-17,2838,A,1356,11.65
2020-01-17,5403,A,351,45.0
2020-01-17,2505,A,731,21.6
2020-01-17,1586,A,416,37.95
2020-01-17,2393,A,406,38.85
2020-01-17,1582,A,169,93.1
2020-01-31,1513,A,916,26.067
2020-01-31,8996,A,341,63.266
2020-01-31,2889,A,2110,11.781
2020-01-31,6531,A,227,97.194
2020-01-31,4716,A,1503,16.809
2020-01-31,5403,A,548,45.072
2020-01-31,2505,A,1278,20.658
2020-01-31,1586,A,650,38.004
2020-01-31,2393,A,656,38.45
2020-01-31,1514,A,1186,20.9
2020-01-31,5269,A,31,798.0
2020-01-31,1907,A,1893,13.1
2020-01-31,4973,A,789,31.4
2020-01-31,4737,A,289,85.6
2020-02-07,1513,A,916,26.067
2020-02-07,8996,A,341,63.266
2020-02-07,2889,A,2110,11.781
2020-02-07,6531,A,227,97.194
2020-02-07,5403,A,548,45.072
2020-02-07,1586,A,650,38.004
2020-02-07,2393,A,656,38.45
2020-02-07,1514,A,1186,20.9
2020-02-07,5269,A,31,798.0
2020-02-07,4973,A,789,31.4
2020-02-07,8210,A,251,99.3
2020-02-07,3260,A,345,72.2
2020-02-07,2838,A,2171,11.5
2020-02-07,2492,A,106,235.0
2020-02-14,1513,A,553,26.067
2020-02-14,5403,A,336,45.072
2020-02-14,5269,A,16,798.0
2020-02-14,4973,A,450,31.4
2020-02-14,3260,A,200,72.2
2020-02-14,3669,A,647,23.4
2020-02-14,1473,A,537,28.2
2020-02-14,4707,A,1165,13.0
2020-02-14,3515,A,128,118.0
2020-02-14,8131,A,366,41.3
2020-02-14,4133,A,472,32.05
2020-02-14,1439,A,451,33.6
2020-02-14,2327,A,33,457.0
2020-02-14,3056,A,464,32.6
2020-02-14,2851,A,754,20.1
2020-02-14,3227,B,783,193.5
2020-02-21,5403,A,538,45.026
2020-02-21,5269,A,16,798.0
2020-02-21,4973,A,734,32.0
2020-02-21,3669,A,937,24.143
2020-02-21,1473,A,813,28.726
2020-02-21,4707,A,1734,13.312
2020-02-21,3515,A,226,113.23
2020-02-21,8131,A,593,41.089
2020-02-21,2327,A,51,462.294
2020-02-21,2851,A,1197,20.137
2020-02-21,8454,A,66,363.5
2020-02-21,6183,A,596,40.6
2020-02-21,2376,A,440,54.9
2020-02-21,8996,A,292,82.6
2020-02-21,6531,A,191,126.5
2020-03-06,5403,A,538,45.026
2020-03-06,5269,A,28,841.714
2020-03-06,3669,A,722,24.143
2020-03-06,1473,A,813,28.726
2020-03-06,4707,A,1734,13.312
2020-03-06,8454,A,66,363.5
2020-03-06,6531,A,191,126.5
2020-03-06,4121,A,1153,21.9
2020-03-06,2480,A,399,63.2
2020-03-06,6582,A,317,79.6
2020-03-06,1709,A,1609,15.7
2020-03-06,3293,A,41,612.0
2020-03-06,4133,A,610,41.4
2020-03-06,3532,A,177,142.0
2020-03-06,3706,A,740,34.1
2020-03-13,5269,A,28,841.714
2020-03-13,3669,A,722,24.143
2020-03-13,4707,A,1734,13.312
2020-03-13,8454,A,66,363.5
2020-03-13,6531,A,191,126.5
2020-03-13,4121,A,1153,21.9
2020-03-13,2480,A,399,63.2
2020-03-13,6582,A,317,79.6
2020-03-13,3293,A,41,612.0
2020-03-13,4133,A,610,41.4
2020-03-13,3532,A,177,142.0
2020-03-13,1325,A,612,34.65
2020-03-13,6183,A,548,38.7
2020-03-13,2109,A,1845,11.5
2020-03-13,1439,A,669,31.7
2020-03-20,5269,A,94,690.255
2020-03-20,4133,A,1701,37.103
2020-03-20,3532,A,427,139.658
2020-03-20,1325,A,1630,35.618
2020-03-20,2910,A,1971,29.95
2020-03-27,5269,A,94,690.255
2020-03-27,4133,A,1701,37.103
2020-03-27,3532,A,427,139.658
2020-03-27,1325,A,1630,35.618
2020-03-27,2910,A,1971,29.95
2020-04-10,5269,A,94,690.255
2020-04-10,4133,A,2328,36.415
2020-04-10,1325,A,1630,35.618
2020-04-10,2910,A,2703,29.896
2020-04-17,5269,A,94,690.255
2020-04-17,4133,A,1841,36.415
2020-04-17,1325,A,1270,35.618
2020-04-17,2910,A,2149,29.896
2020-04-17,8454,A,63,451.0
2020-04-24,5269,A,94,690.255
2020-04-24,4133,A,1841,36.415
2020-04-24,1325,A,1270,35.618
2020-04-24,2910,A,2149,29.896
2020-04-24,8454,A,153,466.294
2020-05-08,5269,A,45,690.255
2020-05-08,4133,A,1841,36.415
2020-05-08,1325,A,1270,35.618
2020-05-08,8454,A,67,466.294
2020-05-08,9919,A,1059,36.6
2020-05-08,8034,A,1423,27.25
2020-05-08,6531,A,9,197.0
2020-05-08,1762,A,697,55.6
2020-05-08,2505,A,475,23.1
2020-05-15,4133,A,581,36.415
2020-05-15,1325,A,276,35.618
2020-05-15,8034,A,1025,27.25
2020-05-15,6531,A,26,223.808
2020-05-15,1762,A,487,55.6
2020-05-15,4736,A,107,289.0
2020-05-15,5478,A,296,105.0
2020-05-15,2614,A,1977,15.75
2020-05-15,2421,A,629,49.5
2020-05-15,6270,A,1811,17.2
2020-05-15,5471,A,210,57.5
2020-05-15,2493,A,935,33.3
2020-05-15,1215,A,443,70.3
2020-05-15,1615,A,1403,22.2
2020-05-15,2020,A,1760,17.7
2020-05-22,4133,A,301,36.415
2020-05-22,1325,A,115,35.618
2020-05-22,8034,A,489,27.25
2020-05-22,4736,A,73,289.0
2020-05-22,5478,A,172,105.0
2020-05-22,2421,A,397,49.5
2020-05-22,6270,A,1107,17.2
2020-05-22,2493,A,589,33.3
2020-05-22,1215,A,285,70.3
2020-05-22,3533,A,51,396.5
2020-05-22,3218,A,144,141.0
2020-05-22,6509,A,944,21.55
2020-05-22,5604,A,350,58.1
2020-05-22,5269,A,17,1170.0
2020-05-22,5465,A,1280,15.9
2020-05-22,1760,B,616,165.0
2020-05-22,2368,B,3052,33.35
2020-05-29,1325,A,115,35.618
2020-05-29,8034,A,489,27.25
2020-05-29,2421,A,397,49.5
2020-05-29,3218,A,144,141.0
2020-05-29,5604,A,350,58.1
2020-05-29,1760,B,616,165.0
2020-05-29,2368,B,3052,33.35
2020-05-29,3325,A,1100,18.3
2020-05-29,3416,A,327,61.5
2020-05-29,3257,A,282,71.3
2020-05-29,5439,A,403,49.95
2020-05-29,1526,A,603,33.35
2020-05-29,1309,A,1454,13.85
2020-05-29,8933,A,2242,8.98
2020-05-29,6561,A,49,408.5
2020-05-29,2347,A,453,44.4
2020-05-29,5306,A,170,118.0
2020-05-29,8069,A,496,40.6
2020-06-05,1760,B,616,165.0
2020-06-05,2368,B,3052,33.35
2020-06-05,3325,A,1100,18.3
2020-06-05,3416,A,327,61.5
2020-06-05,3257,A,282,71.3
2020-06-05,5439,A,403,49.95
2020-06-05,1526,A,603,33.35
2020-06-05,1309,A,1454,13.85
2020-06-05,5306,A,170,118.0
2020-06-05,1785,A,650,30.6
2020-06-05,5403,A,379,52.5
2020-06-05,2348,A,243,81.6
2020-06-05,2480,A,268,74.2
2020-06-05,6270,A,1010,19.7
2020-06-05,6531,A,73,271.5
2020-06-05,2636,A,759,26.2
2020-06-05,2467,A,603,33.0
2020-06-12,1760,B,381,165.0
2020-06-12,2368,B,1478,33.35
2020-06-12,3257,A,282,71.3
2020-06-12,5306,A,170,118.0
2020-06-12,1785,A,650,30.6
2020-06-12,5604,A,275,69.5
2020-06-12,3540,A,541,35.4
2020-06-12,2417,A,839,22.85
2020-06-12,1434,A,499,38.4
2020-06-12,3218,A,118,161.5
2020-06-12,2458,A,151,126.5
2020-06-12,2020,A,1036,18.5
2020-06-12,4729,A,833,23.0
2020-06-12,2616,A,617,31.05
2020-06-12,2347,A,416,46.05
2020-06-12,5534,A,215,88.8
2020-06-12,3661,B,132,361.0
2020-06-12,4133,B,420,70.0
2020-06-19,1760,B,381,165.0
2020-06-19,2368,B,1478,33.35
2020-06-19,3257,A,282,71.3
2020-06-19,1785,A,503,30.6
2020-06-19,5604,A,275,69.5
2020-06-19,3540,A,541,35.4
2020-06-19,2417,A,839,22.85
2020-06-19,4729,A,833,23.0
2020-06-19,3661,B,132,361.0
2020-06-19,4133,B,420,70.0
2020-06-19,8099,A,827,24.5
2020-06-19,1474,A,972,20.85
2020-06-19,6205,A,536,37.8
2020-06-19,2390,A,1148,17.65
2020-06-19,4167,A,483,41.9
2020-06-19,1604,A,938,21.6
2020-06-19,5609,A,523,38.7
2020-06-19,2636,A,737,27.5
2020-07-03,1785,A,503,30.6
2020-07-03,3540,A,541,35.4
2020-07-03,2417,A,839,22.85
2020-07-03,3661,B,132,361.0
2020-07-03,2636,A,737,27.5
2020-07-03,8933,A,1419,16.0
2020-07-03,3231,A,610,37.2
2020-07-03,3228,A,285,79.5
2020-07-03,6414,A,79,284.5
2020-07-03,3325,A,866,26.2
2020-07-03,6104,A,339,67.0
2020-07-03,3293,A,28,805.0
2020-07-03,2454,A,38,585.0
2020-07-03,2414,A,850,26.7
2020-07-03,5306,A,151,150.0
2020-07-03,1325,B,436,162.0
2020-07-03,3374,B,591,119.5
2020-07-10,2417,A,603,22.85
2020-07-10,3661,B,186,407.742
2020-07-10,3325,A,866,26.2
2020-07-10,6104,A,339,67.0
2020-07-10,2454,A,38,585.0
2020-07-10,2414,A,850,26.7
2020-07-10,5306,A,151,150.0
2020-07-10,3374,B,831,121.955
2020-07-10,8390,A,695,30.6
2020-07-10,6477,A,741,28.7
2020-07-10,6223,A,156,136.0
2020-07-10,1598,A,313,68.0
2020-07-10,4133,A,140,151.0
2020-07-10,3406,A,27,773.0
2020-07-10,8103,A,686,31.0
2020-07-10,2379,A,59,359.5
2020-07-10,5410,A,929,22.9
2020-07-10,6674,A,633,33.6
2020-07-17,2417,A,603,22.85
2020-07-17,2454,B,83,596.928
2020-07-17,2414,A,850,26.7
2020-07-17,3374,B,417,121.955
2020-07-17,6477,A,741,28.7
2020-07-17,4133,A,140,151.0
2020-07-17,3406,B,69,743.783
2020-07-17,8103,A,686,31.0
2020-07-17,2379,A,59,359.5
2020-07-17,5410,A,929,22.9
2020-07-17,6156,A,1176,17.2
2020-07-17,9914,A,80,250.0
2020-07-17,1722,A,352,57.4
2020-07-17,2382,A,259,78.0
2020-07-17,2330,A,55,367.0
2020-07-17,9921,A,66,305.5
2020-07-17,3027,A,1775,11.4
2020-07-17,1604,A,870,23.25
2020-07-17,3293,B,69,733.0
2020-07-24,2454,B,83,596.928
2020-07-24,3374,B,417,121.955
2020-07-24,6477,A,578,28.7
2020-07-24,3406,B,69,743.783
2020-07-24,8103,A,686,31.0
2020-07-24,2379,A,59,359.5
2020-07-24,6156,A,1176,17.2
2020-07-24,2382,A,259,78.0
2020-07-24,2330,A,55,367.0
2020-07-24,3540,A,312,64.7
2020-07-24,3702,A,454,44.5
2020-07-24,4755,A,283,71.2
2020-07-24,6104,A,245,82.4
2020-07-24,6257,A,435,46.4
2020-07-24,1598,A,295,68.5
2020-07-24,2441,A,392,51.5
2020-07-24,2458,A,139,145.0
2020-07-24,3661,B,95,529.0
2020-07-31,2454,B,83,596.928
2020-07-31,3374,B,557,122.972
2020-07-31,6477,A,578,28.7
2020-07-31,3406,B,103,722.068
2020-07-31,2379,A,59,359.5
2020-07-31,6156,A,1176,17.2
2020-07-31,2382,A,259,78.0
2020-07-31,2330,A,55,367.0
2020-07-31,3540,A,312,64.7
2020-07-31,3702,A,454,44.5
2020-07-31,4755,A,283,71.2
2020-07-31,1598,A,295,68.5
2020-07-31,2441,A,392,51.5
2020-07-31,2303,A,942,22.35
2020-07-31,2376,A,250,84.0
2020-07-31,5347,A,221,95.2
2020-07-31,2348,A,244,86.2
2020-07-31,9914,A,77,270.5
2020-08-07,2454,B,150,645.2
2020-08-07,3406,B,160,700.312
2020-08-07,2379,A,59,359.5
2020-08-07,2330,A,55,367.0
2020-08-07,1598,A,295,68.5
2020-08-07,2303,A,942,22.35
2020-08-07,3669,A,298,76.0
2020-08-07,3679,A,259,87.2
2020-08-07,8046,A,199,113.5
2020-08-07,1712,A,1136,19.95
2020-08-07,1526,A,497,45.6
2020-08-07,2417,A,524,43.25
2020-08-07,2505,A,719,31.5
2020-08-07,5609,A,492,46.0
2020-08-07,3661,A,33,670.0
2020-08-07,6179,A,525,43.1
2020-08-14,2454,B,150,645.2
2020-08-14,3406,B,160,700.312
2020-08-14,2330,A,55,367.0
2020-08-14,1598,A,231,68.5
2020-08-14,2303,A,942,22.35
2020-08-14,3669,A,235,76.0
2020-08-14,3679,A,259,87.2
2020-08-14,8046,A,152,113.5
2020-08-14,1712,A,1136,19.95
2020-08-14,2417,A,524,43.25
2020-08-14,2505,A,719,31.5
2020-08-14,5609,A,392,46.0
2020-08-14,3416,A,319,68.4
2020-08-14,2348,A,242,90.1
2020-08-14,3037,A,256,85.0
2020-08-14,1541,A,409,53.3
2020-08-14,6414,A,72,300.5
2020-08-21,2330,B,125,399.2
2020-08-21,1598,A,231,68.5
2020-08-21,2303,B,2435,22.013
2020-08-21,3669,A,235,76.0
2020-08-21,3679,A,259,87.2
2020-08-21,8046,B,377,129.614
2020-08-21,2417,A,377,43.25
2020-08-21,5609,A,392,46.0
2020-08-21,2348,A,242,90.1
2020-08-21,3037,B,658,82.312
2020-08-21,2603,A,1397,15.2
2020-08-21,1586,A,454,46.75
2020-08-21,3703,A,1227,17.3
2020-08-21,2540,A,509,41.65
2020-08-21,5508,A,558,38.0
2020-08-21,1313,A,1698,12.5
2020-08-21,8478,A,442,48.0
2020-08-21,3218,A,88,240.0
2020-08-28,2330,B,125,399.2
2020-08-28,1598,A,174,68.5
2020-08-28,2303,B,2435,22.013
2020-08-28,3669,A,154,76.0
2020-08-28,8046,B,377,129.614
2020-08-28,2417,A,377,43.25
2020-08-28,5609,A,392,46.0
2020-08-28,3037,B,658,82.312
2020-08-28,2603,A,1397,15.2
2020-08-28,1586,A,454,46.75
2020-08-28,3703,A,1227,17.3
2020-08-28,2540,A,509,41.65
2020-08-28,1313,A,1698,12.5
2020-08-28,6244,A,1067,20.5
2020-08-28,3055,A,493,44.3
2020-08-28,3540,A,250,87.2
2020-08-28,3024,A,1508,14.5
2020-08-28,1309,A,1001,21.85
2020-09-04,2330,B,125,399.2
2020-09-04,1598,A,174,68.5
2020-09-04,3669,A,154,76.0
2020-09-04,8046,B,377,129.614
2020-09-04,2417,A,290,43.25
2020-09-04,5609,A,392,46.0
2020-09-04,3037,B,658,82.312
2020-09-04,2603,A,1397,15.2
2020-09-04,3703,A,1227,17.3
2020-09-04,2540,A,509,41.65
2020-09-04,6244,A,820,20.5
2020-09-04,1513,A,490,46.6
2020-09-04,3416,A,294,77.5
2020-09-04,2006,A,789,28.95
2020-09-04,8478,A,386,59.2
2020-09-04,3078,A,471,48.5
2020-09-04,2460,A,1724,13.25
2020-09-04,4933,A,726,31.45
2020-09-04,3017,B,838,68.1
2020-09-11,2330,B,125,399.2
2020-09-11,8046,B,377,129.614
2020-09-11,3037,B,658,82.312
2020-09-11,2603,A,1397,15.2
2020-09-11,3703,A,1227,17.3
2020-09-11,1513,A,490,46.6
2020-09-11,2006,A,789,28.95
2020-09-11,8478,A,386,59.2
2020-09-11,8924,A,350,61.2
2020-09-11,1309,A,732,29.3
2020-09-11,1304,A,1325,16.2
2020-09-11,8938,A,557,38.5
2020-09-11,6194,A,616,34.85
2020-09-11,1612,A,1412,15.2
2020-09-11,3704,A,858,25.0
2020-09-11,8111,A,1278,16.8
2020-09-11,2032,A,2115,10.15
2020-09-11,1313,A,1626,13.2
2020-09-11,2303,B,2333,23.0
2020-09-18,2330,B,125,399.2
2020-09-18,8046,B,377,129.614
2020-09-18,3037,B,658,82.312
2020-09-18,1513,A,490,46.6
2020-09-18,2006,A,789,28.95
2020-09-18,8478,A,300,59.2
2020-09-18,8924,A,350,61.2
2020-09-18,1304,A,1325,16.2
2020-09-18,6194,A,616,34.85
2020-09-18,8111,A,1278,16.8
2020-09-18,2032,A,2115,10.15
2020-09-18,2303,B,2333,23.0
2020-09-18,6233,A,894,25.1
2020-09-18,2302,A,1512,14.85
2020-09-18,4934,A,645,34.8
2020-09-18,2540,A,359,62.4
2020-09-18,2010,A,1987,11.3
2020-09-18,2504,A,932,24.1
2020-09-18,3416,A,289,77.6
2020-09-25,2330,B,125,399.2
2020-09-25,8046,B,377,129.614
2020-09-25,3037,B,658,82.312
2020-09-25,8478,A,300,59.2
2020-09-25,8924,A,350,61.2
2020-09-25,6194,A,616,34.85
2020-09-25,8111,A,1278,16.8
2020-09-25,2303,B,2333,23.0
2020-09-25,6233,A,894,25.1
2020-09-25,2302,A,1512,14.85
2020-09-25,4934,A,645,34.8
2020-09-25,2540,A,359,62.4
2020-09-25,2504,A,932,24.1
2020-09-25,3027,A,1085,20.45
2020-09-25,3228,A,241,92.0
2020-09-25,6125,A,817,27.15
2020-09-25,1609,A,1378,16.1
2020-10-16,2330,B,125,399.2
2020-10-16,3037,B,658,82.312
2020-10-16,8111,A,1278,16.8
2020-10-16,2303,B,1847,23.0
2020-10-16,6233,A,894,25.1
2020-10-16,2302,A,1512,14.85
2020-10-16,3027,A,1085,20.45
2020-10-16,6125,A,817,27.15
2020-10-16,1609,A,1378,16.1
2020-10-16,6283,A,661,39.5
2020-10-16,1507,A,398,65.5
2020-10-16,6443,A,745,35.05
2020-10-16,1519,A,518,50.4
2020-10-16,1532,A,798,32.7
2020-10-16,3703,A,1070,24.4
2020-10-16,2603,A,1479,17.65
2020-10-16,3708,B,340,166.0
2020-10-23,2330,B,125,399.2
2020-10-23,3037,B,658,82.312
2020-10-23,2303,B,1847,23.0
2020-10-23,2302,A,1512,14.85
2020-10-23,6125,A,817,27.15
2020-10-23,1609,A,1378,16.1
2020-10-23,6283,A,661,39.5
2020-10-23,1507,A,398,65.5
2020-10-23,6443,A,745,35.05
2020-10-23,1519,A,518,50.4
2020-10-23,3703,A,1070,24.4
2020-10-23,2603,A,1479,17.65
2020-10-23,3708,B,340,166.0
2020-10-23,2908,A,1023,26.0
2020-10-23,8936,A,1214,21.9
2020-10-23,1304,A,1551,17.15
2020-10-23,3228,A,258,103.0
2020-10-30,2303,A,1196,23.0
2020-10-30,6125,A,817,27.15
2020-10-30,1609,A,1378,16.1
2020-10-30,1507,A,574,65.009
2020-10-30,6443,A,745,35.05
2020-10-30,1519,A,722,50.513
2020-10-30,2603,A,1479,17.65
2020-10-30,2908,A,1458,25.746
2020-10-30,8936,A,1698,21.814
2020-10-30,1304,A,2078,17.277
2020-10-30,2108,A,475,77.2
2020-10-30,3010,A,575,63.7
2020-10-30,1907,A,1891,19.4
2020-10-30,6558,A,726,50.5
2020-10-30,1513,A,761,48.15
2020-11-06,2303,B,2451,26.84
2020-11-06,6125,A,621,27.15
2020-11-06,1507,A,345,65.009
2020-11-06,1519,A,439,50.513
2020-11-06,2603,A,1103,17.65
2020-11-06,2908,A,852,25.746
2020-11-06,1304,A,1181,17.277
2020-11-06,2108,A,311,77.2
2020-11-06,3010,A,352,63.7
2020-11-06,1907,A,1089,19.4
2020-11-06,6558,A,410,50.5
2020-11-06,1513,B,1495,49.058
2020-11-06,2010,A,1925,11.65
2020-11-06,2302,A,1189,18.85
2020-11-06,1313,A,1637,13.7
2020-11-06,2006,A,732,30.6
2020-11-06,1612,A,1525,14.7
2020-11-06,3708,B,446,167.5
2020-11-13,2303,B,2451,26.84
2020-11-13,1507,A,345,65.009
2020-11-13,2603,B,3743,19.378
2020-11-13,2908,A,852,25.746
2020-11-13,1304,A,1181,17.277
2020-11-13,3010,A,352,63.7
2020-11-13,1513,B,1495,49.058
2020-11-13,2010,A,1925,11.65
2020-11-13,1313,A,1637,13.7
2020-11-13,3092,A,395,57.1
2020-11-13,2727,A,226,99.8
2020-11-13,2467,A,660,34.2
2020-11-13,6245,A,323,69.7
2020-11-13,3374,A,128,175.0
2020-11-13,5871,A,141,159.0
2020-11-13,4930,A,1230,18.35
2020-11-13,1604,A,886,25.45
2020-11-13,8938,A,526,42.9
2020-11-20,2603,B,3743,19.378
2020-11-20,3010,A,352,63.7
2020-11-20,1513,B,1495,49.058
2020-11-20,2010,A,1925,11.65
2020-11-20,3092,A,395,57.1
2020-11-20,2727,A,226,99.8
2020-11-20,2467,A,660,34.2
2020-11-20,3374,A,128,175.0
2020-11-20,5871,A,141,159.0
2020-11-20,4930,A,1230,18.35
2020-11-20,1604,A,886,25.45
2020-11-20,2028,A,1449,16.3
2020-11-20,5014,A,1736,13.6
2020-11-20,2723,A,165,143.0
2020-11-20,3048,A,1093,21.6
2020-11-20,4968,A,67,352.0
2020-11-20,1104,A,1015,23.25
2020-11-20,3017,B,1029,76.5
2020-11-27,2603,B,2432,19.378
2020-11-27,3010,A,352,63.7
2020-11-27,2727,A,226,99.8
2020-11-27,3374,B,344,176.256
2020-11-27,1604,A,886,25.45
2020-11-27,3048,A,1093,21.6
2020-11-27,4968,B,180,342.897
2020-11-27,1104,A,1015,23.25
2020-11-27,3530,A,180,135.0
2020-11-27,6205,A,491,49.65
2020-11-27,3311,A,717,34.0
2020-11-27,8255,A,244,100.0
2020-11-27,3025,A,837,29.15
2020-11-27,3622,A,762,32.0
2020-11-27,2352,A,1063,22.95
2020-11-27,1313,A,1419,17.2
2020-11-27,8046,B,356,171.0
2020-12-04,2603,B,2432,19.378
2020-12-04,2727,A,175,99.8
2020-12-04,3374,B,344,176.256
2020-12-04,4968,B,180,342.897
2020-12-04,3530,A,180,135.0
2020-12-04,8255,A,244,100.0
2020-12-04,3025,A,837,29.15
2020-12-04,2352,A,1063,22.95
2020-12-04,8046,B,356,171.0
2020-12-04,6488,A,36,665.0
2020-12-04,5483,A,152,160.0
2020-12-04,5508,A,541,44.95
2020-12-04,5498,A,1720,14.15
2020-12-04,2408,A,277,87.6
2020-12-04,5522,A,455,53.5
2020-12-04,8927,A,1223,19.9
2020-12-04,2332,A,893,27.25
2020-12-04,2375,A,340,71.6
2020-12-11,2603,B,2432,19.378
2020-12-11,3374,B,344,176.256
2020-12-11,3025,A,626,29.15
2020-12-11,5483,A,152,160.0
2020-12-11,2332,A,893,27.25
2020-12-11,4961,A,350,71.3
2020-12-11,5864,A,2103,11.9
2020-12-11,6116,A,1932,12.95
2020-12-11,8112,A,723,34.6
2020-12-11,2338,A,579,43.2
2020-12-11,3228,A,120,207.5
2020-12-11,2327,A,48,518.0
2020-12-11,3059,A,729,34.3
2020-12-11,2462,A,795,31.45
2020-12-11,2020,A,1352,18.5
2020-12-11,2030,A,1925,13.0
2020-12-11,3484,A,403,62.0
2020-12-11,3481,B,4704,13.3
2020-12-11,2344,B,2606,24.0
2020-12-18,2603,B,2432,19.378
2020-12-18,2332,A,893,27.25
2020-12-18,4961,A,276,71.3
2020-12-18,2462,A,795,31.45
2020-12-18,2020,A,1352,18.5
2020-12-18,2030,A,1925,13.0
2020-12-18,3481,B,4704,13.3
2020-12-18,8255,A,225,112.5
2020-12-18,1218,A,981,25.8
2020-12-18,2608,A,579,43.7
2020-12-18,2352,A,929,27.25
2020-12-18,2460,A,1305,19.4
2020-12-18,3144,A,708,35.75
2020-12-18,2014,A,1765,14.35
2020-12-18,2436,A,493,51.3
2020-12-18,2457,A,1516,16.7
2020-12-18,2330,B,124,510.0
2020-12-18,2303,B,1381,45.85
2020-12-25,2603,B,1918,19.378
2020-12-25,4961,A,276,71.3
2020-12-25,3481,B,4704,13.3
2020-12-25,1218,A,981,25.8
2020-12-25,3144,A,708,35.75
2020-12-25,2303,B,1381,45.85
2020-12-25,2038,A,1098,23.35
2020-12-25,2009,A,994,25.8
2020-12-25,4566,A,498,51.5
2020-12-25,2022,A,3147,8.15
2020-12-25,5820,A,2044,12.55
2020-12-25,2375,A,302,84.8
2020-12-25,1219,A,1171,21.9
2020-12-25,6112,A,585,43.8
2020-12-25,3622,A,723,35.45
2020-12-25,2015,A,353,72.6
2020-12-25,5864,A,2094,12.25
2020-12-25,2344,B,2402,26.7
2021-01-08,4961,A,191,71.3
2021-01-08,2303,B,1876,46.378
2021-01-08,5864,A,1653,12.25
2021-01-08,2344,B,2402,26.7
2021-01-08,6015,A,1864,14.45
2021-01-08,6016,A,1613,16.7
2021-01-08,2317,A,249,108.0
2021-01-08,2308,A,86,310.0
2021-01-08,2855,A,1261,21.35
2021-01-08,5243,A,399,67.5
2021-01-08,2328,A,834,32.3
2021-01-08,5283,A,203,132.5
2021-01-08,6219,A,1161,23.2
2021-01-08,3501,A,516,52.2
2021-01-08,2415,A,853,31.55
2021-01-08,2467,A,630,42.7
2021-01-08,8099,A,834,32.3
2021-01-08,2330,B,154,580.0
2021-01-15,4961,A,191,71.3
2021-01-15,2317,A,249,108.0
2021-01-15,3501,A,516,52.2
2021-01-15,2415,A,853,31.55
2021-01-15,2330,B,154,580.0
2021-01-15,3296,A,1168,22.9
2021-01-15,2354,A,354,75.6
2021-01-15,6409,A,21,1240.0
2021-01-15,3711,A,273,98.0
2021-01-15,4976,A,282,94.9
2021-01-15,2049,A,61,434.0
2021-01-15,8084,A,284,94.0
2021-01-15,3023,A,103,257.5
2021-01-15,4968,A,51,515.0
2021-01-15,2458,A,164,163.0
2021-01-15,8299,A,69,387.0
2021-01-15,2603,B,2604,34.25
2021-01-15,2327,B,148,602.0
2021-01-22,2317,A,249,108.0
2021-01-22,2330,B,154,580.0
2021-01-22,2354,A,354,75.6
2021-01-22,6409,A,21,1240.0
2021-01-22,3711,A,273,98.0
2021-01-22,2049,A,61,434.0
2021-01-22,8084,A,284,94.0
2021-01-22,4968,A,51,515.0
2021-01-22,2603,B,2604,34.25
2021-01-22,2327,A,49,602.0
2021-01-22,2441,A,423,70.0
2021-01-22,2460,A,1206,24.55
2021-01-22,3105,A,64,457.5
2021-01-22,3144,A,827,35.8
2021-01-22,2328,A,706,41.95
2021-01-22,2303,B,1631,56.5
2021-01-29,2317,A,249,108.0
2021-01-29,2330,B,154,580.0
2021-01-29,2354,A,354,75.6
2021-01-29,4968,A,51,515.0
2021-01-29,2603,B,2604,34.25
2021-01-29,2441,A,423,70.0
2021-01-29,2460,A,1206,24.55
2021-01-29,3144,A,827,35.8
2021-01-29,2328,A,706,41.95
2021-01-29,4566,A,396,64.2
2021-01-29,2476,A,1006,25.3
2021-01-29,2415,A,779,32.65
2021-01-29,3023,A,101,251.0
2021-01-29,2379,A,56,451.5
2021-01-29,3552,A,86,296.0
2021-01-29,5439,A,468,54.4
2021-01-29,6531,A,38,669.0
2021-01-29,2454,B,96,875.0
2021-02-05,2317,B,521,110.871
2021-02-05,2330,B,105,580.0
2021-02-05,4968,A,51,515.0
2021-02-05,2603,B,1956,34.25
2021-02-05,2441,A,423,70.0
2021-02-05,2460,A,1206,24.55
2021-02-05,3144,A,827,35.8
2021-02-05,2328,A,706,41.95
2021-02-05,2476,A,1006,25.3
2021-02-05,2415,A,779,32.65
2021-02-05,3552,A,86,296.0
2021-02-05,6531,A,38,669.0
2021-02-05,2454,B,70,875.0
2021-02-05,4961,A,163,172.5
2021-02-05,2375,A,263,107.0
2021-02-05,6409,A,21,1330.0
2021-02-05,6112,A,641,44.0
2021-02-05,2352,A,982,28.35
2021-02-19,2317,B,521,110.871
2021-02-19,2330,B,105,580.0
2021-02-19,4968,A,51,515.0
2021-02-19,2603,B,1956,34.25
2021-02-19,2441,A,423,70.0
2021-02-19,3144,A,827,35.8
2021-02-19,2476,A,1006,25.3
2021-02-19,2415,A,779,32.65
2021-02-19,3552,A,86,296.0
2021-02-19,6531,A,38,669.0
2021-02-19,2454,B,70,875.0
2021-02-19,4961,A,163,172.5
2021-02-19,2375,A,263,107.0
2021-02-19,6409,A,21,1330.0
2021-02-19,5604,A,398,74.7
2021-02-19,8070,A,731,40.7
2021-02-19,3711,A,262,113.5
2021-02-19,3228,A,93,317.5
2021-02-26,2317,B,521,110.871
2021-02-26,2330,B,105,580.0
2021-02-26,2415,A,603,32.65
2021-02-26,2454,B,70,875.0
2021-02-26,5604,A,398,74.7
2021-02-26,2597,A,330,83.5
2021-02-26,3512,A,726,37.95
2021-02-26,8938,A,492,56.0
2021-02-26,5706,A,673,40.95
2021-02-26,3078,A,484,57.0
2021-02-26,8924,A,330,83.6
2021-02-26,8454,A,28,967.0
2021-02-26,3211,A,253,109.0
2021-02-26,4737,A,323,85.4
2021-02-26,3006,A,301,91.4
2021-02-26,6203,A,246,112.0
2021-02-26,6134,A,1059,26.05
2021-02-26,9942,A,310,88.9
2021-02-26,2327,B,116,593.0
2021-03-05,2317,B,521,110.871
2021-03-05,2330,B,105,580.0
2021-03-05,2454,B,70,875.0
2021-03-05,5604,A,398,74.7
2021-03-05,3512,A,726,37.95
2021-03-05,8938,A,492,56.0
2021-03-05,8924,A,330,83.6
2021-03-05,3211,A,253,109.0
2021-03-05,2114,A,222,121.5
2021-03-05,6281,A,335,80.6
2021-03-05,2013,A,658,41.0
2021-03-05,3631,A,444,60.8
2021-03-05,3526,A,216,124.5
2021-03-05,3501,A,477,56.6
2021-03-05,3679,A,190,141.5
2021-03-05,2020,A,1277,21.15
2021-03-05,3228,A,71,380.0
2021-03-05,5519,A,1575,17.15
2021-03-05,2409,B,3650,18.5
2021-03-12,2317,B,521,110.871
2021-03-12,2330,B,105,580.0
2021-03-12,2454,B,70,875.0
2021-03-12,5604,A,305,74.7
2021-03-12,6281,A,335,80.6
2021-03-12,2013,A,658,41.0
2021-03-12,5007,A,465,59.5
2021-03-12,8927,A,1020,27.15
2021-03-12,5213,A,1276,21.7
2021-03-12,3167,A,479,57.8
2021-03-12,8099,A,649,42.65
2021-03-12,3005,A,454,61.0
2021-03-12,2459,A,530,52.2
2021-03-12,1783,A,968,28.6
2021-03-12,4401,A,802,34.5
2021-03-12,3388,A,373,74.2
2021-03-12,1558,A,170,162.5
2021-03-12,2062,A,896,30.9
2021-03-12,8046,B,237,292.0
2021-03-19,2317,B,521,110.871
2021-03-19,2330,B,105,580.0
2021-03-19,2454,B,70,875.0
2021-03-19,5604,A,305,74.7
2021-03-19,5007,A,465,59.5
2021-03-19,5213,A,1276,21.7
2021-03-19,3005,A,454,61.0
2021-03-19,1783,A,968,28.6
2021-03-19,5452,A,1008,27.8
2021-03-19,2489,A,1548,18.1
2021-03-19,2535,A,904,31.0
2021-03-19,3362,A,343,81.6
2021-03-19,2430,A,1143,24.5
2021-03-19,5403,A,410,68.3
2021-03-19,5508,A,569,49.25
2021-03-19,4930,A,1084,25.85
2021-03-19,3028,A,1057,26.5
2021-03-19,3228,A,58,477.5
2021-03-19,2603,B,1680,41.7
2021-03-26,5604,A,528,81.246
2021-03-26,5007,A,775,60.3
2021-03-26,3005,A,750,62.026
2021-03-26,2430,A,1900,24.739
2021-03-26,5403,A,678,69.091
2021-03-26,4930,A,1500,27.5
2021-03-26,3028,A,1744,26.835
2021-03-26,1231,A,855,55.8
2021-03-26,2453,A,1955,24.4
2021-03-26,3402,A,1367,34.9
2021-03-26,8099,A,912,52.3
2021-03-26,3388,A,625,76.3
2021-03-26,2114,A,358,133.0
2021-03-26,2889,A,2909,16.4
2021-03-26,1225,A,1037,46.0
2021-04-09,5007,A,775,60.3
2021-04-09,2453,A,1955,24.4
2021-04-09,3402,A,1367,34.9
2021-04-09,2597,A,340,146.0
2021-04-09,1517,A,1604,31.0
2021-04-09,3167,A,658,75.5
2021-04-09,3362,A,399,124.5
2021-04-09,2108,A,318,156.0
2021-04-09,2457,A,1315,37.8
2021-04-09,9911,A,786,63.2
2021-04-09,1229,A,988,50.3
2021-04-09,5410,A,2021,24.6
2021-04-09,6161,A,2143,23.2
2021-04-09,3311,A,1061,46.85
2021-04-16,5007,A,775,60.3
2021-04-16,1517,A,1604,31.0
2021-04-16,1471,A,3889,12.65
2021-04-16,2010,A,2181,22.55
2021-04-16,2002,A,1399,35.15
2021-04-16,1109,A,1747,28.15
2021-04-16,1103,A,2062,23.85
2021-04-16,1104,A,1867,26.35
2021-04-16,9939,A,649,75.7
2021-04-16,8404,A,1234,39.85
2021-04-16,6438,A,424,116.0
2021-04-16,3014,A,411,119.5
2021-04-16,1455,A,2893,17.0
2021-04-16,3006,A,352,139.5
2021-04-16,2535,A,1428,34.45
2021-04-23,2010,A,2181,22.55
2021-04-23,2002,A,1399,35.15
2021-04-23,1103,A,2062,23.85
2021-04-23,6015,A,2393,21.2
2021-04-23,8927,A,1200,42.25
2021-04-23,2606,A,821,61.8
2021-04-23,5864,A,2206,23.0
2021-04-23,2637,A,865,58.6
2021-04-23,1220,A,3047,16.65
2021-04-23,2617,A,1453,34.9
2021-04-23,1608,A,1974,25.7
2021-04-23,6116,A,2118,23.95
2021-04-23,1702,A,925,54.8
2021-04-23,2031,A,838,60.5
2021-04-23,6190,A,1786,28.4
2021-05-07,2002,A,1399,35.15
2021-05-07,2637,A,865,58.6
2021-05-07,2617,A,1124,34.9
2021-05-07,1608,A,1974,25.7
2021-05-07,2031,A,838,60.5
2021-05-07,1459,A,3596,15.2
2021-05-07,8404,A,1089,50.2
2021-05-07,2881,A,772,70.8
2021-05-07,5007,A,846,64.6
2021-05-07,1802,A,1627,33.6
2021-05-07,2009,A,843,64.8
2021-05-07,2855,A,1843,29.65
2021-05-07,1609,A,1636,33.4
2021-05-07,1615,A,1170,46.7
2021-05-07,1440,A,1865,29.3
2021-05-14,2617,A,1124,34.9
2021-05-14,1459,A,3596,15.2
2021-05-14,8404,A,1089,50.2
2021-05-14,2881,A,772,70.8
2021-05-14,1802,A,1627,33.6
2021-05-14,2009,A,843,64.8
2021-05-14,1440,A,1865,29.3
2021-05-14,4106,A,1172,38.6
2021-05-14,2430,A,1539,29.4
2021-05-14,8454,A,42,1075.0
2021-05-14,2059,A,120,376.0
2021-05-14,2609,A,611,74.0
2021-05-14,2108,A,353,128.0
2021-05-14,2023,A,2240,20.2
2021-05-14,2357,A,119,380.0
2021-05-14,2029,A,873,32.55
2021-05-21,1459,A,3596,15.2
2021-05-21,2881,A,772,70.8
2021-05-21,2009,A,843,64.8
2021-05-21,4106,A,1172,38.6
2021-05-21,8454,A,42,1075.0
2021-05-21,2059,A,120,376.0
2021-05-21,2609,A,611,74.0
2021-05-21,2357,A,119,380.0
2021-05-21,2615,A,416,114.0
2021-05-21,9911,A,740,64.2
2021-05-21,5523,A,1543,30.8
2021-05-21,1102,A,939,50.6
2021-05-21,2637,A,702,67.7
2021-05-21,2597,A,328,144.5
2021-05-21,8927,A,1264,37.6
2021-05-28,2881,A,772,70.8
2021-05-28,2009,A,843,64.8
2021-05-28,4106,A,1172,38.6
2021-05-28,8454,A,42,1075.0
2021-05-28,2059,A,120,376.0
2021-05-28,2609,A,466,74.0
2021-05-28,2615,A,326,114.0
2021-05-28,9911,A,740,64.2
2021-05-28,1102,A,939,50.6
2021-05-28,2637,A,702,67.7
2021-05-28,8924,A,346,145.0
2021-05-28,1783,A,1435,35.05
2021-05-28,9941,A,368,136.5
2021-06-04,2881,A,772,70.8
2021-06-04,2009,A,843,64.8
2021-06-04,4106,A,1172,38.6
2021-06-04,8454,A,42,1075.0
2021-06-04,2609,A,466,74.0
2021-06-04,2615,A,326,114.0
2021-06-04,9911,A,740,64.2
2021-06-04,2637,A,702,67.7
2021-06-04,8924,A,346,145.0
2021-06-04,4121,A,1580,32.5
2021-06-04,5475,A,1956,26.25
2021-06-04,2636,A,386,133.0
2021-06-04,4919,A,597,86.0
2021-06-04,2204,A,715,71.8
2021-06-04,1904,A,1125,45.65
2021-06-11,2881,A,772,70.8
2021-06-11,4106,A,1172,38.6
2021-06-11,8454,A,42,1075.0
2021-06-11,2609,A,466,74.0
2021-06-11,2615,A,326,114.0
2021-06-11,9911,A,740,64.2
2021-06-11,8924,A,346,145.0
2021-06-11,4121,A,1580,32.5
2021-06-11,5475,A,1956,26.25
2021-06-11,2636,A,386,133.0
2021-06-11,4919,A,597,86.0
2021-06-11,2204,A,715,71.8
2021-06-11,6672,A,362,142.0
2021-06-11,2059,A,130,393.0
2021-06-11,2430,A,1687,30.5
2021-06-18,8454,A,42,1075.0
2021-06-18,2609,A,370,74.0
2021-06-18,2615,A,244,114.0
2021-06-18,8924,A,346,145.0
2021-06-18,4121,A,1580,32.5
2021-06-18,5475,A,1956,26.25
2021-06-18,2636,A,292,133.0
2021-06-18,2204,A,715,71.8
2021-06-18,6672,A,362,142.0
2021-06-18,2059,A,130,393.0
2021-06-18,6154,A,3031,18.2
2021-06-18,9941,A,398,138.5
2021-06-25,2609,A,370,74.0
2021-06-25,2615,A,244,114.0
2021-06-25,5475,A,1956,26.25
2021-06-25,2636,A,292,133.0
2021-06-25,2204,A,715,71.8
2021-06-25,6672,A,362,142.0
2021-06-25,6154,A,3031,18.2
2021-06-25,8406,A,223,260.0
2021-06-25,2614,A,1515,38.25
2021-06-25,3529,A,40,1445.0
2021-06-25,5608,A,976,59.4
2021-06-25,5603,A,1402,41.35
2021-06-25,2108,A,349,166.0
2021-06-25,2637,A,568,102.0
2021-06-25,2641,A,1757,33.0
2021-07-02,2609,B,983,146.961
2021-07-02,2615,A,116,114.0
2021-07-02,2636,A,123,133.0
2021-07-02,2614,A,804,38.25
2021-07-02,2637,B,1714,107.015
2021-07-02,3051,A,2888,13.0
2021-07-02,6170,A,902,41.6
2021-07-02,6405,A,804,46.7
2021-07-02,2611,A,919,40.85
2021-07-02,3141,A,266,141.0
2021-07-02,2603,A,181,206.5
2021-07-02,2607,A,818,45.9
2021-07-02,2605,A,695,54.0
2021-07-02,2612,A,447,84.0
2021-07-02,2030,A,1001,37.5
2021-07-02,2601,A,1551,24.2
2021-07-09,2609,A,305,146.961
2021-07-09,2636,A,212,194.712
2021-07-09,2614,A,804,38.25
2021-07-09,3141,A,374,146.198
2021-07-09,2030,A,1486,38.332
2021-07-09,8255,A,281,211.5
2021-07-09,2486,A,1153,51.6
2021-07-09,3511,A,1066,55.8
2021-07-09,9941,A,373,159.5
2021-07-09,9945,A,946,62.9
2021-07-09,5464,A,1417,42.0
2021-07-09,6509,A,1156,51.5
2021-07-09,6672,A,335,177.5
2021-07-09,2025,A,8846,6.73
2021-07-16,2636,B,361,215.055
2021-07-16,2614,A,804,38.25
2021-07-16,3141,A,227,146.198
2021-07-16,8255,A,159,211.5
2021-07-16,2486,A,656,51.6
2021-07-16,9941,A,213,159.5
2021-07-16,9945,A,539,62.9
2021-07-16,6509,A,598,51.5
2021-07-16,6672,A,190,177.5
2021-07-16,4919,A,257,137.0
2021-07-16,5438,A,2007,17.6
2021-07-16,3189,A,183,193.0
2021-07-16,6170,A,809,43.65
2021-07-16,3035,A,324,109.0
2021-07-16,8069,A,425,83.0
2021-07-16,3624,A,695,50.8
2021-07-16,2881,A,426,82.9
2021-07-16,2615,B,308,286.0
2021-07-16,2637,B,1003,88.0
2021-07-16,2014,B,1666,53.0
2021-07-23,2636,B,361,215.055
2021-07-23,8255,A,159,211.5
2021-07-23,2486,A,656,51.6
2021-07-23,9945,A,539,62.9
2021-07-23,6509,A,598,51.5
2021-07-23,4919,A,257,137.0
2021-07-23,5438,A,2007,17.6
2021-07-23,3189,A,183,193.0
2021-07-23,3035,A,324,109.0
2021-07-23,2881,A,426,82.9
2021-07-23,2615,B,308,286.0
2021-07-23,6104,A,288,120.5
2021-07-23,1742,A,1537,22.6
2021-07-23,4952,A,399,86.9
2021-07-23,2476,A,599,58.0
2021-07-23,1795,A,237,146.0
2021-07-23,2481,A,315,110.0
2021-07-23,2027,B,1573,55.2
2021-07-23,3006,B,440,197.0
2021-07-30,8255,A,259,210.728
2021-07-30,5438,A,2682,18.267
2021-07-30,3189,A,295,189.583
2021-07-30,6104,A,408,124.176
2021-07-30,1742,A,2586,21.951
2021-07-30,1795,A,370,146.18
2021-07-30,8436,A,166,327.0
2021-07-30,5289,A,226,240.0
2021-07-30,8261,A,443,122.5
2021-07-30,6525,A,456,119.0
2021-07-30,5351,A,1101,49.3
2021-07-30,6609,A,1508,36.0
2021-07-30,3141,A,338,160.5
2021-07-30,9962,A,2413,22.5
2021-07-30,6672,A,320,169.5
2021-08-06,5438,A,1535,18.267
2021-08-06,6104,A,251,124.176
2021-08-06,8436,A,100,327.0
2021-08-06,5289,A,133,240.0
2021-08-06,6525,A,280,119.0
2021-08-06,5351,A,643,49.3
2021-08-06,3663,A,635,50.8
2021-08-06,1783,A,440,73.4
2021-08-06,1773,A,199,162.0
2021-08-06,3056,A,722,44.7
2021-08-06,5508,A,597,54.1
2021-08-06,2486,A,516,62.5
2021-08-06,2542,A,653,49.45
2021-08-06,8374,A,911,35.45
2021-08-06,2476,A,532,60.7
2021-08-06,2615,B,349,231.0
2021-08-06,2636,B,448,180.0
2021-08-06,4919,B,538,150.0
2021-08-06,2027,B,1583,51.0
2021-08-13,5438,A,2317,19.24
2021-08-13,5289,A,219,233.324
2021-08-13,5351,A,1220,44.972
2021-08-13,3663,A,1306,43.967
2021-08-13,1783,A,656,73.795
2021-08-13,1773,A,379,146.327
2021-08-13,3056,A,1141,44.057
2021-08-13,5508,A,929,53.6
2021-08-13,2542,A,1002,49.258
2021-08-13,2538,A,4050,12.1
2021-08-13,8478,A,553,88.5
2021-08-13,3162,A,931,52.6
2021-08-13,2881,A,627,78.1
2021-08-13,1795,A,401,122.0
2021-08-13,6509,A,907,54.0
2021-08-20,5438,A,2317,19.24
2021-08-20,5289,A,219,233.324
2021-08-20,3663,A,1306,43.967
2021-08-20,1783,A,656,73.795
2021-08-20,3056,A,1141,44.057
2021-08-20,5508,A,929,53.6
2021-08-20,2542,A,1002,49.258
2021-08-20,2538,A,4050,12.1
2021-08-20,8478,A,553,88.5
2021-08-20,2881,A,627,78.1
2021-08-20,2024,A,1787,26.3
2021-08-20,2481,A,447,105.0
2021-08-20,6104,A,421,111.5
2021-08-20,1742,A,2501,18.8
2021-08-20,6525,A,431,109.0
2021-08-27,5438,A,2317,19.24
2021-08-27,3663,A,1306,43.967
2021-08-27,1783,A,656,73.795
2021-08-27,5508,A,929,53.6
2021-08-27,2538,A,4050,12.1
2021-08-27,2024,A,1787,26.3
2021-08-27,2481,A,447,105.0
2021-08-27,6104,A,421,111.5
2021-08-27,6525,A,431,109.0
2021-08-27,2013,A,662,73.4
2021-08-27,3189,A,240,202.0
2021-08-27,8255,A,224,216.5
2021-08-27,6509,A,811,59.9
2021-08-27,2476,A,865,56.2
2021-08-27,9962,A,2360,20.6
2021-09-03,5438,A,2317,19.24
2021-09-03,3663,A,1306,43.967
2021-09-03,5508,A,929,53.6
2021-09-03,2538,A,4050,12.1
2021-09-03,6104,A,312,111.5
2021-09-03,2013,A,662,73.4
2021-09-03,3189,A,240,202.0
2021-09-03,6509,A,811,59.9
2021-09-03,2476,A,865,56.2
2021-09-03,2887,A,2615,19.05
2021-09-03,2542,A,1032,48.25
2021-09-03,2486,A,914,54.5
2021-09-03,5289,A,222,223.5
2021-09-03,5351,A,1043,47.75
2021-09-03,8478,A,593,83.9
2021-09-10,5438,A,1169,19.24
2021-09-10,3663,A,679,43.967
2021-09-10,2538,A,2352,12.1
2021-09-10,6104,A,198,111.5
2021-09-10,2013,A,408,73.4
2021-09-10,3189,A,137,202.0
2021-09-10,6509,A,495,59.9
2021-09-10,2476,A,483,56.2
2021-09-10,2887,A,1572,19.05
2021-09-10,5351,A,647,47.75
2021-09-10,8478,A,338,83.9
2021-09-10,8121,A,922,31.1
2021-09-10,3689,A,547,52.4
2021-09-10,9962,A,1420,20.2
2021-09-10,1783,A,494,58.0
2021-09-10,4919,B,1078,133.0
2021-09-10,4721,B,1156,124.0
2021-09-17,5438,A,1169,19.24
2021-09-17,3663,A,679,43.967
2021-09-17,2538,A,2352,12.1
2021-09-17,6104,A,198,111.5
2021-09-17,3189,B,667,209.946
2021-09-17,2887,A,1572,19.05
2021-09-17,8121,A,678,31.1
2021-09-17,3689,A,547,52.4
2021-09-17,4721,B,1156,124.0
2021-09-17,4711,A,1298,21.8
2021-09-17,1229,A,493,57.4
2021-09-17,1727,A,891,31.75
2021-09-17,2915,A,193,146.0
2021-09-17,1711,A,1146,24.7
2021-09-17,6227,A,707,40.0
2021-09-17,9945,A,333,85.0
2021-09-17,3089,A,884,32.0
2021-09-24,5438,A,2117,20.498
2021-09-24,3663,A,993,44.926
2021-09-24,2538,A,3765,12.213
2021-09-24,6104,A,251,120.685
2021-09-24,3189,A,216,209.946
2021-09-24,8121,A,981,36.196
2021-09-24,3689,A,915,51.837
2021-09-24,4711,A,2334,21.001
2021-09-24,1229,A,833,56.829
2021-09-24,1727,A,1536,31.183
2021-09-24,2915,A,353,139.654
2021-09-24,1711,A,1827,25.017
2021-09-24,6227,A,1129,40.505
2021-09-24,3089,A,1400,32.498
2021-09-24,3188,A,2483,18.8
2021-10-01,3663,A,993,44.926
2021-10-01,2538,A,3765,12.213
2021-10-01,6104,A,251,120.685
2021-10-01,8121,A,981,36.196
2021-10-01,1727,A,1536,31.183
2021-10-01,2915,A,353,139.654
2021-10-01,1711,A,1827,25.017
2021-10-01,6227,A,1129,40.505
2021-10-01,3089,A,1400,32.498
2021-10-01,3188,A,2483,18.8
2021-10-01,6409,A,27,1590.0
2021-10-01,4513,A,3687,11.75
2021-10-01,8422,A,238,182.0
2021-10-01,5351,A,1019,42.5
2021-10-01,2887,A,2440,17.75
2021-10-08,3663,A,993,44.926
2021-10-08,2538,A,3765,12.213
2021-10-08,8121,A,981,36.196
2021-10-08,1727,A,1536,31.183
2021-10-08,1711,A,1827,25.017
2021-10-08,3089,A,1400,32.498
2021-10-08,3188,A,2483,18.8
2021-10-08,6409,A,27,1590.0
2021-10-08,4513,A,3687,11.75
2021-10-08,8422,A,238,182.0
2021-10-08,2887,A,2440,17.75
2021-10-08,4141,A,1534,27.8
2021-10-08,1722,A,610,69.9
2021-10-08,1229,A,760,56.1
2021-10-08,2013,A,706,60.4
2021-10-15,2538,A,3765,12.213
2021-10-15,8121,A,981,36.196
2021-10-15,1727,A,1113,31.183
2021-10-15,1711,A,1827,25.017
2021-10-15,3089,A,1400,32.498
2021-10-15,3188,A,2483,18.8
2021-10-15,6409,A,27,1590.0
2021-10-15,4513,A,3687,11.75
2021-10-15,8422,A,238,182.0
2021-10-15,2887,A,2440,17.75
2021-10-15,4141,A,1534,27.8
2021-10-15,1722,A,610,69.9
2021-10-15,1229,A,760,56.1
2021-10-15,1436,A,860,51.2
2021-10-15,3689,A,1043,42.2
2021-10-22,1727,A,1113,31.183
2021-10-22,1711,A,1827,25.017
2021-10-22,6409,A,27,1590.0
2021-10-22,4513,A,3687,11.75
2021-10-22,8422,A,238,182.0
2021-10-22,2887,A,2440,17.75
2021-10-22,4141,A,1534,27.8
2021-10-22,1722,A,610,69.9
2021-10-22,1436,A,860,51.2
2021-10-22,6781,A,37,1165.0
2021-10-22,1721,A,2599,16.75
2021-10-22,6655,A,514,84.6
2021-10-22,6508,A,1265,34.4
2021-10-22,1442,A,1728,25.2
2021-10-22,6506,A,2322,18.75
2021-10-29,1727,A,1113,31.183
2021-10-29,4513,A,3687,11.75
2021-10-29,8422,A,238,182.0
2021-10-29,4141,A,1534,27.8
2021-10-29,1722,A,610,69.9
2021-10-29,6781,A,37,1165.0
2021-10-29,1721,A,2599,16.75
2021-10-29,6655,A,514,84.6
2021-10-29,6508,A,1265,34.4
2021-10-29,1442,A,1728,25.2
2021-10-29,3491,A,351,124.5
2021-10-29,2362,A,1271,34.45
2021-10-29,6216,A,1553,28.2
2021-10-29,2374,A,2240,19.55
2021-10-29,1225,A,845,51.8
2021-11-05,1727,A,872,31.183
2021-11-05,6781,A,37,1165.0
2021-11-05,1721,A,2599,16.75
2021-11-05,3491,A,351,124.5
2021-11-05,2362,A,1271,34.45
2021-11-05,4916,A,1314,34.2
2021-11-05,8444,A,387,116.0
2021-11-05,6208,A,936,48.0
2021-11-05,5351,A,593,75.8
2021-11-05,3305,A,576,78.0
2021-11-05,3416,A,542,82.8
2021-11-05,8114,A,495,90.8
2021-11-05,5353,A,2057,21.85
2021-11-05,8121,A,867,51.8
2021-11-05,3089,A,1339,33.55
2021-11-12,1727,A,494,31.183
2021-11-12,1721,A,1162,16.75
2021-11-12,3491,A,169,124.5
2021-11-12,8444,A,232,116.0
2021-11-12,5351,A,340,75.8
2021-11-12,3305,A,357,78.0
2021-11-12,8114,A,274,90.8
2021-11-12,4303,A,1132,24.4
2021-11-12,2618,A,1046,26.4
2021-11-12,1436,A,503,54.9
2021-11-12,5234,A,258,107.0
2021-11-12,2376,A,203,135.5
2021-11-12,8422,A,119,232.0
2021-11-12,3455,A,387,71.3
2021-11-12,3035,B,365,189.0
2021-11-12,3707,B,463,149.0
2021-11-12,3141,B,258,267.0
2021-11-12,4721,B,421,164.0
2021-11-19,3491,A,169,124.5
2021-11-19,8444,A,232,116.0
2021-11-19,8114,A,274,90.8
2021-11-19,4303,A,1132,24.4
2021-11-19,2618,A,1046,26.4
2021-11-19,3035,B,744,189.764
2021-11-19,3707,B,909,152.435
2021-11-19,2883,A,1684,16.85
2021-11-19,2610,A,1026,27.65
2021-11-19,6152,A,2580,11.0
2021-11-19,2459,A,471,60.2
2021-11-19,5371,A,313,90.5
2021-11-19,6205,A,564,50.3
2021-11-19,3062,A,809,35.05
2021-11-19,6118,A,985,28.8
2021-11-19,3706,A,825,34.4
2021-11-19,6412,A,362,78.4
2021-11-26,8444,A,232,116.0
2021-11-26,4303,A,1132,24.4
2021-11-26,2618,B,1183,26.336
2021-11-26,3035,B,500,189.764
2021-11-26,3707,B,613,152.435
2021-11-26,2883,A,1684,16.85
2021-11-26,2610,A,1026,27.65
2021-11-26,6205,A,564,50.3
2021-11-26,2890,A,1801,15.15
2021-11-26,3046,A,682,40.0
2021-11-26,8478,A,250,109.0
2021-11-26,3390,A,1202,22.7
2021-11-26,8069,A,234,116.5
2021-11-26,2340,A,485,56.2
2021-11-26,8183,A,423,64.5
2021-11-26,1316,A,1248,21.85
2021-11-26,3016,A,194,140.0
2021-11-26,2888,A,2514,10.85
2021-12-03,4303,A,874,24.4
2021-12-03,2618,B,2787,25.654
2021-12-03,3035,B,369,189.764
2021-12-03,2610,B,2716,26.499
2021-12-03,6205,A,564,50.3
2021-12-03,3046,A,682,40.0
2021-12-03,3390,A,1202,22.7
2021-12-03,2340,A,485,56.2
2021-12-03,8183,A,423,64.5
2021-12-03,3016,A,194,140.0
2021-12-03,3066,A,894,31.35
2021-12-03,3290,A,1274,22.0
2021-12-03,2497,A,397,70.6
2021-12-03,3532,A,109,255.5
2021-12-03,1721,A,980,28.6
2021-12-03,3089,A,667,42.0
2021-12-03,8114,A,258,108.5
2021-12-03,6152,A,2492,11.25
2021-12-03,3037,B,322,217.5
2021-12-10,2618,B,2787,25.654
2021-12-10,2610,B,2716,26.499
2021-12-10,6205,A,564,50.3
2021-12-10,3066,A,894,31.35
2021-12-10,2497,A,397,70.6
2021-12-10,3532,A,109,255.5
2021-12-10,8114,A,258,108.5
2021-12-10,3037,B,322,217.5
2021-12-10,5383,A,629,46.25
2021-12-10,8444,A,204,142.5
2021-12-10,6265,A,1573,18.5
2021-12-10,3515,A,102,283.0
2021-12-10,3455,A,359,81.0
2021-12-10,1529,A,1392,20.9
2021-12-10,2890,A,1824,15.95
2021-12-10,5234,A,217,134.0
2021-12-10,3169,B,263,276.5
2021-12-17,2618,B,2787,25.654
2021-12-17,2610,B,2716,26.499
2021-12-17,6205,A,433,50.3
2021-12-17,3066,A,894,31.35
2021-12-17,3532,A,109,255.5
2021-12-17,8114,A,258,108.5
2021-12-17,3037,B,322,217.5
2021-12-17,1611,A,1375,20.4
2021-12-17,3390,A,1066,26.3
2021-12-17,8478,A,164,171.0
2021-12-17,8111,A,946,29.65
2021-12-17,2405,A,1532,18.3
2021-12-17,6235,A,892,31.45
2021-12-17,9906,A,415,67.5
2021-12-17,5607,A,415,67.5
2021-12-17,8069,A,196,143.0
2021-12-17,6118,A,690,40.65
2021-12-17,3035,B,311,225.5
2021-12-24,2610,B,2716,26.499
2021-12-24,6205,A,433,50.3
2021-12-24,3037,B,322,217.5
2021-12-24,1611,A,1375,20.4
2021-12-24,8478,A,164,171.0
2021-12-24,8111,A,946,29.65
2021-12-24,2405,A,1532,18.3
2021-12-24,6235,A,892,31.45
2021-12-24,3035,B,311,225.5
2021-12-24,6266,A,1114,25.85
2021-12-24,1454,A,1945,14.8
2021-12-24,8104,A,372,77.4
2021-12-24,2347,A,433,66.5
2021-12-24,6167,A,1846,15.6
2021-12-24,3167,A,276,104.0
2021-12-24,5383,A,616,46.7
2021-12-24,5351,B,779,92.4
2022-01-07,2610,B,2716,26.499
2022-01-07,3037,B,322,217.5
2022-01-07,3035,B,311,225.5
2022-01-07,6266,A,782,25.85
2022-01-07,1454,A,1945,14.8
2022-01-07,8104,A,372,77.4
2022-01-07,5351,B,779,92.4
2022-01-07,4720,A,1395,19.6
2022-01-07,4939,A,991,27.6
2022-01-07,2323,A,2096,13.05
2022-01-07,3455,A,266,102.5
2022-01-07,3036,A,355,76.9
2022-01-07,5434,A,163,167.0
2022-01-07,6026,A,1213,22.55
2022-01-07,2427,A,2018,13.55
2022-01-07,4755,A,174,157.0
2022-01-07,2890,A,1653,16.55
2022-01-07,8069,A,182,150.0
2022-01-07,4513,A,1541,17.75
2022-01-14,2610,B,2716,26.499
2022-01-14,3037,B,322,217.5
2022-01-14,3035,B,311,225.5
2022-01-14,4720,A,1395,19.6
2022-01-14,3036,A,355,76.9
2022-01-14,8069,B,440,149.707
2022-01-14,2836,A,1806,14.6
2022-01-14,2812,A,1917,13.75
2022-01-14,2834,A,2452,10.75
2022-01-14,5880,A,969,27.2
2022-01-14,2480,A,329,80.0
2022-01-14,6592,A,244,108.0
2022-01-14,2838,A,1781,14.8
2022-01-14,2892,A,1034,25.5
2022-01-14,2891,A,945,27.9
2022-01-14,2884,A,893,29.5
2022-01-14,2883,A,1398,18.85
2022-01-14,2888,A,2234,11.8
2022-01-14,1225,A,482,54.7
2022-01-21,3037,B,322,217.5
2022-01-21,3035,B,311,225.5
2022-01-21,3036,A,355,76.9
2022-01-21,8069,B,440,149.707
2022-01-21,2812,A,1917,13.75
2022-01-21,5880,A,969,27.2
2022-01-21,2480,A,329,80.0
2022-01-21,2892,A,1034,25.5
2022-01-21,2891,A,945,27.9
2022-01-21,2883,A,1398,18.85
2022-01-21,2385,A,283,90.3
2022-01-21,3455,A,249,102.5
2022-01-21,2887,A,1269,20.15
2022-01-21,1316,A,1061,24.1
2022-01-21,1436,A,452,56.5
2022-01-21,2323,A,2167,11.8
2022-01-21,6205,A,335,76.2
2022-01-21,2347,A,373,68.5
2022-01-21,2340,B,1069,59.8
2022-02-11,8069,B,1791,148.796
2022-02-11,5880,A,969,27.2
2022-02-11,2892,A,1034,25.5
2022-02-11,2891,A,945,27.9
2022-02-11,2883,A,1398,18.85
2022-02-11,2385,A,283,90.3
2022-02-11,6205,A,335,76.2
2022-02-11,3088,A,375,70.9
2022-02-11,8210,A,292,90.9
2022-02-11,1225,A,461,57.7
2022-02-11,1215,A,316,84.1
2022-02-11,8406,A,96,276.0
2022-02-11,2884,A,875,30.4
2022-02-11,2890,A,1533,17.35
2022-02-11,6592,A,241,110.0
2022-02-11,2497,A,266,100.0
2022-02-18,8069,B,606,148.796
2022-02-18,2892,A,1034,25.5
2022-02-18,2883,A,1398,18.85
2022-02-18,2385,A,283,90.3
2022-02-18,1225,A,461,57.7
2022-02-18,1215,A,316,84.1
2022-02-18,8406,A,96,276.0
2022-02-18,2884,A,875,30.4
2022-02-18,6592,A,241,110.0
2022-02-18,2497,A,266,100.0
2022-02-18,1712,A,765,34.65
2022-02-18,1229,A,392,67.6
2022-02-18,9933,A,639,41.45
2022-02-18,2834,A,2286,11.6
2022-02-18,2480,A,318,83.2
2022-02-18,2618,B,1665,35.0
2022-02-25,1215,A,515,84.293
2022-02-25,8406,A,158,275.804
2022-02-25,6592,A,353,114.283
2022-02-25,2497,A,391,103.676
2022-02-25,1229,A,651,67.361
2022-02-25,2480,A,510,84.028
2022-02-25,5706,A,706,61.8
2022-02-25,4904,A,629,69.3
2022-02-25,2412,A,350,124.5
2022-02-25,2707,A,245,177.5
2022-02-25,1760,A,402,108.5
2022-02-25,3209,A,1285,33.95
2022-02-25,3066,A,996,43.8
2022-02-25,9941,A,216,202.0
2022-02-25,2347,A,606,71.9
2022-03-04,1229,A,651,67.361
2022-03-04,2480,A,510,84.028
2022-03-04,5706,A,706,61.8
2022-03-04,4904,A,629,69.3
2022-03-04,2707,A,245,177.5
2022-03-04,1760,A,402,108.5
2022-03-04,3209,A,1285,33.95
2022-03-04,3066,A,996,43.8
2022-03-04,9941,A,216,202.0
2022-03-04,2347,A,606,71.9
2022-03-04,6469,A,151,291.0
2022-03-04,8401,A,2225,19.8
2022-03-04,4148,A,796,55.3
2022-03-04,1773,A,222,198.0
2022-03-04,9933,A,1061,41.5
2022-03-04,1225,A,468,59.8
2022-03-11,2480,A,510,84.028
2022-03-11,5706,A,706,61.8
2022-03-11,4904,A,629,69.3
2022-03-11,1760,A,402,108.5
2022-03-11,3209,A,1285,33.95
2022-03-11,9941,A,216,202.0
2022-03-11,6469,A,151,291.0
2022-03-11,8401,A,2225,19.8
2022-03-11,4148,A,796,55.3
2022-03-11,1773,A,222,198.0
2022-03-11,9933,A,1061,41.5
2022-03-11,2613,A,1104,39.5
2022-03-11,8406,A,157,277.0
2022-03-11,4162,A,537,81.2
2022-03-11,2024,A,1670,26.1
2022-03-18,2480,A,510,84.028
2022-03-18,5706,A,706,61.8
2022-03-18,4904,A,629,69.3
2022-03-18,3209,A,1285,33.95
2022-03-18,9941,A,216,202.0
2022-03-18,8401,A,2225,19.8
2022-03-18,4148,A,796,55.3
2022-03-18,1773,A,222,198.0
2022-03-18,9933,A,1061,41.5
2022-03-18,8406,A,157,277.0
2022-03-18,4162,A,537,81.2
2022-03-18,6122,A,2962,14.95
2022-03-18,2812,A,3002,14.75
2022-03-18,2412,A,350,126.5
2022-03-18,6412,A,512,86.4
2022-03-25,2480,A,510,84.028
2022-03-25,3209,A,1285,33.95
2022-03-25,9941,A,216,202.0
2022-03-25,4148,A,796,55.3
2022-03-25,1773,A,222,198.0
2022-03-25,8406,A,157,277.0
2022-03-25,4162,A,537,81.2
2022-03-25,6122,A,2962,14.95
2022-03-25,2812,A,3002,14.75
2022-03-25,2412,A,350,126.5
2022-03-25,2540,A,335,133.5
2022-03-25,4104,A,688,65.0
2022-03-25,2834,A,3551,12.6
2022-03-25,4755,A,226,197.5
2022-03-25,2836,A,3107,14.4
2022-04-01,9941,A,216,202.0
2022-04-01,1773,A,222,198.0
2022-04-01,8406,A,157,277.0
2022-04-01,6122,A,2962,14.95
2022-04-01,2812,A,3002,14.75
2022-04-01,2412,A,350,126.5
2022-04-01,2540,A,335,133.5
2022-04-01,4104,A,688,65.0
2022-04-01,2834,A,3551,12.6
2022-04-01,5603,A,880,50.7
2022-04-01,2886,A,1035,43.1
2022-04-01,3011,A,2438,18.3
2022-04-01,9933,A,965,46.2
2022-04-01,6189,A,982,45.4
2022-04-01,4904,A,610,73.1
2022-04-08,9941,A,216,202.0
2022-04-08,8406,A,157,277.0
2022-04-08,6122,A,2357,14.95
2022-04-08,2812,A,3002,14.75
2022-04-08,2412,A,350,126.5
2022-04-08,4104,A,688,65.0
2022-04-08,2834,A,3551,12.6
2022-04-08,5603,A,880,50.7
2022-04-08,2886,A,1035,43.1
2022-04-08,3011,A,2438,18.3
2022-04-08,1453,A,3396,13.6
2022-04-08,2884,A,1325,34.85
2022-04-08,2850,A,829,55.7
2022-04-08,8050,A,968,47.7
2022-04-08,2838,A,2639,17.5
2022-04-15,9941,A,216,202.0
2022-04-15,2412,A,350,126.5
2022-04-15,4104,A,688,65.0
2022-04-15,5603,A,880,50.7
2022-04-15,3011,A,2438,18.3
2022-04-15,1453,A,3396,13.6
2022-04-15,2850,A,829,55.7
2022-04-15,8050,A,968,47.7
2022-04-15,4736,A,155,294.5
2022-04-15,8074,A,1833,24.95
2022-04-15,4148,A,522,87.5
2022-04-15,5210,A,1851,24.7
2022-04-15,5706,A,636,71.9
2022-04-15,2540,A,367,124.5
2022-04-15,1760,A,336,136.0
2022-04-22,9941,A,216,202.0
2022-04-22,2412,A,350,126.5
2022-04-22,4104,A,688,65.0
2022-04-22,1453,A,2561,13.6
2022-04-22,8050,A,968,47.7
2022-04-22,4736,A,155,294.5
2022-04-22,1760,A,336,136.0
2022-04-22,4106,A,1151,40.7
2022-04-22,1605,A,1016,46.1
2022-04-22,1220,A,1912,24.5
2022-04-22,1219,A,1688,27.75
2022-04-22,4121,A,1562,30.0
2022-04-22,3313,A,3396,13.8
2022-04-22,6581,A,429,109.0
2022-04-22,4114,A,1658,28.25
2022-04-29,2412,A,350,126.5
2022-04-29,4104,A,688,65.0
2022-04-29,1453,A,1953,13.6
2022-04-29,4736,A,155,294.5
2022-04-29,1605,A,1016,46.1
2022-04-29,1220,A,1912,24.5
2022-04-29,1219,A,1688,27.75
2022-04-29,4121,A,1562,30.0
2022-04-29,6581,A,429,109.0
2022-04-29,4114,A,1658,28.25
2022-04-29,9802,A,293,154.5
2022-04-29,4904,A,548,82.8
2022-04-29,2634,A,1367,33.2
2022-04-29,2545,A,815,55.7
2022-05-06,1453,A,1953,13.6
2022-05-06,1605,A,1016,46.1
2022-05-06,1220,A,1912,24.5
2022-05-06,9802,A,293,154.5
2022-05-06,4904,A,548,82.8
2022-05-06,2545,A,815,55.7
2022-05-06,8050,A,841,51.3
2022-05-06,9933,A,878,49.15
2022-05-06,3209,A,1106,39.05
2022-05-06,5603,A,843,51.2
2022-05-06,3313,A,2989,14.45
2022-05-06,4148,A,533,80.9
2022-05-06,5706,A,608,71.0
2022-05-06,2540,A,362,119.0
2022-05-13,1453,A,1953,13.6
2022-05-13,1605,A,1016,46.1
2022-05-13,9802,A,293,154.5
2022-05-13,4904,A,548,82.8
2022-05-13,2545,A,815,55.7
2022-05-13,9933,A,878,49.15
2022-05-13,3209,A,1106,39.05
2022-05-13,3313,A,2989,14.45
2022-05-13,1524,A,2858,14.1
2022-05-13,3011,A,2104,19.15
2022-05-13,6122,A,2465,16.35
2022-05-13,2613,A,1111,36.25
2022-05-13,2634,A,1277,31.55
2022-05-13,4104,A,608,66.2
2022-05-20,1453,A,1419,13.6
2022-05-20,1605,A,1016,46.1
2022-05-20,9802,A,293,154.5
2022-05-20,4904,A,548,82.8
2022-05-20,3209,A,1106,39.05
2022-05-20,3313,A,2989,14.45
2022-05-20,1524,A,2226,14.1
2022-05-20,3011,A,2104,19.15
2022-05-20,6122,A,2465,16.35
2022-05-20,2634,A,1277,31.55
2022-05-20,4104,A,608,66.2
2022-05-20,1522,A,1732,24.85
2022-05-20,2540,A,354,121.5
2022-05-20,8050,A,898,47.9
2022-05-27,1453,A,1419,13.6
2022-05-27,1605,A,1016,46.1
2022-05-27,9802,A,293,154.5
2022-05-27,4904,A,548,82.8
2022-05-27,3209,A,1106,39.05
2022-05-27,1524,A,2226,14.1
2022-05-27,6122,A,2465,16.35
2022-05-27,2634,A,1277,31.55
2022-05-27,1522,A,1732,24.85
2022-05-27,2540,A,354,121.5
2022-05-27,8050,A,898,47.9
2022-05-27,1568,A,1679,26.0
2022-05-27,6605,A,637,68.5
2022-05-27,2482,A,2098,20.8
2022-06-10,1453,A,1419,13.6
2022-06-10,9802,A,293,154.5
2022-06-10,3209,A,1106,39.05
2022-06-10,1524,A,2226,14.1
2022-06-10,6122,A,2465,16.35
2022-06-10,2634,A,1277,31.55
2022-06-10,1522,A,1732,24.85
2022-06-10,8050,A,898,47.9
2022-06-10,1568,A,1679,26.0
2022-06-10,6605,A,637,68.5
2022-06-10,2482,A,1643,20.8
2022-06-10,1539,A,1388,33.6
2022-06-10,1319,A,1123,41.5
2022-06-10,2545,A,813,57.3
2022-06-17,9802,A,293,154.5
2022-06-17,1524,A,2226,14.1
2022-06-17,2634,A,1277,31.55
2022-06-17,1522,A,1732,24.85
2022-06-17,8050,A,898,47.9
2022-06-17,1568,A,1679,26.0
2022-06-17,6605,A,637,68.5
2022-06-17,2482,A,1643,20.8
2022-06-17,1539,A,1388,33.6
2022-06-17,1319,A,1123,41.5
2022-06-17,5288,A,261,169.5
2022-06-17,5353,A,1861,23.8
2022-06-17,5258,A,746,59.3
2022-06-17,6715,A,340,130.0
2022-06-17,4904,A,536,82.5
2022-06-24,9802,A,293,154.5
2022-06-24,1524,A,2226,14.1
2022-06-24,1522,A,1732,24.85
2022-06-24,1568,A,1679,26.0
2022-06-24,6605,A,637,68.5
2022-06-24,2482,A,1643,20.8
2022-06-24,1539,A,1388,33.6
2022-06-24,1319,A,1123,41.5
2022-06-24,5288,A,261,169.5
2022-06-24,5353,A,1861,23.8
2022-06-24,5258,A,746,59.3
2022-06-24,6715,A,340,130.0
2022-06-24,6472,A,195,237.0
2022-06-24,3531,A,2001,23.15
2022-07-01,9802,A,293,154.5
2022-07-01,1524,A,2226,14.1
2022-07-01,1522,A,1732,24.85
2022-07-01,1568,A,1679,26.0
2022-07-01,6605,A,637,68.5
2022-07-01,2482,A,1643,20.8
2022-07-01,1539,A,1388,33.6
2022-07-01,1319,A,1123,41.5
2022-07-01,5288,A,261,169.5
2022-07-01,5353,A,1861,23.8
2022-07-01,5258,A,746,59.3
2022-07-01,6715,A,340,130.0
2022-07-01,6472,A,195,237.0
2022-07-01,3531,A,2001,23.15
2022-07-08,9802,A,293,154.5
2022-07-08,1524,A,2226,14.1
2022-07-08,1522,A,1732,24.85
2022-07-08,6605,A,637,68.5
2022-07-08,2482,A,1643,20.8
2022-07-08,1319,A,1123,41.5
2022-07-08,5353,A,1861,23.8
2022-07-08,5258,A,1214,55.83
2022-07-08,6715,A,340,130.0
2022-07-08,6472,A,282,230.521
2022-07-08,3531,A,2708,22.993
2022-07-15,9802,A,293,154.5
2022-07-15,1524,A,2226,14.1
2022-07-15,1522,A,1732,24.85
2022-07-15,6605,A,887,68.923
2022-07-15,2482,A,2365,22.464
2022-07-15,1319,A,1123,41.5
2022-07-15,5353,A,1861,23.8
2022-07-15,5258,A,1214,55.83
2022-07-15,6715,A,340,130.0
2022-07-15,6472,A,282,230.521
2022-07-15,3531,A,2708,22.993
2022-07-22,9802,A,293,154.5
2022-07-22,1524,A,2226,14.1
2022-07-22,1522,A,1732,24.85
2022-07-22,6605,A,887,68.923
2022-07-22,2482,A,2365,22.464
2022-07-22,1319,A,1123,41.5
2022-07-22,5353,A,1861,23.8
2022-07-22,5258,A,1214,55.83
2022-07-22,6715,A,340,130.0
2022-07-22,6472,A,282,230.521
2022-07-22,3531,A,2708,22.993
2022-07-29,9802,A,293,154.5
2022-07-29,1524,A,2226,14.1
2022-07-29,1522,A,1732,24.85
2022-07-29,6605,A,887,68.923
2022-07-29,2482,A,2365,22.464
2022-07-29,1319,A,1123,41.5
2022-07-29,5353,A,1861,23.8
2022-07-29,5258,A,922,55.83
2022-07-29,6715,A,340,130.0
2022-07-29,6472,A,282,230.521
2022-07-29,3531,A,2708,22.993
2022-07-29,6133,A,2525,23.5
2022-08-05,1524,A,2226,14.1
2022-08-05,1522,A,1732,24.85
2022-08-05,6605,A,887,68.923
2022-08-05,2482,A,1886,22.464
2022-08-05,1319,A,1123,41.5
2022-08-05,5353,A,1861,23.8
2022-08-05,5258,A,922,55.83
2022-08-05,6715,A,340,130.0
2022-08-05,6472,A,282,230.521
2022-08-05,3531,A,2110,22.993
2022-08-05,6133,A,2525,23.5
2022-08-05,2305,A,2032,27.5
2022-08-05,5902,A,1032,34.95
2022-08-12,1524,A,2226,14.1
2022-08-12,6605,A,596,68.923
2022-08-12,5353,A,1861,23.8
2022-08-12,5258,A,723,55.83
2022-08-12,6472,A,179,230.521
2022-08-12,3531,A,2110,22.993
2022-08-12,6133,A,2525,23.5
2022-08-12,2305,A,2032,27.5
2022-08-12,5902,A,1032,34.95
2022-08-12,3432,A,2014,23.7
2022-08-12,3454,A,482,99.0
2022-08-12,3617,A,565,84.5
2022-08-12,5015,A,816,58.5
2022-08-12,6146,A,193,233.0
2022-08-12,1413,A,19,11.3
2022-08-19,1524,A,2226,14.1
2022-08-19,5353,A,1861,23.8
2022-08-19,6472,A,179,230.521
2022-08-19,6133,A,1903,23.5
2022-08-19,2305,A,1560,27.5
2022-08-19,5902,A,1463,34.921
2022-08-19,3432,A,2014,23.7
2022-08-19,3454,A,482,99.0
2022-08-19,3617,A,565,84.5
2022-08-19,5015,A,816,58.5
2022-08-19,6146,A,193,233.0
2022-08-19,2468,A,2333,21.85
2022-08-19,3047,A,2655,19.2
2022-08-19,9907,A,2524,20.2
2022-08-19,1319,A,978,52.1
2022-08-26,6472,A,179,230.521
2022-08-26,5902,A,1463,34.921
2022-08-26,3617,A,565,84.5
2022-08-26,2468,A,2333,21.85
2022-08-26,3047,A,2655,19.2
2022-08-26,8349,A,740,72.7
2022-08-26,4977,A,472,114.0
2022-08-26,3043,A,7155,7.52
2022-08-26,3022,A,745,72.2
2022-08-26,4770,A,142,378.5
2022-08-26,6221,A,1005,53.5
2022-08-26,6117,A,2644,20.35
2022-08-26,1712,A,1193,45.1
2022-08-26,3520,A,2143,25.1
2022-08-26,1336,A,1939,27.75
2022-09-02,5902,A,1463,34.921
2022-09-02,3617,A,565,84.5
2022-09-02,2468,A,2333,21.85
2022-09-02,8349,A,740,72.7
2022-09-02,4977,A,472,114.0
2022-09-02,3022,A,745,72.2
2022-09-02,4770,A,142,378.5
2022-09-02,1712,A,1193,45.1
2022-09-02,8933,A,2691,19.7
2022-09-02,4743,A,182,290.0
2022-09-02,2530,A,3324,15.95
2022-09-02,6589,A,409,129.5
2022-09-02,1410,A,1231,43.05
2022-09-02,3284,A,3119,17.0
2022-09-02,1442,A,1986,26.7
2022-09-16,4977,A,472,114.0
2022-09-16,3022,A,745,72.2
2022-09-16,8933,A,2691,19.7
2022-09-16,2530,A,3324,15.95
2022-09-16,3284,A,3119,17.0
2022-09-16,1442,A,1986,26.7
2022-09-16,2483,A,1658,31.8
2022-09-16,8109,A,578,91.2
2022-09-16,8916,A,885,59.6
2022-09-16,9942,A,517,102.0
2022-09-16,2540,A,351,150.0
2022-09-16,3454,A,378,139.5
2022-09-16,5225,A,1666,31.65
2022-09-16,6146,A,215,245.0
2022-09-16,5015,A,836,63.1
2022-09-23,4977,A,472,114.0
2022-09-23,8933,A,2691,19.7
2022-09-23,2530,A,3324,15.95
2022-09-23,1442,A,1986,26.7
2022-09-23,2483,A,1658,31.8
2022-09-23,8109,A,578,91.2
2022-09-23,8916,A,885,59.6
2022-09-23,3454,A,378,139.5
2022-09-23,5225,A,1666,31.65
2022-09-23,6146,A,215,245.0
2022-09-23,8349,A,632,77.1
2022-09-23,9939,A,589,82.8
2022-09-23,5353,A,1225,39.8
2022-09-23,4162,A,379,128.5
2022-09-23,8932,A,1261,32.6
2022-09-30,4977,A,472,114.0
2022-09-30,2530,A,3324,15.95
2022-09-30,1442,A,1986,26.7
2022-09-30,2483,A,1658,31.8
2022-09-30,8916,A,885,59.6
2022-09-30,3454,A,378,139.5
2022-09-30,5225,A,1666,31.65
2022-09-30,6146,A,215,245.0
2022-09-30,8349,A,632,77.1
2022-09-30,9939,A,589,82.8
2022-09-30,5353,A,1225,39.8
2022-09-30,8932,A,1261,32.6
2022-09-30,6472,A,145,327.5
2022-09-30,4743,A,189,252.5
2022-09-30,3617,A,502,95.0
2022-10-07,2530,A,2642,15.95
2022-10-07,1442,A,1986,26.7
2022-10-07,2483,A,1658,31.8
2022-10-07,3454,A,378,139.5
2022-10-07,5225,A,1325,31.65
2022-10-07,8349,A,632,77.1
2022-10-07,9939,A,589,82.8
2022-10-07,8932,A,1261,32.6
2022-10-07,6472,A,145,327.5
2022-10-07,3046,A,880,54.3
2022-10-07,1410,A,1142,41.85
2022-10-07,6589,A,419,114.0
2022-10-07,8933,A,2354,20.3
2022-10-07,3043,A,6208,7.7
2022-10-07,9942,A,478,99.9
2022-10-14,2530,A,2642,15.95
2022-10-14,1442,A,1986,26.7
2022-10-14,3454,A,378,139.5
2022-10-14,5225,A,1325,31.65
2022-10-14,9939,A,589,82.8
2022-10-14,8932,A,1261,32.6
2022-10-14,6472,A,145,327.5
2022-10-14,3046,A,880,54.3
2022-10-14,6589,A,419,114.0
2022-10-14,8933,A,2354,20.3
2022-10-14,3043,A,6208,7.7
2022-10-14,9942,A,478,99.9
2022-10-14,5015,A,778,60.0
2022-10-14,8916,A,848,55.1
2022-10-14,4743,A,191,243.5
2022-10-21,2530,A,2642,15.95
2022-10-21,1442,A,1515,26.7
2022-10-21,3454,A,378,139.5
2022-10-21,5225,A,1325,31.65
2022-10-21,9939,A,589,82.8
2022-10-21,8932,A,1261,32.6
2022-10-21,3046,A,880,54.3
2022-10-21,6589,A,419,114.0
2022-10-21,8933,A,2354,20.3
2022-10-21,9942,A,478,99.9
2022-10-21,5015,A,778,60.0
2022-10-21,8916,A,848,55.1
2022-10-21,1410,A,1101,40.65
2022-10-21,8109,A,551,81.1
2022-10-21,6117,A,3745,11.95
2022-10-28,2530,A,2642,15.95
2022-10-28,1442,A,2085,27.342
2022-10-28,3454,A,378,139.5
2022-10-28,5225,A,1911,31.665
2022-10-28,8932,A,1847,32.663
2022-10-28,3046,A,1359,50.863
2022-10-28,8933,A,2354,20.3
2022-10-28,9942,A,478,99.9
2022-10-28,5015,A,778,60.0
2022-10-28,8916,A,848,55.1
2022-10-28,1410,A,1537,40.295
2022-11-04,2530,A,3698,16.521
2022-11-04,1442,A,2085,27.342
2022-11-04,3454,A,378,139.5
2022-11-04,5225,A,1911,31.665
2022-11-04,8932,A,1847,32.663
2022-11-04,3046,A,1359,50.863
2022-11-04,8933,A,2354,20.3
2022-11-04,9942,A,478,99.9
2022-11-04,5015,A,778,60.0
2022-11-04,8916,A,848,55.1
2022-11-04,1410,A,1537,40.295
2022-11-11,2530,A,3698,16.521
2022-11-11,1442,A,2085,27.342
2022-11-11,3454,A,378,139.5
2022-11-11,5225,A,1482,31.665
2022-11-11,8932,A,1847,32.663
2022-11-11,3046,A,1359,50.863
2022-11-11,8933,A,3287,19.846
2022-11-11,9942,A,478,99.9
2022-11-11,5015,A,778,60.0
2022-11-11,8916,A,848,55.1
2022-11-11,1410,A,1537,40.295
2022-11-11,8033,A,1808,34.0
2022-11-18,2530,A,3698,16.521
2022-11-18,1442,A,2085,27.342
2022-11-18,3454,A,378,139.5
2022-11-18,5225,A,1482,31.665
2022-11-18,8932,A,1847,32.663
2022-11-18,3046,A,967,50.863
2022-11-18,9942,A,478,99.9
2022-11-18,5015,A,778,60.0
2022-11-18,8916,A,848,55.1
2022-11-18,1410,A,1537,40.295
2022-11-18,8033,A,1400,34.0
2022-11-18,8931,A,1698,34.6
2022-11-18,8249,A,1660,27.5
2022-11-25,2530,A,2683,16.521
2022-11-25,1442,A,1450,27.342
2022-11-25,3454,A,289,139.5
2022-11-25,5225,A,1482,31.665
2022-11-25,8932,A,1274,32.663
2022-11-25,3046,A,967,50.863
2022-11-25,9942,A,478,99.9
2022-11-25,5015,A,778,60.0
2022-11-25,1410,A,1196,40.295
2022-11-25,8033,A,1400,34.0
2022-11-25,8931,A,1319,34.6
2022-11-25,8249,A,1660,27.5
2022-11-25,1810,A,2552,19.65
2022-11-25,6472,A,84,416.0
2022-11-25,6245,A,3,87.1
2022-12-02,1442,A,864,27.342
2022-12-02,3454,A,149,139.5
2022-12-02,8932,A,740,32.663
2022-12-02,5015,A,426,60.0
2022-12-02,8033,A,774,34.0
2022-12-02,8931,A,793,34.6
2022-12-02,8249,A,1139,27.5
2022-12-02,1810,A,1581,19.65
2022-12-02,6472,A,84,416.0
2022-12-02,6245,A,304,103.833
2022-12-02,2201,A,475,66.7
2022-12-02,1417,A,2163,14.65
2022-12-02,1795,A,129,245.5
2022-12-02,8222,A,995,31.85
2022-12-02,1584,A,1320,24.0
2022-12-02,8996,B,1921,165.0
2022-12-09,1442,A,864,27.342
2022-12-09,3454,B,149,139.5
2022-12-09,8932,A,740,32.663
2022-12-09,8931,A,793,34.6
2022-12-09,1810,A,1581,19.65
2022-12-09,6245,A,304,103.833
2022-12-09,2201,A,475,66.7
2022-12-09,1417,A,2163,14.65
2022-12-09,1795,B,129,245.5
2022-12-09,8222,A,995,31.85
2022-12-09,8996,B,621,165.0
2022-12-09,6234,A,1432,22.2
2022-12-09,1342,A,233,136.0
2022-12-09,1707,A,197,161.0
2022-12-09,2723,A,228,139.5
2022-12-09,2707,A,123,257.5
2022-12-09,6223,A,252,116.5
2022-12-16,3454,B,370,183.999
2022-12-16,8931,A,793,34.6
2022-12-16,2201,B,1237,65.098
2022-12-16,1795,B,338,238.698
2022-12-16,8996,B,470,165.0
2022-12-16,1342,A,233,136.0
2022-12-16,2723,A,228,139.5
2022-12-16,2707,A,123,257.5
2022-12-16,1701,A,1020,31.1
2022-12-16,4129,A,640,49.55
2022-12-16,4130,A,833,38.05
2022-12-16,3013,A,1462,21.7
2022-12-16,2444,A,1652,19.2
2022-12-16,1720,A,542,58.5
2022-12-16,2929,A,1877,16.9
2022-12-16,3498,A,882,35.95
2022-12-16,4114,A,632,50.2
2022-12-16,4153,A,974,32.55
2022-12-16,1752,A,620,51.1
2022-12-23,3454,B,370,183.999
2022-12-23,2201,B,1237,65.098
2022-12-23,1795,B,338,238.698
2022-12-23,8996,B,470,165.0
2022-12-23,1342,A,233,136.0
2022-12-23,2723,A,228,139.5
2022-12-23,2707,A,123,257.5
2022-12-23,1701,A,1020,31.1
2022-12-23,4129,A,640,49.55
2022-12-23,4130,A,833,38.05
2022-12-23,3013,A,1462,21.7
2022-12-23,2444,A,1652,19.2
2022-12-23,1720,A,542,58.5
2022-12-23,2929,A,1877,16.9
2022-12-23,3498,A,882,35.95
2022-12-23,4114,A,632,50.2
2022-12-23,4153,A,974,32.55
2022-12-23,1752,A,620,51.1
2022-12-23,1707,A,199,160.5
2022-12-30,3454,B,370,183.999
2022-12-30,2201,B,1237,65.098
2022-12-30,1795,B,338,238.698
2022-12-30,8996,B,470,165.0
2022-12-30,2723,A,228,139.5
2022-12-30,2707,A,123,257.5
2022-12-30,1701,A,1020,31.1
2022-12-30,4129,A,640,49.55
2022-12-30,1720,A,542,58.5
2022-12-30,2929,A,1877,16.9
2022-12-30,3498,A,882,35.95
2022-12-30,4114,A,632,50.2
2022-12-30,4153,A,974,32.55
2022-12-30,1752,A,620,51.1
2022-12-30,1707,A,199,160.5
2022-12-30,2597,A,273,125.5
2022-12-30,8931,A,825,41.6
2022-12-30,6234,A,1455,23.6
2023-01-06,3454,B,370,183.999
2023-01-06,2201,B,1237,65.098
2023-01-06,1795,B,338,238.698
2023-01-06,8996,B,470,165.0
2023-01-06,2723,A,228,139.5
2023-01-06,1701,A,1020,31.1
2023-01-06,4129,A,640,49.55
2023-01-06,1720,A,542,58.5
2023-01-06,2929,A,1877,16.9
2023-01-06,3498,A,882,35.95
2023-01-06,4153,A,974,32.55
2023-01-06,1752,A,620,51.1
2023-01-06,1707,A,199,160.5
2023-01-06,2597,A,273,125.5
2023-01-06,8931,A,825,41.6
2023-01-06,8249,A,1191,28.2
2023-01-06,8033,A,801,41.9
2023-01-06,6223,A,283,118.5
2023-01-13,3454,B,370,183.999
2023-01-13,2201,B,1237,65.098
2023-01-13,1795,B,338,238.698
2023-01-13,8996,B,470,165.0
2023-01-13,2723,A,228,139.5
2023-01-13,2929,A,1877,16.9
2023-01-13,3498,A,882,35.95
2023-01-13,1752,A,620,51.1
2023-01-13,2597,A,273,125.5
2023-01-13,8931,A,825,41.6
2023-01-13,8249,A,1191,28.2
2023-01-13,5340,A,811,40.25
2023-01-13,2493,A,709,46.0
2023-01-13,1443,A,1129,28.9
2023-01-13,4763,A,128,254.5
2023-01-13,6245,A,345,94.6
2023-01-13,1584,A,1360,24.0
2023-01-13,2444,A,1834,17.8
2023-02-03,2201,B,1237,65.098
2023-02-03,1795,B,338,238.698
2023-02-03,8996,B,470,165.0
2023-02-03,2597,A,273,125.5
2023-02-03,8931,A,825,41.6
2023-02-03,5340,A,811,40.25
2023-02-03,2493,A,709,46.0
2023-02-03,1443,A,1129,28.9
2023-02-03,4763,A,128,254.5
2023-02-03,2897,A,3634,9.74
2023-02-03,6180,A,432,81.9
2023-02-03,5439,A,635,55.7
2023-02-03,8210,A,409,86.5
2023-02-03,1707,A,204,173.5
2023-02-03,4153,A,898,39.4
2023-02-03,4106,A,1130,31.3
2023-02-03,6223,A,284,124.5
2023-02-10,2201,B,1237,65.098
2023-02-10,1795,B,338,238.698
2023-02-10,8996,B,368,165.0
2023-02-10,5340,A,811,40.25
2023-02-10,2493,A,709,46.0
2023-02-10,4763,B,293,272.239
2023-02-10,2897,A,3634,9.74
2023-02-10,6180,A,432,81.9
2023-02-10,5439,A,635,55.7
2023-02-10,2482,A,826,40.7
2023-02-10,3029,A,730,46.0
2023-02-10,6188,A,715,47.0
2023-02-10,4155,A,1005,33.45
2023-02-10,1104,A,1403,23.95
2023-02-10,2852,A,2019,16.65
2023-02-10,8476,A,497,67.6
2023-02-10,1432,A,2114,15.9
2023-02-10,6282,A,889,37.8
2023-02-10,4164,A,632,53.2
2023-02-17,2201,B,1237,65.098
2023-02-17,1795,B,338,238.698
2023-02-17,8996,B,368,165.0
2023-02-17,4763,B,293,272.239
2023-02-17,2897,A,3634,9.74
2023-02-17,2482,A,826,40.7
2023-02-17,3029,A,730,46.0
2023-02-17,1432,A,2114,15.9
2023-02-17,2453,A,810,43.0
2023-02-17,6128,A,1044,33.35
2023-02-17,4960,A,2798,12.45
2023-02-17,2017,A,1873,18.6
2023-02-17,6290,A,495,70.3
2023-02-17,3209,A,833,41.8
2023-02-17,5315,A,1703,20.45
2023-02-17,2727,A,138,251.5
2023-02-17,1473,A,1430,24.35
2023-02-17,6605,A,401,86.7
2023-02-17,6266,A,1095,31.8
2023-02-24,1795,B,338,238.698
2023-02-24,8996,B,368,165.0
2023-02-24,1432,A,2114,15.9
2023-02-24,2453,A,810,43.0
2023-02-24,6290,A,495,70.3
2023-02-24,5315,A,1703,20.45
2023-02-24,2727,A,138,251.5
2023-02-24,1473,A,1430,24.35
2023-02-24,1108,A,2534,14.15
2023-02-24,8936,A,1166,30.75
2023-02-24,1437,A,1160,30.9
2023-02-24,1506,A,1622,22.1
2023-02-24,4526,A,2154,16.65
2023-02-24,1103,A,1758,20.4
2023-02-24,3594,A,796,45.0
2023-02-24,2748,A,365,98.2
2023-02-24,6188,A,734,48.85
2023-02-24,3443,B,77,1160.0
2023-02-24,1513,B,944,94.9
2023-03-03,1795,B,338,238.698
2023-03-03,2453,A,810,43.0
2023-03-03,5315,A,1703,20.45
2023-03-03,2727,A,138,251.5
2023-03-03,1473,A,1430,24.35
2023-03-03,8936,A,1166,30.75
2023-03-03,3443,B,77,1160.0
2023-03-03,1513,B,944,94.9
2023-03-03,5452,A,1661,21.45
2023-03-03,3652,A,1133,31.45
2023-03-03,5464,A,995,35.8
2023-03-03,1535,A,726,49.05
2023-03-03,6128,A,1022,34.85
2023-03-03,6561,A,99,357.0
2023-03-03,8927,A,788,45.2
2023-03-03,3055,A,1078,33.05
2023-03-03,3416,A,357,99.6
2023-03-03,3209,A,798,44.65
2023-03-03,4763,B,263,338.0
2023-03-10,1795,B,338,238.698
2023-03-10,2453,A,575,43.0
2023-03-10,5315,A,1703,20.45
2023-03-10,3443,B,77,1160.0
2023-03-10,1513,B,944,94.9
2023-03-10,6561,A,99,357.0
2023-03-10,4763,B,263,338.0
2023-03-10,2449,A,734,46.95
2023-03-10,8111,A,1502,22.95
2023-03-10,5403,A,402,85.6
2023-03-10,6743,A,648,53.2
2023-03-10,3005,A,600,57.4
2023-03-10,3362,A,317,108.5
2023-03-10,3029,A,631,54.6
2023-03-10,8131,A,782,44.05
2023-03-10,2535,A,1038,33.2
2023-03-10,2722,A,685,50.3
2023-03-10,6147,A,491,70.1
2023-03-10,6235,A,523,65.9
2023-03-17,3443,B,77,1160.0
2023-03-17,1513,B,944,94.9
2023-03-17,4763,B,263,338.0
2023-03-17,2449,A,734,46.95
2023-03-17,8111,A,1502,22.95
2023-03-17,5403,A,402,85.6
2023-03-17,3005,A,600,57.4
2023-03-17,2535,A,1038,33.2
2023-03-17,6235,A,523,65.9
2023-03-17,2457,A,579,59.1
2023-03-17,3594,A,738,46.35
2023-03-17,8049,A,869,39.4
2023-03-17,3088,A,438,78.1
2023-03-17,4155,A,929,36.85
2023-03-17,6122,A,1488,23.0
2023-03-17,5452,A,1619,21.15
2023-03-17,4126,A,409,83.7
2023-03-17,3046,A,510,67.1
2023-03-17,3454,B,321,266.5
2023-03-24,3443,B,77,1160.0
2023-03-24,1513,B,944,94.9
2023-03-24,4763,B,263,338.0
2023-03-24,2457,B,1452,59.641
2023-03-24,6122,A,1488,23.0
2023-03-24,2546,A,516,67.5
2023-03-24,3231,A,871,40.0
2023-03-24,3056,A,801,43.5
2023-03-24,2402,A,1245,28.0
2023-03-24,6449,A,620,56.2
2023-03-24,2356,A,1133,30.75
2023-03-24,6776,A,704,49.5
2023-03-24,5289,A,115,301.5
2023-03-24,8926,A,794,43.9
2023-03-24,2727,A,111,311.5
2023-03-24,3032,A,929,37.5
2023-03-24,2423,A,1094,31.85
2023-03-24,6189,A,838,41.6
2023-03-31,3443,B,77,1160.0
2023-03-31,4763,B,263,338.0
2023-03-31,2457,B,1452,59.641
2023-03-31,6122,A,1488,23.0
2023-03-31,2546,A,516,67.5
2023-03-31,3231,A,871,40.0
2023-03-31,3056,A,801,43.5
2023-03-31,6449,A,620,56.2
2023-03-31,2356,A,1133,30.75
2023-03-31,6776,A,704,49.5
2023-03-31,5289,A,115,301.5
2023-03-31,3032,A,929,37.5
2023-03-31,3078,A,803,44.3
2023-03-31,2382,A,399,89.1
2023-03-31,2353,A,1263,28.15
2023-03-31,6168,A,1376,25.85
2023-03-31,6160,A,1263,28.15
2023-03-31,4973,A,1224,29.05
2023-03-31,6472,B,120,740.0
2023-04-07,3443,B,112,1135.0
2023-04-07,2457,B,1939,60.359
2023-04-07,2546,A,516,67.5
2023-04-07,3231,A,871,40.0
2023-04-07,3056,A,801,43.5
2023-04-07,2356,A,1133,30.75
2023-04-07,5289,A,115,301.5
2023-04-07,3032,A,929,37.5
2023-04-07,3078,A,803,44.3
2023-04-07,2382,A,399,89.1
2023-04-07,6168,A,1376,25.85
2023-04-07,6472,B,120,740.0
2023-04-07,2423,A,1079,33.7
2023-04-07,3324,A,158,230.0
2023-04-07,3025,A,1154,31.5
2023-04-07,6024,A,836,43.45
2023-04-07,6235,A,452,80.4
2023-04-07,2421,A,703,51.7
2023-04-14,2457,A,910,60.359
2023-04-14,3056,A,1293,45.403
2023-04-14,2423,A,1847,33.804
2023-04-14,3324,A,253,236.571
2023-04-14,3025,A,1900,32.089
2023-04-14,2515,A,5807,10.8
2023-04-14,6248,A,1786,35.1
2023-04-14,2247,A,219,285.5
2023-04-14,6203,A,853,73.5
2023-04-14,3518,A,2056,30.5
2023-04-14,3011,A,2126,29.5
2023-04-14,6263,A,514,122.0
2023-04-14,6209,A,1875,33.45
2023-04-14,4129,A,947,66.2
2023-04-14,6122,A,1900,33.0
2023-04-21,2457,A,910,60.359
2023-04-21,3518,A,2056,30.5
2023-04-21,3011,A,2126,29.5
2023-04-21,6218,A,2370,25.45
2023-04-21,6163,A,2384,25.3
2023-04-21,3363,A,1930,31.25
2023-04-21,3038,A,2169,27.8
2023-04-21,1519,A,632,95.4
2023-04-21,6186,A,1371,44.0
2023-04-21,6743,A,1000,60.3
2023-04-21,6167,A,3538,17.05
2023-04-21,3078,A,1171,51.5
2023-04-21,2353,A,2017,29.9
2023-04-21,3231,A,1355,44.5
2023-04-21,5213,A,2255,26.75
2023-04-28,2457,A,910,60.359
2023-04-28,6218,A,2370,25.45
2023-04-28,3038,A,2169,27.8
2023-04-28,6186,A,1371,44.0
2023-04-28,6167,A,3538,17.05
2023-04-28,5213,A,2255,26.75
2023-04-28,1727,A,1524,40.8
2023-04-28,1905,A,2538,24.5
2023-04-28,3056,A,1257,49.45
2023-04-28,6263,A,487,127.5
2023-04-28,2634,A,1072,58.0
2023-04-28,1529,A,1480,42.0
2023-04-28,2247,A,209,297.0
2023-04-28,6266,A,1485,41.85
2023-04-28,1584,A,1463,42.5
2023-05-05,6218,A,2370,25.45
2023-05-05,6186,A,1371,44.0
2023-05-05,1727,A,1524,40.8
2023-05-05,1905,A,2538,24.5
2023-05-05,1529,A,1480,42.0
2023-05-05,4121,A,1785,34.75
2023-05-05,1731,A,2770,22.4
2023-05-05,5489,A,1459,42.5
2023-05-05,3528,A,895,69.3
2023-05-05,2352,A,1814,34.2
2023-05-05,2630,A,1852,33.5
2023-05-05,6803,A,202,306.5
2023-05-05,4104,A,663,93.5
2023-05-05,1104,A,2092,29.65
2023-05-05,2704,A,1496,41.45
2023-05-12,1731,A,2770,22.4
2023-05-12,2630,A,1852,33.5
2023-05-12,6803,A,202,306.5
2023-05-12,1104,A,2092,29.65
2023-05-12,2704,A,1496,41.45
2023-05-12,8085,A,1590,37.7
2023-05-12,2887,A,3286,18.25
2023-05-12,5864,A,3341,17.95
2023-05-12,6214,A,663,90.4
2023-05-12,6112,A,938,63.9
2023-05-12,2493,A,1046,57.3
2023-05-12,2421,A,922,65.0
2023-05-12,6111,A,680,88.1
2023-05-12,2812,A,4121,14.55
2023-05-12,6203,A,749,80.0
2023-05-19,2704,A,1496,41.45
2023-05-19,8085,A,1590,37.7
2023-05-19,2887,A,3286,18.25
2023-05-19,5864,A,3341,17.95
2023-05-19,6214,A,663,90.4
2023-05-19,6112,A,938,63.9
2023-05-19,2493,A,1046,57.3
2023-05-19,9943,A,757,80.8
2023-05-19,6139,A,957,63.9
2023-05-19,5356,A,2249,27.2
2023-05-19,8422,A,299,204.0
2023-05-19,6235,A,541,113.0
2023-05-19,2480,A,541,113.0
2023-05-19,2382,A,561,109.0
2023-05-19,2247,A,200,304.5
2023-05-26,2704,A,1496,41.45
2023-05-26,5864,A,3341,17.95
2023-05-26,9943,A,757,80.8
2023-05-26,6139,A,957,63.9
2023-05-26,2323,A,5742,10.85
2023-05-26,5243,A,754,82.6
2023-05-26,2421,A,737,84.5
2023-05-26,3617,A,321,193.5
2023-05-26,2427,A,2558,24.35
2023-05-26,2399,A,3017,20.65
2023-05-26,2722,A,914,68.1
2023-05-26,3014,A,563,110.5
2023-05-26,3231,A,958,65.0
2023-05-26,8905,A,2159,28.85
2023-05-26,2206,A,887,70.2
2023-06-02,5864,A,1785,17.95
2023-06-02,2323,A,3277,10.85
2023-06-02,2421,A,457,84.5
2023-06-02,2427,A,1361,24.35
2023-06-02,3231,A,565,65.0
2023-06-02,8905,A,1245,28.85
2023-06-02,2206,A,456,70.2
2023-06-02,1525,A,363,110.5
2023-06-02,6579,A,291,137.5
2023-06-02,2618,A,1101,36.45
2023-06-02,5508,A,572,70.1
2023-06-02,6124,A,1145,35.05
2023-06-02,2352,A,946,42.4
2023-06-02,2376,A,197,203.0
2023-06-02,8422,A,193,207.5
2023-06-02,3443,B,93,1425.0
2023-06-02,2382,B,1133,118.0
2023-06-02,1519,B,846,158.0
2023-06-09,5864,A,1785,17.95
2023-06-09,2323,A,3277,10.85
2023-06-09,3231,B,1885,70.602
2023-06-09,2206,A,456,70.2
2023-06-09,5508,A,572,70.1
2023-06-09,2352,A,946,42.4
2023-06-09,2376,A,197,203.0
2023-06-09,3443,B,93,1425.0
2023-06-09,2382,B,1133,118.0
2023-06-09,6187,A,455,90.6
2023-06-09,2486,A,949,43.5
2023-06-09,9943,A,408,101.0
2023-06-09,2704,A,789,52.3
2023-06-09,3515,A,205,201.0
2023-06-09,2630,A,672,61.4
2023-06-09,8112,A,834,49.45
2023-06-09,6016,A,3104,13.3
2023-06-09,6125,A,923,44.7
2023-06-16,5864,A,1785,17.95
2023-06-16,2323,A,3277,10.85
2023-06-16,3231,B,1885,70.602
2023-06-16,2352,A,946,42.4
2023-06-16,2376,A,197,203.0
2023-06-16,3443,B,93,1425.0
2023-06-16,2382,B,1133,118.0
2023-06-16,2486,A,949,43.5
2023-06-16,6016,A,3104,13.3
2023-06-16,4533,A,1870,25.15
2023-06-16,1449,A,2157,21.8
2023-06-16,4979,A,510,92.1
2023-06-16,6189,A,1063,44.25
2023-06-16,2618,A,1170,40.2
2023-06-16,6235,A,280,167.5
2023-06-16,2425,A,1164,40.4
2023-06-16,2383,A,192,244.0
2023-06-30,3231,B,1240,70.602
2023-06-30,2376,B,462,226.231
2023-06-30,2382,B,741,118.0
2023-06-30,2486,A,949,43.5
2023-06-30,4533,A,1870,25.15
2023-06-30,4979,A,510,92.1
2023-06-30,2618,B,2828,39.965
2023-06-30,2059,A,72,663.0
2023-06-30,3089,A,400,120.5
2023-06-30,2371,A,888,54.3
2023-06-30,4106,A,1257,38.35
2023-06-30,8085,A,960,50.2
2023-06-30,5356,A,1521,31.7
2023-06-30,6191,A,1050,45.9
2023-06-30,1522,A,1298,37.15
2023-06-30,6124,A,1040,46.35
2023-06-30,2886,A,1262,38.2
2023-07-07,3231,B,1240,70.602
2023-07-07,2376,B,462,226.231
2023-07-07,2382,B,741,118.0
2023-07-07,4533,A,1408,25.15
2023-07-07,4979,A,363,92.1
2023-07-07,2618,B,2828,39.965
2023-07-07,3089,A,400,120.5
2023-07-07,6191,A,1050,45.9
2023-07-07,6451,A,413,122.5
2023-07-07,6125,A,609,83.0
2023-07-07,5864,A,1659,30.5
2023-07-07,3035,A,207,244.5
2023-07-07,3289,A,443,114.0
2023-07-07,1603,A,1373,36.85
2023-07-07,4583,A,192,263.5
2023-07-07,4207,A,2951,17.15
2023-07-07,6187,A,464,109.0
2023-07-07,8050,A,521,97.1
2023-07-14,3231,B,888,70.602
2023-07-14,2376,B,462,226.231
2023-07-14,2382,B,741,118.0
2023-07-14,4979,A,363,92.1
2023-07-14,2618,B,2828,39.965
2023-07-14,3089,A,400,120.5
2023-07-14,6451,A,413,122.5
2023-07-14,3035,A,207,244.5
2023-07-14,3289,A,443,114.0
2023-07-14,3284,A,2830,20.55
2023-07-14,2059,A,72,800.0
2023-07-14,5234,A,405,143.5
2023-07-14,2383,A,189,306.5
2023-07-14,1535,A,929,62.6
2023-07-14,6139,A,714,81.4
2023-07-14,2539,A,1267,45.9
2023-07-14,1229,A,818,71.1
2023-07-21,3231,B,888,70.602
2023-07-21,2376,B,462,226.231
2023-07-21,2382,B,741,118.0
2023-07-21,4979,A,363,92.1
2023-07-21,3035,A,145,244.5
2023-07-21,2059,A,72,800.0
2023-07-21,2383,A,189,306.5
2023-07-21,2539,A,1267,45.9
2023-07-21,3483,A,361,151.5
2023-07-21,6187,A,417,131.0
2023-07-21,6579,A,286,191.0
2023-07-21,3013,A,963,56.8
2023-07-21,8210,A,242,225.5
2023-07-21,2356,A,816,67.0
2023-07-21,6442,A,728,75.1
2023-07-21,4908,A,945,57.9
2023-07-28,3231,B,888,70.602
2023-07-28,2376,B,462,226.231
2023-07-28,2382,B,513,118.0
2023-07-28,4979,A,273,92.1
2023-07-28,2059,A,72,800.0
2023-07-28,2383,A,130,306.5
2023-07-28,2539,A,1267,45.9
2023-07-28,3483,A,361,151.5
2023-07-28,6187,A,417,131.0
2023-07-28,6579,A,286,191.0
2023-07-28,1587,A,1977,27.4
2023-07-28,4763,A,57,950.0
2023-07-28,2851,A,2220,24.4
2023-07-28,4953,A,324,167.0
2023-07-28,3014,A,342,158.0
2023-07-28,3017,A,153,352.0
2023-08-04,3231,B,888,70.602
2023-08-04,2376,B,462,226.231
2023-08-04,2382,B,513,118.0
2023-08-04,4979,A,273,92.1
2023-08-04,2383,A,130,306.5
2023-08-04,2539,A,975,45.9
2023-08-04,6579,A,286,191.0
2023-08-04,4763,A,57,950.0
2023-08-04,2851,A,2220,24.4
2023-08-04,3014,A,342,158.0
2023-08-04,3017,A,153,352.0
2023-08-04,6186,A,968,49.65
2023-08-04,2329,A,1022,47.0
2023-08-04,5508,A,634,75.8
2023-08-04,3363,A,705,68.1
2023-08-04,2425,A,931,51.6
2023-08-04,2886,A,1213,39.6
2023-08-04,1535,A,821,58.5
2023-08-04,3583,A,215,223.5
2023-08-04,2301,B,858,140.0
2023-08-11,2383,A,191,337.958
2023-08-11,2539,A,1631,46.584
2023-08-11,2851,A,3106,24.571
2023-08-11,3014,A,566,149.689
2023-08-11,3017,A,241,340.68
2023-08-11,2329,A,1710,46.356
2023-08-11,2425,A,1451,52.281
2023-08-11,3583,A,356,221.322
2023-08-11,2301,A,567,140.0
2023-08-11,2488,A,2145,36.2
2023-08-11,8930,A,2601,29.85
2023-08-11,3483,A,530,146.5
2023-08-11,6191,A,1490,52.1
2023-08-11,1477,A,252,308.0
2023-08-11,6535,A,1248,62.2
2023-08-18,2383,A,191,337.958
2023-08-18,3017,A,241,340.68
2023-08-18,2329,A,1710,46.356
2023-08-18,2425,A,1451,52.281
2023-08-18,3583,A,356,221.322
2023-08-18,2301,A,567,140.0
2023-08-18,2488,A,2145,36.2
2023-08-18,8930,A,2601,29.85
2023-08-18,6191,A,1490,52.1
2023-08-18,2363,A,2963,26.4
2023-08-18,2368,A,384,203.5
2023-08-18,6139,A,869,90.0
2023-08-18,2059,A,86,906.0
2023-08-18,3035,A,238,328.0
2023-08-25,2383,A,191,337.958
2023-08-25,3017,A,241,340.68
2023-08-25,2329,A,1710,46.356
2023-08-25,2301,A,567,140.0
2023-08-25,2488,A,2145,36.2
2023-08-25,6191,A,1490,52.1
2023-08-25,2363,A,2348,26.4
2023-08-25,2368,A,384,203.5
2023-08-25,6139,A,869,90.0
2023-08-25,2516,A,10140,7.8
2023-08-25,1477,A,234,337.0
2023-08-25,2538,A,5273,15.0
2023-08-25,2360,A,280,281.5
2023-08-25,2376,A,230,342.5
2023-08-25,8210,A,349,226.5
2023-09-01,2383,A,191,337.958
2023-09-01,2329,A,1710,46.356
2023-09-01,6191,A,1490,52.1
2023-09-01,2363,A,2348,26.4
2023-09-01,2368,A,384,203.5
2023-09-01,6139,A,869,90.0
2023-09-01,2516,A,10140,7.8
2023-09-01,1477,A,234,337.0
2023-09-01,8927,A,1201,65.0
2023-09-01,3311,A,1833,42.6
2023-09-01,3715,A,1372,56.9
2023-09-01,2331,A,1940,40.25
2023-09-01,2816,A,2892,27.0
2023-09-01,4763,A,78,990.0
2023-09-01,8930,A,2692,29.0
2023-09-08,6191,A,1490,52.1
2023-09-08,2363,A,2348,26.4
2023-09-08,2516,A,10140,7.8
2023-09-08,8927,A,1201,65.0
2023-09-08,3311,A,1833,42.6
2023-09-08,3715,A,1372,56.9
2023-09-08,2816,A,2892,27.0
2023-09-08,4763,A,78,990.0
2023-09-08,8930,A,2692,29.0
2023-09-08,3548,A,681,118.5
2023-09-08,6165,A,2071,39.0
2023-09-08,2485,A,2859,28.25
2023-09-08,6173,A,1623,49.75
2023-09-08,4908,A,1339,60.3
2023-09-08,3014,A,497,162.5
2023-09-15,6191,A,1490,52.1
2023-09-15,2363,A,2348,26.4
2023-09-15,3311,A,1833,42.6
2023-09-15,3715,A,1372,56.9
2023-09-15,2816,A,2892,27.0
2023-09-15,4763,A,78,990.0
2023-09-15,3548,A,681,118.5
2023-09-15,4908,A,1339,60.3
2023-09-15,3014,A,497,162.5
2023-09-15,8068,A,1944,42.7
2023-09-15,8081,A,299,277.5
2023-09-15,2025,A,11113,7.47
2023-09-15,1319,A,1120,74.1
2023-09-15,8016,A,274,302.5
2023-09-15,1582,A,1078,65.0
2023-09-22,2816,A,2892,27.0
2023-09-22,3548,A,681,118.5
2023-09-22,4908,A,1339,60.3
2023-09-22,8068,A,1944,42.7
2023-09-22,8081,A,299,277.5
2023-09-22,2025,A,11113,7.47
2023-09-22,1319,A,1120,74.1
2023-09-22,3036,A,843,96.0
2023-09-22,3709,A,2342,34.55
2023-09-22,1522,A,1860,43.5
2023-09-22,3090,A,1340,60.4
2023-09-22,1339,A,1455,55.6
2023-09-22,9929,A,5307,15.25
2023-09-22,5533,A,4204,19.25
2023-09-22,9930,A,1364,59.3
2023-10-06,3548,A,681,118.5
2023-10-06,4908,A,1339,60.3
2023-10-06,8081,A,299,277.5
2023-10-06,2025,A,11113,7.47
2023-10-06,1319,A,1120,74.1
2023-10-06,3036,A,843,96.0
2023-10-06,3709,A,2342,34.55
2023-10-06,1522,A,1860,43.5
2023-10-06,1339,A,1455,55.6
2023-10-06,5533,A,4204,19.25
2023-10-06,9930,A,1364,59.3
2023-10-06,2417,A,2395,34.25
2023-10-06,3715,A,882,93.0
2023-10-06,2543,A,5544,14.8
2023-10-06,2363,A,2205,37.2
2023-10-13,3548,A,681,118.5
2023-10-13,4908,A,1034,60.3
2023-10-13,2025,A,11113,7.47
2023-10-13,1319,A,1120,74.1
2023-10-13,3036,A,843,96.0
2023-10-13,1339,A,1455,55.6
2023-10-13,5533,A,4204,19.25
2023-10-13,2417,A,2395,34.25
2023-10-13,3715,A,882,93.0
2023-10-13,2543,A,5544,14.8
2023-10-13,2363,A,1755,37.2
2023-10-13,1477,A,232,360.0
2023-10-13,3051,A,2673,31.3
2023-10-13,3090,A,1406,59.5
2023-10-13,2368,A,375,223.0
2023-10-20,4908,A,1034,60.3
2023-10-20,1319,A,1120,74.1
2023-10-20,3036,A,843,96.0
2023-10-20,1339,A,1455,55.6
2023-10-20,3715,A,882,93.0
2023-10-20,2543,A,5544,14.8
2023-10-20,2363,A,1755,37.2
2023-10-20,1477,A,232,360.0
2023-10-20,2233,A,588,140.5
2023-10-20,3702,A,1218,67.8
2023-10-20,9946,A,4775,17.3
2023-10-20,3679,A,806,102.5
2023-10-20,2516,A,9078,9.1
2023-10-20,3276,A,3538,23.35
2023-10-20,2816,A,2419,34.15
2023-10-27,4908,A,1034,60.3
2023-10-27,3036,A,843,96.0
2023-10-27,2543,A,5544,14.8
2023-10-27,2363,A,1755,37.2
2023-10-27,2233,A,588,140.5
2023-10-27,3702,A,1218,67.8
2023-10-27,9946,A,4775,17.3
2023-10-27,3679,A,806,102.5
2023-10-27,2516,A,9078,9.1
2023-10-27,3276,A,3538,23.35
2023-10-27,2816,A,2419,34.15
2023-10-27,5521,A,8907,9.36
2023-10-27,1582,A,1244,67.0
2023-10-27,3548,A,597,139.5
2023-10-27,3051,A,2621,31.8
2023-11-03,4908,A,1034,60.3
2023-11-03,3036,A,843,96.0
2023-11-03,2543,A,4418,14.8
2023-11-03,2363,A,1755,37.2
2023-11-03,2233,A,588,140.5
2023-11-03,3702,A,1218,67.8
2023-11-03,9946,A,4775,17.3
2023-11-03,2516,A,9078,9.1
2023-11-03,2816,A,2419,34.15
2023-11-03,5521,A,8907,9.36
2023-11-03,1582,A,1244,67.0
2023-11-03,3548,A,597,139.5
2023-11-03,5508,A,1002,85.0
2023-11-03,2417,A,2449,34.8
2023-11-03,8016,A,301,283.0
2023-11-10,3036,A,371,96.0
2023-11-10,2543,A,2408,14.8
2023-11-10,2363,B,3789,41.441
2023-11-10,3702,A,711,67.8
2023-11-10,9946,A,2757,17.3
2023-11-10,1582,A,705,67.0
2023-11-10,3548,A,287,139.5
2023-11-10,5508,A,595,85.0
2023-11-10,3376,A,457,112.0
2023-11-10,5519,A,1885,27.2
2023-11-10,9924,A,1064,48.15
2023-11-10,1713,A,1243,41.25
2023-11-10,2385,A,351,146.0
2023-11-10,8163,A,997,51.4
2023-11-10,2850,A,722,71.0
2023-11-10,4967,A,588,87.1
2023-11-10,3661,B,53,3200.0
2023-11-10,3715,B,2118,80.7
2023-11-17,2543,A,1643,14.8
2023-11-17,2363,B,5598,43.884
2023-11-17,9946,A,2757,17.3
2023-11-17,1582,A,705,67.0
2023-11-17,5508,A,595,85.0
2023-11-17,3376,A,457,112.0
2023-11-17,5519,A,1885,27.2
2023-11-17,9924,A,1064,48.15
2023-11-17,1713,A,1243,41.25
2023-11-17,2385,A,351,146.0
2023-11-17,3715,B,2937,84.241
2023-11-17,3402,A,929,59.0
2023-11-17,5213,A,1835,29.9
2023-11-17,2439,A,512,107.0
2023-11-17,6122,A,755,72.6
2023-11-17,2387,A,942,58.2
2023-11-17,4129,A,663,82.7
2023-11-24,2543,A,1643,14.8
2023-11-24,2363,B,5598,43.884
2023-11-24,9946,A,2757,17.3
2023-11-24,1582,A,705,67.0
2023-11-24,9924,A,1064,48.15
2023-11-24,3715,B,2937,84.241
2023-11-24,3402,A,929,59.0
2023-11-24,5213,A,1835,29.9
2023-11-24,2439,A,512,107.0
2023-11-24,4129,A,663,82.7
2023-11-24,3545,A,437,125.0
2023-11-24,5533,A,2313,23.65
2023-11-24,2547,A,5610,9.75
2023-11-24,1515,A,907,60.3
2023-11-24,2029,A,1939,28.2
2023-11-24,2539,A,1097,49.85
2023-11-24,2355,A,1098,49.8
2023-12-01,2363,B,5598,43.884
2023-12-01,1582,A,705,67.0
2023-12-01,3715,B,2937,84.241
2023-12-01,3402,A,929,59.0
2023-12-01,5213,A,1835,29.9
2023-12-01,2439,A,512,107.0
2023-12-01,3545,A,437,125.0
2023-12-01,3437,A,1752,32.85
2023-12-01,5478,A,329,174.5
2023-12-01,2467,A,943,61.0
2023-12-01,1616,A,4217,13.65
2023-12-01,6186,A,961,59.9
2023-12-01,1733,A,1975,29.15
2023-12-01,3266,A,3299,17.45
2023-12-01,2313,A,798,72.1
2023-12-08,5213,A,1835,29.9
2023-12-08,3437,A,1752,32.85
2023-12-08,5478,A,329,174.5
2023-12-08,2467,A,943,61.0
2023-12-08,1616,A,4217,13.65
2023-12-08,3266,A,3299,17.45
2023-12-08,2313,B,2013,70.229
2023-12-08,4939,A,2596,21.4
2023-12-08,2211,A,623,89.1
2023-12-08,1514,A,634,87.6
2023-12-08,2385,A,315,176.0
2023-12-08,2476,A,807,68.8
2023-12-08,3390,A,2120,26.2
2023-12-08,6121,A,132,418.0
2023-12-08,2612,A,968,57.4
2023-12-08,2472,A,789,70.4
2023-12-08,3661,B,41,3335.0
2023-12-08,1519,B,378,367.0
2023-12-08,2329,B,2292,60.6
2023-12-15,2313,B,2013,70.229
2023-12-15,4939,A,2596,21.4
2023-12-15,2211,A,623,89.1
2023-12-15,1514,A,634,87.6
2023-12-15,2385,A,315,176.0
2023-12-15,2476,A,807,68.8
2023-12-15,3390,A,2120,26.2
2023-12-15,6121,A,132,418.0
2023-12-15,2472,A,789,70.4
2023-12-15,3661,B,41,3335.0
2023-12-15,1519,B,378,367.0
2023-12-15,6239,A,365,152.5
2023-12-15,5515,A,3097,18.0
2023-12-15,8930,A,1359,41.0
2023-12-15,8112,A,819,68.0
2023-12-15,3293,A,69,800.0
2023-12-15,5521,A,3845,14.5
2023-12-15,5426,A,2034,27.4
2023-12-15,3715,B,1548,90.0
2023-12-22,2313,B,2013,70.229
2023-12-22,2211,A,623,89.1
2023-12-22,1519,B,558,352.161
2023-12-22,6239,A,365,152.5
2023-12-22,8930,A,1359,41.0
2023-12-22,5521,A,3845,14.5
2023-12-22,5426,A,2034,27.4
2023-12-22,2505,A,2401,22.4
2023-12-22,1733,A,1480,36.35
2023-12-22,2031,A,887,60.6
2023-12-22,3296,A,2724,19.75
2023-12-22,2636,A,565,95.1
2023-12-22,5213,A,1500,35.85
2023-12-22,3211,A,544,98.9
2023-12-22,4109,A,3146,17.1
2023-12-22,3008,A,20,2650.0
2023-12-22,1104,A,1805,29.8
2023-12-22,2329,B,3248,55.2
2023-12-29,2313,B,2013,70.229
2023-12-29,2211,A,623,89.1
2023-12-29,1519,B,558,352.161
2023-12-29,5426,A,2034,27.4
2023-12-29,2505,A,2401,22.4
2023-12-29,1733,A,1480,36.35
2023-12-29,3296,A,2724,19.75
2023-12-29,5213,A,1500,35.85
2023-12-29,4109,A,3146,17.1
2023-12-29,3008,A,20,2650.0
2023-12-29,2329,B,3248,55.2
2023-12-29,2353,A,994,53.8
2023-12-29,2357,A,109,489.5
2023-12-29,9935,A,2405,22.25
2023-12-29,8039,A,1091,49.05
2023-12-29,6873,A,410,130.5
2023-12-29,3390,A,1820,29.4
2023-12-29,5403,A,467,114.5
2024-01-05,2313,B,2013,70.229
2024-01-05,2211,A,623,89.1
2024-01-05,1519,B,558,352.161
2024-01-05,2505,A,2401,22.4
2024-01-05,4109,A,3146,17.1
2024-01-05,2329,B,3248,55.2
2024-01-05,2353,A,994,53.8
2024-01-05,9935,A,2405,22.25
2024-01-05,6873,A,410,130.5
2024-01-05,3390,A,1820,29.4
2024-01-05,5403,A,467,114.5
2024-01-05,5244,A,1189,44.25
2024-01-05,2611,A,2868,18.35
2024-01-05,1615,A,1154,45.6
2024-01-05,1325,A,1224,43.0
2024-01-05,8103,A,1151,45.7
2024-01-05,3402,A,720,73.1
2024-01-05,2548,A,544,96.6
2024-01-12,2313,B,2013,70.229
2024-01-12,2211,A,623,89.1
2024-01-12,1519,B,357,352.161
2024-01-12,2505,A,2401,22.4
2024-01-12,2329,B,2297,55.2
2024-01-12,2353,B,1134,52.96
2024-01-12,6873,A,410,130.5
2024-01-12,5403,A,467,114.5
2024-01-12,5244,A,1189,44.25
2024-01-12,1615,A,1154,45.6
2024-01-12,6219,A,1612,32.7
2024-01-12,6416,A,475,111.0
2024-01-12,5426,A,1821,28.95
2024-01-12,6186,A,881,59.8
2024-01-12,2348,A,562,93.7
2024-01-12,3293,A,68,767.0
2024-01-12,2527,A,1917,27.5
2024-01-12,2467,A,775,68.0
2024-01-12,9939,A,420,125.5
2024-01-19,2211,A,623,89.1
2024-01-19,1519,B,509,352.86
2024-01-19,2329,B,2297,55.2
2024-01-19,2353,B,3927,47.974
2024-01-19,6873,A,410,130.5
2024-01-19,5403,A,467,114.5
2024-01-19,5244,A,1189,44.25
2024-01-19,1615,A,1154,45.6
2024-01-19,6219,A,1612,32.7
2024-01-19,6416,A,475,111.0
2024-01-19,5426,A,1435,28.95
2024-01-19,3293,A,68,767.0
2024-01-19,9939,A,420,125.5
2024-01-19,6120,A,3203,16.9
2024-01-19,4109,A,2686,20.15
2024-01-19,3702,A,624,86.7
2024-01-19,3296,A,2547,21.25
2024-01-19,1514,A,676,80.0
2024-01-26,2211,A,623,89.1
2024-01-26,1519,B,509,352.86
2024-01-26,2329,B,2297,55.2
2024-01-26,2353,B,3927,47.974
2024-01-26,6873,A,410,130.5
2024-01-26,5403,A,467,114.5
2024-01-26,5244,A,1189,44.25
2024-01-26,1615,A,1154,45.6
2024-01-26,6219,A,1612,32.7
2024-01-26,5426,A,1435,28.95
2024-01-26,4109,A,2686,20.15
2024-01-26,3702,A,624,86.7
2024-01-26,3296,A,2547,21.25
2024-01-26,6869,A,456,121.0
2024-01-26,8027,A,635,87.0
2024-01-26,3265,A,468,118.0
2024-01-26,4129,A,549,100.5
2024-01-26,2527,A,1885,29.3
2024-02-02,2211,A,623,89.1
2024-02-02,1519,B,294,352.86
2024-02-02,2329,B,2297,55.2
2024-02-02,2353,B,3118,47.974
2024-02-02,6873,A,410,130.5
2024-02-02,5403,A,467,114.5
2024-02-02,1615,A,1154,45.6
2024-02-02,6219,A,1612,32.7
2024-02-02,8027,A,635,87.0
2024-02-02,3265,A,468,118.0
2024-02-02,2527,A,1885,29.3
2024-02-02,3535,A,2269,25.25
2024-02-02,6265,A,3650,15.7
2024-02-02,3605,A,1496,38.3
2024-02-02,1713,A,1176,48.7
2024-02-02,3376,A,328,174.5
2024-02-02,2467,A,660,86.8
2024-02-02,3293,A,68,838.0
2024-02-02,3017,B,116,478.0
2024-02-16,1519,B,294,352.86
2024-02-16,6873,A,410,130.5
2024-02-16,6219,A,1612,32.7
2024-02-16,8027,A,635,87.0
2024-02-16,3265,A,468,118.0
2024-02-16,3376,A,328,174.5
2024-02-16,2467,A,660,86.8
2024-02-16,3017,B,291,497.244
2024-02-16,6584,A,391,175.0
2024-02-16,3289,A,521,131.5
2024-02-16,6442,A,611,112.0
2024-02-16,6187,A,300,228.0
2024-02-16,6201,A,1070,64.0
2024-02-16,2330,A,100,683.0
2024-02-16,3402,A,744,92.0
2024-02-16,3661,B,35,4185.0
2024-02-16,3036,B,911,163.0
2024-02-23,1519,B,294,352.86
2024-02-23,2467,A,482,86.8
2024-02-23,3017,B,291,497.244
2024-02-23,6442,A,451,112.0
2024-02-23,6187,A,300,228.0
2024-02-23,3661,B,35,4185.0
2024-02-23,8064,A,2225,29.45
2024-02-23,5443,A,1310,50.0
2024-02-23,8182,A,1711,38.3
2024-02-23,3362,A,250,261.5
2024-02-23,2539,A,1057,62.0
2024-02-23,3663,A,1390,47.15
2024-02-23,6189,A,799,82.0
2024-02-23,6290,A,738,88.8
2024-02-23,5225,A,719,91.1
2024-02-23,4994,A,850,77.1
2024-02-23,2329,B,1983,77.1
2024-03-01,3017,B,291,497.244
2024-03-01,6442,A,451,112.0
2024-03-01,3661,B,47,4224.574
2024-03-01,8064,A,2225,29.45
2024-03-01,6290,A,738,88.8
2024-03-01,4994,A,850,77.1
2024-03-01,3312,A,1473,42.15
2024-03-01,6208,A,987,62.9
2024-03-01,3363,A,515,120.5
2024-03-01,6227,A,1037,59.9
2024-03-01,1445,A,2403,25.85
2024-03-01,4303,A,1350,46.0
2024-03-01,6584,A,325,191.0
2024-03-01,8931,A,1038,59.8
2024-03-01,1513,A,363,171.0
2024-03-01,6165,A,1253,49.55
2024-03-01,6776,A,905,68.6
2024-03-01,2454,B,187,1105.0
2024-03-08,3017,B,291,497.244
2024-03-08,4994,A,632,77.1
2024-03-08,3312,A,1473,42.15
2024-03-08,3363,A,515,120.5
2024-03-08,6227,A,1037,59.9
2024-03-08,4303,A,1350,46.0
2024-03-08,6584,A,325,191.0
2024-03-08,1513,B,902,165.323
2024-03-08,6776,A,905,68.6
2024-03-08,2454,B,126,1105.0
2024-03-08,2809,A,1286,47.85
2024-03-08,2504,A,1690,36.4
2024-03-08,5443,A,1156,53.2
2024-03-08,4707,A,4491,13.7
2024-03-08,5234,A,407,151.0
2024-03-08,8099,A,1025,60.0
2024-03-08,2417,A,1208,50.9
2024-03-08,2845,A,4411,13.95
2024-03-08,5225,A,594,103.5
2024-03-08,2330,B,196,784.0
2024-03-15,3017,B,291,497.244
2024-03-15,4994,A,505,77.1
2024-03-15,1513,B,902,165.323
2024-03-15,2454,B,126,1105.0
2024-03-15,2809,A,1286,47.85
2024-03-15,8099,A,1025,60.0
2024-03-15,2845,A,4411,13.95
2024-03-15,2330,B,196,784.0
2024-03-15,2834,A,3718,16.35
2024-03-15,2527,A,1734,35.05
2024-03-15,2109,A,3695,16.45
2024-03-15,6023,A,845,71.9
2024-03-15,2548,A,570,106.5
2024-03-15,3188,A,2549,23.85
2024-03-15,2883,A,4296,14.15
2024-03-15,6026,A,3897,15.6
2024-03-15,2850,A,743,81.8
2024-03-15,6005,A,3268,18.6
2024-03-15,2597,A,405,150.0
2024-03-22,4994,A,505,77.1
2024-03-22,1513,B,902,165.323
2024-03-22,2454,B,185,1111.378
2024-03-22,2809,A,1286,47.85
2024-03-22,8099,A,1025,60.0
2024-03-22,2330,B,265,784.26
2024-03-22,6023,A,845,71.9
2024-03-22,2548,A,570,106.5
2024-03-22,2317,A,429,145.5
2024-03-22,6128,A,1597,39.15
2024-03-22,6605,A,312,200.0
2024-03-22,5312,A,590,106.0
2024-03-22,1503,A,228,274.0
2024-03-22,2611,A,2584,24.2
2024-03-22,4938,A,613,102.0
2024-03-22,4915,A,740,84.5
2024-03-22,6239,A,320,195.0
2024-03-22,3498,A,1577,39.65
2024-03-29,1513,B,902,165.323
2024-03-29,8099,A,814,60.0
2024-03-29,2330,B,265,784.26
2024-03-29,6023,A,845,71.9
2024-03-29,2548,A,570,106.5
2024-03-29,2317,A,429,145.5
2024-03-29,6128,A,1597,39.15
2024-03-29,2359,A,876,72.5
2024-03-29,6177,A,1526,41.6
2024-03-29,1442,A,1411,45.0
2024-03-29,3188,A,2252,28.2
2024-03-29,1608,A,2127,29.85
2024-03-29,2505,A,2297,27.65
2024-03-29,5534,A,718,88.4
2024-03-29,4513,A,2272,27.95
2024-03-29,9911,A,756,84.0
2024-03-29,2903,A,2145,29.6
2024-03-29,3017,B,387,546.0
2024-04-12,1513,B,902,165.323
2024-04-12,2330,B,265,784.26
2024-04-12,2548,A,570,106.5
2024-04-12,2317,B,1160,148.651
2024-04-12,2359,A,676,72.5
2024-04-12,1442,A,1411,45.0
2024-04-12,5534,A,718,88.4
2024-04-12,4513,A,1647,27.95
2024-04-12,3017,B,279,546.0
2024-04-12,2504,A,1610,43.4
2024-04-12,6005,A,3212,21.75
2024-04-12,5371,A,712,98.1
2024-04-12,3703,A,2146,32.55
2024-04-12,2393,A,1151,60.7
2024-04-12,2809,A,1265,55.2
2024-04-12,2855,A,2602,26.85
2024-04-12,9946,A,2336,29.9
2024-04-12,1514,A,415,168.0
2024-04-19,1513,B,902,165.323
2024-04-19,2330,B,265,784.26
2024-04-19,2317,B,1160,148.651
2024-04-19,1442,A,1411,45.0
2024-04-19,5534,A,567,88.4
2024-04-19,3017,B,279,546.0
2024-04-19,2504,A,1610,43.4
2024-04-19,6005,A,3212,21.75
2024-04-19,3703,A,2146,32.55
2024-04-19,2393,A,1151,60.7
2024-04-19,4935,A,1150,60.6
2024-04-19,1612,A,1696,41.1
2024-04-19,6186,A,882,79.0
2024-04-19,1608,A,1642,42.45
2024-04-19,2374,A,1676,41.6
2024-04-19,3501,A,1162,60.0
2024-04-19,6873,A,353,197.0
2024-04-19,5508,A,427,163.0
2024-04-26,1513,B,902,165.323
2024-04-26,2330,B,265,784.26
2024-04-26,2317,B,1160,148.651
2024-04-26,1442,A,1411,45.0
2024-04-26,5534,A,567,88.4
2024-04-26,3703,A,2146,32.55
2024-04-26,4935,A,1150,60.6
2024-04-26,6186,A,882,79.0
2024-04-26,2101,A,1178,59.5
2024-04-26,6177,A,1252,56.0
2024-04-26,9946,A,1870,37.5
2024-04-26,2536,A,1796,39.05
2024-04-26,2501,A,1855,37.8
2024-04-26,2545,A,1226,57.2
2024-04-26,2534,A,2713,25.85
2024-04-26,1457,A,2978,23.55
2024-04-26,2903,A,2096,33.45
2024-04-26,2546,A,649,108.0
2024-04-26,2371,B,2597,67.5
2024-05-03,1513,B,902,165.323
2024-05-03,2330,B,265,784.26
2024-05-03,2317,B,1160,148.651
2024-05-03,1442,A,1411,45.0
2024-05-03,5534,A,567,88.4
2024-05-03,4935,A,1150,60.6
2024-05-03,6186,A,882,79.0
2024-05-03,2101,A,1178,59.5
2024-05-03,6177,A,1252,56.0
2024-05-03,9946,A,1870,37.5
2024-05-03,2545,A,1226,57.2
2024-05-03,2534,A,2713,25.85
2024-05-03,5508,A,316,229.5
2024-05-03,1532,A,1308,55.5
2024-05-03,3512,A,1535,47.3
2024-05-03,3679,A,495,146.5
2024-05-03,2520,A,1190,61.0
2024-05-03,3017,B,274,662.0
2024-05-10,2330,B,265,784.26
2024-05-10,2317,B,1160,148.651
2024-05-10,4935,A,1150,60.6
2024-05-10,6186,A,882,79.0
2024-05-10,6177,A,1252,56.0
2024-05-10,3679,A,495,146.5
2024-05-10,3017,B,274,662.0
2024-05-10,1614,A,1410,49.6
2024-05-10,2540,A,426,164.0
2024-05-10,2852,A,2792,25.05
2024-05-10,3491,A,328,213.0
2024-05-10,6768,A,761,91.8
2024-05-10,3501,A,1110,63.0
2024-05-10,1446,A,1350,51.8
2024-05-10,3030,A,566,123.5
2024-05-10,5522,A,874,80.0
2024-05-10,6024,A,1165,60.0
2024-05-10,3188,A,2119,33.0
2024-05-10,2371,B,2728,64.1
2024-05-17,2330,B,212,784.26
2024-05-17,2317,B,1160,148.651
2024-05-17,3017,B,274,662.0
2024-05-17,2540,A,426,164.0
2024-05-17,2852,A,2792,25.05
2024-05-17,3491,A,328,213.0
2024-05-17,6768,A,761,91.8
2024-05-17,3501,A,1110,63.0
2024-05-17,1446,A,1350,51.8
2024-05-17,3030,A,566,123.5
2024-05-17,2609,A,995,71.0
2024-05-17,4903,A,3133,22.55
2024-05-17,3303,A,1655,42.7
2024-05-17,2905,A,4257,16.6
2024-05-17,2613,A,2441,28.95
2024-05-17,2374,A,1226,57.6
2024-05-17,2611,A,2265,31.2
2024-05-17,6023,A,786,89.8
2024-05-17,1519,B,238,741.0
2024-05-24,2330,B,212,784.26
2024-05-24,2317,B,1160,148.651
2024-05-24,3017,B,274,662.0
2024-05-24,3491,A,250,213.0
2024-05-24,3030,A,426,123.5
2024-05-24,2609,A,995,71.0
2024-05-24,3303,A,1655,42.7
2024-05-24,2613,A,2441,28.95
2024-05-24,2374,A,1226,57.6
2024-05-24,2392,A,1003,72.2
2024-05-24,6609,A,1656,43.75
2024-05-24,2359,A,422,171.5
2024-05-24,2451,A,647,112.0
2024-05-24,2362,A,1176,61.6
2024-05-24,2367,A,1940,37.35
2024-05-24,6446,A,170,424.0
2024-05-24,2867,A,10295,7.04
2024-05-24,1227,A,1738,41.7
2024-05-31,2330,B,300,795.037
2024-05-31,2317,B,1160,148.651
2024-05-31,3017,B,274,662.0
2024-05-31,3030,A,426,123.5
2024-05-31,2609,A,995,71.0
2024-05-31,2613,A,1836,28.95
2024-05-31,2392,A,1003,72.2
2024-05-31,6609,A,1656,43.75
2024-05-31,2359,A,422,171.5
2024-05-31,2451,A,647,112.0
2024-05-31,8374,A,1127,65.7
2024-05-31,2615,A,929,79.7
2024-05-31,3312,A,1098,67.4
2024-05-31,6160,A,2428,30.5
2024-05-31,6161,A,1265,58.5
2024-05-31,2365,A,2074,35.7
2024-05-31,9946,A,1645,45.0
2024-06-07,2330,B,300,795.037
2024-06-07,2317,B,1160,148.651
2024-06-07,3017,B,399,648.842
2024-06-07,2609,A,995,71.0
2024-06-07,2613,A,1836,28.95
2024-06-07,6609,A,1656,43.75
2024-06-07,8374,A,1127,65.7
2024-06-07,2615,A,929,79.7
2024-06-07,6161,A,1265,58.5
2024-06-07,4566,A,916,81.2
2024-06-07,1110,A,3067,24.25
2024-06-07,3491,A,267,278.5
2024-06-07,1446,A,1231,60.4
2024-06-07,6442,A,301,246.5
2024-06-07,3048,A,2302,32.3
2024-06-07,6446,A,153,484.0
2024-06-07,2540,A,408,182.0
2024-06-14,2330,B,213,795.037
2024-06-14,2317,B,1160,148.651
2024-06-14,2609,B,2600,73.716
2024-06-14,8374,A,1127,65.7
2024-06-14,4566,A,916,81.2
2024-06-14,3491,A,267,278.5
2024-06-14,6446,A,153,484.0
2024-06-14,3374,A,446,175.5
2024-06-14,4967,A,438,179.0
2024-06-14,5263,A,487,161.0
2024-06-14,8114,A,493,159.0
2024-06-14,4534,A,4782,16.4
2024-06-14,3501,A,1059,74.0
2024-06-14,4938,A,679,115.5
2024-06-14,2393,A,1042,75.2
2024-06-14,4915,A,712,110.0
2024-06-14,2392,A,984,79.7
2024-06-14,6223,A,146,537.0
2024-06-14,2359,B,1156,169.5
2024-06-21,2330,B,213,795.037
2024-06-21,2317,B,1160,148.651
2024-06-21,2609,B,2600,73.716
2024-06-21,4566,A,916,81.2
2024-06-21,3374,A,446,175.5
2024-06-21,5263,A,487,161.0
2024-06-21,4534,A,4782,16.4
2024-06-21,4938,A,679,115.5
2024-06-21,3591,A,2708,31.45
2024-06-21,3450,A,698,122.0
2024-06-21,1231,A,785,108.5
2024-06-21,8028,A,998,85.3
2024-06-21,3048,A,2072,41.1
2024-06-21,3406,A,132,645.0
2024-06-21,4545,A,1385,61.5
2024-06-21,2451,A,645,132.0
2024-06-21,2542,A,1613,52.8
2024-06-21,2454,B,133,1490.0
2024-06-28,2330,B,213,795.037
2024-06-28,2317,B,911,148.651
2024-06-28,2609,B,2600,73.716
2024-06-28,3450,A,698,122.0
2024-06-28,1231,A,785,108.5
2024-06-28,8028,A,998,85.3
2024-06-28,3406,A,132,645.0
2024-06-28,2542,A,1613,52.8
2024-06-28,8114,A,446,174.5
2024-06-28,8099,A,663,117.5
2024-06-28,6446,A,139,560.0
2024-06-28,6442,A,231,336.5
2024-06-28,2449,A,654,119.0
2024-06-28,3652,A,1618,48.15
2024-06-28,4707,A,5026,15.5
2024-06-28,1785,A,1193,65.3
2024-06-28,3501,A,970,80.3
2024-06-28,2845,A,4693,16.6
2024-06-28,2615,B,2198,88.6
2024-07-05,2317,B,911,148.651
2024-07-05,2609,B,2600,73.716
2024-07-05,8028,A,669,85.3
2024-07-05,8114,A,446,174.5
2024-07-05,6442,A,231,336.5
2024-07-05,3652,A,1618,48.15
2024-07-05,2615,B,2198,88.6
2024-07-05,8104,A,1403,57.9
2024-07-05,4534,A,2677,30.35
2024-07-05,8390,A,1031,78.8
2024-07-05,5443,A,745,109.0
2024-07-05,4722,A,1547,52.5
2024-07-05,3029,A,766,106.0
2024-07-05,8374,A,620,131.0
2024-07-05,6261,A,967,84.0
2024-07-05,4720,A,3330,24.4
2024-07-05,1423,A,1785,45.5
2024-07-05,2359,B,1157,175.5
2024-07-12,8028,A,669,85.3
2024-07-12,8114,A,446,174.5
2024-07-12,6442,A,165,336.5
2024-07-12,2615,B,5106,81.652
2024-07-12,8390,A,1031,78.8
2024-07-12,3029,A,766,106.0
2024-07-12,2359,B,2378,169.595
2024-07-12,4510,A,2636,29.6
2024-07-12,2881,A,849,91.9
2024-07-12,2312,A,2832,27.55
2024-07-12,3019,A,866,90.1
2024-07-12,6133,A,3506,22.25
2024-07-12,3374,A,361,216.0
2024-07-12,1569,A,2427,32.15
2024-07-12,3008,A,25,3065.0
2024-07-12,2542,A,1285,60.7
2024-07-12,4109,A,2368,32.95
2024-07-19,6442,A,165,336.5
2024-07-19,2359,B,1604,169.595
2024-07-19,4510,A,2636,29.6
2024-07-19,2312,A,2832,27.55
2024-07-19,3019,A,866,90.1
2024-07-19,2542,A,1285,60.7
2024-07-19,4109,A,2368,32.95
2024-07-19,2477,A,2668,28.3
2024-07-19,2243,A,2408,31.35
2024-07-19,6873,A,262,288.0
2024-07-19,2365,A,1183,63.8
2024-07-19,6446,A,116,648.0
2024-07-19,4907,A,829,91.0
2024-07-19,5263,A,417,181.0
2024-07-19,2524,A,1004,75.2
2024-07-19,6186,A,680,111.0
2024-07-19,2317,B,1233,204.0
2024-07-19,3450,B,1463,137.0
2024-07-26,2359,B,2241,167.721
2024-07-26,4510,A,2636,29.6
2024-07-26,2542,A,1285,60.7
2024-07-26,4109,A,2368,32.95
2024-07-26,2243,A,2408,31.35
2024-07-26,6873,A,262,288.0
2024-07-26,2365,A,1183,63.8
2024-07-26,6446,A,116,648.0
2024-07-26,4907,A,829,91.0
2024-07-26,2524,A,1004,75.2
2024-07-26,3450,B,2922,131.008
2024-07-26,2467,A,356,205.0
2024-07-26,3029,A,670,109.0
2024-07-26,8374,A,596,122.5
2024-07-26,6561,A,169,431.0
2024-07-26,3189,A,608,120.0
2024-07-26,6133,A,3608,20.25
2024-08-02,4510,A,1899,29.6
2024-08-02,2542,A,1285,60.7
2024-08-02,2243,A,2408,31.35
2024-08-02,2365,A,1183,63.8
2024-08-02,6446,A,116,648.0
2024-08-02,4907,A,829,91.0
2024-08-02,3450,B,6127,124.465
2024-08-02,6561,A,169,431.0
2024-08-02,3188,A,1443,50.3
2024-08-02,3522,A,3116,23.3
2024-08-02,3019,A,821,88.4
2024-08-02,3374,A,322,225.0
2024-08-02,2905,A,3639,19.95
2024-08-02,1110,A,3076,23.6
2024-08-02,5263,A,398,182.0
2024-08-02,4720,A,3103,23.4
2024-08-09,4510,A,3145,33.067
2024-08-09,2243,A,4403,29.56
2024-08-09,2365,A,1918,63.455
2024-08-09,6446,A,175,661.486
2024-08-09,6561,A,246,448.998
2024-08-09,3522,A,4721,24.065
2024-08-09,3019,A,1264,90.853
2024-08-09,3374,A,580,217.438
2024-08-09,2905,A,6124,19.849
2024-08-09,1540,A,2971,40.6
2024-08-09,4534,A,4526,26.65
2024-08-09,4109,A,3994,30.2
2024-08-09,2349,A,7885,15.3
2024-08-09,8028,A,1067,113.0
2024-08-16,4510,A,3145,33.067
2024-08-16,2365,A,1918,63.455
2024-08-16,6446,A,175,661.486
2024-08-16,6561,A,246,448.998
2024-08-16,3522,A,4721,24.065
2024-08-16,3019,A,1264,90.853
2024-08-16,2905,A,6124,19.849
2024-08-16,1540,A,2971,40.6
2024-08-16,8028,A,1067,113.0
2024-08-16,8043,A,2763,46.4
2024-08-16,6754,A,1463,87.6
2024-08-16,8374,A,837,153.0
2024-08-16,5263,A,637,201.0
2024-08-16,3188,A,2569,49.9
2024-08-16,5443,A,1165,110.0
2024-08-23,4510,A,3145,33.067
2024-08-23,6446,A,175,661.486
2024-08-23,6561,A,246,448.998
2024-08-23,3522,A,4721,24.065
2024-08-23,3019,A,1264,90.853
2024-08-23,1540,A,2971,40.6
2024-08-23,8028,A,1067,113.0
2024-08-23,8043,A,2763,46.4
2024-08-23,6754,A,1463,87.6
2024-08-23,8374,A,837,153.0
2024-08-23,5443,A,1165,110.0
2024-08-23,3230,A,3129,41.0
2024-08-23,2888,A,10305,12.45
2024-08-23,3374,A,493,260.0
2024-08-23,1423,A,2893,44.35
2024-08-30,4510,A,3145,33.067
2024-08-30,6446,A,175,661.486
2024-08-30,6561,A,246,448.998
2024-08-30,3019,A,1264,90.853
2024-08-30,1540,A,2971,40.6
2024-08-30,8028,A,1067,113.0
2024-08-30,8043,A,2763,46.4
2024-08-30,6754,A,1463,87.6
2024-08-30,5443,A,884,110.0
2024-08-30,3230,A,3129,41.0
2024-08-30,2888,A,10305,12.45
2024-08-30,3374,A,493,260.0
2024-08-30,6609,A,1809,73.7
2024-08-30,1776,A,6008,22.2
2024-08-30,2905,A,6538,20.4
2024-09-06,4510,A,2470,33.067
2024-09-06,6561,A,246,448.998
2024-09-06,3019,A,1264,90.853
2024-09-06,1540,A,2971,40.6
2024-09-06,8043,A,2763,46.4
2024-09-06,6754,A,1463,87.6
2024-09-06,5443,A,884,110.0
2024-09-06,3230,A,3129,41.0
2024-09-06,2888,A,10305,12.45
2024-09-06,6609,A,1809,73.7
2024-09-06,1776,A,6008,22.2
2024-09-06,4583,A,214,600.0
2024-09-06,1539,A,3821,33.6
2024-09-06,1423,A,2885,44.5
2024-09-06,8374,A,923,139.0
2024-09-13,4510,A,2470,33.067
2024-09-13,3019,A,1264,90.853
2024-09-13,1540,A,2971,40.6
2024-09-13,5443,A,884,110.0
2024-09-13,3230,A,3129,41.0
2024-09-13,2888,A,10305,12.45
2024-09-13,6609,A,1809,73.7
2024-09-13,4583,A,214,600.0
2024-09-13,1539,A,3821,33.6
2024-09-13,1423,A,2885,44.5
2024-09-13,8374,A,923,139.0
2024-09-13,6446,A,189,682.0
2024-09-13,6606,A,4186,30.9
2024-09-13,3374,A,536,241.0
2024-09-20,4510,A,2470,33.067
2024-09-20,3019,A,1264,90.853
2024-09-20,1540,A,2971,40.6
2024-09-20,5443,A,884,110.0
2024-09-20,3230,A,2438,41.0
2024-09-20,2888,A,10305,12.45
2024-09-20,4583,A,214,600.0
2024-09-20,1539,A,3821,33.6
2024-09-20,1423,A,2885,44.5
2024-09-20,8249,A,2347,56.4
2024-09-20,8074,A,4761,27.8
2024-09-20,5234,A,556,238.0
2024-09-20,4974,A,1220,108.5
2024-09-20,8028,A,1030,128.5
2024-09-27,4510,A,2470,33.067
2024-09-27,3019,A,1264,90.853
2024-09-27,1540,A,2971,40.6
2024-09-27,5443,A,884,110.0
2024-09-27,3230,A,2438,41.0
2024-09-27,4583,A,214,600.0
2024-09-27,1539,A,3821,33.6
2024-09-27,1423,A,2885,44.5
2024-09-27,8249,A,2347,56.4
2024-09-27,8074,A,4761,27.8
2024-09-27,5234,A,556,238.0
2024-09-27,4974,A,1220,108.5
2024-09-27,8028,A,1030,128.5
2024-09-27,1776,A,5524,23.6
2024-09-27,6606,A,4346,30.0
2024-10-04,1540,A,2971,40.6
2024-10-04,5443,A,884,110.0
2024-10-04,3230,A,2438,41.0
2024-10-04,4583,A,214,600.0
2024-10-04,1539,A,3821,33.6
2024-10-04,1423,A,2885,44.5
2024-10-04,8249,A,2347,56.4
2024-10-04,8074,A,4761,27.8
2024-10-04,5234,A,556,238.0
2024-10-04,4974,A,1220,108.5
2024-10-04,8028,A,1030,128.5
2024-10-04,1776,A,5524,23.6
2024-10-04,3167,A,875,143.0
2024-10-04,2033,A,5465,22.9
2024-10-04,4527,A,2180,57.4
2024-10-11,5443,A,504,110.0
2024-10-11,3230,A,1302,41.0
2024-10-11,4583,A,96,600.0
2024-10-11,8249,A,2347,56.4
2024-10-11,8074,A,2683,27.8
2024-10-11,5234,A,293,238.0
2024-10-11,4974,A,721,108.5
2024-10-11,8028,A,523,128.5
2024-10-11,3167,A,440,143.0
2024-10-11,2033,A,3479,22.9
2024-10-11,4527,A,1180,57.4
2024-10-11,8404,A,2400,29.05
2024-10-11,6438,A,382,182.5
2024-10-11,8429,A,6226,11.2
2024-10-11,2888,A,5860,11.9
2024-10-11,4909,B,1166,149.5
2024-10-11,3363,B,708,246.0
2024-10-11,3450,B,840,207.5
2024-10-11,6187,B,355,490.0
2024-10-18,5443,A,504,110.0
2024-10-18,3230,A,1302,41.0
2024-10-18,4583,A,96,600.0
2024-10-18,8249,A,2347,56.4
2024-10-18,8074,A,2683,27.8
2024-10-18,5234,A,293,238.0
2024-10-18,4974,A,721,108.5
2024-10-18,3167,A,440,143.0
2024-10-18,2033,A,3479,22.9
2024-10-18,4527,A,1180,57.4
2024-10-18,8404,A,2400,29.05
2024-10-18,6438,A,382,182.5
2024-10-18,8429,A,6226,11.2
2024-10-18,4909,B,1166,149.5
2024-10-18,3363,B,708,246.0
2024-10-18,3450,B,840,207.5
2024-10-18,3709,A,2266,30.85
2024-10-18,1776,A,3222,21.7
2024-10-18,3013,B,1099,159.0
2024-10-25,4583,A,96,600.0
2024-10-25,8249,A,1134,56.4
2024-10-25,8074,A,2683,27.8
2024-10-25,5234,A,293,238.0
2024-10-25,2033,A,3479,22.9
2024-10-25,4527,A,1180,57.4
2024-10-25,8404,A,2400,29.05
2024-10-25,6438,A,382,182.5
2024-10-25,4909,B,1166,149.5
2024-10-25,3363,B,708,246.0
2024-10-25,3450,B,840,207.5
2024-10-25,3709,A,2266,30.85
2024-10-25,3013,B,1099,159.0
2024-10-25,6165,A,1525,50.2
2024-10-25,8240,A,1579,48.5
2024-10-25,1528,A,3664,20.9
2024-10-25,4956,A,1823,42.0
2024-10-25,4576,A,528,145.0
2024-10-25,3257,A,1084,70.6
2024-11-01,4583,A,96,600.0
2024-11-01,8249,A,1134,56.4
2024-11-01,8074,A,2683,27.8
2024-11-01,2033,A,3479,22.9
2024-11-01,8404,A,2400,29.05
2024-11-01,6438,A,382,182.5
2024-11-01,3363,B,708,246.0
2024-11-01,3450,B,840,207.5
2024-11-01,3709,A,2266,30.85
2024-11-01,3013,B,1099,159.0
2024-11-01,6165,A,1525,50.2
2024-11-01,8240,A,1579,48.5
2024-11-01,1528,A,3664,20.9
2024-11-01,4956,A,1823,42.0
2024-11-01,4576,A,528,145.0
2024-11-01,3257,A,1084,70.6
2024-11-01,6535,A,204,361.5
2024-11-01,3167,A,508,145.5
2024-11-01,6223,B,234,789.0
2024-11-08,4583,A,96,600.0
2024-11-08,8249,A,1134,56.4
2024-11-08,2033,A,3479,22.9
2024-11-08,6438,A,382,182.5
2024-11-08,3450,B,840,207.5
2024-11-08,3709,A,2266,30.85
2024-11-08,3013,B,1577,158.545
2024-11-08,6165,A,1525,50.2
2024-11-08,8240,A,1579,48.5
2024-11-08,1528,A,3664,20.9
2024-11-08,4576,A,528,145.0
2024-11-08,6535,A,204,361.5
2024-11-08,3167,A,508,145.5
2024-11-08,8937,A,621,120.0
2024-11-08,2354,A,766,97.3
2024-11-08,5234,A,303,245.5
2024-11-08,3230,A,1360,54.8
2024-11-08,6187,B,531,467.5
2024-11-15,4583,A,96,600.0
2024-11-15,8249,A,1134,56.4
2024-11-15,2033,A,3479,22.9
2024-11-15,6438,A,382,182.5
2024-11-15,3013,B,1577,158.545
2024-11-15,6165,A,1525,50.2
2024-11-15,8240,A,1579,48.5
2024-11-15,4576,A,528,145.0
2024-11-15,6535,A,204,361.5
2024-11-15,8937,A,621,120.0
2024-11-15,2354,A,766,97.3
2024-11-15,6187,B,531,467.5
2024-11-15,3706,A,1053,68.4
2024-11-15,6781,A,93,772.0
2024-11-15,3211,A,480,150.0
2024-11-15,1449,A,3060,23.55
2024-11-15,8404,A,2616,27.55
2024-11-15,3363,B,1180,203.5
2024-11-22,2033,A,3479,22.9
2024-11-22,6438,A,382,182.5
2024-11-22,3013,B,2388,157.002
2024-11-22,6165,A,1525,50.2
2024-11-22,8240,A,1579,48.5
2024-11-22,6535,A,204,361.5
2024-11-22,8937,A,491,120.0
2024-11-22,2354,B,4474,84.785
2024-11-22,3706,A,1053,68.4
2024-11-22,6781,A,93,772.0
2024-11-22,3211,A,480,150.0
2024-11-22,1449,A,3060,23.55
2024-11-22,8404,A,2616,27.55
2024-11-22,8429,A,6029,12.2
2024-11-22,3230,A,1318,55.8
2024-11-22,5234,A,313,235.0
2024-11-22,4956,A,2026,36.3
2024-11-29,6535,A,204,361.5
2024-11-29,8937,A,796,129.579
2024-11-29,3706,A,1053,68.4
2024-11-29,6781,A,93,772.0
2024-11-29,3211,A,480,150.0
2024-11-29,1449,A,4861,23.624
2024-11-29,8404,A,3880,28.267
2024-11-29,8429,A,8949,12.428
2024-11-29,8042,A,2520,45.8
2024-11-29,4931,A,1908,60.5
2024-11-29,2404,A,269,428.5
2024-11-29,6558,A,3014,38.3
2024-11-29,6199,A,1246,92.6
2024-11-29,3712,A,1651,69.9
2024-11-29,2545,A,1521,75.9
2024-12-06,8937,A,572,129.579
2024-12-06,3706,A,1053,68.4
2024-12-06,6781,A,93,772.0
2024-12-06,3211,A,337,150.0
2024-12-06,8429,A,5737,12.428
2024-12-06,8042,A,1341,45.8
2024-12-06,4931,A,1067,60.5
2024-12-06,2404,A,168,428.5
2024-12-06,6558,A,1688,38.3
2024-12-06,6199,A,664,92.6
2024-12-06,3712,A,1122,69.9
2024-12-06,4979,A,363,210.0
2024-12-06,8114,A,227,335.0
2024-12-06,5244,A,1387,55.0
2024-12-06,2610,A,2900,26.3
2024-12-06,2354,B,4374,87.2
2024-12-06,3450,B,1519,251.0
2024-12-13,3706,A,1053,68.4
2024-12-13,6781,A,93,772.0
2024-12-13,3211,A,337,150.0
2024-12-13,8429,A,5737,12.428
2024-12-13,8042,A,1341,45.8
2024-12-13,2404,A,168,428.5
2024-12-13,6558,A,1688,38.3
2024-12-13,6199,A,664,92.6
2024-12-13,3712,A,1122,69.9
2024-12-13,4979,A,363,210.0
2024-12-13,8114,A,227,335.0
2024-12-13,5244,A,1387,55.0
2024-12-13,2610,A,2900,26.3
2024-12-13,2354,B,4374,87.2
2024-12-13,3450,B,1519,251.0
2024-12-13,3029,A,462,154.0
2024-12-13,3230,A,1272,56.0
2024-12-20,3706,A,1053,68.4
2024-12-20,6781,A,72,772.0
2024-12-20,3211,A,337,150.0
2024-12-20,2404,A,168,428.5
2024-12-20,6558,A,1688,38.3
2024-12-20,6199,A,664,92.6
2024-12-20,4979,A,363,210.0
2024-12-20,8114,A,227,335.0
2024-12-20,5244,A,1387,55.0
2024-12-20,2610,A,2900,26.3
2024-12-20,3450,B,2744,253.009
2024-12-20,3029,A,462,154.0
2024-12-20,6691,A,175,399.5
2024-12-20,4931,A,1100,63.7
2024-12-20,8937,A,537,130.5
2024-12-20,8249,A,1252,56.0
2024-12-27,3706,B,1053,68.4
2024-12-27,6781,A,72,772.0
2024-12-27,3211,A,337,150.0
2024-12-27,2404,A,168,428.5
2024-12-27,6558,A,1688,38.3
2024-12-27,6199,A,664,92.6
2024-12-27,8114,A,227,335.0
2024-12-27,2610,A,2900,26.3
2024-12-27,3450,B,1302,253.009
2024-12-27,6691,A,175,399.5
2024-12-27,4931,A,1100,63.7
2024-12-27,8937,A,537,130.5
2024-12-27,8249,A,1252,56.0
2024-12-27,3019,A,416,182.0
2024-12-27,8482,A,840,90.1
2024-12-27,2233,A,286,264.5
2024-12-27,2049,A,170,316.0
2025-01-03,3706,B,11161,67.223
2025-01-03,6781,A,72,772.0
2025-01-03,3211,A,337,150.0
2025-01-03,2404,A,168,428.5
2025-01-03,6199,A,664,92.6
2025-01-03,8114,A,227,335.0
2025-01-03,2610,A,2900,26.3
2025-01-03,6691,A,175,399.5
2025-01-03,4931,A,1100,63.7
2025-01-03,8937,A,537,130.5
2025-01-03,3019,A,416,182.0
2025-01-03,8482,A,840,90.1
2025-01-03,2233,A,286,264.5
2025-01-03,2049,A,247,311.947
2025-01-03,4126,A,778,96.2
2025-01-03,4974,A,571,131.0
2025-01-10,3706,B,3573,67.223
2025-01-10,6781,A,72,772.0
2025-01-10,3211,A,337,150.0
2025-01-10,2404,A,168,428.5
2025-01-10,6199,A,664,92.6
2025-01-10,8114,A,227,335.0
2025-01-10,6691,A,175,399.5
2025-01-10,4931,A,1100,63.7
2025-01-10,8937,A,537,130.5
2025-01-10,3019,B,416,182.0
2025-01-10,8482,A,840,90.1
2025-01-10,2233,A,286,264.5
2025-01-10,4126,A,778,96.2
2025-01-10,3645,A,1164,64.4
2025-01-10,6558,A,1556,48.2
2025-01-10,6215,A,754,99.4
2025-01-10,4979,A,265,205.0
2025-01-17,6781,A,72,772.0
2025-01-17,3211,B,2059,177.181
2025-01-17,2404,A,168,428.5
2025-01-17,6199,A,664,92.6
2025-01-17,6691,A,175,399.5
2025-01-17,4931,A,1100,63.7
2025-01-17,8937,A,537,130.5
2025-01-17,3019,B,2424,159.634
2025-01-17,8482,A,840,90.1
2025-01-17,3645,A,1164,64.4
2025-01-17,6558,A,1556,48.2
2025-01-17,6215,A,754,99.4
2025-01-17,4979,A,406,202.569
2025-01-17,6890,A,169,474.0
2025-01-17,2049,A,279,288.5
2025-01-17,6535,A,339,237.5
2025-02-07,6781,B,251,991.649
2025-02-07,2404,A,168,428.5
2025-02-07,6199,A,664,92.6
2025-02-07,6691,A,175,399.5
2025-02-07,8937,A,537,130.5
2025-02-07,3019,B,1462,159.634
2025-02-07,8482,A,840,90.1
2025-02-07,3645,A,1164,64.4
2025-02-07,6558,A,1556,48.2
2025-02-07,6215,A,754,99.4
2025-02-07,4979,A,406,202.569
2025-02-07,6890,A,169,474.0
2025-02-07,2049,A,279,288.5
2025-02-07,6535,A,339,237.5
2025-02-07,5312,A,696,125.5
2025-02-07,5536,A,198,439.5
2025-02-07,4991,B,1875,145.0
2025-02-14,3019,B,1462,159.634
2025-02-14,8482,A,840,90.1
2025-02-14,3645,A,1164,64.4
2025-02-14,6558,A,1556,48.2
2025-02-14,6215,A,754,99.4
2025-02-14,2049,A,279,288.5
2025-02-14,5312,A,696,125.5
2025-02-14,5536,A,198,439.5
2025-02-14,4991,B,1875,145.0
2025-02-14,6206,A,640,133.0
2025-02-14,4722,A,1397,60.9
2025-02-14,1817,A,1726,49.3
2025-02-14,5203,A,680,125.0
2025-02-14,5403,A,642,132.5
2025-02-14,2516,A,4082,20.85
2025-02-14,3450,B,881,300.5
2025-02-21,3019,B,1462,159.634
2025-02-21,8482,A,840,90.1
2025-02-21,3645,A,1164,64.4
2025-02-21,6215,B,2087,119.903
2025-02-21,2049,A,279,288.5
2025-02-21,5312,A,696,125.5
2025-02-21,4991,B,1875,145.0
2025-02-21,6206,A,512,133.0
2025-02-21,4722,A,1397,60.9
2025-02-21,1817,A,1726,49.3
2025-02-21,5203,A,680,125.0
2025-02-21,5403,A,642,132.5
2025-02-21,8096,A,1185,74.4
2025-02-21,4916,A,1716,51.4
2025-02-21,8234,A,918,96.0
2025-02-21,2032,A,4768,18.5
2025-02-21,4164,A,1547,57.0
2025-03-07,5312,A,696,125.5
2025-03-07,4722,A,1397,60.9
2025-03-07,1817,A,2573,48.954
2025-03-07,5203,A,1061,122.127
2025-03-07,5403,A,926,132.96
2025-03-07,4916,A,2518,50.731
2025-03-07,2032,A,4768,18.5
2025-03-07,1463,A,4371,28.4
2025-03-07,4417,A,2746,45.2
2025-03-07,2852,A,4410,28.15
2025-03-07,2641,A,5283,23.5
2025-03-07,1307,A,2444,50.8
2025-03-07,3022,A,1193,104.0
2025-03-07,1459,A,10094,12.3
2025-03-07,2516,A,5057,24.55
2025-03-14,5312,A,696,125.5
2025-03-14,2032,A,4768,18.5
2025-03-14,2852,A,4410,28.15
2025-03-14,1459,A,10094,12.3
2025-03-14,2516,A,5057,24.55
2025-03-14,2832,A,3747,32.45
2025-03-14,2838,A,7090,17.15
2025-03-14,9907,A,6774,17.95
2025-03-14,8930,A,2973,40.9
2025-03-14,2851,A,4281,28.4
2025-03-14,2812,A,5903,20.6
2025-03-14,2535,A,2003,60.7
2025-03-14,4763,A,126,959.0
2025-03-14,2247,A,380,319.5
2025-03-14,8234,A,1324,91.8
2025-03-21,2852,A,4410,28.15
2025-03-21,2832,A,3747,32.45
2025-03-21,2838,A,7090,17.15
2025-03-21,9907,A,6774,17.95
2025-03-21,8930,A,2973,40.9
2025-03-21,2851,A,4281,28.4
2025-03-21,2812,A,5903,20.6
2025-03-21,2535,A,2003,60.7
2025-03-21,5530,A,1519,80.2
2025-03-21,1451,A,5488,22.2
2025-03-21,6227,A,889,137.0
2025-03-21,1466,A,7043,17.3
2025-03-21,4303,A,1339,91.0
2025-03-21,2547,A,8894,13.7
2025-03-21,8436,A,788,154.5
2025-03-28,2852,A,4410,28.15
2025-03-28,2832,A,3747,32.45
2025-03-28,2838,A,7090,17.15
2025-03-28,9907,A,6774,17.95
2025-03-28,2812,A,5903,20.6
2025-03-28,1451,A,5488,22.2
2025-03-28,4303,A,1339,91.0
2025-03-28,2547,A,8894,13.7
2025-03-28,8436,A,788,154.5
2025-03-28,2468,A,2050,57.5
2025-03-28,2539,A,1794,65.7
2025-03-28,9927,A,1565,75.3
2025-03-28,8422,A,607,194.0
2025-03-28,5439,A,628,187.5
2025-03-28,5312,A,821,143.5
2025-04-11,2468,A,15315,52.043
2025-04-11,5439,A,5262,153.595
2025-04-18,2468,A,26743,55.871
2025-04-25,2468,A,26743,55.871
2025-05-02,2468,A,26743,55.871
2025-05-09,2468,A,26743,55.871
2025-05-16,2468,A,26743,55.871
2025-05-23,2468,A,8875,55.871
2025-05-23,2615,A,679,126.5
2025-06-06,2468,A,6897,55.871
2025-06-06,2615,A,3935,105.814
2025-06-06,1419,A,6099,70.9
2025-06-06,6191,A,5466,79.1
2025-06-13,2615,A,2433,105.814
2025-06-13,1419,A,3833,70.9
2025-06-13,6191,A,3091,79.1
2025-06-13,8932,A,1786,137.5
2025-06-13,5234,A,928,264.5
2025-06-13,6274,A,454,211.5
2025-06-20,2615,A,1690,105.814
2025-06-20,1419,A,2807,70.9
2025-06-20,6191,A,2087,79.1
2025-06-20,8932,A,1327,137.5
2025-06-20,5234,A,638,264.5
2025-06-20,6274,A,809,209.964
2025-06-20,8210,A,355,474.0
2025-06-20,1616,A,3948,42.65
2025-06-20,3017,A,204,734.0
2025-06-27,1419,A,2154,70.9
2025-06-27,6191,A,1612,79.1
2025-06-27,8932,A,1327,137.5
2025-06-27,5234,A,638,264.5
2025-06-27,6274,A,644,209.964
2025-06-27,8210,A,355,474.0
2025-06-27,1616,A,3948,42.65
2025-06-27,3017,A,204,734.0
2025-06-27,8021,A,3411,41.85
2025-06-27,3040,A,2182,65.4
2025-06-27,6139,A,461,309.5
2025-06-27,2383,A,43,866.0
2025-07-04,1419,A,2154,70.9
2025-07-04,6191,A,1612,79.1
2025-07-04,8932,A,927,137.5
2025-07-04,5234,A,483,264.5
2025-07-04,6274,A,644,209.964
2025-07-04,8210,A,252,474.0
2025-07-04,1616,A,3948,42.65
2025-07-04,3017,A,158,734.0
2025-07-04,8021,A,2467,41.85
2025-07-04,3040,A,2182,65.4
2025-07-04,6139,A,461,309.5
2025-07-04,2383,A,108,900.306
2025-07-04,3577,A,1447,84.8
2025-07-11,1419,A,2154,70.9
2025-07-11,6191,A,1259,79.1
2025-07-11,8932,A,927,137.5
2025-07-11,5234,A,483,264.5
2025-07-11,6274,A,463,209.964
2025-07-11,8210,A,252,474.0
2025-07-11,3017,A,158,734.0
2025-07-11,8021,A,2467,41.85
2025-07-11,3040,A,2182,65.4
2025-07-11,6139,A,461,309.5
2025-07-11,2383,A,108,900.306
2025-07-11,3577,A,1447,84.8
2025-07-11,3543,A,4135,28.3
2025-07-11,2884,A,3363,34.8
2025-07-11,2360,A,159,429.5
2025-07-18,8932,A,927,137.5
2025-07-18,6274,A,463,209.964
2025-07-18,8210,A,252,474.0
2025-07-18,3017,A,158,734.0
2025-07-18,8021,A,2467,41.85
2025-07-18,3040,A,2182,65.4
2025-07-18,6139,A,355,309.5
2025-07-18,2383,A,108,900.306
2025-07-18,3577,A,1447,84.8
2025-07-18,3543,A,4135,28.3
2025-07-18,2884,A,3363,34.8
2025-07-18,2360,A,281,431.671
2025-07-18,2801,A,5941,20.6
2025-07-18,8358,A,1464,83.6
2025-07-18,2404,A,161,759.0
2025-07-25,8932,A,927,137.5
2025-07-25,8210,A,252,474.0
2025-07-25,3017,A,158,734.0
2025-07-25,8021,A,2467,41.85
2025-07-25,3040,A,2182,65.4
2025-07-25,6139,A,355,309.5
2025-07-25,2383,A,108,900.306
2025-07-25,3577,A,1447,84.8
2025-07-25,3543,A,4135,28.3
2025-07-25,2801,A,5941,20.6
2025-07-25,8358,A,1464,83.6
2025-07-25,2404,A,161,759.0
2025-07-25,2316,A,1745,70.5
2025-07-25,2308,A,238,517.0
2025-07-25,6191,A,937,110.0
2025-08-01,8932,A,477,137.5
2025-08-01,3017,A,87,734.0
2025-08-01,8021,A,1202,41.85
2025-08-01,2383,A,71,900.306
2025-08-01,3543,A,2011,28.3
2025-08-01,8358,A,702,83.6
2025-08-01,2404,A,97,759.0
2025-08-01,2316,A,983,70.5
2025-08-01,2308,A,135,517.0
2025-08-01,3715,A,923,85.9
2025-08-01,8033,A,816,97.1
2025-08-01,3708,A,639,124.0
2025-08-01,6928,A,1117,71.0
2025-08-01,3032,A,677,117.0
2025-08-01,8046,A,450,176.0
2025-08-01,1815,B,14475,54.8
2025-08-08,8932,A,477,137.5
2025-08-08,3017,A,87,734.0
2025-08-08,8021,A,1202,41.85
2025-08-08,2383,A,71,900.306
2025-08-08,8358,A,702,83.6
2025-08-08,2404,A,97,759.0
2025-08-08,2308,A,135,517.0
2025-08-08,3715,A,923,85.9
2025-08-08,8033,A,816,97.1
2025-08-08,3708,A,639,124.0
2025-08-08,1815,B,14475,54.8
2025-08-08,5371,A,962,91.3
2025-08-08,4916,A,1412,62.2
2025-08-08,2645,A,581,151.0
2025-08-08,2360,A,174,502.0
2025-08-15,3017,B,461,1006.59
2025-08-15,8021,A,1202,41.85
2025-08-15,2383,A,71,900.306
2025-08-15,8358,A,702,83.6
2025-08-15,2404,A,97,759.0
2025-08-15,2308,A,135,517.0
2025-08-15,3715,A,923,85.9
2025-08-15,1815,B,6258,54.8
2025-08-15,2645,A,581,151.0
2025-08-15,2368,A,227,465.5
2025-08-15,3694,A,1214,87.1
2025-08-15,2059,A,33,3130.0
2025-08-15,8074,A,2859,37.0
2025-08-15,2630,A,1734,61.0
2025-08-15,2316,A,1140,92.8
2025-08-15,6805,A,19,1060.0
2025-08-22,3017,B,231,1006.59
2025-08-22,8358,B,1316,128.81
2025-08-22,2404,A,97,759.0
2025-08-22,2308,B,135,517.0
2025-08-22,1815,B,3559,54.8
2025-08-22,2645,A,581,151.0
2025-08-22,2316,A,885,92.8
2025-08-22,1717,A,2373,40.05
2025-08-22,2402,A,1556,61.1
2025-08-22,3211,A,275,345.0
2025-08-22,2423,A,1691,56.2
2025-08-22,4722,A,812,117.0
2025-08-22,5371,A,923,103.0
2025-08-22,5536,A,126,749.0
2025-08-22,3630,A,2816,33.75
2025-08-22,8932,A,459,207.0
2025-08-22,3625,A,4301,22.1
2025-08-22,2233,A,395,240.5
2025-08-22,5309,A,744,56.2
2025-08-29,2404,A,97,759.0
2025-08-29,2308,B,362,638.652
2025-08-29,1815,B,3559,54.8
2025-08-29,2402,A,1556,61.1
2025-08-29,3211,A,275,345.0
2025-08-29,2423,A,1691,56.2
2025-08-29,4722,A,812,117.0
2025-08-29,5536,A,126,749.0
2025-08-29,8109,A,964,107.0
2025-08-29,3219,A,955,108.0
2025-08-29,6209,A,2643,39.05
2025-08-29,3162,A,1524,67.7
2025-08-29,8033,A,607,170.0
2025-08-29,3005,A,674,153.0
2025-08-29,4958,A,525,196.5
2025-08-29,5234,A,270,382.0
2025-08-29,2328,A,1755,58.8
2025-08-29,3706,B,2657,97.1
2025-08-29,6274,B,701,368.0
2025-09-05,2308,B,362,638.652
2025-09-05,3211,A,275,345.0
2025-09-05,4722,A,812,117.0
2025-09-05,5536,A,126,749.0
2025-09-05,8109,A,964,107.0
2025-09-05,3219,A,955,108.0
2025-09-05,8033,A,607,170.0
2025-09-05,3005,A,674,153.0
2025-09-05,5234,A,270,382.0
2025-09-05,3706,B,2657,97.1
2025-09-05,6274,B,701,368.0
2025-09-05,6525,A,1209,80.6
2025-09-05,6456,A,1479,65.9
2025-09-05,6753,A,540,180.5
2025-09-05,5371,A,776,125.5
2025-09-05,6442,A,104,934.0
2025-09-05,2645,A,505,193.0
2025-09-05,2630,A,1437,67.8
2025-09-12,2308,B,362,638.652
2025-09-12,3211,A,275,345.0
2025-09-12,8033,A,607,170.0
2025-09-12,6274,B,1032,350.359
2025-09-12,6525,A,1209,80.6
2025-09-12,2614,A,4680,22.2
2025-09-12,1504,A,1162,89.4
2025-09-12,5309,A,1447,71.8
2025-09-12,2476,A,923,112.5
2025-09-12,5289,A,305,340.5
2025-09-12,5490,A,2858,36.35
2025-09-12,3653,A,44,2310.0
2025-09-12,3630,A,2600,39.95
2025-09-12,8358,A,444,233.5
2025-09-12,6143,A,711,146.0
2025-09-12,2374,A,1090,95.3
2025-09-12,3017,B,307,1050.0
2025-09-19,2308,B,264,638.652
2025-09-19,6274,B,801,350.359
2025-09-19,6525,A,1209,80.6
2025-09-19,2614,A,4680,22.2
2025-09-19,1504,A,1162,89.4
2025-09-19,5289,A,305,340.5
2025-09-19,3653,A,44,2310.0
2025-09-19,8358,B,882,232.01
2025-09-19,3017,B,225,1050.0
2025-09-19,3260,A,720,139.0
2025-09-19,8299,A,138,722.0
2025-09-19,2360,A,167,598.0
2025-09-19,6449,A,527,190.0
2025-09-19,6209,A,2506,39.95
2025-09-19,4966,A,128,780.0
2025-09-19,3005,A,629,159.0
2025-09-19,2059,A,30,3335.0
2025-09-19,2317,A,467,214.0
2025-09-26,2308,B,264,638.652
2025-09-26,6525,A,1209,80.6
2025-09-26,2614,A,4680,22.2
2025-09-26,1504,A,1162,89.4
2025-09-26,5289,A,305,340.5
2025-09-26,8358,B,882,232.01
2025-09-26,3017,B,225,1050.0
2025-09-26,3260,A,720,139.0
2025-09-26,8299,A,138,722.0
2025-09-26,2317,A,467,214.0
2025-09-26,4722,A,552,175.0
2025-09-26,6488,A,211,458.0
2025-09-26,3625,A,3989,24.25
2025-09-26,3026,A,1029,94.0
2025-09-26,4749,A,107,902.0
2025-09-26,2850,A,812,119.0
2025-09-26,8046,A,441,219.0
2025-09-26,2301,B,1380,163.5
2025-10-03,2308,B,264,638.652
2025-10-03,6525,A,1209,80.6
2025-10-03,1504,A,1162,89.4
2025-10-03,8358,B,882,232.01
2025-10-03,3260,A,720,139.0
2025-10-03,8299,A,138,722.0
2025-10-03,4722,A,552,175.0
2025-10-03,6488,A,211,458.0
2025-10-03,3625,A,3989,24.25
2025-10-03,3026,A,1029,94.0
2025-10-03,2301,B,1380,163.5
2025-10-03,3231,A,696,153.5
2025-10-03,4130,A,4571,23.4
2025-10-03,6138,A,481,222.0
2025-10-03,8021,A,891,120.0
2025-10-03,2360,A,167,639.0
2025-10-03,3653,A,44,2380.0
2025-10-03,3706,B,2760,90.4
2025-10-17,2308,B,264,638.652
2025-10-17,8358,B,882,232.01
2025-10-17,3260,A,555,139.0
2025-10-17,4722,A,552,175.0
2025-10-17,3026,A,1029,94.0
2025-10-17,2360,A,167,639.0
2025-10-17,3706,B,2760,90.4
2025-10-17,8271,A,919,113.5
2025-10-17,4967,A,814,128.0
2025-10-17,2211,A,931,112.0
2025-10-17,1795,A,348,299.5
2025-10-17,2838,A,5322,19.6
2025-10-17,2059,A,27,3760.0
2025-10-17,5289,A,252,413.0
2025-10-17,8046,A,371,280.5
2025-10-17,6139,A,243,429.0
2025-10-17,2330,B,167,1450.0
2025-10-31,2308,B,264,638.652
2025-10-31,3260,A,555,139.0
2025-10-31,2059,A,27,3760.0
2025-10-31,2330,B,167,1450.0
2025-10-31,2515,A,6569,15.35
2025-10-31,8210,A,108,927.0
2025-10-31,6290,A,536,188.0
2025-10-31,2327,A,405,249.0
2025-10-31,8299,A,94,1065.0
2025-10-31,8996,A,161,624.0
2025-10-31,6411,A,1009,99.9
2025-10-31,4764,A,1372,73.5
2025-10-31,8112,A,1528,66.0
2025-10-31,3543,A,2101,48.0
2025-10-31,2317,A,391,257.5
2025-10-31,8103,A,1229,82.0
2025-10-31,2472,A,925,109.0
2025-10-31,3017,B,176,1425.0
2025-10-31,6669,B,57,4365.0
2025-11-07,2308,B,264,638.652
2025-11-07,2059,A,27,3760.0
2025-11-07,2330,B,167,1450.0
2025-11-07,2515,A,6569,15.35
2025-11-07,6290,A,536,188.0
2025-11-07,2327,A,405,249.0
2025-11-07,8299,A,94,1065.0
2025-11-07,8996,A,161,624.0
2025-11-07,4764,A,1372,73.5
2025-11-07,8112,A,1528,66.0
2025-11-07,8103,A,1229,82.0
2025-11-07,3017,B,176,1425.0
2025-11-07,6669,B,57,4365.0
2025-11-07,3711,A,434,228.5
2025-11-07,2211,A,877,113.0
2025-11-07,5289,A,217,456.0
2025-11-07,3026,A,918,108.0
2025-11-07,4967,A,724,137.0
2025-11-14,2308,B,356,711.877
2025-11-14,2330,B,229,1444.585
2025-11-14,2515,A,6569,15.35
2025-11-14,6290,A,536,188.0
2025-11-14,2327,A,405,249.0
2025-11-14,8299,A,94,1065.0
2025-11-14,8996,A,161,624.0
2025-11-14,8112,A,1528,66.0
2025-11-14,8103,A,1229,82.0
2025-11-14,3017,B,176,1425.0
2025-11-14,3711,A,434,228.5
2025-11-14,5289,A,217,456.0
2025-11-14,4967,A,724,137.0
2025-11-14,2451,A,502,196.0
2025-11-14,6021,A,3669,26.85
2025-11-14,3260,A,461,213.5
2025-11-14,1815,A,1106,89.0
2025-11-14,3709,A,1620,60.8
2025-11-14,8271,A,864,114.0
2025-11-21,2308,B,254,711.877
2025-11-21,2330,B,164,1444.585
2025-11-21,6290,A,536,188.0
2025-11-21,2327,A,405,249.0
2025-11-21,8299,A,94,1065.0
2025-11-21,8996,A,161,624.0
2025-11-21,3017,B,176,1425.0
2025-11-21,3711,A,434,228.5
2025-11-21,5289,A,217,456.0
2025-11-21,2451,A,502,196.0
2025-11-21,1815,A,1106,89.0
2025-11-21,3709,A,1620,60.8
2025-11-21,6023,A,967,93.9
2025-11-21,6209,A,1639,55.4
2025-11-21,1303,A,1729,52.5
2025-11-21,5515,A,2934,30.95
2025-11-21,3622,A,1345,67.5
2025-11-21,6265,A,5588,16.25
2025-11-21,2375,A,974,93.2
2025-11-21,2408,B,1150,140.0
2025-11-28,2330,B,164,1444.585
2025-11-28,6290,A,536,188.0
2025-11-28,2327,A,405,249.0
2025-11-28,8299,B,211,1095.498
2025-11-28,3017,B,176,1425.0
2025-11-28,3711,A,434,228.5
2025-11-28,2451,A,502,196.0
2025-11-28,6023,A,967,93.9
2025-11-28,6209,A,1639,55.4
2025-11-28,1303,A,1729,52.5
2025-11-28,5515,A,2934,30.95
2025-11-28,3622,A,1345,67.5
2025-11-28,6265,A,5588,16.25
2025-11-28,2408,B,1624,141.751
2025-11-28,8390,A,1096,86.5
2025-11-28,1795,A,304,312.0
2025-11-28,2211,A,804,118.0
2025-11-28,2838,A,4804,19.75
2025-11-28,2472,A,890,106.5
2025-12-05,2330,B,164,1444.585
2025-12-05,2327,A,405,249.0
2025-12-05,3711,A,434,228.5
2025-12-05,6023,A,967,93.9
2025-12-05,6209,A,1639,55.4
2025-12-05,1303,A,1729,52.5
2025-12-05,5515,A,2934,30.95
2025-12-05,6265,A,5588,16.25
2025-12-05,2408,B,1624,141.751
2025-12-05,8390,A,1096,86.5
2025-12-05,2211,A,804,118.0
2025-12-05,2491,A,4775,19.8
2025-12-05,6163,A,2176,43.45
2025-12-05,6220,A,3629,26.05
2025-12-05,3709,A,1747,54.1
2025-12-05,3002,A,3581,26.4
2025-12-05,6021,A,3679,25.7
2025-12-05,2344,B,5099,61.8
2025-12-12,2330,B,223,1453.955
2025-12-12,2327,A,405,249.0
2025-12-12,3711,A,434,228.5
2025-12-12,6023,A,967,93.9
2025-12-12,6209,A,1639,55.4
2025-12-12,1303,A,1729,52.5
2025-12-12,5515,A,2934,30.95
2025-12-12,6265,A,5588,16.25
2025-12-12,2408,B,1624,141.751
2025-12-12,8390,A,1096,86.5
2025-12-12,2491,A,4775,19.8
2025-12-12,6163,A,2176,43.45
2025-12-12,6220,A,3629,26.05
2025-12-12,3002,A,3581,26.4
2025-12-12,2344,B,5099,61.8
2025-12-12,3163,A,249,399.0
2025-12-12,3090,A,951,104.5
2025-12-12,6290,A,541,183.5
2025-12-19,6023,A,1702,94.764
2025-12-19,5515,A,4516,32.772
2025-12-19,6265,A,7944,17.525
2025-12-19,8390,A,1896,86.331
2025-12-19,2491,A,7160,20.799
2025-12-19,6163,A,3466,44.808
2025-12-19,6220,A,6267,26.05
2025-12-19,3002,A,6137,26.483
2025-12-19,3163,A,461,378.306
2025-12-19,6603,A,5708,28.6
2025-12-19,1437,A,4698,34.75
2025-12-19,6903,A,709,230.0
2025-12-19,5521,A,7830,20.85
2025-12-19,2451,A,930,175.5
2025-12-19,3260,A,866,188.5
2025-12-26,5515,A,2942,32.772
2025-12-26,6163,A,1730,44.808
2025-12-26,6220,A,4005,26.05
2025-12-26,3163,A,264,378.306
2025-12-26,6603,A,3791,28.6
2025-12-26,1437,A,2989,34.75
2025-12-26,6903,A,462,230.0
2025-12-26,5521,A,4076,20.85
2025-12-26,3260,A,466,188.5
2025-12-26,5522,A,1276,80.8
2025-12-26,2891,A,2070,49.8
2025-12-26,2882,A,1378,74.8
2025-12-26,4967,A,646,159.5
2025-12-26,8299,A,78,1310.0
2025-12-26,2344,B,4492,76.5
2025-12-26,2408,B,1818,189.0
2025-12-26,1303,B,5977,57.5
2026-01-02,1437,A,2989,34.75
2026-01-02,6903,A,462,230.0
2026-01-02,5521,A,4076,20.85
2026-01-02,3260,A,466,188.5
2026-01-02,2891,A,2070,49.8
2026-01-02,2882,A,1378,74.8
2026-01-02,4967,A,646,159.5
2026-01-02,8299,A,78,1310.0
2026-01-02,2344,B,4492,76.5
2026-01-02,2408,B,1818,189.0
2026-01-02,6205,A,1785,61.0
2026-01-02,1528,A,4775,22.8
2026-01-02,6265,A,3255,33.45
2026-01-02,8422,A,3350,32.5
2026-01-02,5498,A,2054,53.0
2026-01-02,2413,A,2361,46.1
2026-01-02,8021,B,1915,189.5
2026-01-09,3260,A,466,188.5
2026-01-09,4967,A,646,159.5
2026-01-09,8299,A,78,1310.0
2026-01-09,2344,B,4492,76.5
2026-01-09,2408,B,1818,189.0
2026-01-09,6265,A,3255,33.45
2026-01-09,8422,A,3350,32.5
2026-01-09,8438,A,2559,50.8
2026-01-09,6116,A,12381,10.5
2026-01-09,3006,A,955,136.0
2026-01-09,4720,A,7386,17.6
2026-01-09,3491,A,166,780.0
2026-01-09,2451,A,538,241.5
2026-01-09,6603,A,3886,33.45
2026-01-09,8110,A,1820,71.4
2026-01-09,2330,B,223,1680.0
2026-01-16,8299,B,162,1610.741
2026-01-16,2344,B,2885,76.5
2026-01-16,2408,B,1229,189.0
2026-01-16,6265,A,2566,33.45
2026-01-16,8422,A,3350,32.5
2026-01-16,8438,A,2559,50.8
2026-01-16,3491,A,166,780.0
2026-01-16,8110,A,1820,71.4
2026-01-16,2330,B,177,1680.0
2026-01-16,1789,A,4681,26.25
2026-01-16,5498,A,1755,70.0
2026-01-16,6239,A,467,263.0
2026-01-16,1717,A,1825,67.3
2026-01-16,3481,A,4619,26.6
2026-01-16,3711,A,404,303.5
2026-01-16,6016,A,7704,15.95
2026-01-16,6163,A,1711,71.8
2026-01-16,3669,A,1724,40.4
2026-01-23,2344,B,4006,83.916
2026-01-23,2408,B,1229,189.0
2026-01-23,6265,A,2566,33.45
2026-01-23,8438,A,1787,50.8
2026-01-23,3491,A,115,780.0
2026-01-23,2330,B,177,1680.0
2026-01-23,6016,A,7704,15.95
2026-01-23,3037,A,365,339.0
2026-01-23,5347,A,845,146.5
2026-01-23,5864,A,5679,21.8
2026-01-23,8436,A,796,155.5
2026-01-23,1503,A,547,226.0
2026-01-23,2303,A,1910,64.8
2026-01-23,1519,A,120,1030.0
2026-01-23,6021,A,4092,30.25
2026-01-23,5340,A,1310,94.5
2026-01-23,5289,A,166,745.0
2026-01-30,2344,B,2536,83.916
2026-01-30,2408,B,1229,189.0
2026-01-30,8438,A,1787,50.8
2026-01-30,3491,A,115,780.0
2026-01-30,2330,B,177,1680.0
2026-01-30,6016,A,7704,15.95
2026-01-30,3037,A,365,339.0
2026-01-30,5864,A,5679,21.8
2026-01-30,8436,A,796,155.5
2026-01-30,2303,B,2352,64.349
2026-01-30,6021,A,4092,30.25
2026-01-30,4534,A,5463,23.85
2026-01-30,6285,A,704,185.0
2026-01-30,3081,A,130,1000.0
2026-01-30,2367,A,2515,51.8
2026-01-30,8299,A,54,2380.0
2026-01-30,2313,A,771,169.0
2026-01-30,4533,A,3541,36.8
2026-01-30,2454,A,74,1760.0
2026-01-30,6026,A,8658,15.05
2026-02-06,2408,B,1229,189.0
2026-02-06,3491,A,115,780.0
2026-02-06,2330,B,177,1680.0
2026-02-06,3037,A,365,339.0
2026-02-06,5864,A,5679,21.8
2026-02-06,2303,B,6499,62.786
2026-02-06,6021,A,4092,30.25
2026-02-06,6285,A,704,185.0
2026-02-06,3081,A,130,1000.0
2026-02-06,2367,A,2515,51.8
2026-02-06,2313,A,771,169.0
2026-02-06,2454,A,74,1760.0
2026-02-06,1590,A,100,1195.0
2026-02-06,6220,A,4016,30.05
2026-02-06,5340,A,1183,102.0
2026-02-06,6446,A,166,723.0
2026-02-06,5289,A,169,711.0
2026-02-06,8046,A,318,379.0
2026-03-06,2408,B,2795,213.653
2026-03-06,3037,A,365,339.0
2026-03-06,5864,A,5679,21.8
2026-03-06,3081,A,87,1000.0
2026-03-06,2367,A,1888,51.8
2026-03-06,2313,A,771,169.0
2026-03-06,6220,A,3105,30.05
2026-03-06,6187,A,220,590.0
2026-03-06,3163,A,180,723.0
2026-03-06,2897,A,13250,9.83
2026-03-06,4534,A,4491,29.0
2026-03-06,3363,A,220,592.0
2026-03-06,5475,A,636,204.5
2026-03-06,4991,A,379,343.0
2026-03-06,6202,A,2203,59.1
2026-03-06,2344,B,6115,106.5
2026-03-13,3037,A,265,339.0
2026-03-13,3081,A,87,1000.0
2026-03-13,2367,A,1888,51.8
2026-03-13,6220,A,3105,30.05
2026-03-13,6187,A,220,590.0
2026-03-13,3163,A,180,723.0
2026-03-13,2897,A,13250,9.83
2026-03-13,4534,A,4491,29.0
2026-03-13,5475,A,636,204.5
2026-03-13,2344,B,6115,106.5
2026-03-13,3036,A,569,235.5
2026-03-13,1582,A,1485,90.3
2026-03-13,6217,A,986,136.0
2026-03-13,3481,A,4515,29.7
2026-03-13,5289,A,132,1015.0
2026-03-13,2006,A,1726,77.7
2026-03-13,2330,B,359,1865.0
2026-03-20,3037,A,265,339.0
2026-03-20,6187,A,168,590.0
2026-03-20,3163,A,180,723.0
2026-03-20,2344,B,3119,106.5
2026-03-20,3036,A,569,235.5
2026-03-20,1582,A,1485,90.3
2026-03-20,6217,A,723,136.0
2026-03-20,3481,B,13069,27.442
2026-03-20,5289,A,132,1015.0
2026-03-20,2330,B,187,1865.0
2026-03-20,3702,A,1501,91.4
2026-03-20,4973,A,1552,88.4
2026-03-20,2243,A,7037,19.5
2026-03-20,1785,A,1435,95.6
2026-03-20,3066,A,6071,22.6
2026-03-20,2485,A,1856,73.9
2026-03-20,3006,A,701,195.5
2026-03-20,2313,B,1545,222.0
2026-03-27,6187,A,168,590.0
2026-03-27,3036,A,569,235.5
2026-03-27,1582,A,1485,90.3
2026-03-27,6217,A,723,136.0
2026-03-27,3481,B,13069,27.442
2026-03-27,2330,B,187,1865.0
2026-03-27,3702,A,1501,91.4
2026-03-27,2243,A,7037,19.5
2026-03-27,1785,A,1435,95.6
2026-03-27,2485,A,1856,73.9
2026-03-27,2313,B,1545,222.0
2026-03-27,4991,A,321,446.0
2026-03-27,2897,A,14199,10.1
2026-03-27,2367,A,1833,78.2
2026-03-27,3081,A,83,1720.0
2026-03-27,8046,A,255,561.0
2026-03-27,5475,A,671,213.5
2026-03-27,3017,B,152,2195.0
2026-04-10,6217,A,723,136.0
2026-04-10,3702,A,1501,91.4
2026-04-10,2243,A,7037,19.5
2026-04-10,1785,A,1435,95.6
2026-04-10,2313,B,1545,222.0
2026-04-10,4991,A,321,446.0
2026-04-10,2897,A,14199,10.1
2026-04-10,3081,A,83,1720.0
2026-04-10,8046,A,255,561.0
2026-04-10,5475,A,532,213.5
2026-04-10,3163,A,123,1260.0
2026-04-10,6208,A,2823,55.0
2026-04-10,6285,A,688,225.5
2026-04-10,3105,B,1041,464.0
2026-04-10,3037,B,757,638.0
2026-04-17,1785,A,1006,95.6
2026-04-17,2313,B,1545,222.0
2026-04-17,8046,B,541,647.17
2026-04-17,5475,A,532,213.5
2026-04-17,6208,A,2092,55.0
2026-04-17,3105,B,728,464.0
2026-04-17,6278,A,999,157.0
2026-04-17,3026,A,671,233.5
2026-04-17,3042,A,1035,151.5
2026-04-17,4707,A,10424,15.05
2026-04-17,8383,A,2514,62.4
2026-04-17,3673,A,2175,72.1
2026-04-17,3583,A,206,760.0
2026-04-17,4576,A,800,196.0
2026-04-17,6274,A,165,946.0
2026-04-17,6451,A,310,505.0
2026-04-17,3167,A,229,685.0
2026-04-17,5243,A,1265,124.0
2026-04-17,2330,B,193,2030.0
2026-04-24,2313,B,1545,222.0
2026-04-24,8046,A,178,647.17
2026-04-24,6208,A,2092,55.0
2026-04-24,3042,A,1035,151.5
2026-04-24,4707,A,10424,15.05
2026-04-24,8383,A,2514,62.4
2026-04-24,3583,A,206,760.0
2026-04-24,6274,A,165,946.0
2026-04-24,6451,A,310,505.0
2026-04-24,5243,A,1265,124.0
2026-04-24,2330,B,193,2030.0
2026-04-24,1568,A,5580,27.8
2026-04-24,3081,A,55,2820.0
2026-04-24,3229,A,4170,37.2
2026-04-24,6147,A,1069,145.0
2026-04-24,6217,A,525,295.0
2026-04-24,6213,A,562,276.0
2026-04-24,2308,B,186,2075.0
2026-05-08,2313,B,2128,230.63
2026-05-08,6274,A,119,946.0
2026-05-08,6451,A,310,505.0
2026-05-08,2330,B,193,2030.0
2026-05-08,6147,A,818,145.0
2026-05-08,2308,B,186,2075.0
2026-05-08,2454,A,44,3630.0
2026-05-08,1597,A,935,173.0
2026-05-08,3443,A,31,5210.0
2026-05-08,3016,A,1383,117.0
2026-05-08,3528,A,1778,91.0
2026-05-08,3088,A,1299,124.5
2026-05-08,6234,A,2799,57.8
2026-05-08,7750,A,63,2545.0
2026-05-08,5864,A,4637,34.9
2026-05-08,4576,A,709,228.0
2026-05-08,6016,A,7389,21.9
2026-05-08,4958,A,403,401.0
2026-05-08,6414,A,467,346.5
2026-05-15,6274,A,119,946.0
2026-05-15,2454,B,121,3394.545
2026-05-15,3016,A,1383,117.0
2026-05-15,3088,A,1299,124.5
2026-05-15,4958,B,988,401.0
2026-05-15,6414,A,467,346.5
2026-05-15,6173,A,1023,155.0
2026-05-15,8042,A,1616,98.1
2026-05-15,8027,A,642,247.0
2026-05-15,6166,A,1416,112.0
2026-05-15,3026,A,485,327.0
2026-05-15,3033,A,3311,47.9
2026-05-15,3135,A,734,216.0
2026-05-15,2049,A,404,392.5
2026-05-15,5285,A,2137,74.2
2026-05-15,2472,A,730,217.0
2026-05-15,6278,A,719,220.5
2026-05-15,6206,A,1220,130.0
2026-05-15,2303,B,3604,110.0
2026-05-15,3037,B,482,821.0
2026-05-22,2454,B,121,3394.545
2026-05-22,3088,A,1299,124.5
2026-05-22,6173,A,1023,155.0
2026-05-22,8042,A,1616,98.1
2026-05-22,6166,A,1416,112.0
2026-05-22,3026,A,380,327.0
2026-05-22,3033,A,3311,47.9
2026-05-22,5285,A,2137,74.2
2026-05-22,2472,A,730,217.0
2026-05-22,2303,B,5281,111.27
2026-05-22,3037,B,482,821.0
2026-05-22,3090,A,840,215.0
2026-05-22,3577,A,1241,145.5
2026-05-22,3048,A,2424,74.5
2026-05-22,3209,A,2315,78.0
2026-05-22,3624,A,1974,91.5
2026-05-22,6147,A,838,215.5
2026-05-29,2454,B,121,3394.545
2026-05-29,8042,A,1616,98.1
2026-05-29,3026,A,380,327.0
2026-05-29,5285,A,2137,74.2
2026-05-29,2472,A,552,217.0
2026-05-29,3624,A,1974,91.5
2026-05-29,6147,A,671,215.5
2026-05-29,2492,A,519,394.0
2026-05-29,2428,A,701,292.0
2026-05-29,3479,A,1516,135.0
2026-05-29,6182,A,2057,99.5
2026-05-29,6175,A,1987,103.0
2026-05-29,2327,A,277,738.0
2026-05-29,6449,A,518,395.0
2026-05-29,2375,A,1229,166.5
2026-05-29,4958,B,1324,515.0
2026-06-05,2454,B,121,3394.545
2026-06-05,3026,A,380,327.0
2026-06-05,5285,A,2137,74.2
2026-06-05,2327,B,648,755.748
2026-06-05,6207,A,1381,144.5
2026-06-05,6016,A,5543,36.0
2026-06-05,5864,A,3723,53.6
2026-06-05,2855,A,3376,59.1
2026-06-05,3528,A,1446,138.0
2026-06-05,6015,A,8830,22.6
2026-06-05,4973,A,1163,171.5
2026-06-05,2883,A,7230,27.6
2026-06-05,2881,A,1691,118.0
2026-06-05,1563,A,3056,65.3
2026-06-05,2885,A,3056,65.3
2026-06-05,3481,B,9290,53.7
2026-06-05,6770,B,6687,74.6
2026-06-12,2454,B,121,3394.545
2026-06-12,3026,A,270,327.0
2026-06-12,2327,B,648,755.748
2026-06-12,4973,A,1163,171.5
2026-06-12,2881,A,1691,118.0
2026-06-12,3481,B,9290,53.7
2026-06-12,6890,A,804,256.0
2026-06-12,2478,A,1201,171.5
2026-06-12,2414,A,3365,61.2
2026-06-12,6585,A,1514,136.0
2026-06-12,8454,A,577,356.5
2026-06-12,5410,A,4512,45.65
2026-06-12,5426,A,6357,32.4
2026-06-12,8163,A,4806,42.85
2026-06-12,8926,A,2775,74.2
2026-06-12,2303,B,3600,133.5
2026-06-26,2454,B,121,3394.545
2026-06-26,2327,B,502,755.748
2026-06-26,2881,A,1691,118.0
2026-06-26,2478,A,1201,171.5
2026-06-26,2303,B,3600,133.5
2026-06-26,2305,A,6220,35.1
2026-06-26,3284,A,7438,29.35
2026-06-26,4716,A,9251,23.6
2026-06-26,4551,A,970,225.0
2026-06-26,2483,A,3919,55.7
2026-06-26,2493,A,802,272.0
2026-06-26,2243,A,4119,53.0
2026-06-26,6834,A,1804,121.0
2026-06-26,3114,A,4198,52.0
2026-06-26,5328,A,3110,70.2
2026-06-26,1303,A,1475,148.0
2026-06-26,2492,A,404,540.0
2026-06-26,6770,B,6506,78.3
2026-07-03,2454,B,121,3394.545
2026-07-03,2327,B,502,755.748
2026-07-03,2303,B,3600,133.5
2026-07-03,3284,A,7438,29.35
2026-07-03,2483,A,3919,55.7
2026-07-03,2493,A,802,272.0
2026-07-03,2243,A,3295,53.0
2026-07-03,5328,A,3110,70.2
2026-07-03,1303,A,1103,148.0
2026-07-03,6226,A,9046,24.0
2026-07-03,1515,A,5169,42.0
2026-07-03,1444,A,21821,9.95
2026-07-03,6446,A,155,1395.0
2026-07-03,2415,A,5728,37.9
2026-07-03,8261,A,678,320.0
2026-07-03,8476,A,8880,24.45
2026-07-03,1617,A,8862,24.5
2026-07-03,2302,A,4175,52.0
2026-07-03,2344,B,2942,184.5
2026-07-17,2327,B,502,755.748
2026-07-17,2303,B,3600,133.5
2026-07-17,2483,A,3919,55.7
2026-07-17,5328,A,3110,70.2
2026-07-17,1303,A,1103,148.0
2026-07-17,6226,A,9046,24.0
2026-07-17,1515,A,5169,42.0
2026-07-17,1617,A,8862,24.5
2026-07-17,2466,A,1454,122.0
2026-07-17,4707,A,4381,40.5
2026-07-17,1709,A,6812,26.05
2026-07-17,2887,A,4991,35.55
2026-07-17,8383,A,1993,89.0
2026-07-17,8033,A,810,219.0
2026-07-17,1718,A,13000,13.65
2026-07-17,6182,A,1187,149.5
2026-07-17,3033,A,3636,48.8
2026-07-17,3532,A,418,424.0
2026-07-17,8050,A,3102,57.2
2026-07-17,3481,B,8434,52.6
2026-07-17,4958,B,424,521.0
2026-07-24,2303,B,3600,133.5
2026-07-24,1303,A,1103,148.0
2026-07-24,2466,A,1454,122.0
2026-07-24,1709,A,6812,26.05
2026-07-24,2887,A,4991,35.55
2026-07-24,8383,A,1993,89.0
2026-07-24,3532,A,418,424.0
2026-07-24,8050,A,3102,57.2
2026-07-24,3481,B,8434,52.6
2026-07-24,6505,A,1871,85.8
2026-07-24,6414,A,321,500.0
2026-07-24,2395,A,276,581.0
2026-07-24,8476,A,6906,23.25
2026-07-24,3577,A,1096,146.5
2026-07-24,3479,A,1026,156.5
2026-07-24,2377,A,1096,146.5
2026-07-24,4939,A,2561,62.7
2026-07-24,2881,A,1259,127.5
2026-07-24,8046,B,361,1110.0
2026-07-24,3711,B,481,613.0
2026-07-31,1303,A,1103,148.0
2026-07-31,2466,A,2785,107.232
2026-07-31,1709,A,10984,24.93
2026-07-31,2887,A,7058,35.667
2026-07-31,6505,A,3583,78.633
2026-07-31,6414,A,626,453.714
2026-07-31,2395,A,450,574.04
2026-07-31,2377,A,1786,144.761
2026-07-31,2881,A,1951,128.387
2026-07-31,2546,A,2499,101.5
2026-07-31,6226,A,12945,19.6
2026-07-31,5328,A,3977,63.8
2026-07-31,2882,A,2499,101.5
2026-07-31,2535,A,2876,88.2
2026-08-07,1303,A,1103,148.0
2026-08-07,2466,A,2785,107.232
2026-08-07,1709,A,10984,24.93
2026-08-07,2887,A,7058,35.667
2026-08-07,6505,A,3583,78.633
2026-08-07,6414,A,626,453.714
2026-08-07,2395,A,450,574.04
2026-08-07,2377,A,1786,144.761
2026-08-07,2881,A,1951,128.387
2026-08-07,2546,A,2499,101.5
2026-08-07,6226,A,12945,19.6
2026-08-07,5328,A,3977,63.8
2026-08-07,2882,A,2499,101.5
2026-08-07,2535,A,2876,88.2
2026-08-14,1303,A,1513,164.124
2026-08-14,2466,A,2785,107.232
2026-08-14,1709,A,10984,24.93
2026-08-14,2887,A,7058,35.667
2026-08-14,6505,A,3583,78.633
2026-08-14,6414,A,626,453.714
2026-08-14,2395,A,450,574.04
2026-08-14,2377,A,1786,144.761
2026-08-14,2881,A,1951,128.387
2026-08-14,6226,A,12945,19.6
2026-08-14,5328,A,3977,63.8
2026-08-14,2882,A,2499,101.5
2026-08-21,1303,A,1513,164.124
2026-08-21,2466,A,2785,107.232
2026-08-21,1709,A,8119,24.93
2026-08-21,2887,A,7058,35.667
2026-08-21,6505,A,3583,78.633
2026-08-21,2395,A,450,574.04
2026-08-21,2881,A,1951,128.387
2026-08-21,6226,A,12945,19.6
2026-08-21,5328,A,3977,63.8
2026-08-21,2615,A,2171,124.5
2026-08-21,6108,A,10418,25.95
2026-08-21,2059,A,20,13385.0
2026-08-21,2915,A,4424,61.1
2026-08-21,3605,A,2491,108.5
2026-08-28,1303,A,788,164.124
2026-08-28,2466,A,1662,107.232
2026-08-28,1709,A,4804,24.93
2026-08-28,2887,A,4631,35.667
2026-08-28,6505,A,2432,78.633
2026-08-28,2395,A,260,574.04
2026-08-28,2881,A,1206,128.387
2026-08-28,6226,A,5108,19.6
2026-08-28,5328,A,2757,63.8
2026-08-28,2615,A,1558,124.5
2026-08-28,6108,A,6757,25.95
2026-08-28,2059,A,13,13385.0
2026-08-28,2915,A,3031,61.1
2026-08-28,3605,A,1326,108.5
2026-08-28,3008,B,229,7065.0
2026-09-04,1303,A,788,164.124
2026-09-04,2466,A,1662,107.232
2026-09-04,1709,A,4804,24.93
2026-09-04,2887,A,4631,35.667
2026-09-04,6505,A,2432,78.633
2026-09-04,2881,A,1206,128.387
2026-09-04,6226,A,5108,19.6
2026-09-04,2615,A,1558,124.5
2026-09-04,6108,A,6757,25.95
2026-09-04,2059,A,13,13385.0
2026-09-04,2915,A,3031,61.1
2026-09-04,3605,A,1326,108.5
2026-09-04,3008,B,229,7065.0
2026-09-04,3406,A,179,1055.0
2026-09-11,1303,A,788,164.124
2026-09-11,2466,A,1662,107.232
2026-09-11,1709,A,4804,24.93
2026-09-11,2887,A,4631,35.667
2026-09-11,6505,A,2432,78.633
2026-09-11,2881,A,1206,128.387
2026-09-11,6226,A,5108,19.6
2026-09-11,2615,A,1558,124.5
2026-09-11,6108,A,6757,25.95
2026-09-11,2059,A,13,13385.0
2026-09-11,2915,A,3031,61.1
2026-09-11,3605,A,1326,108.5
2026-09-11,3008,B,229,7065.0
2026-09-11,3406,A,179,1055.0
2026-09-11,2884,A,3657,46.3
2026-09-18,1303,A,788,164.124
2026-09-18,2466,A,1662,107.232
2026-09-18,1709,A,4804,24.93
2026-09-18,2887,A,4631,35.667
2026-09-18,6505,A,2432,78.633
2026-09-18,2881,A,1206,128.387
2026-09-18,6226,A,3820,19.6
2026-09-18,2615,A,1558,124.5
2026-09-18,6108,A,6757,25.95
2026-09-18,2059,A,13,13385.0
2026-09-18,2915,A,3031,61.1
2026-09-18,3605,A,1326,108.5
2026-09-18,3008,B,229,7065.0
2026-09-18,3406,A,179,1055.0
2026-09-18,2884,A,3657,46.3
2026-10-02,1303,B,2431,228.922
2026-10-02,2466,A,1198,107.232
2026-10-02,1709,A,2886,24.93
2026-10-02,6226,A,3820,19.6
2026-10-02,3605,A,990,108.5
2026-10-02,3008,B,135,7065.0
2026-10-02,6122,A,2641,63.9
2026-10-02,6199,A,1278,132.0
2026-10-02,2020,A,6274,26.9
2026-10-02,3219,A,1313,128.5
2026-10-02,5465,A,5099,33.1
2026-10-02,6168,A,3669,46.0
2026-10-02,3016,A,935,180.5
2026-10-02,2305,A,2803,60.2
2026-10-02,6218,A,2620,64.4
2026-10-02,3443,A,21,7900.0
