date,code,pool,shares,avg
2014-12-31,3285,A,78,48.45
2014-12-31,4417,A,123,30.8
2014-12-31,9960,A,171,22.1
2014-12-31,3532,A,71,53.0
2014-12-31,2305,A,363,10.45
2014-12-31,3217,A,208,18.25
2014-12-31,2527,A,182,20.8
2014-12-31,2636,A,104,36.5
2014-12-31,2368,A,212,17.9
2014-12-31,3130,A,22,167.5
2014-12-31,2543,A,330,11.5
2014-12-31,2610,A,262,14.5
2014-12-31,5202,A,183,20.7
2014-12-31,8085,A,418,9.09
2014-12-31,3533,A,25,146.5
2015-01-09,3285,A,78,48.45
2015-01-09,4417,A,123,30.8
2015-01-09,9960,A,171,22.1
2015-01-09,3532,A,71,53.0
2015-01-09,2305,A,363,10.45
2015-01-09,3217,A,208,18.25
2015-01-09,2527,A,182,20.8
2015-01-09,2636,A,104,36.5
2015-01-09,2368,A,212,17.9
2015-01-09,3130,A,22,167.5
2015-01-09,2543,A,330,11.5
2015-01-09,2610,A,262,14.5
2015-01-09,2611,A,294,13.05
2015-01-09,3236,A,197,19.45
2015-01-09,2483,A,154,24.95
2015-01-16,3285,A,123,49.42
2015-01-16,4417,A,212,30.38
2015-01-16,9960,A,277,22.368
2015-01-16,2305,A,599,10.489
2015-01-16,2527,A,305,20.76
2015-01-16,2636,A,168,36.9
2015-01-16,2368,A,298,18.838
2015-01-16,2610,A,396,14.991
2015-01-16,2611,A,526,12.587
2015-01-16,2483,A,266,24.445
2015-01-16,3051,A,632,10.0
2015-01-16,3227,A,73,85.5
2015-01-16,2514,A,275,22.9
2015-01-16,1522,A,282,22.35
2015-01-16,4729,A,271,23.3
2015-01-23,3285,A,71,49.42
2015-01-23,4417,A,134,30.38
2015-01-23,9960,A,173,22.368
2015-01-23,2305,A,372,10.489
2015-01-23,2636,A,105,36.9
2015-01-23,2368,A,177,18.838
2015-01-23,2610,A,245,14.991
2015-01-23,2483,A,154,24.445
2015-01-23,3051,A,292,10.0
2015-01-23,3227,A,45,85.5
2015-01-23,2514,A,172,22.9
2015-01-23,1522,A,174,22.35
2015-01-23,3152,A,25,157.0
2015-01-23,3631,A,61,63.6
2015-01-23,8085,A,367,10.7
2015-01-23,2618,B,1618,24.3
2015-01-30,9960,A,173,22.368
2015-01-30,2368,A,177,18.838
2015-01-30,3051,A,292,10.0
2015-01-30,3227,A,45,85.5
2015-01-30,2514,A,172,22.9
2015-01-30,3152,A,25,157.0
2015-01-30,2618,B,798,24.3
2015-01-30,4426,A,86,44.8
2015-01-30,1307,A,114,33.7
2015-01-30,8016,A,37,104.0
2015-01-30,5474,A,64,59.8
2015-01-30,5102,A,208,18.55
2015-01-30,9910,A,32,118.5
2015-01-30,3379,A,152,25.4
2015-01-30,9924,A,109,35.1
2015-01-30,5469,A,241,16.0
2015-01-30,4938,B,45,85.0
2015-02-06,9960,A,173,22.368
2015-02-06,3051,A,292,10.0
2015-02-06,3227,A,45,85.5
2015-02-06,2514,A,172,22.9
2015-02-06,2618,B,798,24.3
2015-02-06,4426,A,86,44.8
2015-02-06,1307,A,114,33.7
2015-02-06,8016,A,37,104.0
2015-02-06,5474,A,64,59.8
2015-02-06,9910,A,32,118.5
2015-02-06,3379,A,152,25.4
2015-02-06,4938,B,236,80.872
2015-02-06,4432,A,34,109.0
2015-02-06,2325,A,69,54.4
2015-02-06,2456,A,86,43.6
2015-02-06,3532,A,59,63.3
2015-02-06,3628,A,65,57.4
2015-02-13,3051,A,292,10.0
2015-02-13,3227,A,45,85.5
2015-02-13,4426,A,86,44.8
2015-02-13,1307,A,114,33.7
2015-02-13,8016,A,37,104.0
2015-02-13,9910,A,32,118.5
2015-02-13,4938,B,449,82.736
2015-02-13,4432,A,34,109.0
2015-02-13,2325,A,69,54.4
2015-02-13,2456,A,86,43.6
2015-02-13,3532,A,59,63.3
2015-02-13,8066,A,37,101.5
2015-02-13,2492,A,266,14.3
2015-02-13,9938,A,66,57.0
2015-02-13,9924,A,113,33.6
2015-02-13,3631,A,64,58.7
2015-02-13,3051,A,292,10.0
2015-02-13,3227,A,45,85.5
2015-02-13,4426,A,86,44.8
2015-02-13,1307,A,114,33.7
2015-02-13,8016,A,37,104.0
2015-02-13,9910,A,32,118.5
2015-02-13,4938,B,449,82.736
2015-02-13,4432,A,34,109.0
2015-02-13,2325,A,69,54.4
2015-02-13,2456,A,86,43.6
2015-02-13,3532,A,59,63.3
2015-02-13,8066,A,37,101.5
2015-02-13,2492,A,266,14.3
2015-02-13,9938,A,66,57.0
2015-02-13,9924,A,113,33.6
2015-02-13,3631,A,64,58.7
2015-02-26,3227,A,45,85.5
2015-02-26,4426,A,86,44.8
2015-02-26,1307,A,114,33.7
2015-02-26,8016,A,37,104.0
2015-02-26,9910,A,32,118.5
2015-02-26,4938,B,449,82.736
2015-02-26,2325,A,69,54.4
2015-02-26,2456,A,86,43.6
2015-02-26,3532,A,59,63.3
2015-02-26,8066,A,37,101.5
2015-02-26,2492,A,266,14.3
2015-02-26,9938,A,66,57.0
2015-02-26,9924,A,113,33.6
2015-02-26,6210,A,79,49.5
2015-02-26,2414,A,201,19.6
2015-02-26,2527,A,189,20.85
2015-03-06,1307,A,114,33.7
2015-03-06,4938,B,449,82.736
2015-03-06,2456,A,86,43.6
2015-03-06,8066,A,37,101.5
2015-03-06,9938,A,66,57.0
2015-03-06,9924,A,113,33.6
2015-03-06,5498,A,366,11.2
2015-03-06,1452,A,226,18.1
2015-03-06,8091,A,65,62.4
2015-03-06,5306,A,26,153.0
2015-03-06,9937,A,103,39.5
2015-03-06,3484,A,72,56.6
2015-03-06,8083,A,25,160.0
2015-03-06,9802,A,67,60.5
2015-03-06,1539,A,179,22.9
2015-03-06,6177,A,91,44.6
2015-03-13,1307,A,114,33.7
2015-03-13,4938,B,449,82.736
2015-03-13,1452,A,226,18.1
2015-03-13,8091,A,65,62.4
2015-03-13,9937,A,103,39.5
2015-03-13,3484,A,72,56.6
2015-03-13,8083,A,25,160.0
2015-03-13,9802,A,67,60.5
2015-03-13,6210,A,76,54.2
2015-03-13,6187,A,72,57.6
2015-03-13,4426,A,60,68.6
2015-03-13,2355,A,68,61.0
2015-03-13,1589,A,24,170.0
2015-03-13,9910,A,26,158.0
2015-03-13,4528,A,86,48.0
2015-03-13,4733,A,22,188.0
2015-03-20,4938,B,449,82.736
2015-03-20,1452,A,226,18.1
2015-03-20,8091,A,65,62.4
2015-03-20,3484,A,72,56.6
2015-03-20,9802,A,67,60.5
2015-03-20,6210,A,76,54.2
2015-03-20,4426,A,60,68.6
2015-03-20,1589,A,24,170.0
2015-03-20,4528,A,86,48.0
2015-03-20,4733,A,22,188.0
2015-03-20,2731,A,37,113.5
2015-03-20,9943,A,98,43.65
2015-03-20,6292,A,117,36.7
2015-03-20,6196,A,145,29.6
2015-03-20,5317,A,289,14.9
2015-03-20,2493,A,138,31.15
2015-03-27,4938,B,449,82.736
2015-03-27,3484,A,72,56.6
2015-03-27,6210,A,76,54.2
2015-03-27,4733,A,22,188.0
2015-03-27,9943,A,98,43.65
2015-03-27,2493,A,138,31.15
2015-03-27,5211,A,112,37.1
2015-03-27,5015,A,148,28.3
2015-03-27,4930,A,130,32.0
2015-03-27,2527,A,174,23.95
2015-03-27,1815,A,286,14.6
2015-03-27,9910,A,23,180.5
2015-03-27,5498,A,327,12.8
2015-03-27,2833,A,166,25.15
2015-03-27,1521,A,48,87.0
2015-03-27,2383,A,76,54.6
2015-04-02,3484,A,96,60.55
2015-04-02,4733,A,29,200.069
2015-04-02,2493,A,221,31.375
2015-04-02,9910,A,35,187.014
2015-04-02,2833,A,259,25.814
2015-04-02,1521,A,78,87.885
2015-04-02,2316,A,380,18.45
2015-04-02,4426,A,75,93.0
2015-04-02,1459,A,533,13.15
2015-04-02,4528,A,117,59.5
2015-04-02,3028,A,368,19.05
2015-04-02,1452,A,279,25.15
2015-04-02,9938,A,91,76.5
2015-04-02,2331,A,214,32.7
2015-04-02,1589,A,36,193.5
2015-04-10,2316,A,380,18.45
2015-04-10,1459,A,533,13.15
2015-04-10,3028,A,368,19.05
2015-04-10,5315,A,464,14.85
2015-04-10,6269,A,71,96.0
2015-04-10,3685,A,164,41.9
2015-04-10,8050,A,100,68.6
2015-04-10,2542,A,87,78.5
2015-04-10,1707,A,43,159.0
2015-04-10,9930,A,85,81.0
2015-04-10,4912,A,67,101.5
2015-04-10,3628,A,85,80.7
2015-04-10,3455,A,155,44.25
2015-04-10,1730,A,196,35.0
2015-04-10,3499,A,343,20.05
2015-04-17,2316,A,189,18.45
2015-04-17,5315,A,231,14.85
2015-04-17,6269,A,39,96.0
2015-04-17,3685,A,90,41.9
2015-04-17,8050,A,62,68.6
2015-04-17,1707,A,26,159.0
2015-04-17,5474,A,38,110.0
2015-04-17,3205,A,95,44.15
2015-04-17,6167,A,605,6.94
2015-04-17,2442,A,423,9.91
2015-04-17,4426,A,34,123.0
2015-04-17,9943,A,84,49.7
2015-04-17,6210,A,61,68.1
2015-04-17,1808,A,113,37.0
2015-04-17,2108,A,215,19.45
2015-04-17,4938,B,240,87.2
2015-04-17,8086,B,333,63.0
2015-04-24,2316,A,297,20.323
2015-04-24,6269,A,60,103.0
2015-04-24,3685,A,131,45.468
2015-04-24,1707,A,42,162.048
2015-04-24,5474,A,62,110.581
2015-04-24,4426,A,52,126.808
2015-04-24,9943,A,128,51.384
2015-04-24,2823,A,218,32.15
2015-04-24,9917,A,75,92.4
2015-04-24,2834,A,695,10.1
2015-04-24,8433,A,90,77.5
2015-04-24,2833,A,247,28.35
2015-04-24,1452,A,242,29.0
2015-04-24,8446,A,57,122.0
2015-04-24,2731,A,54,128.0
2015-04-30,3685,A,104,45.468
2015-04-30,4426,A,52,126.808
2015-04-30,9943,A,128,51.384
2015-04-30,2823,A,218,32.15
2015-04-30,8433,A,90,77.5
2015-04-30,1452,A,242,29.0
2015-04-30,1307,A,129,55.7
2015-04-30,2855,A,393,18.35
2015-04-30,2888,A,726,9.95
2015-04-30,2108,A,330,21.85
2015-04-30,1464,A,306,23.6
2015-04-30,2891,A,302,23.9
2015-04-30,1905,A,657,11.0
2015-04-30,3205,A,149,48.4
2015-04-30,1808,A,196,36.75
2015-05-08,9943,A,128,51.384
2015-05-08,2108,A,330,21.85
2015-05-08,1464,A,306,23.6
2015-05-08,1808,A,196,36.75
2015-05-08,2923,A,157,42.7
2015-05-08,2731,A,44,151.5
2015-05-08,4930,A,186,36.25
2015-05-08,6210,A,99,68.1
2015-05-08,1541,A,279,24.1
2015-05-08,9917,A,73,91.5
2015-05-08,8086,A,89,75.1
2015-05-08,9930,A,80,83.5
2015-05-08,6269,A,62,107.5
2015-05-08,2833,A,224,30.0
2015-05-08,1707,A,39,170.5
2015-05-15,9943,A,128,51.384
2015-05-15,2108,A,330,21.85
2015-05-15,1464,A,306,23.6
2015-05-15,2923,A,157,42.7
2015-05-15,2731,A,44,151.5
2015-05-15,2833,A,224,30.0
2015-05-15,1539,A,216,30.2
2015-05-15,3205,A,114,57.4
2015-05-15,2456,A,90,72.7
2015-05-15,2316,A,262,25.0
2015-05-15,8070,A,69,94.9
2015-05-15,8433,A,82,79.6
2015-05-15,4426,A,50,129.0
2015-05-15,2442,A,606,10.8
2015-05-15,5490,A,84,77.8
2015-05-22,2108,A,330,21.85
2015-05-22,1464,A,306,23.6
2015-05-22,2731,A,44,151.5
2015-05-22,2833,A,224,30.0
2015-05-22,3205,A,114,57.4
2015-05-22,2316,A,262,25.0
2015-05-22,5490,A,84,77.8
2015-05-22,6506,A,258,25.6
2015-05-22,3030,A,99,66.5
2015-05-22,8086,A,77,85.4
2015-05-22,3234,A,94,69.7
2015-05-22,1452,A,201,32.8
2015-05-22,3685,A,112,58.6
2015-05-22,4528,A,93,70.5
2015-05-22,4979,A,74,87.1
2015-05-29,3205,A,114,57.4
2015-05-29,2316,A,262,25.0
2015-05-29,5490,A,84,77.8
2015-05-29,6506,A,258,25.6
2015-05-29,8086,A,77,85.4
2015-05-29,3234,A,94,69.7
2015-05-29,4528,A,93,70.5
2015-05-29,4506,A,287,24.85
2015-05-29,4417,A,151,47.2
2015-05-29,6414,A,18,388.0
2015-05-29,3706,A,246,29.0
2015-05-29,4429,A,212,33.5
2015-05-29,2354,A,66,108.0
2015-05-29,6214,A,91,78.3
2015-05-29,1539,A,208,34.2
2015-06-05,3205,A,81,57.4
2015-06-05,2316,A,262,25.0
2015-06-05,6506,A,258,25.6
2015-06-05,8086,A,77,85.4
2015-06-05,4417,A,151,47.2
2015-06-05,3706,A,246,29.0
2015-06-05,1539,A,208,34.2
2015-06-05,3152,A,34,209.0
2015-06-05,3529,A,16,437.0
2015-06-05,8147,A,107,66.6
2015-06-05,6238,A,101,70.2
2015-06-05,8070,A,69,103.0
2015-06-05,2833,A,222,32.1
2015-06-05,4107,A,71,99.5
2015-06-05,3030,A,102,69.3
2015-06-12,3205,A,81,57.4
2015-06-12,6506,A,258,25.6
2015-06-12,8086,A,77,85.4
2015-06-12,4417,A,151,47.2
2015-06-12,3706,A,246,29.0
2015-06-12,1539,A,208,34.2
2015-06-12,3152,A,34,209.0
2015-06-12,3529,A,16,437.0
2015-06-12,8070,A,69,103.0
2015-06-12,2833,A,222,32.1
2015-06-12,3234,A,85,84.1
2015-06-12,1537,A,44,161.5
2015-06-12,6269,A,58,122.0
2015-06-12,8433,A,71,99.9
2015-06-12,4506,A,285,25.15
2015-06-18,3205,A,81,57.4
2015-06-18,8086,A,77,85.4
2015-06-18,4417,A,151,47.2
2015-06-18,3706,A,246,29.0
2015-06-18,1539,A,208,34.2
2015-06-18,3152,A,34,209.0
2015-06-18,3529,A,16,437.0
2015-06-18,2833,A,222,32.1
2015-06-18,3234,A,85,84.1
2015-06-18,2455,A,152,48.3
2015-06-18,1464,A,251,29.15
2015-06-18,3685,A,121,60.3
2015-06-18,4737,A,120,61.0
2015-06-18,6214,A,95,77.0
2015-06-26,3205,A,81,57.4
2015-06-26,8086,A,59,85.4
2015-06-26,3706,A,246,29.0
2015-06-26,3152,A,34,209.0
2015-06-26,2833,A,222,32.1
2015-06-26,3234,A,85,84.1
2015-06-26,2455,A,152,48.3
2015-06-26,8048,A,119,62.4
2015-06-26,3029,A,252,29.55
2015-06-26,8941,A,79,93.9
2015-06-26,5490,A,66,112.0
2015-06-26,4733,A,23,320.5
2015-06-26,4506,A,276,26.9
2015-06-26,2506,A,428,17.4
2015-06-26,2731,A,44,169.0
2015-07-03,3205,A,65,57.4
2015-07-03,3152,A,34,209.0
2015-07-03,3234,A,85,84.1
2015-07-03,8048,A,119,62.4
2015-07-03,3029,A,252,29.55
2015-07-03,8941,A,79,93.9
2015-07-03,5490,A,66,112.0
2015-07-03,4733,A,23,320.5
2015-07-03,4506,A,276,26.9
2015-07-03,2506,A,428,17.4
2015-07-03,2731,A,44,169.0
2015-07-03,4905,A,140,54.1
2015-07-03,2354,A,64,118.5
2015-07-03,4737,A,121,62.6
2015-07-03,6269,A,55,137.5
2015-07-09,3205,A,65,57.4
2015-07-09,8048,A,119,62.4
2015-07-09,3029,A,252,29.55
2015-07-09,8941,A,79,93.9
2015-07-09,4506,A,276,26.9
2015-07-09,2506,A,428,17.4
2015-07-09,2731,A,44,169.0
2015-07-09,4905,A,140,54.1
2015-07-09,4737,A,121,62.6
2015-07-09,6269,A,55,137.5
2015-07-09,1707,A,34,207.0
2015-07-09,3684,A,106,67.0
2015-07-09,4417,A,142,49.9
2015-07-09,4107,A,71,99.3
2015-07-09,2108,A,274,25.95
2015-07-17,3205,A,65,57.4
2015-07-17,8048,A,119,62.4
2015-07-17,3029,A,252,29.55
2015-07-17,8941,A,79,93.9
2015-07-17,4506,A,276,26.9
2015-07-17,2506,A,428,17.4
2015-07-17,4905,A,140,54.1
2015-07-17,4737,A,121,62.6
2015-07-17,6269,A,55,137.5
2015-07-17,1707,A,34,207.0
2015-07-17,3684,A,106,67.0
2015-07-17,4417,A,142,49.9
2015-07-17,4107,A,71,99.3
2015-07-17,2108,A,274,25.95
2015-07-17,2891,A,307,24.15
2015-07-24,3205,A,65,57.4
2015-07-24,8048,A,119,62.4
2015-07-24,3029,A,380,27.31
2015-07-24,2506,A,428,17.4
2015-07-24,4905,A,140,54.1
2015-07-24,4737,A,121,62.6
2015-07-24,1707,A,34,207.0
2015-07-24,3684,A,152,63.974
2015-07-24,4107,A,71,99.3
2015-07-24,2891,A,307,24.15
2015-07-24,3152,A,41,211.0
2015-07-24,5704,A,311,28.0
2015-07-31,3205,A,119,87.395
2015-07-31,8048,A,281,56.635
2015-07-31,2506,A,903,16.848
2015-07-31,4905,A,286,52.773
2015-07-31,4737,A,222,64.374
2015-07-31,1707,A,69,209.536
2015-07-31,3684,A,238,63.261
2015-08-07,3205,A,214,98.54
2015-08-07,2506,A,1430,16.867
2015-08-07,4737,A,360,65.381
2015-08-07,3684,A,404,61.839
2015-08-14,2506,A,2849,16.709
2015-08-14,3684,A,813,59.908
2015-09-04,1541,A,2714,32.45
2015-09-11,1541,A,2714,32.45
2015-09-18,1541,A,2714,32.45
2015-09-25,1541,A,2714,32.45
2015-10-02,1541,A,1335,32.45
2015-10-02,6238,A,42,109.0
2015-10-08,1541,A,676,32.45
2015-10-08,6238,A,265,120.36
2015-10-08,3324,A,1462,22.2
2015-10-08,8916,A,163,46.9
2015-10-16,1541,A,212,32.45
2015-10-16,6238,A,67,120.36
2015-10-16,3324,A,482,22.2
2015-10-16,8916,A,163,46.9
2015-10-16,8105,A,781,13.2
2015-10-16,4935,A,190,54.0
2015-10-16,1527,A,175,58.6
2015-10-16,5315,A,493,20.9
2015-10-23,1541,A,135,32.45
2015-10-23,6238,A,67,120.36
2015-10-23,3324,A,339,22.2
2015-10-23,8916,A,163,46.9
2015-10-23,8105,A,596,13.2
2015-10-23,4935,A,130,54.0
2015-10-23,1527,A,130,58.6
2015-10-23,5315,A,328,20.9
2015-10-23,2345,A,402,19.0
2015-10-23,1704,A,284,26.95
2015-10-23,8433,A,65,116.5
2015-10-30,1541,A,94,32.45
2015-10-30,6238,A,43,120.36
2015-10-30,3324,A,242,22.2
2015-10-30,8916,A,126,46.9
2015-10-30,8105,A,416,13.2
2015-10-30,4935,A,89,54.0
2015-10-30,1527,A,130,58.6
2015-10-30,5315,A,259,20.9
2015-10-30,2345,A,287,19.0
2015-10-30,1704,A,202,26.95
2015-10-30,8433,A,50,116.5
2015-10-30,3617,A,57,101.0
2015-10-30,3587,A,94,61.5
2015-10-30,5284,A,83,69.5
2015-11-06,1541,A,94,32.45
2015-11-06,6238,A,34,120.36
2015-11-06,3324,A,242,22.2
2015-11-06,8105,A,327,13.2
2015-11-06,4935,A,89,54.0
2015-11-06,1527,A,130,58.6
2015-11-06,5315,A,259,20.9
2015-11-06,2345,A,287,19.0
2015-11-06,1704,A,202,26.95
2015-11-06,8433,A,50,116.5
2015-11-06,3617,A,57,101.0
2015-11-06,3587,A,94,61.5
2015-11-06,5284,A,83,69.5
2015-11-06,3548,A,151,37.6
2015-11-06,8404,A,146,38.7
2015-11-06,8096,A,201,28.15
2015-11-13,6238,A,34,120.36
2015-11-13,3324,A,242,22.2
2015-11-13,8105,A,327,13.2
2015-11-13,4935,A,89,54.0
2015-11-13,5315,A,259,20.9
2015-11-13,2345,A,287,19.0
2015-11-13,8433,A,50,116.5
2015-11-13,3617,A,57,101.0
2015-11-13,5284,A,83,69.5
2015-11-13,3548,A,151,37.6
2015-11-13,8404,A,146,38.7
2015-11-13,8096,A,201,28.15
2015-11-13,3611,A,19,301.5
2015-11-13,6274,A,200,29.15
2015-11-13,8432,A,105,55.3
2015-11-20,6238,A,34,120.36
2015-11-20,3324,A,242,22.2
2015-11-20,8105,A,327,13.2
2015-11-20,4935,A,89,54.0
2015-11-20,2345,A,287,19.0
2015-11-20,8433,A,50,116.5
2015-11-20,3617,A,57,101.0
2015-11-20,3548,A,151,37.6
2015-11-20,8096,A,201,28.15
2015-11-20,3611,A,19,301.5
2015-11-20,6274,A,200,29.15
2015-11-20,8432,A,105,55.3
2015-11-20,2726,A,106,57.9
2015-11-20,4947,A,27,223.0
2015-11-20,8916,A,104,58.7
2015-11-27,3324,A,174,22.2
2015-11-27,4935,A,89,54.0
2015-11-27,2345,A,224,19.0
2015-11-27,8432,A,84,55.3
2015-11-27,2726,A,106,57.9
2015-11-27,4947,A,27,223.0
2015-11-27,4735,A,191,31.95
2015-11-27,1730,A,159,38.4
2015-11-27,6237,A,172,35.6
2015-11-27,3479,A,89,68.2
2015-11-27,2481,A,404,15.15
2015-11-27,1777,A,69,88.3
2015-11-27,1704,A,179,34.2
2015-11-27,3205,A,18,330.0
2015-11-27,1817,A,148,41.4
2015-12-04,3324,A,174,22.2
2015-12-04,2345,A,224,19.0
2015-12-04,2726,A,106,57.9
2015-12-04,4735,A,191,31.95
2015-12-04,1730,A,159,38.4
2015-12-04,6237,A,172,35.6
2015-12-04,3479,A,89,68.2
2015-12-04,1704,A,179,34.2
2015-12-04,2926,A,36,174.5
2015-12-04,4736,A,55,113.0
2015-12-04,2406,A,162,38.8
2015-12-04,1788,A,62,100.5
2015-12-04,8916,A,100,62.6
2015-12-04,4746,A,91,69.2
2015-12-04,2377,A,141,44.4
2015-12-11,3324,A,174,22.2
2015-12-11,2345,A,224,19.0
2015-12-11,2726,A,106,57.9
2015-12-11,4735,A,191,31.95
2015-12-11,3479,A,89,68.2
2015-12-11,1704,A,179,34.2
2015-12-11,2406,A,162,38.8
2015-12-11,1788,A,62,100.5
2015-12-11,8916,A,100,62.6
2015-12-11,2377,A,141,44.4
2015-12-11,6230,A,52,114.5
2015-12-11,2428,A,115,52.3
2015-12-11,6290,A,204,29.5
2015-12-11,4919,A,182,33.0
2015-12-11,3004,A,103,58.2
2015-12-18,3324,A,174,22.2
2015-12-18,2345,A,224,19.0
2015-12-18,2726,A,106,57.9
2015-12-18,4735,A,191,31.95
2015-12-18,2406,A,162,38.8
2015-12-18,1788,A,62,100.5
2015-12-18,8916,A,100,62.6
2015-12-18,2377,A,141,44.4
2015-12-18,6230,A,52,114.5
2015-12-18,6290,A,204,29.5
2015-12-18,6158,A,407,15.3
2015-12-18,6111,A,43,144.0
2015-12-18,2926,A,32,191.0
2015-12-18,3611,A,18,333.0
2015-12-18,2481,A,412,15.1
2015-12-25,3324,A,174,22.2
2015-12-25,2345,A,224,19.0
2015-12-25,2726,A,106,57.9
2015-12-25,1788,A,62,100.5
2015-12-25,2377,A,141,44.4
2015-12-25,6230,A,52,114.5
2015-12-25,6158,A,407,15.3
2015-12-25,6111,A,43,144.0
2015-12-25,2926,A,32,191.0
2015-12-25,2481,A,412,15.1
2015-12-25,2464,A,170,36.25
2015-12-25,3038,A,618,10.0
2015-12-25,4935,A,80,76.6
2015-12-25,6237,A,173,35.65
2015-12-25,6238,A,34,177.5
2015-12-31,3324,A,174,22.2
2015-12-31,2345,A,224,19.0
2015-12-31,2726,A,106,57.9
2015-12-31,1788,A,62,100.5
2015-12-31,2377,A,141,44.4
2015-12-31,6230,A,52,114.5
2015-12-31,6158,A,318,15.3
2015-12-31,2926,A,32,191.0
2015-12-31,2464,A,170,36.25
2015-12-31,6237,A,173,35.65
2015-12-31,6238,A,34,177.5
2015-12-31,1310,A,363,17.05
2015-12-31,8432,A,83,74.6
2015-12-31,1817,A,152,40.7
2015-12-31,2428,A,115,53.6
2016-01-08,3324,A,174,22.2
2016-01-08,2345,A,308,22.955
2016-01-08,2726,A,154,60.736
2016-01-08,1788,A,99,101.621
2016-01-08,2377,A,236,44.138
2016-01-08,6230,A,81,118.796
2016-01-08,6158,A,560,16.661
2016-01-08,2926,A,47,199.777
2016-01-08,6238,A,57,178.711
2016-01-08,1310,A,597,17.148
2016-01-08,1737,A,289,35.75
2016-01-08,4947,A,41,247.0
2016-01-08,4735,A,263,39.2
2016-01-08,2481,A,720,14.35
2016-01-08,3205,A,32,314.0
2016-01-15,3324,A,174,22.2
2016-01-15,2345,A,308,22.955
2016-01-15,2726,A,154,60.736
2016-01-15,1788,A,99,101.621
2016-01-15,2377,A,236,44.138
2016-01-15,6230,A,81,118.796
2016-01-15,6158,A,560,16.661
2016-01-15,2926,A,47,199.777
2016-01-15,6238,A,57,178.711
2016-01-15,1310,A,597,17.148
2016-01-15,1737,A,289,35.75
2016-01-15,4947,A,41,247.0
2016-01-15,4735,A,263,39.2
2016-01-15,1817,A,247,39.5
2016-01-15,8432,A,138,70.5
2016-01-22,3324,A,234,29.123
2016-01-22,2345,A,308,22.955
2016-01-22,2726,A,154,60.736
2016-01-22,1788,A,99,101.621
2016-01-22,6230,A,81,118.796
2016-01-22,6158,A,560,16.661
2016-01-22,2926,A,47,199.777
2016-01-22,1310,A,597,17.148
2016-01-22,1737,A,289,35.75
2016-01-22,4735,A,263,39.2
2016-01-22,1817,A,247,39.5
2016-01-22,8432,A,138,70.5
2016-01-22,1527,A,184,62.3
2016-01-29,3324,A,234,29.123
2016-01-29,2345,A,308,22.955
2016-01-29,2726,A,154,60.736
2016-01-29,6230,A,81,118.796
2016-01-29,6158,A,560,16.661
2016-01-29,2926,A,47,199.777
2016-01-29,1310,A,597,17.148
2016-01-29,1737,A,390,34.921
2016-01-29,4735,A,263,39.2
2016-01-29,1817,A,247,39.5
2016-01-29,1527,A,184,62.3
2016-01-29,2419,A,598,21.2
2016-02-03,2345,A,460,26.357
2016-02-03,2726,A,208,63.972
2016-02-03,6230,A,81,118.796
2016-02-03,6158,A,826,17.253
2016-02-03,2926,A,76,199.862
2016-02-03,1310,A,845,17.427
2016-02-03,1737,A,390,34.921
2016-02-03,4735,A,414,38.361
2016-02-03,1817,A,346,40.83
2016-02-03,2419,A,598,21.2
2016-02-03,2345,A,460,26.357
2016-02-03,2726,A,208,63.972
2016-02-03,6230,A,81,118.796
2016-02-03,6158,A,826,17.253
2016-02-03,2926,A,76,199.862
2016-02-03,1310,A,845,17.427
2016-02-03,1737,A,390,34.921
2016-02-03,4735,A,414,38.361
2016-02-03,1817,A,346,40.83
2016-02-03,2419,A,598,21.2
2016-02-19,2345,A,234,26.357
2016-02-19,2726,A,115,63.972
2016-02-19,6230,A,49,118.796
2016-02-19,6158,A,354,17.253
2016-02-19,2926,A,39,199.862
2016-02-19,1310,A,424,17.427
2016-02-19,1737,A,245,34.921
2016-02-19,4735,A,214,38.361
2016-02-19,1817,A,186,40.83
2016-02-19,2419,A,337,21.2
2016-02-19,3526,A,265,29.0
2016-02-19,3552,B,148,414.0
2016-02-26,2419,A,259,21.2
2016-02-26,3526,A,179,29.0
2016-02-26,3552,B,75,414.0
2016-02-26,6227,A,205,30.0
2016-02-26,6139,A,229,26.8
2016-02-26,3202,A,669,9.2
2016-02-26,8426,A,130,47.4
2016-02-26,6213,A,231,26.6
2016-02-26,8049,A,429,14.35
2016-02-26,6151,A,229,26.85
2016-02-26,2404,A,124,49.65
2016-02-26,6024,A,188,32.65
2016-02-26,3293,A,61,238.5
2016-02-26,6189,A,180,34.1
2016-02-26,3324,A,89,69.0
2016-02-26,2013,A,240,25.65
2016-03-04,3552,B,75,414.0
2016-03-04,6227,A,205,30.0
2016-03-04,6139,A,229,26.8
2016-03-04,3202,A,669,9.2
2016-03-04,8049,A,429,14.35
2016-03-04,6151,A,229,26.85
2016-03-04,6024,A,188,32.65
2016-03-04,3293,A,126,245.643
2016-03-04,6189,A,180,34.1
2016-03-04,3324,A,89,69.0
2016-03-04,5704,A,134,46.55
2016-03-04,6266,A,404,15.45
2016-03-04,3443,A,71,87.5
2016-03-04,8081,A,78,79.7
2016-03-04,2449,A,230,27.1
2016-03-04,8996,A,101,61.5
2016-03-11,3552,B,75,414.0
2016-03-11,6227,A,205,30.0
2016-03-11,3202,A,669,9.2
2016-03-11,6024,A,188,32.65
2016-03-11,2449,A,230,27.1
2016-03-11,4534,A,424,15.2
2016-03-11,1218,A,463,13.9
2016-03-11,5452,A,492,13.1
2016-03-11,2481,A,332,19.4
2016-03-11,3038,A,474,13.6
2016-03-11,2488,A,184,34.95
2016-03-11,1611,A,635,10.15
2016-03-11,3587,A,79,81.2
2016-03-11,3032,A,207,31.0
2016-03-11,2373,A,115,56.0
2016-03-11,2404,A,122,52.6
2016-03-11,3293,B,132,243.0
2016-03-18,3552,B,75,414.0
2016-03-18,6227,A,161,30.0
2016-03-18,3202,A,669,9.2
2016-03-18,4534,A,424,15.2
2016-03-18,5452,A,492,13.1
2016-03-18,3038,A,474,13.6
2016-03-18,3032,A,207,31.0
2016-03-18,2373,A,115,56.0
2016-03-18,3293,B,132,243.0
2016-03-18,1735,A,453,14.7
2016-03-18,6139,A,167,39.85
2016-03-18,5015,A,304,21.85
2016-03-18,4533,A,387,17.2
2016-03-18,3310,A,435,15.3
2016-03-18,2017,A,850,7.83
2016-03-18,1235,A,273,24.35
2016-03-18,1323,A,198,33.6
2016-03-25,3552,B,43,414.0
2016-03-25,3202,A,669,9.2
2016-03-25,4534,A,424,15.2
2016-03-25,5452,A,492,13.1
2016-03-25,3038,A,474,13.6
2016-03-25,3032,A,165,31.0
2016-03-25,3293,B,91,243.0
2016-03-25,6139,A,167,39.85
2016-03-25,5015,A,304,21.85
2016-03-25,1235,A,273,24.35
2016-03-25,6234,A,230,29.1
2016-03-25,6128,A,167,39.9
2016-03-25,8064,A,322,20.8
2016-03-25,5403,A,243,27.5
2016-03-25,3535,A,525,12.75
2016-03-25,6213,A,239,27.95
2016-03-25,3016,A,269,24.9
2016-03-25,6238,B,11,376.0
2016-04-01,3552,B,43,414.0
2016-04-01,4534,A,424,15.2
2016-04-01,3032,A,165,31.0
2016-04-01,3293,B,91,243.0
2016-04-01,6234,A,230,29.1
2016-04-01,6128,A,167,39.9
2016-04-01,8064,A,322,20.8
2016-04-01,5403,A,243,27.5
2016-04-01,3535,A,525,12.75
2016-04-01,6213,A,239,27.95
2016-04-01,3016,A,269,24.9
2016-04-01,6238,B,57,389.719
2016-04-01,6160,A,282,23.9
2016-04-01,4916,A,168,40.1
2016-04-01,2511,A,560,12.05
2016-04-01,2449,A,244,27.6
2016-04-01,3050,A,662,10.2
2016-04-01,2488,A,186,36.3
2016-04-08,3552,B,43,414.0
2016-04-08,4534,A,424,15.2
2016-04-08,3293,B,78,280.385
2016-04-08,6234,A,230,29.1
2016-04-08,6128,A,167,39.9
2016-04-08,5403,A,243,27.5
2016-04-08,3535,A,525,12.75
2016-04-08,6238,B,57,389.719
2016-04-08,6160,A,282,23.9
2016-04-08,4916,A,168,40.1
2016-04-08,2511,A,560,12.05
2016-04-08,3050,A,662,10.2
2016-04-08,1909,A,526,13.25
2016-04-08,1604,A,503,13.85
2016-04-08,6227,A,144,48.3
2016-04-08,8426,A,127,54.8
2016-04-08,4911,A,52,133.5
2016-04-15,3552,B,43,414.0
2016-04-15,4534,A,339,15.2
2016-04-15,3293,B,78,280.385
2016-04-15,5403,A,243,27.5
2016-04-15,6238,B,57,389.719
2016-04-15,6160,A,282,23.9
2016-04-15,4916,A,168,40.1
2016-04-15,2511,A,560,12.05
2016-04-15,1909,A,526,13.25
2016-04-15,1604,A,503,13.85
2016-04-15,8426,A,127,54.8
2016-04-15,2488,A,157,44.0
2016-04-15,4706,A,318,21.8
2016-04-15,2444,A,427,16.25
2016-04-15,6803,A,38,182.0
2016-04-15,6266,A,379,18.3
2016-04-15,2373,A,122,56.6
2016-04-15,5015,A,287,24.15
2016-04-22,3552,B,43,414.0
2016-04-22,4534,A,270,15.2
2016-04-22,3293,B,73,305.464
2016-04-22,6238,B,57,389.719
2016-04-22,6160,A,282,23.9
2016-04-22,4916,A,168,40.1
2016-04-22,1909,A,526,13.25
2016-04-22,1604,A,503,13.85
2016-04-22,2488,A,157,44.0
2016-04-22,2444,A,427,16.25
2016-04-22,6266,A,379,18.3
2016-04-22,4721,A,175,39.95
2016-04-22,2015,A,151,46.25
2016-04-22,8210,A,132,52.8
2016-04-22,4502,A,141,49.5
2016-04-22,1532,A,186,37.5
2016-04-22,3526,A,154,45.35
2016-04-22,2010,A,639,10.95
2016-04-29,4534,A,414,19.217
2016-04-29,6160,A,415,24.797
2016-04-29,4916,A,256,41.166
2016-04-29,1909,A,821,13.34
2016-04-29,1604,A,821,13.714
2016-04-29,2488,A,272,42.605
2016-04-29,6266,A,379,18.3
2016-04-29,4721,A,308,38.244
2016-04-29,2015,A,243,45.966
2016-04-29,8210,A,211,52.65
2016-04-29,1532,A,290,37.733
2016-04-29,3526,A,264,43.913
2016-04-29,6213,A,371,29.85
2016-04-29,3028,A,605,18.3
2016-04-29,2449,A,389,28.5
2016-04-29,2511,A,939,11.8
2016-05-06,4534,A,414,19.217
2016-05-06,6160,A,415,24.797
2016-05-06,4916,A,256,41.166
2016-05-06,1909,A,821,13.34
2016-05-06,2488,A,272,42.605
2016-05-06,4721,A,308,38.244
2016-05-06,8210,A,211,52.65
2016-05-06,1532,A,290,37.733
2016-05-06,3526,A,264,43.913
2016-05-06,6213,A,371,29.85
2016-05-06,9911,A,480,23.0
2016-05-06,3293,A,39,281.5
2016-05-06,8996,A,180,61.3
2016-05-06,3202,A,986,11.2
2016-05-06,4502,A,251,43.95
2016-05-13,4534,A,414,19.217
2016-05-13,6160,A,415,24.797
2016-05-13,1909,A,821,13.34
2016-05-13,2488,A,272,42.605
2016-05-13,1532,A,290,37.733
2016-05-13,6213,A,371,29.85
2016-05-13,9911,A,480,23.0
2016-05-13,3202,A,986,11.2
2016-05-13,4502,A,251,43.95
2016-05-13,4736,A,71,147.5
2016-05-13,1604,A,777,13.5
2016-05-13,1235,A,446,23.5
2016-05-13,2449,A,360,29.15
2016-05-13,3535,A,752,13.95
2016-05-13,6803,A,60,173.5
2016-05-20,4534,A,414,19.217
2016-05-20,6160,A,415,24.797
2016-05-20,2488,A,272,42.605
2016-05-20,1532,A,290,37.733
2016-05-20,6213,A,371,29.85
2016-05-20,9911,A,480,23.0
2016-05-20,3202,A,986,11.2
2016-05-20,4502,A,251,43.95
2016-05-20,4736,A,71,147.5
2016-05-20,1235,A,446,23.5
2016-05-20,8996,A,160,67.0
2016-05-20,1225,A,331,32.45
2016-05-20,8210,A,201,53.3
2016-05-20,2492,A,386,27.8
2016-05-20,2351,A,315,34.1
2016-05-27,4534,A,414,19.217
2016-05-27,6160,A,415,24.797
2016-05-27,2488,A,272,42.605
2016-05-27,6213,A,371,29.85
2016-05-27,9911,A,480,23.0
2016-05-27,3202,A,986,11.2
2016-05-27,4502,A,251,43.95
2016-05-27,4736,A,71,147.5
2016-05-27,8996,A,160,67.0
2016-05-27,1225,A,331,32.45
2016-05-27,8210,A,201,53.3
2016-05-27,2492,A,386,27.8
2016-05-27,2351,A,315,34.1
2016-05-27,4154,A,337,34.0
2016-05-27,1604,A,834,13.75
2016-06-03,4534,A,414,19.217
2016-06-03,6160,A,415,24.797
2016-06-03,2488,A,272,42.605
2016-06-03,9911,A,480,23.0
2016-06-03,3202,A,986,11.2
2016-06-03,4502,A,251,43.95
2016-06-03,4736,A,71,147.5
2016-06-03,1225,A,331,32.45
2016-06-03,2492,A,386,27.8
2016-06-03,4154,A,337,34.0
2016-06-03,5439,A,468,24.85
2016-06-03,4973,A,504,23.1
2016-06-03,1235,A,482,24.15
2016-06-03,1323,A,339,34.25
2016-06-08,4534,A,414,19.217
2016-06-08,6160,A,415,24.797
2016-06-08,2488,A,272,42.605
2016-06-08,9911,A,480,23.0
2016-06-08,3202,A,986,11.2
2016-06-08,1225,A,331,32.45
2016-06-08,4154,A,337,34.0
2016-06-08,5439,A,468,24.85
2016-06-08,4973,A,504,23.1
2016-06-08,3548,A,184,63.8
2016-06-08,8421,A,495,23.75
2016-06-08,1215,A,360,32.7
2016-06-08,4916,A,225,52.3
2016-06-08,8210,A,199,58.9
2016-06-08,6274,A,340,34.6
2016-06-17,4534,A,210,19.217
2016-06-17,9911,A,256,23.0
2016-06-17,3202,A,564,11.2
2016-06-17,1225,A,178,32.45
2016-06-17,5439,A,243,24.85
2016-06-17,4973,A,305,23.1
2016-06-17,3548,A,114,63.8
2016-06-17,8421,A,286,23.75
2016-06-17,1215,A,202,32.7
2016-06-17,8210,A,120,58.9
2016-06-17,6274,A,191,34.6
2016-06-17,3669,A,335,21.0
2016-06-17,5426,A,558,12.6
2016-06-17,1909,A,482,14.6
2016-06-17,5015,A,294,23.9
2016-06-24,4534,A,210,19.217
2016-06-24,9911,A,256,23.0
2016-06-24,1225,A,178,32.45
2016-06-24,8421,A,286,23.75
2016-06-24,1215,A,202,32.7
2016-06-24,6274,A,191,34.6
2016-06-24,3669,A,335,21.0
2016-06-24,5426,A,558,12.6
2016-06-24,1909,A,482,14.6
2016-06-24,1210,A,238,28.85
2016-06-24,6241,A,397,17.35
2016-06-24,3092,A,267,25.8
2016-06-24,4207,A,629,10.95
2016-06-24,4551,A,60,113.5
2016-06-24,2488,A,142,48.5
2016-07-01,4534,A,210,19.217
2016-07-01,9911,A,256,23.0
2016-07-01,1225,A,178,32.45
2016-07-01,8421,A,286,23.75
2016-07-01,1215,A,202,32.7
2016-07-01,3669,A,335,21.0
2016-07-01,5426,A,558,12.6
2016-07-01,1909,A,482,14.6
2016-07-01,1210,A,238,28.85
2016-07-01,6241,A,397,17.35
2016-07-01,3092,A,267,25.8
2016-07-01,4207,A,629,10.95
2016-07-01,8088,A,286,24.95
2016-07-01,5439,A,256,27.85
2016-07-07,9911,A,256,23.0
2016-07-07,1225,A,178,32.45
2016-07-07,3669,A,335,21.0
2016-07-07,5426,A,558,12.6
2016-07-07,1909,A,482,14.6
2016-07-07,6241,A,397,17.35
2016-07-07,3092,A,213,25.8
2016-07-07,4207,A,629,10.95
2016-07-07,8088,A,286,24.95
2016-07-07,5439,A,256,27.85
2016-07-07,3555,A,191,38.0
2016-07-07,6271,A,61,118.0
2016-07-07,3284,A,481,15.1
2016-07-07,5013,A,313,23.2
2016-07-07,3028,A,423,17.2
2016-07-07,2412,B,616,118.0
2016-07-15,9911,A,256,23.0
2016-07-15,1225,A,178,32.45
2016-07-15,6241,A,397,17.35
2016-07-15,3092,A,213,25.8
2016-07-15,8088,A,286,24.95
2016-07-15,3555,A,191,38.0
2016-07-15,6271,A,61,118.0
2016-07-15,3284,A,481,15.1
2016-07-15,5013,A,313,23.2
2016-07-15,2412,B,616,118.0
2016-07-15,2450,A,144,52.0
2016-07-15,3541,A,54,138.5
2016-07-15,5484,A,1046,7.17
2016-07-15,1717,A,212,35.35
2016-07-15,6190,A,941,7.97
2016-07-15,6803,A,40,187.5
2016-07-22,9911,A,256,23.0
2016-07-22,6241,A,287,17.35
2016-07-22,3284,A,481,15.1
2016-07-22,2412,B,616,118.0
2016-07-22,2450,A,144,52.0
2016-07-22,5484,A,1046,7.17
2016-07-22,6190,A,941,7.97
2016-07-22,1604,A,469,15.95
2016-07-22,5403,A,243,30.8
2016-07-22,8358,A,311,24.05
2016-07-22,3306,A,249,30.0
2016-07-22,6127,A,614,12.2
2016-07-22,1515,A,481,15.55
2016-07-22,9925,A,178,42.05
2016-07-22,6218,A,317,23.6
2016-07-22,2427,A,982,7.63
2016-07-29,9911,A,256,23.0
2016-07-29,6241,A,287,17.35
2016-07-29,3284,A,481,15.1
2016-07-29,2412,B,616,118.0
2016-07-29,2450,A,144,52.0
2016-07-29,5484,A,1046,7.17
2016-07-29,1604,A,469,15.95
2016-07-29,5403,A,243,30.8
2016-07-29,3546,A,125,58.0
2016-07-29,3559,A,309,23.55
2016-07-29,5474,A,84,86.5
2016-07-29,5013,A,275,26.5
2016-07-29,3702,A,179,40.6
2016-07-29,5426,A,540,13.5
2016-07-29,3541,A,49,146.0
2016-07-29,3167,A,217,33.5
2016-08-05,6241,A,287,17.35
2016-08-05,5403,A,243,30.8
2016-08-05,3546,A,92,58.0
2016-08-05,3559,A,309,23.55
2016-08-05,6179,A,154,48.0
2016-08-05,1591,A,206,35.85
2016-08-05,5434,A,88,83.5
2016-08-05,1522,A,213,34.6
2016-08-05,6191,A,831,8.9
2016-08-05,3306,A,234,31.55
2016-08-05,3706,A,257,28.8
2016-08-05,8070,A,65,113.0
2016-08-05,4999,A,131,56.5
2016-08-05,3050,A,560,13.2
2016-08-05,2328,A,448,16.5
2016-08-12,3559,A,309,23.55
2016-08-12,6179,A,154,48.0
2016-08-12,1591,A,206,35.85
2016-08-12,3706,A,257,28.8
2016-08-12,2328,A,448,16.5
2016-08-12,6451,A,53,135.0
2016-08-12,2439,A,623,115.5
2016-08-12,3324,A,67,106.0
2016-08-12,6190,A,762,9.45
2016-08-12,2809,A,271,26.55
2016-08-12,1580,A,55,129.5
2016-08-12,3526,A,108,66.6
2016-08-12,9911,A,192,37.4
2016-08-12,8358,A,267,26.95
2016-08-12,4532,A,228,31.5
2016-08-19,3559,A,309,23.55
2016-08-19,3706,A,257,28.8
2016-08-19,2328,A,448,16.5
2016-08-19,6451,A,53,135.0
2016-08-19,2439,A,629,116.4
2016-08-19,6190,A,762,9.45
2016-08-19,2809,A,271,26.55
2016-08-19,3526,A,108,66.6
2016-08-19,4532,A,228,31.5
2016-08-19,1526,A,461,15.9
2016-08-19,6124,A,214,34.25
2016-08-19,1569,A,374,19.55
2016-08-19,1522,A,204,35.9
2016-08-19,2029,A,285,25.7
2016-08-19,4999,A,126,57.9
2016-08-26,3559,A,309,23.55
2016-08-26,3706,A,257,28.8
2016-08-26,2328,A,309,16.5
2016-08-26,6451,A,53,135.0
2016-08-26,6190,A,762,9.45
2016-08-26,4532,A,228,31.5
2016-08-26,6124,A,214,34.25
2016-08-26,1569,A,374,19.55
2016-08-26,2029,A,285,25.7
2016-08-26,2023,A,746,9.95
2016-08-26,4551,A,51,143.0
2016-08-26,1580,A,52,142.5
2016-08-26,5484,A,849,8.74
2016-08-26,6201,A,204,36.4
2016-08-26,1568,A,216,34.3
2016-08-26,2439,B,645,115.0
2016-09-02,3706,A,257,28.8
2016-09-02,2328,A,309,16.5
2016-09-02,6190,A,603,9.45
2016-09-02,4532,A,228,31.5
2016-09-02,2023,A,746,9.95
2016-09-02,4551,A,51,143.0
2016-09-02,2439,B,323,115.0
2016-09-02,2017,A,841,8.63
2016-09-02,3563,A,128,56.5
2016-09-02,3056,A,354,20.5
2016-09-02,3625,A,462,15.7
2016-09-02,2415,A,380,19.1
2016-09-02,3526,A,87,83.0
2016-09-02,4956,A,341,21.3
2016-09-02,1218,A,489,14.85
2016-09-02,8069,A,314,23.1
2016-09-02,3324,B,371,97.8
2016-09-09,2328,A,309,16.5
2016-09-09,6190,A,603,9.45
2016-09-09,4532,A,228,31.5
2016-09-09,2023,A,746,9.95
2016-09-09,4551,A,51,143.0
2016-09-09,2439,B,323,115.0
2016-09-09,3563,A,128,56.5
2016-09-09,2415,A,380,19.1
2016-09-09,1218,A,489,14.85
2016-09-09,3324,B,371,97.8
2016-09-09,5269,A,29,260.0
2016-09-09,3005,A,232,32.6
2016-09-09,2505,A,546,13.85
2016-09-09,1256,A,48,157.5
2016-09-09,6191,A,734,10.3
2016-09-09,1568,A,193,39.15
2016-09-14,2328,A,309,16.5
2016-09-14,4532,A,228,31.5
2016-09-14,2023,A,746,9.95
2016-09-14,2439,B,323,115.0
2016-09-14,3563,A,128,56.5
2016-09-14,2415,A,380,19.1
2016-09-14,1218,A,489,14.85
2016-09-14,3324,B,371,97.8
2016-09-14,5269,A,29,260.0
2016-09-14,3005,A,232,32.6
2016-09-14,2505,A,546,13.85
2016-09-14,2371,A,1085,6.64
2016-09-14,4711,A,313,23.0
2016-09-14,6220,A,287,25.05
2016-09-14,4956,A,290,24.85
2016-09-14,8070,A,55,129.0
2016-09-14,3625,A,446,16.15
2016-09-23,2328,A,309,16.5
2016-09-23,2023,A,746,9.95
2016-09-23,2439,B,217,115.0
2016-09-23,2415,A,380,19.1
2016-09-23,3324,B,249,97.8
2016-09-23,5269,A,29,260.0
2016-09-23,3005,A,232,32.6
2016-09-23,2371,A,1085,6.64
2016-09-23,4711,A,313,23.0
2016-09-23,6220,A,287,25.05
2016-09-23,8070,A,55,129.0
2016-09-23,5255,A,244,31.7
2016-09-23,3588,A,193,40.0
2016-09-23,6127,A,565,13.7
2016-09-23,8374,A,442,17.5
2016-09-23,3675,A,245,31.6
2016-09-23,8410,A,246,31.4
2016-09-23,2377,B,74,79.8
2016-09-30,2328,A,660,23.281
2016-09-30,2023,A,746,9.95
2016-09-30,2439,B,158,115.0
2016-09-30,3324,B,184,97.8
2016-09-30,5269,A,29,260.0
2016-09-30,3005,A,232,32.6
2016-09-30,2371,A,1085,6.64
2016-09-30,4711,A,313,23.0
2016-09-30,6220,A,287,25.05
2016-09-30,8070,A,55,129.0
2016-09-30,5255,A,244,31.7
2016-09-30,3588,A,193,40.0
2016-09-30,6127,A,565,13.7
2016-09-30,2377,B,237,80.969
2016-09-30,6412,A,180,42.95
2016-09-30,2462,A,373,20.7
2016-09-30,4532,A,203,38.0
2016-09-30,3217,A,429,18.0
2016-10-07,2328,A,662,26.95
2016-10-07,2439,B,158,115.0
2016-10-07,3324,B,184,97.8
2016-10-07,5269,A,29,260.0
2016-10-07,3005,A,232,32.6
2016-10-07,6220,A,287,25.05
2016-10-07,2377,B,237,80.969
2016-10-07,6412,A,180,42.95
2016-10-07,3217,A,429,18.0
2016-10-07,4803,A,36,211.0
2016-10-07,3058,A,737,10.55
2016-10-07,1218,A,443,17.55
2016-10-07,3563,A,126,61.5
2016-10-07,3305,A,238,32.7
2016-10-07,5398,A,172,45.1
2016-10-07,6108,A,362,21.5
2016-10-07,5013,A,267,29.15
2016-10-07,6190,A,605,12.85
2016-10-14,2439,B,211,115.377
2016-10-14,3005,A,232,32.6
2016-10-14,6220,A,219,25.05
2016-10-14,2377,B,237,80.969
2016-10-14,6412,A,180,42.95
2016-10-14,3217,A,429,18.0
2016-10-14,1218,A,443,17.55
2016-10-14,3563,A,126,61.5
2016-10-14,5013,A,267,29.15
2016-10-14,6161,A,850,8.69
2016-10-14,5255,A,231,32.0
2016-10-14,6191,A,714,10.35
2016-10-14,6179,A,146,50.6
2016-10-14,6150,A,621,11.9
2016-10-14,1232,A,87,84.2
2016-10-14,1773,A,153,48.3
2016-10-14,2489,A,301,24.5
2016-10-14,2328,B,909,27.1
2016-10-21,2439,B,211,115.377
2016-10-21,3005,A,173,32.6
2016-10-21,6220,A,219,25.05
2016-10-21,2377,B,237,80.969
2016-10-21,6412,A,180,42.95
2016-10-21,6161,A,850,8.69
2016-10-21,6150,A,621,11.9
2016-10-21,1773,A,153,48.3
2016-10-21,2489,A,301,24.5
2016-10-21,2328,B,909,27.1
2016-10-21,1215,A,155,46.55
2016-10-21,2029,A,253,28.65
2016-10-21,2023,A,625,11.6
2016-10-21,3546,A,87,82.7
2016-10-21,8069,A,276,26.3
2016-10-21,2371,A,901,8.05
2016-10-21,5398,A,148,48.8
2016-10-21,2354,A,75,96.4
2016-10-21,6108,A,325,22.3
2016-10-28,2439,B,211,115.377
2016-10-28,3005,A,173,32.6
2016-10-28,6220,A,219,25.05
2016-10-28,2377,B,237,80.969
2016-10-28,6412,A,180,42.95
2016-10-28,6161,A,850,8.69
2016-10-28,6150,A,621,11.9
2016-10-28,1773,A,153,48.3
2016-10-28,2328,B,909,27.1
2016-10-28,1215,A,155,46.55
2016-10-28,2029,A,253,28.65
2016-10-28,2023,A,625,11.6
2016-10-28,3546,A,87,82.7
2016-10-28,8069,A,276,26.3
2016-10-28,2371,A,901,8.05
2016-10-28,1603,A,501,14.85
2016-10-28,9960,A,207,35.95
2016-10-28,1604,A,376,19.8
2016-10-28,2103,A,222,33.55
2016-11-04,3005,A,173,32.6
2016-11-04,6220,A,219,25.05
2016-11-04,2377,B,447,82.346
2016-11-04,6412,A,180,42.95
2016-11-04,6150,A,441,11.9
2016-11-04,2328,B,1391,27.065
2016-11-04,2029,A,253,28.65
2016-11-04,2023,A,625,11.6
2016-11-04,2371,A,901,8.05
2016-11-04,1603,A,501,14.85
2016-11-04,9960,A,207,35.95
2016-11-04,1569,A,283,26.5
2016-11-04,6108,A,344,21.8
2016-11-04,3625,A,389,19.3
2016-11-04,2415,A,336,22.3
2016-11-04,3563,A,125,59.7
2016-11-04,8070,A,53,140.0
2016-11-11,6220,A,219,25.05
2016-11-11,2377,B,888,82.274
2016-11-11,6412,A,144,42.95
2016-11-11,2029,A,253,28.65
2016-11-11,2023,A,625,11.6
2016-11-11,2371,A,901,8.05
2016-11-11,1603,A,501,14.85
2016-11-11,9960,A,207,35.95
2016-11-11,1569,A,283,26.5
2016-11-11,6108,A,344,21.8
2016-11-11,3625,A,389,19.3
2016-11-11,2415,A,336,22.3
2016-11-11,8070,A,53,140.0
2016-11-11,3217,A,391,18.65
2016-11-11,3444,A,397,18.4
2016-11-11,6179,A,145,50.2
2016-11-18,6220,A,219,25.05
2016-11-18,2029,A,370,30.927
2016-11-18,2023,A,1063,11.971
2016-11-18,2371,A,1390,8.581
2016-11-18,1603,A,768,15.702
2016-11-18,9960,A,349,36.784
2016-11-18,6108,A,543,22.771
2016-11-18,3625,A,525,20.854
2016-11-18,2415,A,542,23.136
2016-11-18,5014,A,1523,8.73
2016-11-18,2014,A,1385,9.6
2016-11-18,2024,A,1566,8.49
2016-11-18,5016,A,457,29.05
2016-11-18,5386,A,437,30.4
2016-11-18,1773,A,256,51.8
2016-11-25,6220,A,219,25.05
2016-11-25,2029,A,370,30.927
2016-11-25,1603,A,768,15.702
2016-11-25,3625,A,525,20.854
2016-11-25,5014,A,1523,8.73
2016-11-25,2014,A,1385,9.6
2016-11-25,2024,A,1566,8.49
2016-11-25,3406,A,134,94.5
2016-11-25,3040,A,364,34.95
2016-11-25,8042,A,209,60.8
2016-11-25,1312,A,629,20.2
2016-11-25,1310,A,629,20.2
2016-11-25,2612,A,391,32.5
2016-11-25,8183,A,990,12.85
2016-11-25,1569,A,385,33.0
2016-12-02,6220,A,219,25.05
2016-12-02,1603,A,768,15.702
2016-12-02,5014,A,1523,8.73
2016-12-02,3406,A,134,94.5
2016-12-02,3040,A,364,34.95
2016-12-02,1310,A,629,20.2
2016-12-02,2816,A,767,16.75
2016-12-02,2477,A,716,17.95
2016-12-02,2823,A,362,35.5
2016-12-02,2888,A,1562,8.23
2016-12-02,2852,A,938,13.7
2016-12-02,3290,A,851,15.1
2016-12-02,6161,A,1190,10.8
2016-12-02,2031,A,571,22.5
2016-12-02,2546,A,765,16.8
2016-12-09,5014,A,1523,8.73
2016-12-09,3040,A,364,34.95
2016-12-09,1310,A,629,20.2
2016-12-09,6161,A,1190,10.8
2016-12-09,2031,A,571,22.5
2016-12-09,4977,A,172,81.0
2016-12-09,1582,A,224,62.2
2016-12-09,2204,A,512,27.2
2016-12-09,2616,A,494,28.15
2016-12-09,5386,A,390,35.65
2016-12-09,3455,A,300,46.4
2016-12-09,9940,A,419,33.25
2016-12-09,6164,A,938,14.85
2016-12-09,1312,A,620,22.45
2016-12-09,2029,A,361,38.55
2016-12-16,5014,A,1523,8.73
2016-12-16,3040,A,364,34.95
2016-12-16,6161,A,1190,10.8
2016-12-16,4977,A,172,81.0
2016-12-16,1582,A,224,62.2
2016-12-16,2616,A,494,28.15
2016-12-16,5386,A,390,35.65
2016-12-16,4906,A,548,25.6
2016-12-16,6005,A,1491,9.42
2016-12-16,3406,A,119,117.5
2016-12-16,2034,A,482,29.15
2016-12-16,3532,A,217,64.6
2016-12-16,4714,A,949,14.8
2016-12-16,6108,A,512,27.4
2016-12-16,1603,A,626,22.45
2016-12-23,5014,A,1523,8.73
2016-12-23,3040,A,364,34.95
2016-12-23,6161,A,1190,10.8
2016-12-23,4977,A,172,81.0
2016-12-23,5386,A,390,35.65
2016-12-23,6005,A,1491,9.42
2016-12-23,3532,A,217,64.6
2016-12-23,8059,A,917,14.95
2016-12-23,9937,A,344,39.85
2016-12-23,8358,A,368,37.2
2016-12-23,5016,A,388,35.3
2016-12-23,6426,A,293,46.8
2016-12-23,5536,A,148,92.4
2016-12-23,3290,A,857,16.0
2016-12-23,2204,A,517,26.5
2016-12-30,3040,A,364,34.95
2016-12-30,6161,A,1190,10.8
2016-12-30,5386,A,390,35.65
2016-12-30,6005,A,1491,9.42
2016-12-30,8059,A,917,14.95
2016-12-30,9937,A,344,39.85
2016-12-30,8358,A,368,37.2
2016-12-30,6426,A,293,46.8
2016-12-30,3646,A,564,24.9
2016-12-30,8938,A,560,25.05
2016-12-30,2467,A,678,20.7
2016-12-30,3615,A,566,24.8
2016-12-30,8913,A,503,27.9
2016-12-30,6220,A,233,60.1
2016-12-30,1513,A,725,19.35
2017-01-06,3040,A,364,34.95
2017-01-06,5386,A,304,35.65
2017-01-06,9937,A,344,39.85
2017-01-06,8358,A,368,37.2
2017-01-06,6426,A,293,46.8
2017-01-06,3646,A,564,24.9
2017-01-06,2467,A,678,20.7
2017-01-06,8913,A,396,27.9
2017-01-06,1513,A,725,19.35
2017-01-06,1904,A,958,15.25
2017-01-06,6139,A,398,36.65
2017-01-06,5014,A,1412,10.35
2017-01-06,4977,A,155,94.0
2017-01-06,6108,A,512,28.5
2017-01-06,8183,A,891,16.4
2017-01-13,3040,A,364,34.95
2017-01-13,5386,A,304,35.65
2017-01-13,9937,A,344,39.85
2017-01-13,8358,A,368,37.2
2017-01-13,6426,A,201,46.8
2017-01-13,8913,A,396,27.9
2017-01-13,1513,A,725,19.35
2017-01-13,1904,A,958,15.25
2017-01-13,5014,A,1412,10.35
2017-01-13,8183,A,891,16.4
2017-01-13,6175,A,877,16.8
2017-01-13,2204,A,522,28.2
2017-01-13,1909,A,720,20.45
2017-01-13,2820,A,1116,13.2
2017-01-13,3217,A,595,24.75
2017-01-20,3040,A,364,34.95
2017-01-20,5386,A,239,35.65
2017-01-20,6426,A,201,46.8
2017-01-20,8183,A,891,16.4
2017-01-20,6175,A,877,16.8
2017-01-20,2204,A,522,28.2
2017-01-20,1909,A,720,20.45
2017-01-20,5305,A,522,29.1
2017-01-20,3213,A,358,42.4
2017-01-20,8249,A,649,23.4
2017-01-20,3406,A,102,148.5
2017-01-20,4974,A,376,40.35
2017-01-20,2337,A,2421,6.28
2017-01-20,3532,A,217,69.9
2017-01-20,6417,A,389,39.0
2017-01-24,5386,A,239,35.65
2017-01-24,6426,A,201,46.8
2017-01-24,8183,A,891,16.4
2017-01-24,6175,A,877,16.8
2017-01-24,2204,A,522,28.2
2017-01-24,1909,A,720,20.45
2017-01-24,5305,A,522,29.1
2017-01-24,3213,A,358,42.4
2017-01-24,8249,A,649,23.4
2017-01-24,3406,A,102,148.5
2017-01-24,4974,A,376,40.35
2017-01-24,2337,A,2421,6.28
2017-01-24,6156,A,665,23.45
2017-01-24,2442,A,1684,9.27
2017-01-24,5328,A,1913,8.16
2017-02-03,6426,A,201,46.8
2017-02-03,8183,A,891,16.4
2017-02-03,6175,A,877,16.8
2017-02-03,2204,A,522,28.2
2017-02-03,1909,A,720,20.45
2017-02-03,5305,A,522,29.1
2017-02-03,3213,A,358,42.4
2017-02-03,3406,A,77,148.5
2017-02-03,4974,A,376,40.35
2017-02-03,2337,A,2421,6.28
2017-02-03,6156,A,665,23.45
2017-02-03,2442,A,1684,9.27
2017-02-03,5328,A,1913,8.16
2017-02-03,3027,A,996,16.0
2017-02-03,2344,A,1291,12.35
2017-02-10,8183,A,409,16.4
2017-02-10,1909,A,333,20.45
2017-02-10,4974,A,233,40.35
2017-02-10,2337,A,1163,6.28
2017-02-10,5521,A,870,11.35
2017-02-10,5871,A,159,62.1
2017-02-10,3587,A,90,109.0
2017-02-10,1439,A,396,24.9
2017-02-10,8358,A,193,51.2
2017-02-10,5340,A,1410,7.01
2017-02-10,4912,A,80,122.5
2017-02-10,6283,A,225,43.8
2017-02-10,2404,A,177,55.8
2017-02-10,1437,A,499,19.8
2017-02-10,6196,A,309,31.95
2017-02-10,3406,B,264,187.0
2017-02-10,6488,B,293,168.5
2017-02-17,5521,A,870,11.35
2017-02-17,1439,A,396,24.9
2017-02-17,6283,A,225,43.8
2017-02-17,2404,A,177,55.8
2017-02-17,1437,A,499,19.8
2017-02-17,3406,B,264,187.0
2017-02-17,6488,B,293,168.5
2017-02-17,5014,A,629,17.0
2017-02-17,3296,A,594,18.0
2017-02-17,6015,A,1415,7.56
2017-02-17,3092,A,198,53.8
2017-02-17,3105,A,82,130.0
2017-02-17,6496,A,132,81.0
2017-02-17,3532,A,99,108.0
2017-02-17,5306,A,77,138.0
2017-02-17,2605,A,464,23.05
2017-02-17,1616,A,1490,7.18
2017-02-24,3406,B,264,187.0
2017-02-24,6488,B,293,168.5
2017-02-24,5014,A,629,17.0
2017-02-24,3296,A,594,18.0
2017-02-24,2605,A,464,23.05
2017-02-24,3011,A,1033,10.1
2017-02-24,3443,A,102,102.0
2017-02-24,3018,A,451,23.1
2017-02-24,5871,A,158,65.9
2017-02-24,2459,A,266,39.2
2017-02-24,6196,A,302,34.55
2017-02-24,3040,A,250,41.75
2017-02-24,6207,A,393,26.55
2017-02-24,2331,A,460,22.65
2017-02-24,5536,A,94,111.0
2017-02-24,5371,A,240,43.35
2017-02-24,2820,A,756,13.8
2017-03-03,3406,B,264,187.0
2017-03-03,6488,B,293,168.5
2017-03-03,5014,A,629,17.0
2017-03-03,3011,A,1033,10.1
2017-03-03,3443,A,102,102.0
2017-03-03,3018,A,451,23.1
2017-03-03,5871,A,158,65.9
2017-03-03,2331,A,460,22.65
2017-03-03,5536,A,94,111.0
2017-03-03,2493,A,340,29.9
2017-03-03,2022,A,1476,6.9
2017-03-03,5340,A,1117,9.12
2017-03-03,3563,A,125,81.0
2017-03-03,3675,A,203,50.0
2017-03-03,1909,A,299,34.0
2017-03-03,3483,A,306,33.25
2017-03-03,1905,A,856,11.9
2017-03-10,3406,B,264,187.0
2017-03-10,6488,B,293,168.5
2017-03-10,5014,A,492,17.0
2017-03-10,3443,A,102,102.0
2017-03-10,5871,A,158,65.9
2017-03-10,2331,A,460,22.65
2017-03-10,5536,A,94,111.0
2017-03-10,2493,A,340,29.9
2017-03-10,3675,A,203,50.0
2017-03-10,2373,A,170,61.2
2017-03-10,2444,A,674,15.5
2017-03-10,6426,A,85,122.0
2017-03-10,6207,A,380,27.5
2017-03-10,4716,A,518,20.15
2017-03-10,5371,A,243,42.85
2017-03-10,2459,A,265,39.4
2017-03-10,2606,A,318,32.8
2017-03-17,3406,B,264,187.0
2017-03-17,6488,B,293,168.5
2017-03-17,5014,A,492,17.0
2017-03-17,5871,A,158,65.9
2017-03-17,5536,A,94,111.0
2017-03-17,2373,A,170,61.2
2017-03-17,4716,A,518,20.15
2017-03-17,8930,A,700,16.05
2017-03-17,1773,A,175,64.2
2017-03-17,1583,A,140,80.0
2017-03-17,5521,A,868,12.95
2017-03-17,3018,A,439,25.6
2017-03-17,1808,A,270,41.65
2017-03-17,6435,A,187,60.0
2017-03-17,5403,A,316,35.6
2017-03-17,4737,A,160,70.3
2017-03-17,1264,A,47,238.0
2017-03-24,3406,B,110,187.0
2017-03-24,6488,B,133,168.5
2017-03-24,5536,A,94,111.0
2017-03-24,2373,A,170,61.2
2017-03-24,5521,A,868,12.95
2017-03-24,1808,A,270,41.65
2017-03-24,5403,A,316,35.6
2017-03-24,3260,A,150,77.0
2017-03-24,2889,A,1235,9.38
2017-03-24,2459,A,278,41.55
2017-03-24,8021,A,421,27.5
2017-03-24,5443,A,387,29.9
2017-03-24,4503,A,320,36.2
2017-03-24,1506,A,492,23.55
2017-03-24,3031,A,626,18.5
2017-03-24,6196,A,299,38.7
2017-03-24,6426,A,48,165.0
2017-03-24,3105,B,217,133.0
2017-03-24,3019,B,535,54.1
2017-03-31,3406,B,110,187.0
2017-03-31,6488,B,133,168.5
2017-03-31,5521,A,868,12.95
2017-03-31,1808,A,270,41.65
2017-03-31,3260,A,374,77.719
2017-03-31,2889,A,1235,9.38
2017-03-31,4503,A,320,36.2
2017-03-31,2616,A,370,31.6
2017-03-31,2344,A,1721,17.0
2017-03-31,2337,A,921,12.7
2017-03-31,4973,A,476,24.55
2017-03-31,3018,A,430,27.2
2017-03-31,5522,A,285,41.05
2017-03-31,2812,A,1188,9.85
2017-03-31,6435,A,153,76.0
2017-03-31,1231,A,336,34.75
2017-03-31,2404,A,175,66.8
2017-04-07,3406,B,110,187.0
2017-04-07,6488,B,133,168.5
2017-04-07,5521,A,868,12.95
2017-04-07,1808,A,270,41.65
2017-04-07,3260,A,378,78.844
2017-04-07,2889,A,1235,9.38
2017-04-07,4503,A,320,36.2
2017-04-07,2616,A,370,31.6
2017-04-07,2344,A,1679,17.57
2017-04-07,3018,A,430,27.2
2017-04-07,2812,A,1188,9.85
2017-04-07,6435,A,153,76.0
2017-04-07,1231,A,336,34.75
2017-04-07,1229,A,439,27.45
2017-04-07,6142,A,1230,9.8
2017-04-07,3317,A,612,19.7
2017-04-07,8021,A,417,28.9
2017-04-14,3406,B,110,187.0
2017-04-14,6488,B,133,168.5
2017-04-14,1808,A,270,41.65
2017-04-14,4503,A,320,36.2
2017-04-14,3018,A,430,27.2
2017-04-14,6435,A,153,76.0
2017-04-14,1229,A,439,27.45
2017-04-14,3315,A,441,26.35
2017-04-14,3362,A,209,55.6
2017-04-14,8131,A,440,26.4
2017-04-14,2928,A,102,114.0
2017-04-14,3675,A,185,62.8
2017-04-14,6207,A,359,32.35
2017-04-14,2327,A,131,88.7
2017-04-14,5015,A,421,27.6
2017-04-14,4735,A,278,41.7
2017-04-14,1709,A,568,20.45
2017-04-14,2344,B,1695,17.15
2017-04-14,3260,B,395,73.6
2017-04-21,1808,A,416,43.668
2017-04-21,4503,A,320,36.2
2017-04-21,3018,A,594,28.857
2017-04-21,3315,A,747,26.37
2017-04-21,3362,A,296,58.833
2017-04-21,8131,A,731,26.639
2017-04-21,2928,A,163,116.433
2017-04-21,6207,A,551,33.552
2017-04-21,2327,A,203,91.573
2017-04-21,8066,A,128,153.5
2017-04-21,4737,A,270,73.0
2017-04-21,3581,A,812,24.3
2017-04-21,3438,A,777,25.4
2017-04-21,4763,A,119,164.5
2017-04-21,2337,A,1489,13.25
2017-04-28,1808,A,255,43.668
2017-04-28,4503,A,320,36.2
2017-04-28,3018,A,282,28.857
2017-04-28,3315,A,465,26.37
2017-04-28,3362,A,179,58.833
2017-04-28,8131,A,434,26.639
2017-04-28,2928,A,102,116.433
2017-04-28,2327,A,116,91.573
2017-04-28,8066,A,80,153.5
2017-04-28,4737,A,162,73.0
2017-04-28,3581,A,450,24.3
2017-04-28,6196,A,299,41.15
2017-04-28,5871,A,160,76.9
2017-04-28,3026,A,295,41.65
2017-04-28,1229,A,450,27.35
2017-04-28,6488,B,142,216.0
2017-04-28,2344,B,1805,17.05
2017-04-28,3019,B,530,58.0
2017-04-28,3260,B,430,71.5
2017-05-05,1808,A,255,43.668
2017-05-05,4503,A,221,36.2
2017-05-05,3018,A,282,28.857
2017-05-05,3315,A,465,26.37
2017-05-05,2327,A,116,91.573
2017-05-05,5871,A,160,76.9
2017-05-05,6488,B,142,216.0
2017-05-05,2344,B,1805,17.05
2017-05-05,6412,A,200,60.5
2017-05-05,2227,A,51,235.0
2017-05-05,2441,A,279,43.45
2017-05-05,4906,A,355,34.2
2017-05-05,3563,A,133,91.0
2017-05-05,1264,A,48,249.5
2017-05-05,3071,A,758,16.0
2017-05-05,5403,A,334,36.35
2017-05-05,3406,B,91,332.5
2017-05-05,2439,B,168,180.0
2017-05-12,4503,A,221,36.2
2017-05-12,3315,A,465,26.37
2017-05-12,6488,B,142,216.0
2017-05-12,2344,B,1805,17.05
2017-05-12,6412,A,200,60.5
2017-05-12,2227,A,51,235.0
2017-05-12,2441,A,279,43.45
2017-05-12,1264,A,48,249.5
2017-05-12,3406,B,91,332.5
2017-05-12,2439,B,168,180.0
2017-05-12,3379,A,784,15.6
2017-05-12,2726,A,129,94.8
2017-05-12,5465,A,661,18.5
2017-05-12,4968,A,94,129.5
2017-05-12,8066,A,77,159.0
2017-05-12,3144,A,439,27.85
2017-05-12,8111,A,1113,11.0
2017-05-12,3546,A,120,101.5
2017-05-12,1506,A,498,24.55
2017-05-19,3315,A,465,26.37
2017-05-19,6488,B,142,216.0
2017-05-19,6412,A,200,60.5
2017-05-19,2227,A,51,235.0
2017-05-19,2441,A,279,43.45
2017-05-19,3406,B,91,332.5
2017-05-19,2439,B,168,180.0
2017-05-19,3379,A,784,15.6
2017-05-19,2726,A,129,94.8
2017-05-19,4968,A,94,129.5
2017-05-19,4502,A,154,79.9
2017-05-19,1580,A,75,164.0
2017-05-19,3413,A,74,166.5
2017-05-19,3533,A,89,138.0
2017-05-19,3515,A,229,53.8
2017-05-19,3018,A,284,43.55
2017-05-19,4763,A,72,170.5
2017-05-19,6196,A,276,44.8
2017-05-19,6456,B,149,207.0
2017-05-26,3315,A,465,26.37
2017-05-26,6488,B,142,216.0
2017-05-26,2227,A,51,235.0
2017-05-26,2441,A,279,43.45
2017-05-26,2439,B,168,180.0
2017-05-26,2726,A,129,94.8
2017-05-26,4502,A,154,79.9
2017-05-26,1580,A,75,164.0
2017-05-26,3413,A,74,166.5
2017-05-26,3515,A,229,53.8
2017-05-26,6456,B,149,207.0
2017-05-26,9941,A,115,108.0
2017-05-26,1597,A,261,47.7
2017-05-26,3563,A,114,108.5
2017-05-26,8349,A,116,106.5
2017-05-26,5285,A,289,43.1
2017-05-26,5287,A,45,273.0
2017-05-26,8111,A,1012,12.3
2017-05-26,2344,B,1821,17.1
2017-06-02,3315,A,465,26.37
2017-06-02,2227,A,41,235.0
2017-06-02,2441,A,279,43.45
2017-06-02,2439,B,168,180.0
2017-06-02,4502,A,154,79.9
2017-06-02,6456,B,149,207.0
2017-06-02,9941,A,115,108.0
2017-06-02,1597,A,261,47.7
2017-06-02,3563,A,114,108.5
2017-06-02,8349,A,116,106.5
2017-06-02,2344,B,1821,17.1
2017-06-02,1902,A,758,16.9
2017-06-02,1336,A,765,16.75
2017-06-02,5465,A,510,25.1
2017-06-02,6180,A,342,37.45
2017-06-02,4946,A,303,42.25
2017-06-02,5478,A,139,91.9
2017-06-02,2404,A,181,70.7
2017-06-02,3260,B,424,75.6
2017-06-09,3315,A,465,26.37
2017-06-09,2227,A,41,235.0
2017-06-09,2441,A,279,43.45
2017-06-09,2439,B,168,180.0
2017-06-09,6456,B,149,207.0
2017-06-09,1597,A,208,47.7
2017-06-09,3563,A,114,108.5
2017-06-09,2344,B,1821,17.1
2017-06-09,1902,A,758,16.9
2017-06-09,1336,A,765,16.75
2017-06-09,5465,A,510,25.1
2017-06-09,6180,A,342,37.45
2017-06-09,4946,A,303,42.25
2017-06-09,3260,B,424,75.6
2017-06-09,2504,A,1311,9.94
2017-06-09,2423,A,553,23.55
2017-06-09,2727,A,66,195.0
2017-06-09,2352,A,540,24.1
2017-06-09,3706,A,336,38.8
2017-06-16,3315,A,465,26.37
2017-06-16,2441,A,279,43.45
2017-06-16,2439,B,168,180.0
2017-06-16,6456,B,149,207.0
2017-06-16,1597,A,208,47.7
2017-06-16,2344,B,1821,17.1
2017-06-16,1902,A,758,16.9
2017-06-16,1336,A,765,16.75
2017-06-16,5465,A,510,25.1
2017-06-16,4946,A,303,42.25
2017-06-16,1580,A,75,171.5
2017-06-16,6409,A,24,526.0
2017-06-16,6231,A,277,46.85
2017-06-16,2421,A,321,40.4
2017-06-16,6156,A,368,35.25
2017-06-16,6412,A,195,66.5
2017-06-16,8299,A,37,345.5
2017-06-16,6192,A,206,63.1
2017-06-16,2337,B,1940,16.75
2017-06-23,3315,A,465,26.37
2017-06-23,2441,A,279,43.45
2017-06-23,6456,B,149,207.0
2017-06-23,2344,B,1821,17.1
2017-06-23,1902,A,758,16.9
2017-06-23,1336,A,765,16.75
2017-06-23,1580,A,75,171.5
2017-06-23,6409,A,24,526.0
2017-06-23,2421,A,321,40.4
2017-06-23,8299,A,37,345.5
2017-06-23,2337,B,1940,16.75
2017-06-23,8416,A,117,108.5
2017-06-23,1215,A,168,75.7
2017-06-23,3570,A,214,59.5
2017-06-23,4735,A,228,55.8
2017-06-23,2812,A,1257,10.15
2017-06-23,2317,A,283,112.5
2017-06-23,8071,A,676,18.85
2017-06-30,3315,A,465,26.37
2017-06-30,2441,A,279,43.45
2017-06-30,6456,B,149,207.0
2017-06-30,1580,A,75,171.5
2017-06-30,8299,A,37,345.5
2017-06-30,2337,B,1940,16.75
2017-06-30,8416,A,117,108.5
2017-06-30,1215,A,168,75.7
2017-06-30,2812,A,1257,10.15
2017-06-30,2317,A,270,115.183
2017-06-30,2908,A,533,23.7
2017-06-30,8404,A,257,49.2
2017-06-30,8112,A,378,33.4
2017-06-30,4763,A,71,178.0
2017-06-30,2731,A,114,111.0
2017-06-30,2423,A,531,23.8
2017-06-30,3706,A,325,38.85
2017-06-30,3105,B,189,167.0
2017-07-07,3315,A,465,26.37
2017-07-07,6456,B,149,207.0
2017-07-07,1580,A,75,171.5
2017-07-07,8299,A,37,345.5
2017-07-07,1215,A,168,75.7
2017-07-07,2812,A,1257,10.15
2017-07-07,2908,A,533,23.7
2017-07-07,8404,A,257,49.2
2017-07-07,8112,A,378,33.4
2017-07-07,2423,A,531,23.8
2017-07-07,3105,B,189,167.0
2017-07-07,2358,A,623,19.85
2017-07-07,2303,A,2155,14.35
2017-07-07,4506,A,274,45.0
2017-07-07,5285,A,258,47.8
2017-07-07,4977,A,123,99.8
2017-07-07,9941,A,113,109.0
2017-07-07,2317,B,270,114.5
2017-07-14,3315,A,465,26.37
2017-07-14,6456,B,149,207.0
2017-07-14,8299,A,37,345.5
2017-07-14,1215,A,168,75.7
2017-07-14,8404,A,257,49.2
2017-07-14,3105,B,189,167.0
2017-07-14,2358,A,623,19.85
2017-07-14,2303,A,2203,14.47
2017-07-14,4506,A,274,45.0
2017-07-14,2317,B,270,114.5
2017-07-14,1218,A,557,23.0
2017-07-14,1595,A,206,62.1
2017-07-14,5381,A,2515,5.1
2017-07-14,3257,A,267,47.95
2017-07-14,3533,A,80,160.0
2017-07-14,6409,A,23,540.0
2017-07-14,1597,A,213,60.0
2017-07-21,6456,B,149,207.0
2017-07-21,8299,A,37,345.5
2017-07-21,8404,A,257,49.2
2017-07-21,3105,B,189,167.0
2017-07-21,2358,A,623,19.85
2017-07-21,2317,B,270,114.5
2017-07-21,1218,A,557,23.0
2017-07-21,1595,A,206,62.1
2017-07-21,5381,A,2515,5.1
2017-07-21,3257,A,267,47.95
2017-07-21,3533,A,80,160.0
2017-07-21,4205,A,177,73.6
2017-07-21,3515,A,180,72.3
2017-07-21,2031,A,435,29.95
2017-07-21,6127,A,691,18.85
2017-07-21,2104,A,389,33.5
2017-07-21,2734,A,527,24.7
2017-07-21,6231,A,241,53.9
2017-07-21,2303,B,2209,14.75
2017-07-28,6456,B,116,207.0
2017-07-28,8299,A,37,345.5
2017-07-28,2317,B,270,114.5
2017-07-28,1595,A,206,62.1
2017-07-28,5381,A,2515,5.1
2017-07-28,3533,A,80,160.0
2017-07-28,6127,A,691,18.85
2017-07-28,2104,A,389,33.5
2017-07-28,2734,A,527,24.7
2017-07-28,2303,B,2209,14.75
2017-07-28,3167,A,276,47.25
2017-07-28,3443,A,75,172.5
2017-07-28,4919,A,226,57.7
2017-07-28,2477,A,499,26.1
2017-07-28,3413,A,59,218.0
2017-07-28,8929,A,186,70.0
2017-07-28,3661,A,161,80.8
2017-07-28,4977,A,103,126.5
2017-07-28,2439,B,135,240.0
2017-08-04,6456,B,116,207.0
2017-08-04,2317,B,270,114.5
2017-08-04,5381,A,2515,5.1
2017-08-04,2104,A,389,33.5
2017-08-04,2734,A,527,24.7
2017-08-04,2303,B,2209,14.75
2017-08-04,3167,A,276,47.25
2017-08-04,3413,A,59,218.0
2017-08-04,4977,A,103,126.5
2017-08-04,2439,B,132,243.545
2017-08-04,3019,A,140,92.9
2017-08-04,6251,A,1101,11.85
2017-08-04,2642,A,472,27.65
2017-08-04,4912,A,60,217.5
2017-08-04,3257,A,258,50.6
2017-08-04,2031,A,395,33.0
2017-08-11,6456,B,116,207.0
2017-08-11,2317,B,270,114.5
2017-08-11,5381,A,2515,5.1
2017-08-11,2439,B,132,243.545
2017-08-11,3019,A,349,92.361
2017-08-11,3257,A,258,50.6
2017-08-11,2528,A,548,23.45
2017-08-11,9935,A,721,17.8
2017-08-11,5255,A,268,47.95
2017-08-11,3515,A,148,86.5
2017-08-11,3227,A,108,118.0
2017-08-11,3018,A,235,54.6
2017-08-11,3059,A,436,29.45
2017-08-11,2421,A,257,50.0
2017-08-11,1515,A,402,31.9
2017-08-11,2467,A,539,23.8
2017-08-11,6213,A,246,52.2
2017-08-11,2030,A,803,16.0
2017-08-18,6456,B,116,207.0
2017-08-18,2317,B,270,114.5
2017-08-18,2439,B,132,243.545
2017-08-18,3019,A,321,98.725
2017-08-18,3257,A,258,50.6
2017-08-18,2528,A,548,23.45
2017-08-18,9935,A,548,17.8
2017-08-18,5255,A,268,47.95
2017-08-18,3515,A,148,86.5
2017-08-18,3227,A,108,118.0
2017-08-18,2421,A,257,50.0
2017-08-18,6213,A,246,52.2
2017-08-18,2104,A,358,37.0
2017-08-18,4502,A,113,117.0
2017-08-18,6116,A,1194,11.1
2017-08-18,3533,A,69,190.5
2017-08-18,1595,A,201,65.9
2017-08-25,6456,B,116,207.0
2017-08-25,2317,B,270,114.5
2017-08-25,3019,A,314,105.475
2017-08-25,3257,A,258,50.6
2017-08-25,9935,A,435,17.8
2017-08-25,4502,A,113,117.0
2017-08-25,6116,A,1194,11.1
2017-08-25,6405,A,530,26.1
2017-08-25,2640,A,194,71.3
2017-08-25,2610,A,1144,12.1
2017-08-25,2603,A,629,22.0
2017-08-25,4721,A,153,90.1
2017-08-25,1235,A,412,33.55
2017-08-25,6177,A,424,32.6
2017-08-25,8374,A,456,30.3
2017-08-25,3059,A,395,35.0
2017-08-25,3227,B,278,124.5
2017-09-01,6456,B,116,207.0
2017-09-01,2317,B,270,114.5
2017-09-01,3257,A,258,50.6
2017-09-01,2610,A,1144,12.1
2017-09-01,2603,A,629,22.0
2017-09-01,4721,A,121,90.1
2017-09-01,6177,A,424,32.6
2017-09-01,6120,A,587,24.5
2017-09-01,5285,A,258,55.7
2017-09-01,3689,A,257,56.0
2017-09-01,2636,A,553,26.0
2017-09-01,1615,A,973,14.8
2017-09-01,1103,A,1190,12.1
2017-09-01,5007,A,241,59.7
2017-09-01,8069,A,334,43.0
2017-09-01,3294,A,540,26.65
2017-09-01,2344,B,1545,23.3
2017-09-01,3019,B,281,128.0
2017-09-08,6456,B,116,207.0
2017-09-08,4721,A,121,90.1
2017-09-08,6177,A,424,32.6
2017-09-08,6120,A,587,24.5
2017-09-08,5285,A,258,55.7
2017-09-08,5007,A,241,59.7
2017-09-08,2344,B,1545,23.3
2017-09-08,3162,A,389,37.7
2017-09-08,2413,A,756,19.4
2017-09-08,2397,A,233,63.0
2017-09-08,3202,A,730,20.1
2017-09-08,1515,A,332,44.2
2017-09-08,6180,A,227,64.5
2017-09-08,8155,A,207,70.9
2017-09-08,6405,A,501,29.3
2017-09-08,9935,A,466,31.5
2017-09-08,2362,A,455,32.25
2017-09-08,6116,B,2802,13.1
2017-09-08,3227,B,280,131.0
2017-09-15,6456,B,116,207.0
2017-09-15,6177,A,424,32.6
2017-09-15,5285,A,258,55.7
2017-09-15,2344,B,1545,23.3
2017-09-15,2413,A,756,19.4
2017-09-15,2397,A,233,63.0
2017-09-15,3202,A,730,20.1
2017-09-15,6180,A,227,64.5
2017-09-15,6116,B,2802,13.1
2017-09-15,6024,A,312,45.75
2017-09-15,2448,A,334,42.7
2017-09-15,6026,A,1069,13.35
2017-09-15,2640,A,184,77.4
2017-09-15,3323,A,300,47.5
2017-09-15,6016,A,1617,8.83
2017-09-15,2104,A,324,44.0
2017-09-15,6168,A,865,16.5
2017-09-15,1103,A,1138,12.55
2017-09-15,3019,B,295,121.0
2017-09-22,5285,A,188,55.7
2017-09-22,2413,A,756,19.4
2017-09-22,2397,A,233,63.0
2017-09-22,3202,A,584,20.1
2017-09-22,6116,B,2802,13.1
2017-09-22,6024,A,312,45.75
2017-09-22,6026,A,1069,13.35
2017-09-22,3323,A,300,47.5
2017-09-22,3019,B,295,121.0
2017-09-22,4907,A,410,35.5
2017-09-22,3593,A,917,15.9
2017-09-22,9958,A,1171,12.45
2017-09-22,2408,A,173,84.0
2017-09-22,6021,A,1350,10.8
2017-09-22,8155,A,200,72.8
2017-09-22,6015,A,1834,7.95
2017-09-22,4739,B,307,118.5
2017-09-22,2303,B,2352,15.5
2017-09-29,5285,A,327,62.629
2017-09-29,2413,A,1089,20.088
2017-09-29,2397,A,367,63.438
2017-09-29,3202,A,984,21.665
2017-09-29,4907,A,662,35.538
2017-09-29,9958,A,1626,13.024
2017-09-29,2408,A,274,84.664
2017-09-29,6290,A,406,58.0
2017-09-29,2483,A,1045,22.55
2017-09-29,8404,A,357,66.0
2017-09-29,2475,A,7730,3.05
2017-09-29,1472,A,1062,22.2
2017-09-29,2640,A,302,78.0
2017-09-29,9935,A,788,29.9
2017-10-06,5285,A,184,62.629
2017-10-06,2397,A,228,63.438
2017-10-06,4907,A,400,35.538
2017-10-06,9958,A,910,13.024
2017-10-06,6290,A,227,58.0
2017-10-06,8404,A,199,66.0
2017-10-06,2475,A,4318,3.05
2017-10-06,4905,A,236,62.0
2017-10-06,1515,A,276,53.0
2017-10-06,2340,A,664,22.1
2017-10-06,8121,A,535,27.4
2017-10-06,6024,A,310,47.35
2017-10-06,6168,A,820,17.9
2017-10-06,3661,A,134,109.5
2017-10-06,1526,A,343,42.8
2017-10-06,3019,B,265,138.0
2017-10-06,2408,B,432,84.8
2017-10-06,2344,B,1366,26.85
2017-10-06,6182,B,1252,29.3
2017-10-13,5285,A,184,62.629
2017-10-13,2397,A,228,63.438
2017-10-13,6290,A,227,58.0
2017-10-13,8404,A,199,66.0
2017-10-13,4905,A,236,62.0
2017-10-13,1515,A,276,53.0
2017-10-13,8121,A,535,27.4
2017-10-13,6024,A,310,47.35
2017-10-13,6168,A,820,17.9
2017-10-13,3661,A,134,109.5
2017-10-13,3019,B,265,138.0
2017-10-13,2408,B,432,84.8
2017-10-13,2344,B,1366,26.85
2017-10-13,6182,B,1252,29.3
2017-10-13,5425,A,241,61.0
2017-10-13,3454,A,130,113.0
2017-10-13,2448,A,344,42.8
2017-10-13,6213,A,213,69.0
2017-10-13,3202,A,613,24.0
2017-10-20,5285,A,184,62.629
2017-10-20,2397,A,228,63.438
2017-10-20,6290,A,227,58.0
2017-10-20,8404,A,199,66.0
2017-10-20,1515,A,276,53.0
2017-10-20,3019,B,265,138.0
2017-10-20,2408,B,432,84.8
2017-10-20,2344,B,1366,26.85
2017-10-20,5425,A,241,61.0
2017-10-20,2448,A,821,44.107
2017-10-20,6150,A,226,65.5
2017-10-20,5426,A,836,17.7
2017-10-20,3443,A,50,290.5
2017-10-20,3501,A,229,64.4
2017-10-20,3211,A,286,51.6
2017-10-20,2330,A,62,237.5
2017-10-20,4919,A,193,76.6
2017-10-20,2337,A,246,60.1
2017-10-27,5285,A,184,62.629
2017-10-27,2397,A,228,63.438
2017-10-27,6290,A,227,58.0
2017-10-27,1515,A,276,53.0
2017-10-27,3019,B,265,138.0
2017-10-27,2408,B,432,84.8
2017-10-27,5425,A,241,61.0
2017-10-27,2448,A,314,44.107
2017-10-27,6150,A,226,65.5
2017-10-27,5426,A,836,17.7
2017-10-27,3444,A,625,23.4
2017-10-27,2441,A,269,54.4
2017-10-27,2114,A,177,82.3
2017-10-27,6153,A,429,34.05
2017-10-27,2483,A,532,27.5
2017-10-27,5483,A,182,80.1
2017-10-27,1526,A,325,45.0
2017-10-27,3443,B,124,293.5
2017-10-27,6488,B,110,330.0
2017-11-03,1515,A,221,53.0
2017-11-03,5425,A,190,61.0
2017-11-03,2448,A,656,50.829
2017-11-03,6150,A,226,65.5
2017-11-03,3444,A,625,23.4
2017-11-03,2114,A,177,82.3
2017-11-03,6153,A,429,34.05
2017-11-03,2483,A,532,27.5
2017-11-03,3443,B,124,293.5
2017-11-03,2367,A,938,15.95
2017-11-03,6525,A,180,83.1
2017-11-03,3317,A,388,38.5
2017-11-03,8401,A,831,18.0
2017-11-03,2462,A,432,34.65
2017-11-03,4943,A,42,352.0
2017-11-03,8091,A,155,96.5
2017-11-03,2330,B,156,239.0
2017-11-03,5483,B,461,81.1
2017-11-10,1515,A,221,53.0
2017-11-10,3444,A,625,23.4
2017-11-10,2114,A,177,82.3
2017-11-10,6153,A,429,34.05
2017-11-10,3443,B,124,293.5
2017-11-10,2367,A,938,15.95
2017-11-10,6525,A,180,83.1
2017-11-10,3317,A,388,38.5
2017-11-10,8091,A,155,96.5
2017-11-10,2330,B,156,239.0
2017-11-10,4905,A,209,70.8
2017-11-10,1735,A,790,18.75
2017-11-10,3703,A,1008,14.7
2017-11-10,8374,A,398,37.15
2017-11-10,6202,A,192,77.0
2017-11-10,2405,A,900,16.45
2017-11-10,6457,A,370,40.0
2017-11-10,2448,B,635,58.3
2017-11-17,6153,A,429,34.05
2017-11-17,6525,A,180,83.1
2017-11-17,2330,B,156,239.0
2017-11-17,4905,A,209,70.8
2017-11-17,1735,A,790,18.75
2017-11-17,2405,A,900,16.45
2017-11-17,2448,B,635,58.3
2017-11-17,2353,A,705,21.0
2017-11-17,8462,A,90,163.5
2017-11-17,2851,A,841,17.6
2017-11-17,1235,A,393,37.65
2017-11-17,2816,A,737,20.1
2017-11-17,6242,A,217,68.0
2017-11-17,3264,A,357,41.45
2017-11-17,3540,A,481,30.8
2017-11-17,1414,A,2113,7.01
2017-11-17,1565,A,16,875.0
2017-11-17,6182,B,895,41.35
2017-11-17,6488,B,92,402.0
2017-11-24,2330,B,156,239.0
2017-11-24,1735,A,790,18.75
2017-11-24,2405,A,900,16.45
2017-11-24,2448,B,635,58.3
2017-11-24,2353,A,705,21.0
2017-11-24,8462,A,90,163.5
2017-11-24,2851,A,841,17.6
2017-11-24,1235,A,393,37.65
2017-11-24,6182,B,895,41.35
2017-11-24,2455,A,161,94.7
2017-11-24,3317,A,341,44.75
2017-11-24,2850,A,525,29.1
2017-11-24,6609,A,542,28.2
2017-11-24,3033,A,807,18.95
2017-11-24,3028,A,766,19.95
2017-11-24,3051,A,2638,5.8
2017-11-24,6168,A,672,22.75
2017-11-24,4755,A,254,60.2
2017-11-24,3105,B,130,293.0
2017-12-01,1735,A,1286,18.943
2017-12-01,2405,A,900,16.45
2017-12-01,2455,A,227,98.858
2017-12-01,3033,A,1314,18.911
2017-12-01,3028,A,1214,20.116
2017-12-01,1609,A,1834,13.5
2017-12-01,2327,A,79,310.0
2017-12-01,8086,A,325,76.0
2017-12-01,1593,A,504,49.1
2017-12-01,3090,A,716,34.55
2017-12-01,3703,A,1603,15.45
2017-12-01,6153,A,509,48.6
2017-12-01,3645,A,398,62.1
2017-12-01,2367,A,1457,17.0
2017-12-08,1735,A,1286,18.943
2017-12-08,2455,A,227,98.858
2017-12-08,3033,A,1314,18.911
2017-12-08,3028,A,1214,20.116
2017-12-08,1609,A,1834,13.5
2017-12-08,3703,A,1603,15.45
2017-12-08,3645,A,398,62.1
2017-12-08,2367,A,1457,17.0
2017-12-08,3354,A,850,29.0
2017-12-08,6005,A,2182,11.3
2017-12-08,2850,A,859,28.7
2017-12-08,8410,A,632,39.0
2017-12-08,5281,A,694,35.5
2017-12-08,1235,A,657,37.5
2017-12-08,2816,A,1185,20.8
2017-12-15,1735,A,1286,18.943
2017-12-15,2455,A,227,98.858
2017-12-15,3033,A,1314,18.911
2017-12-15,3028,A,1214,20.116
2017-12-15,1609,A,1834,13.5
2017-12-15,3703,A,1603,15.45
2017-12-15,3645,A,398,62.1
2017-12-15,2367,A,1115,17.0
2017-12-15,3354,A,850,29.0
2017-12-15,6005,A,2182,11.3
2017-12-15,2850,A,859,28.7
2017-12-15,8489,A,94,265.0
2017-12-15,4506,A,452,55.4
2017-12-15,2353,A,1229,20.4
2017-12-22,1735,A,1286,18.943
2017-12-22,1609,A,1834,13.5
2017-12-22,3645,A,398,62.1
2017-12-22,2367,A,1115,17.0
2017-12-22,3354,A,850,29.0
2017-12-22,6005,A,2182,11.3
2017-12-22,8489,A,94,265.0
2017-12-22,8926,A,963,26.65
2017-12-22,3444,A,713,36.0
2017-12-22,1704,A,538,47.7
2017-12-22,1565,A,26,975.0
2017-12-22,8437,A,107,240.0
2017-12-22,1414,A,3451,7.44
2017-12-22,2327,A,74,342.5
2017-12-22,1593,A,533,48.1
2017-12-29,1735,A,1286,18.943
2017-12-29,3645,A,309,62.1
2017-12-29,2367,A,1115,17.0
2017-12-29,3354,A,850,29.0
2017-12-29,8489,A,94,265.0
2017-12-29,8926,A,963,26.65
2017-12-29,1704,A,538,47.7
2017-12-29,1565,A,26,975.0
2017-12-29,8437,A,107,240.0
2017-12-29,1526,A,403,64.3
2017-12-29,1815,A,1140,22.75
2017-12-29,3550,A,1122,23.1
2017-12-29,2353,A,1074,24.15
2017-12-29,6531,A,277,93.5
2017-12-29,3373,A,1214,21.35
2018-01-05,8489,A,94,265.0
2018-01-05,1526,A,403,64.3
2018-01-05,1815,A,1140,22.75
2018-01-05,3550,A,1122,23.1
2018-01-05,2353,A,1074,24.15
2018-01-05,5317,A,377,69.9
2018-01-05,2527,A,1029,25.6
2018-01-05,2009,A,1890,13.95
2018-01-05,2478,A,692,38.1
2018-01-05,3624,A,982,26.85
2018-01-05,9946,A,1924,13.7
2018-01-05,2614,A,2407,10.95
2018-01-05,1727,A,1632,16.15
2018-01-05,2327,A,65,404.0
2018-01-05,3090,A,671,39.25
2018-01-12,2353,A,1074,24.15
2018-01-12,2527,A,1029,25.6
2018-01-12,3624,A,982,26.85
2018-01-12,2614,A,2407,10.95
2018-01-12,3018,A,311,84.1
2018-01-12,1414,A,3055,8.57
2018-01-12,5534,A,297,88.1
2018-01-12,2014,A,1883,13.9
2018-01-12,2027,A,1051,24.9
2018-01-12,2809,A,622,42.05
2018-01-12,3310,A,714,36.65
2018-01-12,1229,A,656,39.9
2018-01-12,2460,A,1286,20.35
2018-01-12,2820,A,1646,15.9
2018-01-12,1785,A,1077,24.3
2018-01-19,2353,A,1074,24.15
2018-01-19,2527,A,1029,25.6
2018-01-19,3310,A,714,36.65
2018-01-19,1229,A,656,39.9
2018-01-19,2889,A,2578,9.98
2018-01-19,6150,A,203,126.5
2018-01-19,2546,A,1136,22.65
2018-01-19,2887,A,1738,14.8
2018-01-19,6609,A,778,33.05
2018-01-19,3663,A,1347,19.1
2018-01-19,8034,A,1406,18.3
2018-01-19,2731,A,194,132.5
2018-01-19,4139,A,388,66.2
2018-01-19,2886,A,1007,25.55
2018-01-19,8908,A,793,32.45
2018-01-26,3310,A,401,36.65
2018-01-26,2889,A,1561,9.98
2018-01-26,6150,A,100,126.5
2018-01-26,2546,A,686,22.65
2018-01-26,2887,A,1074,14.8
2018-01-26,6609,A,414,33.05
2018-01-26,3663,A,802,19.1
2018-01-26,2731,A,119,132.5
2018-01-26,4139,A,218,66.2
2018-01-26,3055,A,423,37.4
2018-01-26,3563,A,49,319.0
2018-01-26,5483,A,167,94.4
2018-01-26,6026,A,1008,15.7
2018-01-26,1540,A,842,18.8
2018-01-26,1773,A,173,91.4
2018-01-26,2330,B,155,255.0
2018-01-26,2327,B,106,373.0
2018-01-26,2353,B,1434,27.6
2018-01-26,6488,B,90,438.0
2018-02-02,2889,A,1561,9.98
2018-02-02,6150,A,100,126.5
2018-02-02,2546,A,686,22.65
2018-02-02,2887,A,1074,14.8
2018-02-02,6609,A,414,33.05
2018-02-02,2731,A,119,132.5
2018-02-02,4139,A,218,66.2
2018-02-02,5483,A,167,94.4
2018-02-02,6026,A,1008,15.7
2018-02-02,1773,A,173,91.4
2018-02-02,2330,B,155,255.0
2018-02-02,2327,B,106,373.0
2018-02-02,2353,B,1434,27.6
2018-02-02,3540,A,444,35.4
2018-02-02,6257,A,411,38.2
2018-02-02,1597,A,116,135.0
2018-02-02,6531,A,168,93.4
2018-02-02,2809,A,376,41.75
2018-02-02,3443,B,111,354.0
2018-02-09,4139,A,327,68.167
2018-02-09,6026,A,1577,15.429
2018-02-09,1597,A,181,133.204
2018-02-09,3030,A,428,55.0
2018-02-09,8454,A,83,281.0
2018-02-09,2425,A,1084,21.75
2018-02-09,4506,A,403,58.5
2018-02-09,5371,A,558,42.2
2018-02-09,5386,A,443,53.2
2018-02-09,3624,A,763,30.9
2018-02-09,8908,A,727,32.4
2018-02-09,6023,A,543,43.4
2018-02-09,3018,A,296,79.5
2018-02-09,8489,A,77,303.0
2018-02-09,2614,A,2077,11.35
2018-02-12,4139,A,327,68.167
2018-02-12,1597,A,181,133.204
2018-02-12,3030,A,428,55.0
2018-02-12,8454,A,83,281.0
2018-02-12,2425,A,1084,21.75
2018-02-12,4506,A,403,58.5
2018-02-12,5371,A,558,42.2
2018-02-12,5386,A,443,53.2
2018-02-12,3624,A,763,30.9
2018-02-12,8908,A,727,32.4
2018-02-12,3018,A,296,79.5
2018-02-12,2614,A,2077,11.35
2018-02-12,5201,A,859,27.3
2018-02-12,2015,A,394,59.5
2018-02-12,8155,A,227,103.0
2018-02-23,1597,A,109,133.204
2018-02-23,3030,A,264,55.0
2018-02-23,8454,A,51,281.0
2018-02-23,2425,A,541,21.75
2018-02-23,4506,A,256,58.5
2018-02-23,5371,A,354,42.2
2018-02-23,5386,A,194,53.2
2018-02-23,8908,A,466,32.4
2018-02-23,3018,A,174,79.5
2018-02-23,2614,A,1218,11.35
2018-02-23,5201,A,545,27.3
2018-02-23,6023,A,317,47.35
2018-02-23,3090,A,383,39.25
2018-02-23,2014,A,1113,13.5
2018-02-23,3663,A,781,19.25
2018-02-23,2353,B,6062,24.8
2018-03-02,3030,A,264,55.0
2018-03-02,8454,A,51,281.0
2018-03-02,2425,A,430,21.75
2018-03-02,4506,A,256,58.5
2018-03-02,5371,A,354,42.2
2018-03-02,5386,A,194,53.2
2018-03-02,3018,A,174,79.5
2018-03-02,2614,A,1218,11.35
2018-03-02,6023,A,317,47.35
2018-03-02,2014,A,1113,13.5
2018-03-02,3663,A,781,19.25
2018-03-02,2353,B,6062,24.8
2018-03-02,5281,A,207,73.9
2018-03-02,6024,A,283,54.0
2018-03-02,8437,A,51,298.5
2018-03-02,2015,A,249,61.4
2018-03-09,8454,A,51,281.0
2018-03-09,2425,A,430,21.75
2018-03-09,5386,A,194,53.2
2018-03-09,2614,A,1218,11.35
2018-03-09,2353,B,6062,24.8
2018-03-09,5281,A,207,73.9
2018-03-09,6024,A,283,54.0
2018-03-09,4972,A,428,36.5
2018-03-09,6203,A,343,45.5
2018-03-09,8446,A,120,130.0
2018-03-09,3090,A,326,47.85
2018-03-09,6141,A,640,24.4
2018-03-09,2440,A,1128,13.85
2018-03-09,2388,A,708,22.05
2018-03-09,5201,A,484,32.25
2018-03-09,6150,A,56,275.0
2018-03-16,5386,A,194,53.2
2018-03-16,2614,A,1218,11.35
2018-03-16,2353,B,2954,24.8
2018-03-16,5281,A,207,73.9
2018-03-16,6024,A,283,54.0
2018-03-16,4972,A,428,36.5
2018-03-16,8446,A,120,130.0
2018-03-16,3090,A,326,47.85
2018-03-16,6141,A,640,24.4
2018-03-16,2388,A,520,22.05
2018-03-16,5201,A,484,32.25
2018-03-16,4807,A,210,75.2
2018-03-16,6472,A,243,65.0
2018-03-16,1786,A,240,65.8
2018-03-16,3040,A,254,62.1
2018-03-16,3114,A,706,22.35
2018-03-16,8908,A,378,33.4
2018-03-23,2353,B,2227,24.8
2018-03-23,5281,A,142,73.9
2018-03-23,6024,A,283,54.0
2018-03-23,4972,A,428,36.5
2018-03-23,8446,A,120,130.0
2018-03-23,3090,A,326,47.85
2018-03-23,6141,A,640,24.4
2018-03-23,2388,A,520,22.05
2018-03-23,4807,A,210,75.2
2018-03-23,6472,A,243,65.0
2018-03-23,1786,A,240,65.8
2018-03-23,3040,A,254,62.1
2018-03-23,8908,A,378,33.4
2018-03-23,2012,A,901,18.4
2018-03-23,4303,A,79,209.5
2018-03-23,2546,A,665,24.95
2018-03-23,2327,B,114,484.0
2018-03-23,2455,B,375,129.5
2018-03-30,5281,A,241,90.783
2018-03-30,2388,A,736,26.643
2018-03-30,4807,A,330,78.4
2018-03-30,6472,A,243,65.0
2018-03-30,1786,A,340,70.418
2018-03-30,8908,A,764,34.865
2018-03-30,2012,A,1504,18.42
2018-03-30,2348,A,523,53.0
2018-03-30,3402,A,1017,27.3
2018-03-30,5201,A,733,37.85
2018-03-30,2535,A,1347,20.6
2018-03-30,4123,A,461,60.2
2018-03-30,4144,A,606,45.8
2018-03-30,2527,A,950,29.2
2018-03-30,1730,A,608,45.6
2018-04-03,5281,A,241,90.783
2018-04-03,2388,A,736,26.643
2018-04-03,6472,A,243,65.0
2018-04-03,1786,A,340,70.418
2018-04-03,2012,A,1504,18.42
2018-04-03,2348,A,523,53.0
2018-04-03,3402,A,1017,27.3
2018-04-03,2535,A,1347,20.6
2018-04-03,4123,A,461,60.2
2018-04-03,2527,A,950,29.2
2018-04-03,6101,A,362,80.6
2018-04-03,3115,A,965,30.25
2018-04-03,2020,A,1854,15.75
2018-04-03,5015,A,762,38.3
2018-04-03,3040,A,479,60.9
2018-04-13,3402,A,1017,27.3
2018-04-13,2535,A,1347,20.6
2018-04-13,3115,A,965,30.25
2018-04-13,5015,A,762,38.3
2018-04-13,2031,A,637,42.7
2018-04-13,3090,A,435,62.5
2018-04-13,6196,A,473,57.5
2018-04-13,2013,A,745,36.55
2018-04-13,8446,A,168,162.0
2018-04-13,3128,A,1509,18.05
2018-04-13,6141,A,761,35.75
2018-04-13,4736,A,203,134.0
2018-04-13,8908,A,762,35.7
2018-04-13,1514,A,1702,16.0
2018-04-13,2546,A,1039,26.2
2018-04-20,2535,A,1347,20.6
2018-04-20,3115,A,965,30.25
2018-04-20,2031,A,637,42.7
2018-04-20,3090,A,435,62.5
2018-04-20,6196,A,473,57.5
2018-04-20,8446,A,168,162.0
2018-04-20,4736,A,203,134.0
2018-04-20,3628,A,521,54.6
2018-04-20,2492,A,173,164.0
2018-04-20,1413,A,1910,14.9
2018-04-20,1795,A,347,81.8
2018-04-20,1730,A,580,49.05
2018-04-20,2049,A,56,504.0
2018-04-20,6101,A,328,86.7
2018-04-20,2903,A,1486,19.15
2018-04-27,2535,A,1347,20.6
2018-04-27,3115,A,965,30.25
2018-04-27,3090,A,435,62.5
2018-04-27,6196,A,473,57.5
2018-04-27,8446,A,168,162.0
2018-04-27,4736,A,203,134.0
2018-04-27,2492,A,173,164.0
2018-04-27,1795,A,347,81.8
2018-04-27,6101,A,328,86.7
2018-04-27,2903,A,1486,19.15
2018-04-27,1742,A,1177,23.6
2018-04-27,6472,A,209,132.5
2018-04-27,4803,A,125,221.0
2018-04-27,3646,A,1073,25.9
2018-04-27,6284,A,608,45.65
2018-05-04,2535,A,1347,20.6
2018-05-04,3090,A,435,62.5
2018-05-04,6196,A,473,57.5
2018-05-04,2492,A,118,164.0
2018-05-04,1795,A,347,81.8
2018-05-04,2903,A,1486,19.15
2018-05-04,4190,A,234,113.5
2018-05-04,5907,A,916,29.1
2018-05-04,2601,A,2203,12.1
2018-05-04,3628,A,499,53.4
2018-05-04,2108,A,1045,25.5
2018-05-04,8908,A,694,38.4
2018-05-04,2534,A,753,35.4
2018-05-04,3402,A,903,29.5
2018-05-04,1413,A,1681,15.85
2018-05-11,2535,A,1347,20.6
2018-05-11,3090,A,435,62.5
2018-05-11,6196,A,473,57.5
2018-05-11,2492,A,118,164.0
2018-05-11,2903,A,1486,19.15
2018-05-11,4190,A,234,113.5
2018-05-11,5907,A,916,29.1
2018-05-11,2601,A,2203,12.1
2018-05-11,8908,A,694,38.4
2018-05-11,2534,A,753,35.4
2018-05-11,3402,A,903,29.5
2018-05-11,5015,A,675,40.35
2018-05-11,6284,A,633,43.0
2018-05-11,2012,A,1341,20.3
2018-05-18,2535,A,993,20.6
2018-05-18,6196,A,350,57.5
2018-05-18,2492,A,94,164.0
2018-05-18,8908,A,694,38.4
2018-05-18,2534,A,753,35.4
2018-05-18,3402,A,903,29.5
2018-05-18,2596,A,1108,23.8
2018-05-18,2540,A,713,37.0
2018-05-18,8163,A,557,47.3
2018-05-18,9943,A,452,58.3
2018-05-18,3285,A,1216,21.7
2018-05-18,3563,A,58,454.0
2018-05-18,3527,A,254,103.5
2018-05-18,2546,A,1016,25.95
2018-05-18,4736,A,167,158.0
2018-05-25,6196,A,350,57.5
2018-05-25,2534,A,753,35.4
2018-05-25,2596,A,1108,23.8
2018-05-25,2540,A,713,37.0
2018-05-25,8163,A,557,47.3
2018-05-25,3285,A,1216,21.7
2018-05-25,3527,A,254,103.5
2018-05-25,1225,A,367,80.1
2018-05-25,8277,A,2100,14.0
2018-05-25,3504,A,288,102.0
2018-05-25,2640,A,356,82.5
2018-05-25,8131,A,705,41.7
2018-05-25,2377,A,236,124.5
2018-05-25,2108,A,1093,26.9
2018-05-25,4190,A,221,133.0
2018-06-01,2596,A,1108,23.8
2018-06-01,2540,A,713,37.0
2018-06-01,8163,A,429,47.3
2018-06-01,1225,A,367,80.1
2018-06-01,3504,A,288,102.0
2018-06-01,2640,A,356,82.5
2018-06-01,2108,A,1093,26.9
2018-06-01,2332,A,2009,14.6
2018-06-01,5525,A,1352,21.7
2018-06-01,8261,A,756,38.8
2018-06-01,3702,A,682,43.0
2018-06-01,2492,A,77,378.0
2018-06-01,3016,A,419,69.9
2018-06-01,3114,A,1036,28.3
2018-06-01,5469,A,1006,29.15
2018-06-08,2596,A,1108,23.8
2018-06-08,8163,A,429,47.3
2018-06-08,1225,A,367,80.1
2018-06-08,3504,A,204,102.0
2018-06-08,2108,A,1093,26.9
2018-06-08,8261,A,756,38.8
2018-06-08,3702,A,682,43.0
2018-06-08,2492,A,77,378.0
2018-06-08,1409,A,2511,12.35
2018-06-08,8415,A,1015,30.55
2018-06-08,2362,A,876,35.4
2018-06-08,3030,A,417,74.2
2018-06-08,2478,A,239,129.5
2018-06-08,4953,A,611,50.7
2018-06-08,9943,A,524,59.1
2018-06-15,2596,A,1108,23.8
2018-06-15,8163,A,429,47.3
2018-06-15,1225,A,367,80.1
2018-06-15,3504,A,204,102.0
2018-06-15,2108,A,1093,26.9
2018-06-15,8261,A,558,38.8
2018-06-15,1409,A,2511,12.35
2018-06-15,4953,A,611,50.7
2018-06-15,6435,A,185,173.0
2018-06-15,3114,A,860,37.25
2018-06-15,8016,A,278,115.0
2018-06-15,3088,A,498,64.3
2018-06-15,2838,A,3159,10.15
2018-06-15,3527,A,209,153.0
2018-06-22,2596,A,1108,23.8
2018-06-22,8163,A,429,47.3
2018-06-22,1225,A,367,80.1
2018-06-22,2108,A,1093,26.9
2018-06-22,8261,A,558,38.8
2018-06-22,1409,A,2511,12.35
2018-06-22,4953,A,611,50.7
2018-06-22,6435,A,185,173.0
2018-06-22,3114,A,860,37.25
2018-06-22,8016,A,278,115.0
2018-06-22,3088,A,498,64.3
2018-06-22,4513,A,1802,17.6
2018-06-22,3567,A,878,36.1
2018-06-22,6504,A,182,174.0
2018-06-22,2388,A,647,49.0
2018-06-29,2596,A,1108,23.8
2018-06-29,8163,A,429,47.3
2018-06-29,1225,A,367,80.1
2018-06-29,2108,A,1093,26.9
2018-06-29,8261,A,558,38.8
2018-06-29,4953,A,611,50.7
2018-06-29,6435,A,185,173.0
2018-06-29,3114,A,860,37.25
2018-06-29,4513,A,1802,17.6
2018-06-29,2426,A,1310,23.95
2018-06-29,5328,A,1480,21.2
2018-06-29,2221,A,799,39.25
2018-06-29,3624,A,445,70.5
2018-06-29,2534,A,768,40.85
2018-06-29,5213,A,1335,23.5
2018-07-06,1225,A,367,80.1
2018-07-06,4513,A,1802,17.6
2018-07-06,2426,A,1310,23.95
2018-07-06,5328,A,1480,21.2
2018-07-06,2221,A,799,39.25
2018-07-06,3624,A,445,70.5
2018-07-06,6160,A,1391,21.9
2018-07-06,2492,A,74,410.0
2018-07-06,1730,A,624,48.8
2018-07-06,1409,A,2561,11.9
2018-07-06,8480,A,220,138.0
2018-07-06,8415,A,1014,30.05
2018-07-06,3090,A,321,94.8
2018-07-06,5525,A,1430,21.3
2018-07-06,8016,A,255,119.5
2018-07-13,1225,A,367,80.1
2018-07-13,4513,A,1802,17.6
2018-07-13,2426,A,1310,23.95
2018-07-13,2221,A,799,39.25
2018-07-13,6160,A,1391,21.9
2018-07-13,2492,A,74,410.0
2018-07-13,1730,A,624,48.8
2018-07-13,1409,A,2561,11.9
2018-07-13,8480,A,220,138.0
2018-07-13,8415,A,1014,30.05
2018-07-13,6542,A,328,87.9
2018-07-13,3114,A,620,46.5
2018-07-13,3416,A,519,55.6
2018-07-13,2108,A,993,29.05
2018-07-13,8163,A,372,77.4
2018-07-13,3702,A,460,44.0
2018-07-20,1225,A,367,80.1
2018-07-20,2221,A,799,39.25
2018-07-20,6160,A,1391,21.9
2018-07-20,2492,A,74,410.0
2018-07-20,1730,A,624,48.8
2018-07-20,1409,A,2561,11.9
2018-07-20,8415,A,1014,30.05
2018-07-20,6542,A,328,87.9
2018-07-20,3114,A,620,46.5
2018-07-20,3416,A,519,55.6
2018-07-20,2108,A,993,29.05
2018-07-20,3702,A,669,44.078
2018-07-20,4942,A,1093,27.1
2018-07-20,4123,A,333,88.7
2018-07-20,4190,A,217,136.0
2018-07-20,4953,A,258,52.6
2018-07-27,6160,A,1391,21.9
2018-07-27,1409,A,2561,11.9
2018-07-27,8415,A,1014,30.05
2018-07-27,6542,A,328,87.9
2018-07-27,3114,A,620,46.5
2018-07-27,3416,A,519,55.6
2018-07-27,2108,A,993,29.05
2018-07-27,4942,A,1093,27.1
2018-07-27,4953,A,541,53.803
2018-07-27,1704,A,578,51.4
2018-07-27,5525,A,1342,22.15
2018-07-27,3088,A,454,65.4
2018-07-27,2838,A,2915,10.2
2018-07-27,4513,A,1656,17.95
2018-07-27,2534,A,739,40.2
2018-08-03,6160,A,648,21.9
2018-08-03,1409,A,1346,11.9
2018-08-03,8415,A,513,30.05
2018-08-03,6542,A,221,87.9
2018-08-03,3416,A,319,55.6
2018-08-03,4942,A,657,27.1
2018-08-03,4953,A,296,53.803
2018-08-03,1704,A,346,51.4
2018-08-03,2838,A,1711,10.2
2018-08-03,2547,A,1310,13.7
2018-08-03,5820,A,1801,9.97
2018-08-03,1515,A,325,55.1
2018-08-03,8942,A,195,91.8
2018-08-03,1539,A,729,24.6
2018-08-03,5340,A,1408,12.75
2018-08-03,2456,B,1459,123.0
2018-08-10,6160,A,648,21.9
2018-08-10,1409,A,1346,11.9
2018-08-10,8415,A,513,30.05
2018-08-10,6542,A,221,87.9
2018-08-10,3416,A,319,55.6
2018-08-10,4942,A,657,27.1
2018-08-10,4953,A,296,53.803
2018-08-10,1704,A,346,51.4
2018-08-10,2838,A,1711,10.2
2018-08-10,2547,A,1310,13.7
2018-08-10,5820,A,1801,9.97
2018-08-10,1515,A,325,55.1
2018-08-10,1539,A,729,24.6
2018-08-10,5340,A,1408,12.75
2018-08-10,2456,B,1459,123.0
2018-08-10,2612,A,504,34.4
2018-08-17,6160,A,648,21.9
2018-08-17,1409,A,1346,11.9
2018-08-17,8415,A,513,30.05
2018-08-17,6542,A,221,87.9
2018-08-17,3416,A,319,55.6
2018-08-17,4942,A,657,27.1
2018-08-17,4953,A,220,53.803
2018-08-17,1704,A,346,51.4
2018-08-17,2547,A,1310,13.7
2018-08-17,1515,A,325,55.1
2018-08-17,1539,A,729,24.6
2018-08-17,5340,A,1408,12.75
2018-08-17,2456,B,1459,123.0
2018-08-17,2612,A,504,34.4
2018-08-17,3114,A,477,38.15
2018-08-24,6160,A,648,21.9
2018-08-24,1409,A,1346,11.9
2018-08-24,6542,A,221,87.9
2018-08-24,3416,A,319,55.6
2018-08-24,4942,A,657,27.1
2018-08-24,4953,A,220,53.803
2018-08-24,1704,A,346,51.4
2018-08-24,2547,A,1310,13.7
2018-08-24,1539,A,729,24.6
2018-08-24,5340,A,1408,12.75
2018-08-24,2456,B,1459,123.0
2018-08-24,2612,A,504,34.4
2018-08-24,1904,A,769,21.75
2018-08-24,2368,A,1112,15.05
2018-08-24,4432,A,474,35.3
2018-08-24,6121,A,80,207.0
2018-08-31,4942,A,657,27.1
2018-08-31,1704,A,346,51.4
2018-08-31,2547,A,1042,13.7
2018-08-31,5340,A,1408,12.75
2018-08-31,2456,B,1459,123.0
2018-08-31,1904,A,769,21.75
2018-08-31,2368,A,1112,15.05
2018-08-31,6121,A,80,207.0
2018-08-31,2442,A,1333,13.2
2018-08-31,2425,A,357,49.2
2018-08-31,6021,A,1407,12.5
2018-08-31,2834,A,1585,11.1
2018-08-31,2373,A,161,109.0
2018-08-31,2356,A,638,27.55
2018-08-31,5439,A,347,50.7
2018-08-31,1718,A,1510,11.65
2018-09-07,4942,A,521,27.1
2018-09-07,2547,A,1042,13.7
2018-09-07,2456,B,1459,123.0
2018-09-07,1904,A,769,21.75
2018-09-07,2368,A,1112,15.05
2018-09-07,6121,A,80,207.0
2018-09-07,2442,A,1333,13.2
2018-09-07,2425,A,357,49.2
2018-09-07,6021,A,1407,12.5
2018-09-07,2373,A,161,109.0
2018-09-07,2356,A,638,27.55
2018-09-07,5439,A,347,50.7
2018-09-07,2538,A,1206,13.3
2018-09-07,6278,A,472,33.95
2018-09-07,1539,A,594,27.0
2018-09-07,4432,A,466,34.4
2018-09-14,4942,A,521,27.1
2018-09-14,2547,A,1042,13.7
2018-09-14,1904,A,769,21.75
2018-09-14,6121,A,80,207.0
2018-09-14,2442,A,1333,13.2
2018-09-14,2425,A,357,49.2
2018-09-14,2538,A,1206,13.3
2018-09-14,6278,A,472,33.95
2018-09-14,1539,A,594,27.0
2018-09-14,4432,A,466,34.4
2018-09-14,4119,A,183,88.8
2018-09-14,1784,A,506,32.2
2018-09-14,1704,A,314,51.9
2018-09-14,2834,A,1483,11.0
2018-09-14,2612,A,475,34.3
2018-09-21,4942,A,521,27.1
2018-09-21,2547,A,1042,13.7
2018-09-21,1904,A,769,21.75
2018-09-21,2442,A,1333,13.2
2018-09-21,2538,A,1206,13.3
2018-09-21,6278,A,472,33.95
2018-09-21,1539,A,594,27.0
2018-09-21,4432,A,466,34.4
2018-09-21,4119,A,183,88.8
2018-09-21,1784,A,506,32.2
2018-09-21,1704,A,314,51.9
2018-09-21,2834,A,1483,11.0
2018-09-21,2348,A,311,52.4
2018-09-21,8415,A,429,38.0
2018-09-21,1503,A,339,48.05
2018-09-28,2547,A,1042,13.7
2018-09-28,1904,A,769,21.75
2018-09-28,2442,A,1051,13.2
2018-09-28,2538,A,1206,13.3
2018-09-28,6278,A,472,33.95
2018-09-28,1539,A,594,27.0
2018-09-28,4119,A,183,88.8
2018-09-28,1704,A,314,51.9
2018-09-28,2834,A,1483,11.0
2018-09-28,2348,A,311,52.4
2018-09-28,8415,A,429,38.0
2018-09-28,1503,A,339,48.05
2018-09-28,6452,A,35,462.5
2018-09-28,5340,A,1159,14.05
2018-09-28,6021,A,1362,11.95
2018-10-05,2547,A,1042,13.7
2018-10-05,1904,A,769,21.75
2018-10-05,2442,A,1051,13.2
2018-10-05,2538,A,1206,13.3
2018-10-05,6278,A,472,33.95
2018-10-05,4119,A,183,88.8
2018-10-05,1704,A,314,51.9
2018-10-05,2834,A,1483,11.0
2018-10-05,2348,A,311,52.4
2018-10-05,6452,A,35,462.5
2018-10-05,5340,A,1159,14.05
2018-10-05,2612,A,470,34.0
2018-10-05,4942,A,526,30.4
2018-10-05,4433,A,663,24.1
2018-10-05,6121,A,79,202.0
2018-10-12,1904,A,1798,21.664
2018-10-12,2442,A,2531,14.457
2018-10-12,2538,A,2988,13.121
2018-10-12,6278,A,472,33.95
2018-10-12,4119,A,491,82.715
2018-10-12,1704,A,750,51.842
2018-10-12,6452,A,79,476.146
2018-10-12,2612,A,1085,35.02
2018-10-12,4433,A,1754,22.887
2018-10-12,5206,A,2921,13.3
2018-10-19,2442,A,2531,14.457
2018-10-19,2538,A,2988,13.121
2018-10-19,6278,A,1363,34.963
2018-10-19,4119,A,491,82.715
2018-10-19,6452,A,79,476.146
2018-10-19,2612,A,1085,35.02
2018-10-19,4433,A,1754,22.887
2018-10-19,5206,A,2921,13.3
2018-10-26,2442,A,7127,13.098
2018-10-26,6278,A,2651,34.107
2018-10-26,6452,A,79,476.146
2018-10-26,4433,A,3607,23.664
2018-10-26,5206,A,6874,12.466
2018-11-02,4433,A,7220,24.358
2018-11-02,5206,A,13967,12.712
2018-11-09,4433,A,7220,24.358
2018-11-09,5206,A,13967,12.712
2018-11-16,4433,A,4780,24.358
2018-11-16,5206,A,9374,12.712
2018-11-16,2597,A,449,42.45
2018-11-23,4433,A,3540,24.358
2018-11-23,5206,A,7121,12.712
2018-11-23,2597,A,1110,43.849
2018-11-23,4420,A,3112,29.4
2018-11-30,4433,A,1546,24.358
2018-11-30,2597,A,1110,43.849
2018-11-30,4420,A,3112,29.4
2018-11-30,4728,A,977,41.6
2018-11-30,6417,A,1013,40.1
2018-11-30,2704,A,1626,25.0
2018-11-30,3455,A,499,68.2
2018-12-07,4433,A,1546,24.358
2018-12-07,2597,A,1110,43.849
2018-12-07,4420,A,1286,29.4
2018-12-07,4728,A,977,41.6
2018-12-07,6417,A,1013,40.1
2018-12-07,2704,A,1626,25.0
2018-12-07,3455,A,499,68.2
2018-12-07,2524,A,1632,27.4
2018-12-07,1730,A,801,55.8
2018-12-14,4433,A,1546,24.358
2018-12-14,2597,A,813,43.849
2018-12-14,4420,A,1286,29.4
2018-12-14,4728,A,977,41.6
2018-12-14,6417,A,1013,40.1
2018-12-14,2704,A,1626,25.0
2018-12-14,3455,A,499,68.2
2018-12-14,2524,A,1632,27.4
2018-12-14,1730,A,607,55.8
2018-12-14,3322,A,3395,12.4
2018-12-21,4433,A,1005,24.358
2018-12-21,2597,A,549,43.849
2018-12-21,4420,A,809,29.4
2018-12-21,4728,A,560,41.6
2018-12-21,6417,A,619,40.1
2018-12-21,3455,A,384,68.2
2018-12-21,2524,A,1036,27.4
2018-12-21,1730,A,402,55.8
2018-12-21,3322,A,2328,12.4
2018-12-21,5234,A,300,90.5
2018-12-21,5288,A,223,122.0
2018-12-21,8927,A,1601,17.0
2018-12-21,3338,A,78,31.85
2018-12-21,3535,A,1,18.6
2018-12-21,1515,A,378,72.0
2018-12-28,4433,A,1005,24.358
2018-12-28,2597,A,549,43.849
2018-12-28,4420,A,809,29.4
2018-12-28,4728,A,560,41.6
2018-12-28,6417,A,619,40.1
2018-12-28,1730,A,402,55.8
2018-12-28,3322,A,2328,12.4
2018-12-28,5234,A,300,90.5
2018-12-28,5288,A,223,122.0
2018-12-28,8927,A,1601,17.0
2018-12-28,3338,A,870,31.44
2018-12-28,1515,A,378,72.0
2018-12-28,3483,A,986,27.7
2018-12-28,6230,A,198,138.0
2018-12-28,1532,A,705,38.75
2019-01-04,4433,A,1005,24.358
2019-01-04,4420,A,809,29.4
2019-01-04,4728,A,560,41.6
2019-01-04,6417,A,619,40.1
2019-01-04,1730,A,402,55.8
2019-01-04,3322,A,2328,12.4
2019-01-04,5234,A,300,90.5
2019-01-04,5288,A,223,122.0
2019-01-04,8927,A,1601,17.0
2019-01-04,3338,A,870,31.44
2019-01-04,1515,A,378,72.0
2019-01-04,3483,A,986,27.7
2019-01-04,6230,A,198,138.0
2019-01-04,1532,A,705,38.75
2019-01-04,2524,A,1040,25.9
2019-01-11,6417,A,619,40.1
2019-01-11,1730,A,402,55.8
2019-01-11,3322,A,2328,12.4
2019-01-11,5234,A,300,90.5
2019-01-11,8927,A,1601,17.0
2019-01-11,3338,A,870,31.44
2019-01-11,3483,A,986,27.7
2019-01-11,6230,A,198,138.0
2019-01-11,1532,A,705,38.75
2019-01-11,2546,A,991,28.0
2019-01-11,5450,A,1844,15.05
2019-01-11,6277,A,297,93.3
2019-01-11,4536,A,257,108.0
2019-01-11,6486,A,533,52.0
2019-01-11,2597,A,542,51.2
2019-01-18,6417,A,619,40.1
2019-01-18,5234,A,300,90.5
2019-01-18,8927,A,1601,17.0
2019-01-18,3338,A,870,31.44
2019-01-18,3483,A,986,27.7
2019-01-18,2546,A,991,28.0
2019-01-18,5450,A,1844,15.05
2019-01-18,6277,A,297,93.3
2019-01-18,4536,A,257,108.0
2019-01-18,6486,A,533,52.0
2019-01-18,3004,A,368,75.7
2019-01-18,1784,A,842,33.1
2019-01-18,3324,A,242,115.0
2019-01-18,5288,A,214,130.0
2019-01-25,6417,A,619,40.1
2019-01-25,2546,A,991,28.0
2019-01-25,5450,A,1844,15.05
2019-01-25,6277,A,297,93.3
2019-01-25,4536,A,257,108.0
2019-01-25,3004,A,368,75.7
2019-01-25,1784,A,842,33.1
2019-01-25,3324,A,242,115.0
2019-01-25,6245,A,450,62.3
2019-01-25,9943,A,442,63.3
2019-01-25,5432,A,647,43.3
2019-01-25,4563,A,470,59.6
2019-01-25,1515,A,329,85.2
2019-01-25,2597,A,534,52.5
2019-01-25,2423,A,1044,26.85
2019-01-30,6417,A,619,40.1
2019-01-30,2546,A,991,28.0
2019-01-30,5450,A,1844,15.05
2019-01-30,6277,A,297,93.3
2019-01-30,4536,A,257,108.0
2019-01-30,3004,A,368,75.7
2019-01-30,1784,A,842,33.1
2019-01-30,3324,A,242,115.0
2019-01-30,6245,A,450,62.3
2019-01-30,9943,A,442,63.3
2019-01-30,5432,A,647,43.3
2019-01-30,4563,A,470,59.6
2019-01-30,1515,A,329,85.2
2019-01-30,3479,A,594,47.1
2019-01-30,8066,A,235,119.0
2019-01-30,6417,A,619,40.1
2019-01-30,2546,A,991,28.0
2019-01-30,5450,A,1844,15.05
2019-01-30,6277,A,297,93.3
2019-01-30,4536,A,257,108.0
2019-01-30,3004,A,368,75.7
2019-01-30,1784,A,842,33.1
2019-01-30,3324,A,242,115.0
2019-01-30,6245,A,450,62.3
2019-01-30,9943,A,442,63.3
2019-01-30,5432,A,647,43.3
2019-01-30,4563,A,470,59.6
2019-01-30,1515,A,329,85.2
2019-01-30,3479,A,594,47.1
2019-01-30,8066,A,235,119.0
2019-02-15,6417,A,619,40.1
2019-02-15,4536,A,257,108.0
2019-02-15,1784,A,842,33.1
2019-02-15,6245,A,450,62.3
2019-02-15,9943,A,442,63.3
2019-02-15,3479,A,594,47.1
2019-02-15,6188,A,747,37.25
2019-02-15,6431,A,1395,19.95
2019-02-15,3038,A,2379,11.7
2019-02-15,8454,A,114,244.0
2019-02-15,8049,A,1274,21.85
2019-02-15,9935,A,1226,22.7
2019-02-15,8255,A,245,113.5
2019-02-15,2613,A,2039,13.65
2019-02-15,3499,A,1740,16.0
2019-02-22,9943,A,442,63.3
2019-02-22,6188,A,375,37.25
2019-02-22,6431,A,808,19.95
2019-02-22,3038,A,1336,11.7
2019-02-22,9935,A,655,22.7
2019-02-22,8255,A,139,113.5
2019-02-22,2480,A,369,43.9
2019-02-22,3570,A,256,63.3
2019-02-22,4995,A,409,39.6
2019-02-22,8215,A,647,25.05
2019-02-22,3376,A,150,108.0
2019-02-22,8083,A,113,143.5
2019-02-22,6275,A,770,21.05
2019-02-22,8213,A,504,32.15
2019-02-22,5234,A,142,113.5
2019-02-27,9943,A,269,63.3
2019-02-27,6188,A,375,37.25
2019-02-27,6431,A,808,19.95
2019-02-27,3038,A,1336,11.7
2019-02-27,9935,A,655,22.7
2019-02-27,2480,A,369,43.9
2019-02-27,4995,A,409,39.6
2019-02-27,8083,A,113,143.5
2019-02-27,5340,A,748,23.1
2019-02-27,1582,A,227,75.9
2019-02-27,6245,A,224,76.9
2019-02-27,3630,A,167,103.0
2019-02-27,2729,A,67,255.0
2019-02-27,2107,A,1023,16.9
2019-03-08,9935,A,655,22.7
2019-03-08,2480,A,369,43.9
2019-03-08,8083,A,113,143.5
2019-03-08,5340,A,748,23.1
2019-03-08,1582,A,227,75.9
2019-03-08,2729,A,67,255.0
2019-03-08,2107,A,1023,16.9
2019-03-08,3303,A,696,25.0
2019-03-08,8420,A,713,24.4
2019-03-08,2392,A,495,35.1
2019-03-08,3147,A,384,45.3
2019-03-08,6158,A,545,31.9
2019-03-08,3570,A,250,69.6
2019-03-08,2108,A,508,34.2
2019-03-08,3092,A,340,51.1
2019-03-15,2480,A,369,43.9
2019-03-15,1582,A,227,75.9
2019-03-15,3303,A,696,25.0
2019-03-15,8420,A,713,24.4
2019-03-15,2392,A,495,35.1
2019-03-15,6158,A,545,31.9
2019-03-15,2108,A,508,34.2
2019-03-15,3092,A,340,51.1
2019-03-15,3693,A,328,54.1
2019-03-15,4728,A,278,63.8
2019-03-15,3293,A,80,221.0
2019-03-15,4119,A,185,95.5
2019-03-15,8109,A,202,87.6
2019-03-15,1593,A,355,50.0
2019-03-15,5525,A,714,24.85
2019-03-15,1795,B,1420,125.0
2019-03-22,2480,A,369,43.9
2019-03-22,1582,A,227,75.9
2019-03-22,6158,A,545,31.9
2019-03-22,1795,B,1420,125.0
2019-03-22,3511,A,459,39.5
2019-03-22,8070,A,115,157.5
2019-03-22,3363,A,375,48.3
2019-03-22,6189,A,565,32.1
2019-03-22,6213,A,214,84.6
2019-03-22,5009,A,795,22.8
2019-03-22,6112,A,506,35.8
2019-03-22,2884,A,768,23.6
2019-03-22,1808,A,259,70.0
2019-03-22,3217,A,326,55.5
2019-03-22,3023,A,183,98.9
2019-03-22,2546,A,561,32.3
2019-03-29,1582,A,227,75.9
2019-03-29,1795,B,1420,125.0
2019-03-29,8070,A,115,157.5
2019-03-29,6189,A,565,32.1
2019-03-29,6112,A,506,35.8
2019-03-29,2546,A,561,32.3
2019-03-29,6431,A,674,25.95
2019-03-29,1507,A,273,64.0
2019-03-29,3535,A,464,37.65
2019-03-29,2493,A,609,28.7
2019-03-29,1712,A,961,18.2
2019-03-29,1604,A,1064,16.45
2019-03-29,5604,A,497,35.15
2019-03-29,5525,A,637,27.45
2019-03-29,8109,A,185,94.5
2019-04-03,1582,A,227,75.9
2019-04-03,1795,B,1420,125.0
2019-04-03,8070,A,115,157.5
2019-04-03,1507,A,273,64.0
2019-04-03,2493,A,609,28.7
2019-04-03,1604,A,1064,16.45
2019-04-03,5604,A,497,35.15
2019-04-03,5525,A,637,27.45
2019-04-03,3483,A,313,55.5
2019-04-03,5206,A,972,17.9
2019-04-03,9946,A,1074,16.2
2019-04-03,5225,A,416,41.8
2019-04-03,4426,A,245,71.0
2019-04-03,4933,A,448,38.8
2019-04-03,2884,A,725,24.0
2019-04-12,1582,A,227,75.9
2019-04-12,1795,B,753,125.0
2019-04-12,8070,A,115,157.5
2019-04-12,2493,A,609,28.7
2019-04-12,1604,A,1064,16.45
2019-04-12,3483,A,313,55.5
2019-04-12,5301,A,551,30.7
2019-04-12,4164,A,401,42.2
2019-04-12,8109,A,170,99.3
2019-04-12,2464,A,340,49.8
2019-04-12,6431,A,640,26.45
2019-04-12,8088,A,1020,16.6
2019-04-12,3202,A,726,23.3
2019-04-12,3231,A,672,25.2
2019-04-12,3551,A,338,50.0
2019-04-12,1593,A,321,52.7
2019-04-12,3037,B,669,36.7
2019-04-19,1582,A,227,75.9
2019-04-19,1795,B,550,125.0
2019-04-19,8070,A,115,157.5
2019-04-19,2493,A,609,28.7
2019-04-19,3483,A,313,55.5
2019-04-19,8088,A,1020,16.6
2019-04-19,3231,A,672,25.2
2019-04-19,3037,B,1484,37.194
2019-04-19,8048,A,445,37.6
2019-04-19,5340,A,401,41.65
2019-04-19,3338,A,275,60.7
2019-04-19,6218,A,710,23.55
2019-04-19,6213,A,164,102.0
2019-04-19,1507,A,262,63.7
2019-04-19,5488,A,1355,12.35
2019-04-19,2732,A,170,98.0
2019-04-19,2613,A,1112,15.05
2019-04-19,4958,B,507,110.0
2019-04-26,1582,A,227,75.9
2019-04-26,8070,A,115,157.5
2019-04-26,2493,A,609,28.7
2019-04-26,8088,A,1020,16.6
2019-04-26,3037,B,2271,36.798
2019-04-26,8048,A,445,37.6
2019-04-26,5340,A,401,41.65
2019-04-26,6213,A,164,102.0
2019-04-26,2732,A,170,98.0
2019-04-26,4958,B,744,110.0
2019-04-26,1712,A,871,18.8
2019-04-26,5434,A,189,86.6
2019-04-26,9924,A,400,40.85
2019-04-26,6219,A,883,18.55
2019-04-26,9946,A,892,18.35
2019-04-26,2884,A,661,24.75
2019-04-26,8924,A,572,28.6
2019-05-03,8070,A,89,157.5
2019-05-03,3037,B,2271,36.798
2019-05-03,4958,B,744,110.0
2019-05-03,1712,A,871,18.8
2019-05-03,5434,A,189,86.6
2019-05-03,6219,A,883,18.55
2019-05-03,9946,A,892,18.35
2019-05-03,2884,A,661,24.75
2019-05-03,1473,A,668,24.3
2019-05-03,2101,A,453,35.8
2019-05-03,5880,A,794,20.45
2019-05-03,2404,A,115,140.5
2019-05-03,1232,A,153,105.5
2019-05-03,2845,A,1387,11.7
2019-05-03,1109,A,914,17.75
2019-05-03,2501,A,633,25.65
2019-05-03,2316,A,640,25.35
2019-05-10,3037,B,2271,36.798
2019-05-10,4958,B,744,110.0
2019-05-10,1712,A,871,18.8
2019-05-10,6219,A,883,18.55
2019-05-10,9946,A,892,18.35
2019-05-10,2884,A,661,24.75
2019-05-10,2404,A,115,140.5
2019-05-10,1232,A,153,105.5
2019-05-10,1109,A,914,17.75
2019-05-10,2501,A,633,25.65
2019-05-10,2732,A,141,112.0
2019-05-10,8088,A,791,19.95
2019-05-10,4420,A,436,36.2
2019-05-10,8048,A,420,37.6
2019-05-10,6217,A,426,37.0
2019-05-10,8924,A,528,29.9
2019-05-10,2886,A,533,29.6
2019-05-17,9946,A,1274,18.725
2019-05-17,2404,A,157,145.315
2019-05-17,1232,A,219,108.062
2019-05-17,3528,A,626,39.9
2019-05-17,1473,A,925,27.0
2019-05-17,6417,A,477,52.3
2019-05-17,3570,A,285,87.6
2019-05-17,1730,A,321,77.8
2019-05-17,2633,A,622,40.15
2019-05-17,5820,A,2437,10.25
2019-05-17,6221,A,507,49.2
2019-05-17,6803,A,130,191.0
2019-05-17,2020,A,1505,16.6
2019-05-17,1813,A,939,26.6
2019-05-17,8081,A,281,88.6
2019-05-24,9946,A,1274,18.725
2019-05-24,1232,A,219,108.062
2019-05-24,3528,A,626,39.9
2019-05-24,1473,A,925,27.0
2019-05-24,2633,A,622,40.15
2019-05-24,5820,A,2437,10.25
2019-05-24,6803,A,130,191.0
2019-05-24,6214,A,335,74.4
2019-05-24,6248,A,971,25.7
2019-05-24,2838,A,2072,12.05
2019-05-24,1712,A,1233,20.25
2019-05-24,1598,A,611,40.85
2019-05-24,1503,A,552,45.2
2019-05-24,9924,A,574,43.45
2019-05-24,2884,A,957,26.1
2019-05-31,9946,A,1274,18.725
2019-05-31,3528,A,626,39.9
2019-05-31,1473,A,925,27.0
2019-05-31,6803,A,130,191.0
2019-05-31,6248,A,971,25.7
2019-05-31,1712,A,1233,20.25
2019-05-31,1598,A,611,40.85
2019-05-31,1503,A,552,45.2
2019-05-31,9924,A,574,43.45
2019-05-31,2884,A,957,26.1
2019-05-31,2615,A,1355,18.85
2019-05-31,2841,A,2556,10.0
2019-05-31,1437,A,1200,21.3
2019-05-31,4402,A,2682,9.53
2019-05-31,5876,A,439,58.1
2019-06-06,3528,A,626,39.9
2019-06-06,6248,A,971,25.7
2019-06-06,1712,A,1233,20.25
2019-06-06,9924,A,574,43.45
2019-06-06,2884,A,957,26.1
2019-06-06,5876,A,439,58.1
2019-06-06,2801,A,1212,20.7
2019-06-06,2834,A,1851,13.55
2019-06-06,2520,A,860,29.15
2019-06-06,2880,A,1178,21.3
2019-06-06,2633,A,537,46.65
2019-06-06,2812,A,1999,12.55
2019-06-06,1736,A,358,69.9
2019-06-06,2707,A,148,169.0
2019-06-06,2497,A,984,25.5
2019-06-14,3528,A,626,39.9
2019-06-14,6248,A,971,25.7
2019-06-14,9924,A,574,43.45
2019-06-14,2633,A,537,46.65
2019-06-14,1736,A,358,69.9
2019-06-14,2707,A,148,169.0
2019-06-14,2497,A,984,25.5
2019-06-14,5905,A,2800,8.89
2019-06-14,1519,A,932,26.7
2019-06-14,2536,A,1119,22.25
2019-06-14,1598,A,560,44.45
2019-06-14,1730,A,278,89.5
2019-06-14,6803,A,127,195.5
2019-06-14,8924,A,685,36.3
2019-06-14,2065,A,585,42.5
2019-06-21,3528,A,626,39.9
2019-06-21,9924,A,574,43.45
2019-06-21,2707,A,148,169.0
2019-06-21,1598,A,560,44.45
2019-06-21,8924,A,685,36.3
2019-06-21,1232,A,196,125.0
2019-06-21,2801,A,1182,20.8
2019-06-21,2732,A,163,150.0
2019-06-21,6189,A,723,34.0
2019-06-21,2706,A,1586,15.5
2019-06-21,1604,A,1358,18.1
2019-06-21,5525,A,848,29.0
2019-06-21,3293,A,80,305.0
2019-06-21,1712,A,1149,21.4
2019-06-21,2834,A,1821,13.5
2019-06-28,3528,A,626,39.9
2019-06-28,2707,A,148,169.0
2019-06-28,1598,A,560,44.45
2019-06-28,8924,A,685,36.3
2019-06-28,1232,A,196,125.0
2019-06-28,6189,A,723,34.0
2019-06-28,2706,A,1586,15.5
2019-06-28,1604,A,1358,18.1
2019-06-28,5525,A,848,29.0
2019-06-28,2903,A,1095,22.5
2019-06-28,5215,A,649,37.95
2019-06-28,4935,A,541,45.5
2019-06-28,2433,A,493,49.9
2019-06-28,2923,A,893,27.6
2019-06-28,1201,A,751,32.8
2019-07-05,1598,A,560,44.45
2019-07-05,8924,A,685,36.3
2019-07-05,1232,A,196,125.0
2019-07-05,6189,A,723,34.0
2019-07-05,1604,A,1358,18.1
2019-07-05,2903,A,1095,22.5
2019-07-05,5215,A,649,37.95
2019-07-05,4935,A,541,45.5
2019-07-05,2433,A,493,49.9
2019-07-05,2923,A,893,27.6
2019-07-05,1762,A,714,35.5
2019-07-05,2729,A,76,330.0
2019-07-05,6171,A,1566,16.2
2019-07-05,9911,A,534,47.5
2019-07-05,6803,A,126,200.0
2019-07-12,1598,A,560,44.45
2019-07-12,8924,A,685,36.3
2019-07-12,6189,A,723,34.0
2019-07-12,2903,A,1095,22.5
2019-07-12,5215,A,649,37.95
2019-07-12,4935,A,541,45.5
2019-07-12,2923,A,893,27.6
2019-07-12,1762,A,714,35.5
2019-07-12,9911,A,534,47.5
2019-07-12,6803,A,126,200.0
2019-07-12,1256,A,113,228.5
2019-07-12,6556,A,571,45.5
2019-07-12,8086,A,361,72.0
2019-07-12,8279,A,175,148.5
2019-07-12,8466,A,317,82.0
2019-07-19,1598,A,332,44.45
2019-07-19,8924,A,304,36.3
2019-07-19,5215,A,322,37.95
2019-07-19,4935,A,262,45.5
2019-07-19,1762,A,415,35.5
2019-07-19,3680,A,271,57.6
2019-07-19,6426,A,144,108.0
2019-07-19,6469,A,170,91.3
2019-07-19,2367,A,653,23.9
2019-07-19,8088,A,686,22.75
2019-07-19,3218,A,363,42.9
2019-07-19,8059,A,1259,12.4
2019-07-19,2732,A,88,175.5
2019-07-19,2801,A,714,21.85
2019-07-19,6224,A,230,67.7
2019-07-26,1598,A,332,44.45
2019-07-26,4935,A,262,45.5
2019-07-26,3680,A,271,57.6
2019-07-26,6426,A,144,108.0
2019-07-26,8059,A,1259,12.4
2019-07-26,3479,A,248,62.4
2019-07-26,6472,A,79,195.5
2019-07-26,8028,A,226,68.4
2019-07-26,2615,A,708,21.9
2019-07-26,3105,A,56,275.0
2019-07-26,9802,A,174,89.0
2019-07-26,8040,A,1457,10.65
2019-07-26,5905,A,1577,9.84
2019-07-26,6171,A,943,16.45
2019-08-02,3680,A,271,57.6
2019-08-02,6426,A,144,108.0
2019-08-02,3479,A,248,62.4
2019-08-02,8028,A,226,68.4
2019-08-02,9802,A,174,89.0
2019-08-02,8040,A,1457,10.65
2019-08-02,3444,A,474,32.3
2019-08-02,4995,A,302,50.6
2019-08-02,2316,A,511,30.0
2019-08-02,5469,A,424,36.1
2019-08-02,6556,A,339,45.2
2019-08-02,6192,A,173,88.4
2019-08-02,2344,A,824,18.6
2019-08-02,4549,A,167,91.3
2019-08-02,8182,A,737,20.8
2019-08-08,3680,A,206,57.6
2019-08-08,6426,A,144,108.0
2019-08-08,3479,A,248,62.4
2019-08-08,8028,A,226,68.4
2019-08-08,9802,A,174,89.0
2019-08-08,3444,A,474,32.3
2019-08-08,4995,A,302,50.6
2019-08-08,2316,A,511,30.0
2019-08-08,5469,A,424,36.1
2019-08-08,2228,A,129,120.0
2019-08-08,4935,A,221,70.3
2019-08-08,6417,A,286,54.3
2019-08-08,1626,A,497,31.25
2019-08-08,6171,A,918,16.95
2019-08-08,3528,A,384,40.45
2019-08-16,3680,A,206,57.6
2019-08-16,3479,A,248,62.4
2019-08-16,8028,A,226,68.4
2019-08-16,3444,A,474,32.3
2019-08-16,4995,A,302,50.6
2019-08-16,2316,A,511,30.0
2019-08-16,5469,A,424,36.1
2019-08-16,2228,A,129,120.0
2019-08-16,4935,A,221,70.3
2019-08-16,6417,A,286,54.3
2019-08-16,6171,A,918,16.95
2019-08-16,6251,A,1315,11.95
2019-08-16,6124,A,366,42.9
2019-08-16,5215,A,232,67.5
2019-08-16,6186,A,648,24.25
2019-08-16,4968,B,1122,140.0
2019-08-23,3479,A,248,62.4
2019-08-23,8028,A,226,68.4
2019-08-23,4995,A,302,50.6
2019-08-23,2228,A,129,120.0
2019-08-23,4935,A,221,70.3
2019-08-23,6417,A,286,54.3
2019-08-23,6171,A,918,16.95
2019-08-23,6124,A,366,42.9
2019-08-23,6186,A,648,24.25
2019-08-23,4968,B,561,140.0
2019-08-23,5291,A,580,27.6
2019-08-23,4550,A,728,22.0
2019-08-23,5305,A,390,41.05
2019-08-23,8358,A,373,42.95
2019-08-23,6265,A,2289,7.0
2019-08-23,6426,A,117,137.0
2019-08-23,3338,B,102,102.5
2019-08-30,3479,A,248,62.4
2019-08-30,4995,A,302,50.6
2019-08-30,6417,A,286,54.3
2019-08-30,6124,A,366,42.9
2019-08-30,4968,B,561,140.0
2019-08-30,5291,A,580,27.6
2019-08-30,4550,A,728,22.0
2019-08-30,5305,A,390,41.05
2019-08-30,8358,A,373,42.95
2019-08-30,3338,B,847,95.112
2019-08-30,6231,A,209,76.0
2019-08-30,2537,A,1733,9.2
2019-08-30,5498,A,1291,12.35
2019-08-30,3218,A,324,49.1
2019-08-30,2642,A,589,27.05
2019-08-30,2367,A,533,29.9
2019-08-30,6411,A,141,112.5
2019-09-06,3479,A,248,62.4
2019-09-06,4968,B,561,140.0
2019-09-06,5305,A,390,41.05
2019-09-06,8358,A,373,42.95
2019-09-06,3338,B,847,95.112
2019-09-06,2537,A,1733,9.2
2019-09-06,5498,A,1291,12.35
2019-09-06,2642,A,589,27.05
2019-09-06,2367,A,533,29.9
2019-09-06,3083,A,176,90.0
2019-09-06,5203,A,162,98.0
2019-09-06,5340,A,279,57.0
2019-09-06,6257,A,474,33.5
2019-09-06,2316,A,387,41.1
2019-09-06,3031,A,1104,14.4
2019-09-06,6171,A,783,20.3
2019-09-06,6251,A,1223,13.0
2019-09-12,3479,A,248,62.4
2019-09-12,4968,B,363,140.0
2019-09-12,5305,A,390,41.05
2019-09-12,3338,B,593,95.112
2019-09-12,5498,A,1291,12.35
2019-09-12,2642,A,589,27.05
2019-09-12,3083,A,176,90.0
2019-09-12,5340,A,279,57.0
2019-09-12,2316,A,387,41.1
2019-09-12,3031,A,1104,14.4
2019-09-12,6171,A,783,20.3
2019-09-12,1752,A,457,35.35
2019-09-12,6233,A,1432,11.3
2019-09-12,6124,A,337,47.9
2019-09-12,8059,A,957,16.9
2019-09-12,4935,A,192,84.1
2019-09-12,3218,A,310,52.2
2019-09-12,2367,B,1154,32.9
2019-09-20,3479,A,248,62.4
2019-09-20,4968,B,363,140.0
2019-09-20,5305,A,390,41.05
2019-09-20,3338,B,593,95.112
2019-09-20,3083,A,176,90.0
2019-09-20,5340,A,279,57.0
2019-09-20,2316,A,387,41.1
2019-09-20,3031,A,1104,14.4
2019-09-20,6233,A,1432,11.3
2019-09-20,2367,B,1597,33.413
2019-09-20,2482,A,1074,15.5
2019-09-20,4173,A,808,20.6
2019-09-20,3048,A,919,18.1
2019-09-20,8930,A,1136,14.65
2019-09-20,3680,A,174,95.5
2019-09-20,8086,A,190,87.3
2019-09-20,3515,A,238,69.7
2019-09-20,6510,A,19,851.0
2019-09-27,4968,B,363,140.0
2019-09-27,5305,A,390,41.05
2019-09-27,3338,B,593,95.112
2019-09-27,2316,A,387,41.1
2019-09-27,3031,A,1104,14.4
2019-09-27,6233,A,977,11.3
2019-09-27,2367,B,1473,34.769
2019-09-27,2482,A,1074,15.5
2019-09-27,4173,A,808,20.6
2019-09-27,3680,A,174,95.5
2019-09-27,3515,A,238,69.7
2019-09-27,6510,A,19,851.0
2019-09-27,3642,A,846,18.45
2019-09-27,8463,A,507,30.8
2019-09-27,3530,A,151,103.0
2019-09-27,5225,A,275,56.7
2019-09-27,1752,A,450,34.7
2019-10-04,4968,B,279,140.0
2019-10-04,5305,A,390,41.05
2019-10-04,3338,B,593,95.112
2019-10-04,2316,A,387,41.1
2019-10-04,3031,A,1104,14.4
2019-10-04,6233,A,977,11.3
2019-10-04,2367,B,1542,35.245
2019-10-04,4173,A,808,20.6
2019-10-04,3680,A,174,95.5
2019-10-04,3642,A,846,18.45
2019-10-04,8463,A,507,30.8
2019-10-04,5225,A,275,56.7
2019-10-04,1752,A,450,34.7
2019-10-04,5212,A,495,33.1
2019-10-04,4554,A,704,23.3
2019-10-04,8086,A,187,87.6
2019-10-04,3479,A,202,81.1
2019-10-09,4968,B,279,140.0
2019-10-09,5305,A,390,41.05
2019-10-09,3338,B,593,95.112
2019-10-09,2316,A,387,41.1
2019-10-09,3031,A,1104,14.4
2019-10-09,2367,B,1655,35.144
2019-10-09,4173,A,808,20.6
2019-10-09,3680,A,174,95.5
2019-10-09,1752,A,450,34.7
2019-10-09,4554,A,704,23.3
2019-10-09,8086,A,187,87.6
2019-10-09,4737,A,267,65.1
2019-10-09,4935,A,185,94.1
2019-10-09,6510,A,19,877.0
2019-10-09,3515,A,243,71.7
2019-10-09,2903,A,687,25.35
2019-10-09,3048,A,900,19.35
2019-10-18,4968,B,194,140.0
2019-10-18,5305,A,390,41.05
2019-10-18,2367,B,1272,35.144
2019-10-18,4173,A,808,20.6
2019-10-18,3680,A,174,95.5
2019-10-18,8086,A,412,98.741
2019-10-18,4935,A,185,94.1
2019-10-18,3515,A,243,71.7
2019-10-18,3048,A,900,19.35
2019-10-18,8463,A,415,42.9
2019-10-18,9802,A,152,116.5
2019-10-18,9935,A,406,43.8
2019-10-18,2101,A,321,55.4
2019-10-18,3479,A,203,87.4
2019-10-18,6023,A,312,56.9
2019-10-18,3105,A,58,307.0
2019-10-18,5215,A,226,78.7
2019-10-18,3324,B,187,237.0
2019-10-25,5305,A,390,41.05
2019-10-25,2367,B,1272,35.144
2019-10-25,3680,A,137,95.5
2019-10-25,3515,A,243,71.7
2019-10-25,8463,A,415,42.9
2019-10-25,9802,A,152,116.5
2019-10-25,9935,A,406,43.8
2019-10-25,2101,A,321,55.4
2019-10-25,3324,B,187,237.0
2019-10-25,5905,A,1475,12.1
2019-10-25,6185,A,932,19.15
2019-10-25,4908,A,451,39.55
2019-10-25,4554,A,640,27.9
2019-10-25,3003,A,355,50.2
2019-10-25,1560,A,253,70.5
2019-10-25,3416,A,310,57.5
2019-10-25,2545,A,529,33.7
2019-10-25,8086,B,393,113.5
2019-10-25,3661,B,239,186.5
2019-11-01,5305,A,390,41.05
2019-11-01,2367,B,1272,35.144
2019-11-01,8463,A,415,42.9
2019-11-01,9802,A,152,116.5
2019-11-01,9935,A,406,43.8
2019-11-01,3324,B,187,237.0
2019-11-01,5905,A,1475,12.1
2019-11-01,4908,A,451,39.55
2019-11-01,4554,A,640,27.9
2019-11-01,3416,A,310,57.5
2019-11-01,2545,A,529,33.7
2019-11-01,8086,B,393,113.5
2019-11-01,3661,B,239,186.5
2019-11-01,6667,A,300,60.9
2019-11-01,2801,A,777,23.5
2019-11-01,1603,A,692,26.4
2019-11-01,6278,A,184,99.1
2019-11-01,3413,A,111,164.0
2019-11-01,6510,A,19,960.0
2019-11-08,5305,A,390,41.05
2019-11-08,2367,B,1272,35.144
2019-11-08,8463,A,415,42.9
2019-11-08,3324,B,187,237.0
2019-11-08,5905,A,1475,12.1
2019-11-08,4908,A,451,39.55
2019-11-08,8086,B,393,113.5
2019-11-08,6667,A,300,60.9
2019-11-08,1603,A,692,26.4
2019-11-08,3679,A,263,69.0
2019-11-08,2704,A,722,25.15
2019-11-08,3131,A,85,211.5
2019-11-08,2317,A,199,90.9
2019-11-08,4157,A,817,22.25
2019-11-08,8271,A,506,35.9
2019-11-08,4113,A,1331,13.65
2019-11-08,4974,A,332,54.6
2019-11-08,6292,A,531,34.2
2019-11-08,2454,B,109,414.0
2019-11-15,5305,A,390,41.05
2019-11-15,5905,A,1475,12.1
2019-11-15,6667,A,228,60.9
2019-11-15,1603,A,692,26.4
2019-11-15,3679,A,263,69.0
2019-11-15,2704,A,722,25.15
2019-11-15,3131,A,85,211.5
2019-11-15,4157,A,817,22.25
2019-11-15,4113,A,1331,13.65
2019-11-15,2454,B,109,414.0
2019-11-15,1456,A,1595,11.55
2019-11-15,8040,A,726,25.35
2019-11-15,4938,A,263,69.8
2019-11-15,6538,A,101,181.5
2019-11-15,4205,A,203,90.6
2019-11-15,3684,A,466,39.5
2019-11-15,2313,B,903,51.0
2019-11-15,3661,B,196,234.5
2019-11-15,4968,B,230,199.5
2019-11-22,1603,A,692,26.4
2019-11-22,2704,A,722,25.15
2019-11-22,2454,B,109,414.0
2019-11-22,1456,A,1595,11.55
2019-11-22,4938,A,263,69.8
2019-11-22,2313,B,903,51.0
2019-11-22,3661,B,196,234.5
2019-11-22,8240,A,590,30.35
2019-11-22,2459,A,428,41.8
2019-11-22,6005,A,1715,10.45
2019-11-22,6016,A,2160,8.3
2019-11-22,6251,A,948,18.9
2019-11-22,4973,A,795,22.55
2019-11-22,3024,A,2037,8.8
2019-11-22,4737,A,257,69.7
2019-11-22,8433,A,293,61.1
2019-11-22,3548,A,220,81.3
2019-11-22,1259,A,237,75.5
2019-11-22,2367,B,1264,35.45
2019-11-29,2704,A,722,25.15
2019-11-29,2454,B,109,414.0
2019-11-29,2313,B,903,51.0
2019-11-29,3661,B,196,234.5
2019-11-29,8240,A,590,30.35
2019-11-29,2459,A,428,41.8
2019-11-29,6005,A,1715,10.45
2019-11-29,4737,A,257,69.7
2019-11-29,4171,A,304,59.2
2019-11-29,1582,A,206,87.3
2019-11-29,6612,A,197,91.3
2019-11-29,6185,A,750,24.05
2019-11-29,9934,A,1000,18.05
2019-11-29,4908,A,311,58.0
2019-11-29,2433,A,345,52.3
2019-11-29,2207,A,30,597.0
2019-11-29,8176,A,1138,15.85
2019-11-29,3056,A,628,28.7
2019-11-29,8086,B,404,111.5
2019-12-06,2704,A,722,25.15
2019-12-06,2454,B,109,414.0
2019-12-06,2313,B,903,51.0
2019-12-06,3661,B,196,234.5
2019-12-06,6005,A,1715,10.45
2019-12-06,4737,A,257,69.7
2019-12-06,4171,A,304,59.2
2019-12-06,1582,A,206,87.3
2019-12-06,6185,A,750,24.05
2019-12-06,3056,A,628,28.7
2019-12-06,8086,B,404,111.5
2019-12-06,6531,A,227,79.5
2019-12-06,8182,A,587,30.85
2019-12-06,1442,A,982,18.45
2019-12-06,2545,A,471,38.45
2019-12-06,3024,A,2075,8.73
2019-12-06,6251,A,946,19.15
2019-12-06,8271,A,482,37.55
2019-12-06,5607,A,644,28.1
2019-12-13,2704,A,558,25.15
2019-12-13,2454,B,109,414.0
2019-12-13,3661,B,196,234.5
2019-12-13,6005,A,1715,10.45
2019-12-13,6185,A,750,24.05
2019-12-13,3056,A,628,28.7
2019-12-13,8086,B,404,111.5
2019-12-13,6531,A,227,79.5
2019-12-13,8182,A,587,30.85
2019-12-13,6196,A,206,87.0
2019-12-13,3089,A,809,22.15
2019-12-13,3131,A,65,273.5
2019-12-13,3413,A,89,200.0
2019-12-13,4113,A,1199,14.95
2019-12-13,2433,A,329,54.5
2019-12-13,2393,A,523,34.25
2019-12-13,3642,A,813,22.05
2019-12-13,6510,A,16,1075.0
2019-12-13,6278,B,404,111.0
2019-12-20,2454,B,109,414.0
2019-12-20,3661,B,196,234.5
2019-12-20,6005,A,1715,10.45
2019-12-20,3056,A,628,28.7
2019-12-20,6531,A,227,79.5
2019-12-20,8182,A,587,30.85
2019-12-20,6196,A,206,87.0
2019-12-20,3131,A,65,273.5
2019-12-20,4113,A,1199,14.95
2019-12-20,6278,B,404,111.0
2019-12-20,2851,A,905,19.7
2019-12-20,6261,A,351,50.8
2019-12-20,2207,A,25,691.0
2019-12-20,3260,A,260,68.5
2019-12-20,8101,A,3541,5.04
2019-12-20,8271,A,427,41.7
2019-12-20,1582,A,195,91.2
2019-12-20,4973,A,632,28.2
2019-12-20,2330,B,135,329.0
2019-12-27,2454,B,109,414.0
2019-12-27,3661,B,196,234.5
2019-12-27,3056,A,628,28.7
2019-12-27,4113,A,1199,14.95
2019-12-27,6278,B,404,111.0
2019-12-27,6261,A,351,50.8
2019-12-27,2207,A,25,691.0
2019-12-27,3260,A,260,68.5
2019-12-27,8101,A,2534,5.04
2019-12-27,8271,A,427,41.7
2019-12-27,2330,B,135,329.0
2019-12-27,1439,A,537,34.45
2019-12-27,3019,A,174,106.0
2019-12-27,2910,A,480,38.5
2019-12-27,1442,A,940,19.7
2019-12-27,4755,A,373,49.55
2019-12-27,2433,A,325,56.9
2019-12-27,8996,A,344,53.7
2019-12-27,2459,A,421,43.9
2020-01-03,2454,B,109,414.0
2020-01-03,3661,B,196,234.5
2020-01-03,6278,B,404,111.0
2020-01-03,6261,A,351,50.8
2020-01-03,8101,A,2534,5.04
2020-01-03,2330,B,135,329.0
2020-01-03,3019,A,174,106.0
2020-01-03,2910,A,480,38.5
2020-01-03,1442,A,940,19.7
2020-01-03,8996,A,344,53.7
2020-01-03,1513,A,716,25.6
2020-01-03,3548,A,189,96.7
2020-01-03,1321,A,468,39.1
2020-01-03,5328,A,1780,10.3
2020-01-03,2492,A,71,255.5
2020-01-03,5283,A,169,108.0
2020-01-03,2456,A,134,136.0
2020-01-03,2851,A,914,20.05
2020-01-03,2545,A,452,40.55
2020-01-10,2454,B,109,414.0
2020-01-10,3661,B,196,234.5
2020-01-10,6278,B,404,111.0
2020-01-10,2330,B,135,329.0
2020-01-10,2910,A,480,38.5
2020-01-10,8996,A,250,53.7
2020-01-10,1513,A,716,25.6
2020-01-10,2492,A,71,255.5
2020-01-10,2851,A,914,20.05
2020-01-10,2702,A,690,26.0
2020-01-10,4502,A,251,71.5
2020-01-10,4737,A,204,87.7
2020-01-10,2889,A,1522,11.8
2020-01-10,6531,A,201,89.0
2020-01-10,5493,A,456,39.35
2020-01-10,4702,A,1311,13.7
2020-01-10,3260,A,246,73.0
2020-01-10,2312,A,1283,14.0
2020-01-10,6538,A,81,221.5
2020-01-17,3661,B,196,234.5
2020-01-17,6278,B,404,111.0
2020-01-17,2330,B,181,330.017
2020-01-17,8996,A,250,53.7
2020-01-17,1513,A,716,25.6
2020-01-17,4502,A,251,71.5
2020-01-17,2889,A,1522,11.8
2020-01-17,6531,A,153,89.0
2020-01-17,3260,A,246,73.0
2020-01-17,2726,A,228,79.3
2020-01-17,6279,A,185,97.7
2020-01-17,4716,A,1065,17.0
2020-01-17,5403,A,402,45.0
2020-01-17,2505,A,838,21.6
2020-01-17,1586,A,477,37.95
2020-01-17,2393,A,466,38.85
2020-01-17,4113,A,1047,17.3
2020-01-17,8271,A,392,46.2
2020-01-20,3661,B,196,234.5
2020-01-20,6278,B,404,111.0
2020-01-20,2330,B,181,330.017
2020-01-20,8996,A,250,53.7
2020-01-20,1513,A,716,25.6
2020-01-20,4502,A,251,71.5
2020-01-20,2889,A,1522,11.8
2020-01-20,6531,A,153,89.0
2020-01-20,2726,A,228,79.3
2020-01-20,6279,A,185,97.7
2020-01-20,4716,A,1065,17.0
2020-01-20,5403,A,402,45.0
2020-01-20,2505,A,838,21.6
2020-01-20,1586,A,477,37.95
2020-01-20,8271,A,392,46.2
2020-01-20,2838,A,1550,11.75
2020-01-20,4973,A,573,31.8
2020-01-31,8996,A,391,60.516
2020-01-31,1513,A,1050,26.061
2020-01-31,6531,A,260,97.231
2020-01-31,4716,A,1722,16.809
2020-01-31,5403,A,628,45.072
2020-01-31,2505,A,1465,20.658
2020-01-31,1586,A,746,38.004
2020-01-31,4973,A,905,31.653
2020-01-31,5269,A,35,798.0
2020-01-31,5493,A,643,44.15
2020-01-31,1907,A,2170,13.1
2020-01-31,6485,A,730,38.9
2020-01-31,2393,A,752,37.8
2020-01-31,4737,A,332,85.6
2020-02-07,8996,A,239,60.516
2020-02-07,1513,A,608,26.061
2020-02-07,6531,A,155,97.231
2020-02-07,5403,A,385,45.072
2020-02-07,1586,A,443,38.004
2020-02-07,4973,A,532,31.653
2020-02-07,5269,A,19,798.0
2020-02-07,5493,A,358,44.15
2020-02-07,1514,A,850,20.3
2020-02-07,2889,A,1462,11.8
2020-02-07,8210,A,173,99.3
2020-02-07,3260,A,239,72.2
2020-02-07,2838,A,1500,11.5
2020-02-07,2492,A,73,235.0
2020-02-14,1513,A,608,26.061
2020-02-14,5403,A,385,45.072
2020-02-14,4973,A,532,31.653
2020-02-14,5269,A,19,798.0
2020-02-14,5493,A,358,44.15
2020-02-14,3260,A,239,72.2
2020-02-14,3669,A,740,23.4
2020-02-14,3067,A,428,40.4
2020-02-14,3373,A,648,26.7
2020-02-14,4707,A,1332,13.0
2020-02-14,3515,A,146,118.0
2020-02-14,8131,A,419,41.3
2020-02-14,4133,A,540,32.05
2020-02-14,6538,A,71,243.0
2020-02-14,1439,A,515,33.6
2020-02-14,3227,B,894,193.5
2020-02-21,5403,A,617,45.026
2020-02-21,5269,A,19,798.0
2020-02-21,3669,A,1076,24.149
2020-02-21,3067,A,612,41.873
2020-02-21,3373,A,648,26.7
2020-02-21,4707,A,1990,13.314
2020-02-21,3515,A,259,113.201
2020-02-21,8131,A,681,41.088
2020-02-21,8454,A,76,363.5
2020-02-21,6183,A,683,40.6
2020-02-21,1473,A,933,29.75
2020-02-21,2376,A,505,54.9
2020-02-21,8996,A,336,82.6
2020-02-21,6531,A,219,126.5
2020-02-21,2851,A,1374,20.2
2020-02-27,3669,A,1076,24.149
2020-02-27,3067,A,612,41.873
2020-02-27,3373,A,648,26.7
2020-02-27,4707,A,1990,13.314
2020-02-27,8131,A,681,41.088
2020-02-27,8454,A,76,363.5
2020-02-27,1473,A,933,29.75
2020-02-27,6531,A,219,126.5
2020-02-27,3706,A,843,34.05
2020-02-27,8155,A,206,139.0
2020-02-27,2065,A,583,49.25
2020-02-27,4133,A,730,39.3
2020-02-27,2109,A,2288,12.55
2020-02-27,6582,A,419,68.5
2020-02-27,3532,A,205,140.0
2020-03-06,3669,A,1076,24.149
2020-03-06,3067,A,612,41.873
2020-03-06,3373,A,494,26.7
2020-03-06,4707,A,1990,13.314
2020-03-06,8454,A,76,363.5
2020-03-06,1473,A,933,29.75
2020-03-06,2065,A,583,49.25
2020-03-06,6582,A,419,68.5
2020-03-06,6457,A,591,52.5
2020-03-06,4121,A,1417,21.9
2020-03-06,8497,A,455,68.2
2020-03-06,2480,A,491,63.2
2020-03-06,6538,A,92,334.5
2020-03-06,1709,A,1977,15.7
2020-03-06,3293,A,50,612.0
2020-03-13,3067,A,612,41.873
2020-03-13,3373,A,665,30.03
2020-03-13,4707,A,1990,13.314
2020-03-13,8454,A,76,363.5
2020-03-13,2065,A,583,49.25
2020-03-13,6582,A,419,68.5
2020-03-13,6457,A,591,52.5
2020-03-13,4121,A,1417,21.9
2020-03-13,8497,A,455,68.2
2020-03-13,2480,A,491,63.2
2020-03-13,6538,A,92,334.5
2020-03-13,1325,A,761,34.65
2020-03-13,4102,A,1410,18.7
2020-03-13,3532,A,189,139.0
2020-03-13,8155,A,185,142.0
2020-03-13,6183,A,431,38.7
2020-03-20,3067,A,1129,37.81
2020-03-20,3373,A,665,30.03
2020-03-20,6457,A,811,50.723
2020-03-20,8497,A,455,68.2
2020-03-20,1325,A,1029,35.054
2020-03-20,4102,A,2026,18.609
2020-03-20,3532,A,270,138.7
2020-03-20,4133,A,1074,34.7
2020-03-20,2910,A,1244,29.95
2020-03-20,5269,A,59,626.0
2020-03-27,3373,A,665,30.03
2020-03-27,6457,A,811,50.723
2020-03-27,8497,A,655,68.169
2020-03-27,1325,A,1029,35.054
2020-03-27,4102,A,2026,18.609
2020-03-27,3532,A,270,138.7
2020-03-27,4133,A,1074,34.7
2020-03-27,2910,A,1244,29.95
2020-03-27,5269,A,59,626.0
2020-04-01,3373,A,665,30.03
2020-04-01,6457,A,811,50.723
2020-04-01,8497,A,655,68.169
2020-04-01,1325,A,1029,35.054
2020-04-01,4102,A,2026,18.609
2020-04-01,3532,A,362,135.345
2020-04-01,4133,A,1074,34.7
2020-04-01,2910,A,1244,29.95
2020-04-01,5269,A,59,626.0
2020-04-10,3373,A,665,30.03
2020-04-10,6457,A,811,50.723
2020-04-10,8497,A,655,68.169
2020-04-10,1325,A,1029,35.054
2020-04-10,4102,A,2026,18.609
2020-04-10,4133,A,1567,34.653
2020-04-10,2910,A,1820,29.887
2020-04-10,5269,A,59,626.0
2020-04-17,3373,A,665,30.03
2020-04-17,6457,A,811,50.723
2020-04-17,8497,A,655,68.169
2020-04-17,1325,A,1029,35.054
2020-04-17,4102,A,2026,18.609
2020-04-17,4133,A,1567,34.653
2020-04-17,2910,A,1820,29.887
2020-04-17,5269,A,59,626.0
2020-04-17,8454,A,109,451.0
2020-04-24,3373,A,665,30.03
2020-04-24,6457,A,611,50.723
2020-04-24,8497,A,655,68.169
2020-04-24,1325,A,696,35.054
2020-04-24,4102,A,2026,18.609
2020-04-24,4133,A,1163,34.653
2020-04-24,2910,A,1820,29.887
2020-04-24,5269,A,59,626.0
2020-04-24,8454,A,109,451.0
2020-04-24,2939,A,134,154.0
2020-04-30,3373,A,665,30.03
2020-04-30,6457,A,611,50.723
2020-04-30,8497,A,655,68.169
2020-04-30,1325,A,696,35.054
2020-04-30,4102,A,2026,18.609
2020-04-30,4133,A,1163,34.653
2020-04-30,5269,A,59,626.0
2020-04-30,8454,A,109,451.0
2020-04-30,2939,A,309,161.929
2020-04-30,4171,A,301,172.5
2020-05-08,3373,A,328,30.03
2020-05-08,1325,A,696,35.054
2020-05-08,4102,A,2026,18.609
2020-05-08,4133,A,1163,34.653
2020-05-08,8454,A,65,451.0
2020-05-08,2939,A,223,161.929
2020-05-08,4171,A,185,172.5
2020-05-08,9919,A,1019,36.6
2020-05-08,8410,A,1006,37.1
2020-05-08,8034,A,1369,27.25
2020-05-08,6531,A,189,197.0
2020-05-08,3537,A,995,37.5
2020-05-08,6662,A,761,49.05
2020-05-08,2505,A,744,23.1
2020-05-08,2020,A,1290,18.1
2020-05-15,1325,A,340,35.054
2020-05-15,2939,A,223,161.929
2020-05-15,4171,A,140,172.5
2020-05-15,8410,A,1006,37.1
2020-05-15,8034,A,1369,27.25
2020-05-15,6531,A,189,197.0
2020-05-15,3537,A,995,37.5
2020-05-15,3556,A,666,57.6
2020-05-15,2614,A,2437,15.75
2020-05-15,2421,A,775,49.5
2020-05-15,6270,A,2232,17.2
2020-05-15,5471,A,667,57.5
2020-05-15,2493,A,1153,33.3
2020-05-15,1215,A,546,70.3
2020-05-15,1762,A,599,64.0
2020-05-15,1615,A,1404,22.2
2020-05-22,1325,A,141,35.054
2020-05-22,4171,A,80,172.5
2020-05-22,8034,A,600,27.25
2020-05-22,3537,A,640,37.5
2020-05-22,3556,A,366,57.6
2020-05-22,2421,A,487,49.5
2020-05-22,6270,A,1360,17.2
2020-05-22,2493,A,723,33.3
2020-05-22,3693,A,456,54.8
2020-05-22,5478,A,210,119.0
2020-05-22,3533,A,63,396.5
2020-05-22,3218,A,177,141.0
2020-05-22,6532,A,345,72.3
2020-05-22,5604,A,430,58.1
2020-05-22,5269,A,21,1170.0
2020-05-22,1760,B,757,165.0
2020-05-22,2368,B,3749,33.35
2020-05-29,1325,A,141,35.054
2020-05-29,4171,A,80,172.5
2020-05-29,8034,A,600,27.25
2020-05-29,3537,A,640,37.5
2020-05-29,2421,A,487,49.5
2020-05-29,1760,B,757,165.0
2020-05-29,2368,B,3749,33.35
2020-05-29,4139,A,439,57.0
2020-05-29,3325,A,1370,18.3
2020-05-29,3416,A,407,61.5
2020-05-29,3257,A,351,71.3
2020-05-29,5439,A,501,49.95
2020-05-29,5220,A,725,34.55
2020-05-29,1526,A,751,33.35
2020-05-29,1309,A,1810,13.85
2020-05-29,8933,A,2791,8.98
2020-05-29,2347,A,564,44.4
2020-05-29,5306,A,212,118.0
2020-06-05,1760,B,757,165.0
2020-06-05,2368,B,3749,33.35
2020-06-05,4139,A,439,57.0
2020-06-05,3325,A,1370,18.3
2020-06-05,3416,A,407,61.5
2020-06-05,3257,A,351,71.3
2020-06-05,5439,A,501,49.95
2020-06-05,5220,A,725,34.55
2020-06-05,1309,A,1810,13.85
2020-06-05,3675,A,402,62.0
2020-06-05,3693,A,300,83.0
2020-06-05,5403,A,474,52.5
2020-06-05,2348,A,305,81.6
2020-06-05,6231,A,243,102.5
2020-06-05,8410,A,486,51.2
2020-06-05,2480,A,335,74.2
2020-06-05,6270,A,1265,19.7
2020-06-12,1760,B,472,165.0
2020-06-12,2368,B,1830,33.35
2020-06-12,3257,A,351,71.3
2020-06-12,3675,A,402,62.0
2020-06-12,5604,A,341,69.5
2020-06-12,3540,A,670,35.4
2020-06-12,2417,A,1039,22.85
2020-06-12,4171,A,59,397.5
2020-06-12,1434,A,618,38.4
2020-06-12,5474,A,180,131.5
2020-06-12,3218,A,147,161.5
2020-06-12,2458,A,187,126.5
2020-06-12,1785,A,650,36.5
2020-06-12,2020,A,1283,18.5
2020-06-12,4729,A,1032,23.0
2020-06-12,2616,A,765,31.05
2020-06-12,3661,B,164,361.0
2020-06-12,4133,B,630,70.0
2020-06-19,1760,B,472,165.0
2020-06-19,2368,B,1830,33.35
2020-06-19,3257,A,351,71.3
2020-06-19,3675,A,402,62.0
2020-06-19,5604,A,341,69.5
2020-06-19,3540,A,670,35.4
2020-06-19,2417,A,1039,22.85
2020-06-19,4171,A,59,397.5
2020-06-19,5474,A,180,131.5
2020-06-19,1785,A,650,36.5
2020-06-19,4729,A,1032,23.0
2020-06-19,3661,B,164,361.0
2020-06-19,4133,B,630,70.0
2020-06-19,8099,A,1046,24.5
2020-06-19,1474,A,1229,20.85
2020-06-19,6205,A,678,37.8
2020-06-19,4167,A,611,41.9
2020-06-19,4102,A,775,33.05
2020-06-19,1604,A,1186,21.6
2020-06-24,1760,B,472,165.0
2020-06-24,3675,A,318,62.0
2020-06-24,5604,A,341,69.5
2020-06-24,3540,A,670,35.4
2020-06-24,5474,A,130,131.5
2020-06-24,1785,A,650,36.5
2020-06-24,3661,B,122,361.0
2020-06-24,4133,B,630,70.0
2020-06-24,6205,A,678,37.8
2020-06-24,1604,A,1186,21.6
2020-06-24,3325,A,962,26.55
2020-06-24,3231,A,716,35.65
2020-06-24,8933,A,2129,12.0
2020-06-24,2636,A,931,27.45
2020-06-24,5306,A,173,147.5
2020-06-24,8103,A,893,28.6
2020-06-24,2454,B,110,580.0
2020-07-03,3540,A,670,35.4
2020-07-03,5474,A,130,131.5
2020-07-03,1785,A,650,36.5
2020-07-03,3661,B,125,464.6
2020-07-03,4133,B,630,70.0
2020-07-03,3325,A,962,26.55
2020-07-03,3231,A,716,35.65
2020-07-03,8933,A,1686,12.0
2020-07-03,2636,A,931,27.45
2020-07-03,2454,B,115,582.957
2020-07-03,2643,A,457,59.0
2020-07-03,3228,A,339,79.5
2020-07-03,6104,A,402,67.0
2020-07-03,3293,A,33,805.0
2020-07-03,2417,A,931,28.95
2020-07-03,2414,A,1010,26.7
2020-07-03,1325,B,416,162.0
2020-07-10,3661,B,125,464.6
2020-07-10,3325,A,962,26.55
2020-07-10,2454,B,111,602.604
2020-07-10,2643,A,457,59.0
2020-07-10,6104,A,402,67.0
2020-07-10,2417,A,931,28.95
2020-07-10,2414,A,1010,26.7
2020-07-10,8390,A,897,30.6
2020-07-10,6477,A,957,28.7
2020-07-10,6223,A,202,136.0
2020-07-10,1598,A,404,68.0
2020-07-10,4133,A,181,151.0
2020-07-10,5306,A,157,174.5
2020-07-10,3406,A,88,773.0
2020-07-10,8103,A,886,31.0
2020-07-10,2379,A,76,359.5
2020-07-10,6674,A,817,33.6
2020-07-10,3374,B,536,128.0
2020-07-17,2454,B,111,602.604
2020-07-17,2417,A,702,28.95
2020-07-17,2414,A,1010,26.7
2020-07-17,6477,A,957,28.7
2020-07-17,4133,A,181,151.0
2020-07-17,3374,B,536,128.0
2020-07-17,3131,A,73,356.0
2020-07-17,6156,A,1525,17.2
2020-07-17,5410,A,1116,23.5
2020-07-17,9914,A,104,250.0
2020-07-17,1722,A,457,57.4
2020-07-17,2382,A,336,78.0
2020-07-17,5223,A,448,58.5
2020-07-17,2330,A,71,367.0
2020-07-17,9921,A,85,305.5
2020-07-17,3027,A,2302,11.4
2020-07-17,1604,A,1128,23.25
2020-07-17,3406,B,90,725.0
2020-07-17,3293,B,89,733.0
2020-07-24,2454,B,111,602.604
2020-07-24,6477,A,747,28.7
2020-07-24,3374,B,536,128.0
2020-07-24,6156,A,1525,17.2
2020-07-24,2382,A,336,78.0
2020-07-24,2330,A,71,367.0
2020-07-24,3406,B,90,725.0
2020-07-24,2640,A,275,94.7
2020-07-24,3540,A,403,64.7
2020-07-24,8091,A,322,80.9
2020-07-24,3702,A,586,44.5
2020-07-24,4755,A,366,71.2
2020-07-24,6104,A,316,82.4
2020-07-24,6257,A,562,46.4
2020-07-24,1598,A,381,68.5
2020-07-24,2441,A,507,51.5
2020-07-24,8103,A,816,32.0
2020-07-24,3661,B,123,529.0
2020-07-31,2454,B,111,602.604
2020-07-31,6477,A,747,28.7
2020-07-31,3374,B,536,128.0
2020-07-31,6156,A,1525,17.2
2020-07-31,2382,A,336,78.0
2020-07-31,2330,A,158,399.212
2020-07-31,3406,B,90,725.0
2020-07-31,3540,A,403,64.7
2020-07-31,8091,A,322,80.9
2020-07-31,3702,A,586,44.5
2020-07-31,4755,A,366,71.2
2020-07-31,1598,A,381,68.5
2020-07-31,2441,A,507,51.5
2020-07-31,2303,A,1210,22.35
2020-07-31,2376,A,322,84.0
2020-07-31,5347,A,284,95.2
2020-07-31,2348,A,313,86.2
2020-07-31,9914,A,100,270.5
2020-08-07,2454,B,96,663.402
2020-08-07,2330,A,157,419.442
2020-08-07,3406,B,90,725.0
2020-08-07,4755,A,366,71.2
2020-08-07,1598,A,381,68.5
2020-08-07,2303,A,2655,24.119
2020-08-07,9914,A,100,270.5
2020-08-07,3679,A,311,87.2
2020-08-07,2379,A,67,400.5
2020-08-07,1526,A,596,45.6
2020-08-07,2417,A,628,43.25
2020-08-07,2505,A,863,31.5
2020-08-07,5609,A,591,46.0
2020-08-07,3661,A,40,670.0
2020-08-07,6179,A,630,43.1
2020-08-07,4912,A,221,123.0
2020-08-14,2454,B,96,663.402
2020-08-14,3406,B,90,725.0
2020-08-14,1598,A,289,68.5
2020-08-14,3679,A,311,87.2
2020-08-14,2417,A,628,43.25
2020-08-14,2505,A,863,31.5
2020-08-14,5609,A,591,46.0
2020-08-14,4912,A,221,123.0
2020-08-14,5220,A,433,63.0
2020-08-14,3416,A,399,68.4
2020-08-14,1712,A,1300,21.0
2020-08-14,2348,A,303,90.1
2020-08-14,3037,A,803,85.0
2020-08-14,6140,A,1241,22.0
2020-08-14,1541,A,512,53.3
2020-08-14,2330,B,159,427.0
2020-08-21,1598,A,289,68.5
2020-08-21,2417,A,475,43.25
2020-08-21,5609,A,591,46.0
2020-08-21,2348,A,303,90.1
2020-08-21,2330,B,159,427.0
2020-08-21,3272,A,457,58.5
2020-08-21,3581,A,1357,19.7
2020-08-21,2603,A,1759,15.2
2020-08-21,3669,A,257,104.0
2020-08-21,1586,A,572,46.75
2020-08-21,3703,A,1545,17.3
2020-08-21,2540,A,642,41.65
2020-08-21,5508,A,703,38.0
2020-08-21,1313,A,2139,12.5
2020-08-21,6560,A,490,54.5
2020-08-21,8478,A,557,48.0
2020-08-21,3037,B,829,80.6
2020-08-21,2303,B,3067,21.8
2020-08-21,8046,B,475,140.5
2020-08-28,1598,A,223,68.5
2020-08-28,2417,A,475,43.25
2020-08-28,5609,A,453,46.0
2020-08-28,2330,B,159,427.0
2020-08-28,3272,A,457,58.5
2020-08-28,2603,A,1759,15.2
2020-08-28,3669,A,196,104.0
2020-08-28,1586,A,572,46.75
2020-08-28,2540,A,642,41.65
2020-08-28,6560,A,490,54.5
2020-08-28,3037,B,829,80.6
2020-08-28,2303,B,3067,21.8
2020-08-28,8046,B,475,140.5
2020-08-28,6244,A,1364,20.5
2020-08-28,6140,A,914,30.6
2020-08-28,3540,A,320,87.2
2020-08-28,3024,A,1929,14.5
2020-08-28,1309,A,1280,21.85
2020-09-04,1598,A,223,68.5
2020-09-04,2417,A,373,43.25
2020-09-04,5609,A,453,46.0
2020-09-04,2330,B,159,427.0
2020-09-04,3272,A,359,58.5
2020-09-04,2603,A,1759,15.2
2020-09-04,3669,A,196,104.0
2020-09-04,2540,A,642,41.65
2020-09-04,3037,B,829,80.6
2020-09-04,8046,B,475,140.5
2020-09-04,6244,A,1055,20.5
2020-09-04,1513,A,631,46.6
2020-09-04,3416,A,379,77.5
2020-09-04,2006,A,1016,28.95
2020-09-04,8478,A,497,59.2
2020-09-04,3078,A,606,48.5
2020-09-04,3703,A,1414,20.8
2020-09-04,3017,B,1080,68.1
2020-09-11,2330,B,159,427.0
2020-09-11,2603,A,1759,15.2
2020-09-11,3037,B,829,80.6
2020-09-11,8046,B,475,140.5
2020-09-11,1513,A,631,46.6
2020-09-11,2006,A,1016,28.95
2020-09-11,8478,A,497,59.2
2020-09-11,3703,A,1414,20.8
2020-09-11,8924,A,448,61.2
2020-09-11,1309,A,936,29.3
2020-09-11,1304,A,1693,16.2
2020-09-11,3285,A,1122,24.45
2020-09-11,8083,A,156,175.0
2020-09-11,6194,A,787,34.85
2020-09-11,1612,A,1805,15.2
2020-09-11,6165,A,472,58.1
2020-09-11,3704,A,1097,25.0
2020-09-11,2032,A,2703,10.15
2020-09-11,2303,B,2982,23.0
2020-09-18,2330,B,159,427.0
2020-09-18,3037,B,829,80.6
2020-09-18,8046,B,475,140.5
2020-09-18,1513,A,631,46.6
2020-09-18,2006,A,1016,28.95
2020-09-18,8478,A,386,59.2
2020-09-18,8924,A,448,61.2
2020-09-18,1304,A,1693,16.2
2020-09-18,3285,A,1122,24.45
2020-09-18,8083,A,156,175.0
2020-09-18,6194,A,787,34.85
2020-09-18,6165,A,472,58.1
2020-09-18,2032,A,2703,10.15
2020-09-18,2303,B,2982,23.0
2020-09-18,6204,A,376,76.6
2020-09-18,6148,A,1760,16.4
2020-09-18,6425,A,585,49.3
2020-09-18,4934,A,829,34.8
2020-09-18,2540,A,462,62.4
2020-09-25,2330,B,159,427.0
2020-09-25,3037,B,829,80.6
2020-09-25,8046,B,475,140.5
2020-09-25,8478,A,386,59.2
2020-09-25,3285,A,1122,24.45
2020-09-25,8083,A,156,175.0
2020-09-25,6165,A,472,58.1
2020-09-25,2303,B,2982,23.0
2020-09-25,6204,A,376,76.6
2020-09-25,6148,A,1760,16.4
2020-09-25,6425,A,585,49.3
2020-09-25,4934,A,829,34.8
2020-09-25,2540,A,462,62.4
2020-09-25,3027,A,1313,20.45
2020-09-25,2302,A,1826,14.7
2020-09-25,3228,A,291,92.0
2020-09-25,6233,A,1182,22.7
2020-09-25,6125,A,989,27.15
2020-09-30,2330,B,159,427.0
2020-09-30,3037,B,829,80.6
2020-09-30,3285,A,1122,24.45
2020-09-30,8083,A,156,175.0
2020-09-30,6165,A,472,58.1
2020-09-30,2303,B,2432,26.327
2020-09-30,6204,A,376,76.6
2020-09-30,6425,A,585,49.3
2020-09-30,2540,A,462,62.4
2020-09-30,3228,A,291,92.0
2020-09-30,6233,A,1182,22.7
2020-09-30,1516,A,1514,18.35
2020-09-30,8924,A,459,60.4
2020-09-30,2504,A,1184,23.45
2020-09-30,1532,A,873,31.8
2020-09-30,1609,A,1624,17.1
2020-09-30,8938,A,709,39.15
2020-09-30,3669,B,643,108.0
2020-10-08,2330,B,159,427.0
2020-10-08,3037,B,829,80.6
2020-10-08,8083,A,156,175.0
2020-10-08,6165,A,348,58.1
2020-10-08,2303,B,2182,29.85
2020-10-08,6204,A,376,76.6
2020-10-08,6425,A,585,49.3
2020-10-08,2540,A,462,62.4
2020-10-08,8924,A,459,60.4
2020-10-08,2504,A,1184,23.45
2020-10-08,1532,A,873,31.8
2020-10-08,1609,A,1624,17.1
2020-10-08,8938,A,709,39.15
2020-10-08,6283,A,717,39.2
2020-10-08,4804,A,2036,13.8
2020-10-08,8374,A,1108,25.35
2020-10-08,3703,A,1102,25.5
2020-10-08,6244,A,677,41.5
2020-10-08,9958,B,520,135.0
2020-10-16,2330,B,159,427.0
2020-10-16,3037,B,829,80.6
2020-10-16,8083,A,156,175.0
2020-10-16,2303,B,2324,30.33
2020-10-16,6204,A,376,76.6
2020-10-16,1609,A,1624,17.1
2020-10-16,6283,A,717,39.2
2020-10-16,4804,A,2036,13.8
2020-10-16,1507,A,435,65.5
2020-10-16,6443,A,813,35.05
2020-10-16,3027,A,1244,22.9
2020-10-16,6125,A,859,33.15
2020-10-16,8111,A,1605,17.75
2020-10-16,1519,A,565,50.4
2020-10-16,6233,A,1094,26.05
2020-10-16,2302,A,1743,16.35
2020-10-16,6148,A,1701,16.75
2020-10-16,3708,B,429,166.0
2020-10-23,2330,B,159,427.0
2020-10-23,3037,B,829,80.6
2020-10-23,8083,A,156,175.0
2020-10-23,2303,B,2217,31.782
2020-10-23,6204,A,376,76.6
2020-10-23,1609,A,1624,17.1
2020-10-23,4804,A,2036,13.8
2020-10-23,1507,A,435,65.5
2020-10-23,6125,A,859,33.15
2020-10-23,1519,A,565,50.4
2020-10-23,2302,A,1743,16.35
2020-10-23,6148,A,1701,16.75
2020-10-23,3708,B,429,166.0
2020-10-23,3580,A,795,36.5
2020-10-23,3703,A,1106,26.25
2020-10-23,1516,A,1302,22.3
2020-10-23,6548,A,649,44.7
2020-10-23,8936,A,1326,21.9
2020-10-30,6204,A,510,80.646
2020-10-30,6125,A,1284,34.275
2020-10-30,3580,A,1131,37.985
2020-10-30,6548,A,1027,45.068
2020-10-30,2108,A,608,77.2
2020-10-30,3010,A,737,63.7
2020-10-30,6472,A,194,242.0
2020-10-30,2908,A,1866,25.15
2020-10-30,5543,A,810,57.9
2020-10-30,6241,A,1688,27.8
2020-10-30,6443,A,1268,37.0
2020-10-30,1907,A,2420,19.4
2020-10-30,6558,A,929,50.5
2020-10-30,2303,A,1529,30.7
2020-10-30,1304,A,2660,17.65
2020-11-06,6204,A,305,80.646
2020-11-06,6125,A,790,34.275
2020-11-06,3580,A,641,37.985
2020-11-06,2108,A,396,77.2
2020-11-06,3010,A,448,63.7
2020-11-06,6472,A,123,242.0
2020-11-06,2908,A,1083,25.15
2020-11-06,5543,A,487,57.9
2020-11-06,6241,A,1009,27.8
2020-11-06,1907,A,1386,19.4
2020-11-06,6558,A,521,50.5
2020-11-06,1264,A,115,247.0
2020-11-06,2603,A,3505,20.35
2020-11-06,4804,A,1817,15.7
2020-11-06,1507,A,438,65.1
2020-11-06,2303,B,2338,30.5
2020-11-06,1513,B,1426,50.0
2020-11-06,3708,B,425,167.5
2020-11-13,6204,A,305,80.646
2020-11-13,3580,A,641,37.985
2020-11-13,2908,A,1083,25.15
2020-11-13,1264,A,115,247.0
2020-11-13,1507,A,438,65.1
2020-11-13,2303,B,2338,30.5
2020-11-13,1513,B,1426,50.0
2020-11-13,3092,A,493,57.1
2020-11-13,2727,A,282,99.8
2020-11-13,6417,A,425,66.3
2020-11-13,6245,A,404,69.7
2020-11-13,2010,A,2238,12.6
2020-11-13,4930,A,1536,18.35
2020-11-13,1604,A,1108,25.45
2020-11-13,1304,A,1465,19.25
2020-11-13,1313,A,1912,14.75
2020-11-13,8938,A,657,42.9
2020-11-13,2603,B,3507,20.1
2020-11-13,3374,B,402,175.0
2020-11-20,6204,A,305,80.646
2020-11-20,2303,B,2338,30.5
2020-11-20,3092,A,493,57.1
2020-11-20,2727,A,282,99.8
2020-11-20,6417,A,425,66.3
2020-11-20,2010,A,2238,12.6
2020-11-20,1604,A,1108,25.45
2020-11-20,2603,B,3507,20.1
2020-11-20,3374,B,394,182.188
2020-11-20,2028,A,1810,16.3
2020-11-20,5014,A,2169,13.6
2020-11-20,6150,A,313,94.0
2020-11-20,3010,A,401,73.4
2020-11-20,3048,A,1366,21.6
2020-11-20,4968,A,83,352.0
2020-11-20,1788,A,242,121.5
2020-11-20,5871,A,181,163.0
2020-11-20,2330,B,151,488.0
2020-11-27,6417,A,425,66.3
2020-11-27,2603,B,3507,20.1
2020-11-27,3374,B,394,182.188
2020-11-27,3048,A,1366,21.6
2020-11-27,3530,A,225,135.0
2020-11-27,6205,A,613,49.65
2020-11-27,3311,A,895,34.0
2020-11-27,5386,A,618,49.25
2020-11-27,8255,A,304,100.0
2020-11-27,3025,A,1044,29.15
2020-11-27,3622,A,951,32.0
2020-11-27,1104,A,1277,23.85
2020-11-27,2352,A,1327,22.95
2020-11-27,1313,A,1770,17.2
2020-11-27,4968,B,225,337.5
2020-11-27,3552,B,467,163.0
2020-12-04,6417,A,425,66.3
2020-12-04,2603,B,3507,20.1
2020-12-04,3374,B,394,182.188
2020-12-04,3530,A,225,135.0
2020-12-04,8255,A,304,100.0
2020-12-04,3025,A,1044,29.15
2020-12-04,2352,A,1327,22.95
2020-12-04,4968,B,225,337.5
2020-12-04,6488,A,45,665.0
2020-12-04,5483,A,190,160.0
2020-12-04,5508,A,676,44.95
2020-12-04,5498,A,2149,14.15
2020-12-04,2727,A,218,139.5
2020-12-04,3666,A,365,83.3
2020-12-04,5522,A,568,53.5
2020-12-04,8927,A,1528,19.9
2020-12-04,2332,A,1116,27.25
2020-12-04,8046,B,448,169.5
2020-12-11,6417,A,425,66.3
2020-12-11,2603,B,3507,20.1
2020-12-11,3374,B,394,182.188
2020-12-11,3025,A,783,29.15
2020-12-11,5483,A,190,160.0
2020-12-11,2332,A,1116,27.25
2020-12-11,4961,A,439,71.3
2020-12-11,5011,A,797,39.25
2020-12-11,5864,A,2630,11.9
2020-12-11,6116,A,2417,12.95
2020-12-11,8112,A,904,34.6
2020-12-11,3228,A,150,207.5
2020-12-11,3059,A,912,34.3
2020-12-11,6494,A,599,52.2
2020-12-11,5543,A,460,68.0
2020-12-11,2462,A,995,31.45
2020-12-11,2020,A,1692,18.5
2020-12-11,3481,B,5884,13.3
2020-12-11,2344,B,3261,24.0
2020-12-18,6417,A,425,66.3
2020-12-18,2603,B,2604,20.1
2020-12-18,2332,A,1116,27.25
2020-12-18,4961,A,347,71.3
2020-12-18,2462,A,995,31.45
2020-12-18,2020,A,1692,18.5
2020-12-18,3481,B,5884,13.3
2020-12-18,2030,A,2236,14.25
2020-12-18,8255,A,283,112.5
2020-12-18,1218,A,1235,25.8
2020-12-18,2608,A,729,43.7
2020-12-18,3567,A,1069,29.8
2020-12-18,2352,A,1169,27.25
2020-12-18,2460,A,1642,19.4
2020-12-18,3144,A,891,35.75
2020-12-18,2014,A,2221,14.35
2020-12-18,2330,B,156,510.0
2020-12-18,2303,B,1737,45.85
2020-12-25,6417,A,425,66.3
2020-12-25,2603,B,2604,20.1
2020-12-25,4961,A,347,71.3
2020-12-25,3481,B,5884,13.3
2020-12-25,1218,A,1235,25.8
2020-12-25,3144,A,891,35.75
2020-12-25,2303,B,1737,45.85
2020-12-25,2038,A,1383,23.35
2020-12-25,2009,A,1252,25.8
2020-12-25,5820,A,2574,12.55
2020-12-25,2375,A,380,84.8
2020-12-25,1219,A,1475,21.9
2020-12-25,6112,A,737,43.8
2020-12-25,3622,A,911,35.45
2020-12-25,2015,A,445,72.6
2020-12-25,5864,A,2637,12.25
2020-12-25,2032,A,2315,13.95
2020-12-25,2344,B,3025,26.7
2020-12-31,6417,A,425,66.3
2020-12-31,2603,B,2080,20.1
2020-12-31,4961,A,276,71.3
2020-12-31,3481,B,5884,13.3
2020-12-31,3144,A,891,35.75
2020-12-31,2303,B,1737,45.85
2020-12-31,2009,A,1252,25.8
2020-12-31,2375,A,380,84.8
2020-12-31,5864,A,2637,12.25
2020-12-31,2032,A,2315,13.95
2020-12-31,2344,B,3025,26.7
2020-12-31,4566,A,583,58.0
2020-12-31,2609,A,1157,29.25
2020-12-31,6016,A,2418,14.0
2020-12-31,2415,A,1249,27.1
2020-12-31,6640,A,573,59.0
2020-12-31,3704,A,887,38.15
2020-12-31,3128,A,2156,15.7
2020-12-31,2022,A,4179,8.1
2021-01-08,6417,A,425,66.3
2021-01-08,2603,B,2080,20.1
2021-01-08,4961,A,276,71.3
2021-01-08,2303,B,1737,45.85
2021-01-08,5864,A,2637,12.25
2021-01-08,6016,A,2418,14.0
2021-01-08,6640,A,573,59.0
2021-01-08,6015,A,2407,14.45
2021-01-08,1593,A,336,103.5
2021-01-08,2317,A,805,108.0
2021-01-08,2308,A,112,310.0
2021-01-08,2855,A,1629,21.35
2021-01-08,5243,A,515,67.5
2021-01-08,2328,A,1077,32.3
2021-01-08,5283,A,262,132.5
2021-01-08,6219,A,1499,23.2
2021-01-08,3501,A,666,52.2
2021-01-08,2330,B,149,580.0
2021-01-15,6417,A,425,66.3
2021-01-15,2603,B,2080,20.1
2021-01-15,4961,A,276,71.3
2021-01-15,1593,A,336,103.5
2021-01-15,2317,A,748,112.492
2021-01-15,3501,A,666,52.2
2021-01-15,2330,B,149,580.0
2021-01-15,3296,A,1510,22.9
2021-01-15,2354,A,457,75.6
2021-01-15,2415,A,1085,31.85
2021-01-15,4976,A,364,94.9
2021-01-15,2049,A,79,434.0
2021-01-15,8084,A,367,94.0
2021-01-15,3023,A,134,257.5
2021-01-15,4968,A,67,515.0
2021-01-15,8299,A,89,387.0
2021-01-15,3149,A,1087,31.8
2021-01-15,2327,B,143,602.0
2021-01-22,6417,A,425,66.3
2021-01-22,2603,B,2080,20.1
2021-01-22,1593,A,336,103.5
2021-01-22,2317,A,730,117.884
2021-01-22,2330,B,136,621.096
2021-01-22,2354,A,457,75.6
2021-01-22,2049,A,79,434.0
2021-01-22,8084,A,367,94.0
2021-01-22,4968,A,67,515.0
2021-01-22,3711,A,338,105.0
2021-01-22,2460,A,1445,24.55
2021-01-22,3144,A,991,35.8
2021-01-22,2327,A,58,608.0
2021-01-22,2328,A,846,41.95
2021-01-22,6409,A,27,1300.0
2021-01-22,2454,B,96,917.0
2021-01-29,6417,A,425,66.3
2021-01-29,2603,B,2080,20.1
2021-01-29,1593,A,245,103.5
2021-01-29,2317,A,755,114.062
2021-01-29,2330,B,136,621.096
2021-01-29,2354,A,457,75.6
2021-01-29,4968,A,67,515.0
2021-01-29,2460,A,1445,24.55
2021-01-29,2328,A,846,41.95
2021-01-29,2454,B,96,917.0
2021-01-29,4566,A,524,64.2
2021-01-29,2476,A,1331,25.3
2021-01-29,2441,A,530,63.5
2021-01-29,2415,A,1031,32.65
2021-01-29,3023,A,134,251.0
2021-01-29,2379,A,74,451.5
2021-01-29,3552,A,113,296.0
2021-01-29,6494,A,592,56.8
2021-02-05,6417,A,425,66.3
2021-02-05,2603,B,2080,20.1
2021-02-05,1593,A,245,103.5
2021-02-05,2330,B,131,627.588
2021-02-05,4968,A,67,515.0
2021-02-05,2460,A,1445,24.55
2021-02-05,2328,A,846,41.95
2021-02-05,2454,B,96,917.0
2021-02-05,2476,A,1331,25.3
2021-02-05,2415,A,1031,32.65
2021-02-05,3552,A,113,296.0
2021-02-05,6485,A,540,61.4
2021-02-05,3144,A,931,35.65
2021-02-05,6531,A,48,686.0
2021-02-05,4961,A,192,172.5
2021-02-05,2375,A,310,107.0
2021-02-05,6409,A,24,1330.0
2021-02-05,2317,B,731,113.5
2021-02-05,6417,A,425,66.3
2021-02-05,2603,B,2080,20.1
2021-02-05,1593,A,245,103.5
2021-02-05,2330,B,131,630.215
2021-02-05,4968,A,67,515.0
2021-02-05,2460,A,1445,24.55
2021-02-05,2328,A,846,41.95
2021-02-05,2454,B,96,917.0
2021-02-05,2476,A,1331,25.3
2021-02-05,2415,A,1031,32.65
2021-02-05,3552,A,113,296.0
2021-02-05,6485,A,540,61.4
2021-02-05,3144,A,931,35.65
2021-02-05,6531,A,48,686.0
2021-02-05,4961,A,192,172.5
2021-02-05,2375,A,310,107.0
2021-02-05,6409,A,24,1330.0
2021-02-05,2317,B,731,113.5
2021-02-19,6417,A,425,66.3
2021-02-19,2603,B,2080,20.1
2021-02-19,2330,B,139,643.223
2021-02-19,4968,A,67,515.0
2021-02-19,2454,B,96,917.0
2021-02-19,2415,A,1031,32.65
2021-02-19,3552,A,113,296.0
2021-02-19,6485,A,540,61.4
2021-02-19,3144,A,931,35.65
2021-02-19,6531,A,48,686.0
2021-02-19,4961,A,192,172.5
2021-02-19,2375,A,310,107.0
2021-02-19,6409,A,24,1330.0
2021-02-19,2317,B,731,113.5
2021-02-19,8070,A,895,40.7
2021-02-19,3711,A,321,113.5
2021-02-19,2441,A,492,74.0
2021-02-19,3567,A,1098,33.2
2021-02-26,6417,A,425,66.3
2021-02-26,2330,B,139,643.223
2021-02-26,2454,B,96,917.0
2021-02-26,6485,A,385,61.4
2021-02-26,2317,B,731,113.5
2021-02-26,2597,A,430,83.5
2021-02-26,6151,A,1139,31.55
2021-02-26,3512,A,947,37.95
2021-02-26,8938,A,642,56.0
2021-02-26,5706,A,878,40.95
2021-02-26,3078,A,630,57.0
2021-02-26,8924,A,430,83.6
2021-02-26,6221,A,621,57.9
2021-02-26,3169,A,304,118.0
2021-02-26,3211,A,329,109.0
2021-02-26,4737,A,421,85.4
2021-02-26,6123,A,747,48.1
2021-02-26,2327,B,151,593.0
2021-03-05,6417,A,425,66.3
2021-03-05,2330,B,139,643.223
2021-03-05,2454,B,96,917.0
2021-03-05,6485,A,385,61.4
2021-03-05,2317,B,731,113.5
2021-03-05,6151,A,1139,31.55
2021-03-05,3512,A,947,37.95
2021-03-05,8938,A,642,56.0
2021-03-05,8924,A,430,83.6
2021-03-05,3169,A,304,118.0
2021-03-05,2114,A,293,121.5
2021-03-05,1256,A,91,388.5
2021-03-05,5604,A,432,82.4
2021-03-05,6642,A,456,78.0
2021-03-05,1777,A,425,83.8
2021-03-05,2726,A,457,77.8
2021-03-05,3501,A,629,56.6
2021-03-05,3679,A,251,141.5
2021-03-05,2409,B,4812,18.5
2021-03-12,6417,A,425,66.3
2021-03-12,2330,B,139,643.223
2021-03-12,2454,B,96,917.0
2021-03-12,2317,B,731,113.5
2021-03-12,1256,A,91,388.5
2021-03-12,5604,A,432,82.4
2021-03-12,2726,A,457,77.8
2021-03-12,5007,A,621,59.5
2021-03-12,8927,A,1362,27.15
2021-03-12,5213,A,1704,21.7
2021-03-12,4972,A,1058,34.95
2021-03-12,3167,A,639,57.8
2021-03-12,6281,A,449,82.2
2021-03-12,8099,A,867,42.65
2021-03-12,2013,A,880,42.0
2021-03-12,6123,A,713,51.8
2021-03-12,3005,A,606,61.0
2021-03-12,6221,A,577,64.0
2021-03-12,8046,B,316,292.0
2021-03-19,2330,B,139,643.223
2021-03-19,2454,B,96,917.0
2021-03-19,2317,B,731,113.5
2021-03-19,1256,A,91,388.5
2021-03-19,5604,A,432,82.4
2021-03-19,2726,A,457,77.8
2021-03-19,5007,A,621,59.5
2021-03-19,5213,A,1704,21.7
2021-03-19,4972,A,1058,34.95
2021-03-19,5452,A,1353,27.8
2021-03-19,3362,A,461,81.6
2021-03-19,6594,A,591,63.6
2021-03-19,2430,A,1535,24.5
2021-03-19,5403,A,550,68.3
2021-03-19,5508,A,763,49.25
2021-03-19,4571,A,192,195.0
2021-03-19,1783,A,1304,28.85
2021-03-19,3028,A,1419,26.5
2021-03-19,2609,B,2885,32.6
2021-03-26,5604,A,695,85.352
2021-03-26,5007,A,1020,60.282
2021-03-26,2430,A,2499,24.731
2021-03-26,5403,A,892,69.067
2021-03-26,3028,A,2293,26.824
2021-03-26,1231,A,1124,55.8
2021-03-26,2453,A,2571,24.4
2021-03-26,3122,A,1522,41.2
2021-03-26,3402,A,1797,34.9
2021-03-26,8099,A,1199,52.3
2021-03-26,4930,A,1972,31.8
2021-03-26,3388,A,822,76.3
2021-03-26,3005,A,986,63.6
2021-03-26,2114,A,471,133.0
2021-03-26,2889,A,3825,16.4
2021-04-01,5007,A,1020,60.282
2021-04-01,2430,A,2499,24.731
2021-04-01,5403,A,892,69.067
2021-04-01,1231,A,1124,55.8
2021-04-01,2453,A,2571,24.4
2021-04-01,3122,A,1522,41.2
2021-04-01,3402,A,1797,34.9
2021-04-01,4930,A,1972,31.8
2021-04-01,1225,A,1224,52.9
2021-04-01,2597,A,520,124.5
2021-04-01,3362,A,539,120.0
2021-04-01,5213,A,2738,23.65
2021-04-01,4989,A,1564,41.4
2021-04-01,1109,A,2721,23.8
2021-04-01,2108,A,583,111.0
2021-04-09,5007,A,1020,60.282
2021-04-09,2453,A,2571,24.4
2021-04-09,3122,A,1522,41.2
2021-04-09,3402,A,1797,34.9
2021-04-09,2597,A,520,124.5
2021-04-09,3362,A,539,120.0
2021-04-09,2108,A,437,111.0
2021-04-09,1517,A,2195,31.0
2021-04-09,3167,A,901,75.5
2021-04-09,2457,A,1800,37.8
2021-04-09,1777,A,651,104.5
2021-04-09,9911,A,1076,63.2
2021-04-09,1229,A,1352,50.3
2021-04-09,5410,A,2766,24.6
2021-04-16,5007,A,1020,60.282
2021-04-16,3122,A,1522,41.2
2021-04-16,1471,A,5288,12.65
2021-04-16,5291,A,2154,31.05
2021-04-16,2010,A,2966,22.55
2021-04-16,2002,A,1903,35.15
2021-04-16,1109,A,2376,28.15
2021-04-16,1103,A,2805,23.85
2021-04-16,1104,A,2538,26.35
2021-04-16,9939,A,883,75.7
2021-04-16,8404,A,1678,39.85
2021-04-16,6438,A,576,116.0
2021-04-16,4972,A,1798,37.2
2021-04-16,3014,A,559,119.5
2021-04-16,1455,A,3935,17.0
2021-04-16,3006,A,435,139.5
2021-04-23,2010,A,2966,22.55
2021-04-23,2002,A,1903,35.15
2021-04-23,1103,A,2805,23.85
2021-04-23,6015,A,3267,21.2
2021-04-23,8927,A,1639,42.25
2021-04-23,2606,A,1120,61.8
2021-04-23,5864,A,3011,23.0
2021-04-23,2637,A,1182,58.6
2021-04-23,1220,A,4160,16.65
2021-04-23,2617,A,1984,34.9
2021-04-23,1608,A,2695,25.7
2021-04-23,6116,A,2892,23.95
2021-04-23,1702,A,1264,54.8
2021-04-23,2031,A,1144,60.5
2021-04-23,6190,A,2439,28.4
2021-04-29,2606,A,1120,61.8
2021-04-29,2637,A,1182,58.6
2021-04-29,1220,A,4160,16.65
2021-04-29,1608,A,2695,25.7
2021-04-29,6116,A,2892,23.95
2021-04-29,1702,A,1264,54.8
2021-04-29,2031,A,1144,60.5
2021-04-29,2820,A,4644,16.55
2021-04-29,1609,A,2228,34.5
2021-04-29,1615,A,1723,44.6
2021-04-29,1802,A,2270,33.85
2021-04-29,8404,A,1581,48.6
2021-04-29,1806,A,4789,16.05
2021-04-29,2440,A,2780,27.65
2021-04-29,1618,A,3408,22.55
2021-05-07,2637,A,1182,58.6
2021-05-07,1608,A,2695,25.7
2021-05-07,2031,A,1144,60.5
2021-05-07,1609,A,2228,34.5
2021-05-07,1615,A,1723,44.6
2021-05-07,1802,A,2270,33.85
2021-05-07,8404,A,1581,48.6
2021-05-07,1459,A,4750,15.2
2021-05-07,2617,A,1484,48.65
2021-05-07,2881,A,1019,70.8
2021-05-07,5007,A,1117,64.6
2021-05-07,2009,A,1114,64.8
2021-05-07,2855,A,2435,29.65
2021-05-07,1440,A,2464,29.3
2021-05-07,2002,A,1746,41.2
2021-05-14,1802,A,2270,33.85
2021-05-14,8404,A,1581,48.6
2021-05-14,1459,A,4750,15.2
2021-05-14,2617,A,1484,48.65
2021-05-14,2881,A,1019,70.8
2021-05-14,2009,A,1114,64.8
2021-05-14,1440,A,2464,29.3
2021-05-14,4106,A,1539,38.6
2021-05-14,2430,A,2021,29.4
2021-05-14,8454,A,55,1075.0
2021-05-14,2059,A,158,376.0
2021-05-14,2609,A,803,74.0
2021-05-14,2108,A,464,128.0
2021-05-14,2023,A,2942,20.2
2021-05-14,2357,A,156,380.0
2021-05-14,3687,A,375,66.9
2021-05-21,2881,A,1019,70.8
2021-05-21,2009,A,1114,64.8
2021-05-21,4106,A,1539,38.6
2021-05-21,8454,A,55,1075.0
2021-05-21,2059,A,158,376.0
2021-05-21,2609,A,803,74.0
2021-05-21,2357,A,156,380.0
2021-05-21,3687,A,375,66.9
2021-05-21,1732,A,1507,41.85
2021-05-21,2615,A,553,114.0
2021-05-21,9911,A,982,64.2
2021-05-21,5523,A,2047,30.8
2021-05-21,1102,A,1246,50.6
2021-05-21,2637,A,931,67.7
2021-05-21,2597,A,436,144.5
2021-05-28,2881,A,1019,70.8
2021-05-28,2009,A,1114,64.8
2021-05-28,4106,A,1539,38.6
2021-05-28,8454,A,55,1075.0
2021-05-28,2059,A,158,376.0
2021-05-28,2609,A,617,74.0
2021-05-28,3687,A,774,76.746
2021-05-28,1732,A,1507,41.85
2021-05-28,2615,A,432,114.0
2021-05-28,9911,A,982,64.2
2021-05-28,2637,A,931,67.7
2021-05-28,8924,A,459,145.0
2021-05-28,1783,A,1900,35.05
2021-06-04,2881,A,1019,70.8
2021-06-04,2009,A,1114,64.8
2021-06-04,4106,A,1539,38.6
2021-06-04,8454,A,55,1075.0
2021-06-04,2609,A,617,74.0
2021-06-04,2615,A,432,114.0
2021-06-04,9911,A,982,64.2
2021-06-04,2637,A,931,67.7
2021-06-04,8924,A,459,145.0
2021-06-04,4121,A,2085,32.5
2021-06-04,5475,A,2582,26.25
2021-06-04,2636,A,509,133.0
2021-06-04,4919,A,788,86.0
2021-06-04,2204,A,944,71.8
2021-06-04,1904,A,1484,45.65
2021-06-11,2881,A,1019,70.8
2021-06-11,4106,A,1539,38.6
2021-06-11,8454,A,55,1075.0
2021-06-11,2609,A,617,74.0
2021-06-11,2615,A,432,114.0
2021-06-11,9911,A,982,64.2
2021-06-11,8924,A,459,145.0
2021-06-11,4121,A,2085,32.5
2021-06-11,5475,A,2582,26.25
2021-06-11,2636,A,509,133.0
2021-06-11,4919,A,788,86.0
2021-06-11,6672,A,478,142.0
2021-06-11,6469,A,451,150.5
2021-06-11,2059,A,172,393.0
2021-06-11,2430,A,2226,30.5
2021-06-18,8454,A,55,1075.0
2021-06-18,2609,A,490,74.0
2021-06-18,2615,A,324,114.0
2021-06-18,8924,A,459,145.0
2021-06-18,4121,A,2085,32.5
2021-06-18,5475,A,2582,26.25
2021-06-18,2636,A,387,133.0
2021-06-18,6672,A,478,142.0
2021-06-18,6469,A,451,150.5
2021-06-18,2059,A,172,393.0
2021-06-18,3339,A,2439,30.0
2021-06-18,3687,A,724,101.0
2021-06-18,2204,A,1012,72.3
2021-06-18,9941,A,528,138.5
2021-06-25,8454,A,43,1075.0
2021-06-25,2609,A,490,74.0
2021-06-25,2615,A,324,114.0
2021-06-25,2636,A,387,133.0
2021-06-25,6469,A,451,150.5
2021-06-25,3339,A,2439,30.0
2021-06-25,3687,A,724,101.0
2021-06-25,6640,A,541,145.5
2021-06-25,8406,A,303,260.0
2021-06-25,2614,A,2060,38.25
2021-06-25,3529,A,54,1445.0
2021-06-25,6154,A,4329,18.2
2021-06-25,5608,A,1326,59.4
2021-06-25,5603,A,1905,41.35
2021-06-25,2108,A,474,166.0
2021-07-02,2609,A,663,144.059
2021-07-02,2615,A,388,241.062
2021-07-02,2636,A,166,133.0
2021-07-02,3687,A,343,101.0
2021-07-02,2614,A,1085,38.25
2021-07-02,3051,A,3898,13.0
2021-07-02,2611,A,1240,40.85
2021-07-02,3141,A,359,141.0
2021-07-02,2603,A,613,206.5
2021-07-02,2607,A,1104,45.9
2021-07-02,2605,A,938,54.0
2021-07-02,2612,A,603,84.0
2021-07-02,2601,A,2094,24.2
2021-07-02,2023,A,1349,37.55
2021-07-02,2637,B,1157,109.5
2021-07-09,2609,A,408,144.059
2021-07-09,2636,A,284,194.077
2021-07-09,2614,A,1085,38.25
2021-07-09,3141,A,501,146.102
2021-07-09,8255,A,376,211.5
2021-07-09,2486,A,1544,51.6
2021-07-09,5291,A,1628,48.95
2021-07-09,9941,A,499,159.5
2021-07-09,9945,A,1267,62.9
2021-07-09,5464,A,1898,42.0
2021-07-09,2030,A,1990,40.05
2021-07-09,6509,A,1547,51.5
2021-07-09,6469,A,400,199.0
2021-07-09,6672,A,449,177.5
2021-07-09,2025,A,11845,6.73
2021-07-16,2614,A,1085,38.25
2021-07-16,3141,A,305,146.102
2021-07-16,8255,A,213,211.5
2021-07-16,2486,A,881,51.6
2021-07-16,9941,A,286,159.5
2021-07-16,9945,A,724,62.9
2021-07-16,6509,A,804,51.5
2021-07-16,6672,A,256,177.5
2021-07-16,4919,A,346,137.0
2021-07-16,5438,A,2696,17.6
2021-07-16,3189,A,245,193.0
2021-07-16,6170,A,1087,43.65
2021-07-16,6548,A,492,96.4
2021-07-16,3035,A,435,109.0
2021-07-16,8069,A,571,83.0
2021-07-16,3624,A,934,50.8
2021-07-16,2615,B,414,286.0
2021-07-16,2636,B,486,244.0
2021-07-16,2637,B,1348,88.0
2021-07-16,2014,B,2238,53.0
2021-07-23,8255,A,213,211.5
2021-07-23,2486,A,881,51.6
2021-07-23,6509,A,804,51.5
2021-07-23,4919,A,346,137.0
2021-07-23,5438,A,2696,17.6
2021-07-23,3189,A,245,193.0
2021-07-23,6548,A,492,96.4
2021-07-23,3035,A,435,109.0
2021-07-23,2615,B,414,286.0
2021-07-23,2636,B,486,244.0
2021-07-23,6104,A,387,120.5
2021-07-23,3556,A,464,100.5
2021-07-23,1742,A,2063,22.6
2021-07-23,4952,A,536,86.9
2021-07-23,2476,A,804,58.0
2021-07-23,1795,A,319,146.0
2021-07-23,2881,A,548,85.0
2021-07-23,2027,B,2112,55.2
2021-07-23,3006,B,591,197.0
2021-07-30,5438,A,3645,18.29
2021-07-30,3189,A,401,189.499
2021-07-30,6548,A,727,98.049
2021-07-30,6104,A,555,124.284
2021-07-30,3556,A,650,104.22
2021-07-30,1795,A,503,146.183
2021-07-30,5321,A,1377,53.6
2021-07-30,6568,A,358,206.0
2021-07-30,8436,A,225,327.0
2021-07-30,5289,A,307,240.0
2021-07-30,8261,A,602,122.5
2021-07-30,6525,A,620,119.0
2021-07-30,5351,A,1497,49.3
2021-07-30,6609,A,2050,36.0
2021-07-30,4945,A,967,76.3
2021-08-06,5438,A,2147,18.29
2021-08-06,6548,A,446,98.049
2021-08-06,6104,A,351,124.284
2021-08-06,3556,A,443,104.22
2021-08-06,5321,A,651,53.6
2021-08-06,6568,A,178,206.0
2021-08-06,5289,A,186,240.0
2021-08-06,6525,A,392,119.0
2021-08-06,5351,A,899,49.3
2021-08-06,3114,A,1074,42.05
2021-08-06,3663,A,889,50.8
2021-08-06,1783,A,615,73.4
2021-08-06,8147,A,699,64.6
2021-08-06,2486,A,722,62.5
2021-08-06,2542,A,913,49.45
2021-08-06,2615,B,488,231.0
2021-08-06,2636,B,627,180.0
2021-08-06,4919,B,753,150.0
2021-08-06,2027,B,2214,51.0
2021-08-13,5438,A,3220,19.243
2021-08-13,6548,A,723,96.536
2021-08-13,5321,A,1186,55.314
2021-08-13,6568,A,304,213.461
2021-08-13,5351,A,899,49.3
2021-08-13,3114,A,1816,40.191
2021-08-13,3663,A,1816,44.011
2021-08-13,1783,A,913,73.792
2021-08-13,2542,A,1392,49.261
2021-08-13,2538,A,5628,12.1
2021-08-13,8478,A,769,88.5
2021-08-13,1773,A,527,129.0
2021-08-13,5508,A,1292,52.7
2021-08-13,3056,A,1585,42.95
2021-08-13,3162,A,1294,52.6
2021-08-13,2881,A,872,78.1
2021-08-20,5438,A,3220,19.243
2021-08-20,3114,A,1816,40.191
2021-08-20,3663,A,1816,44.011
2021-08-20,1783,A,913,73.792
2021-08-20,2542,A,1392,49.261
2021-08-20,2538,A,5628,12.1
2021-08-20,8478,A,769,88.5
2021-08-20,5508,A,1292,52.7
2021-08-20,3056,A,1585,42.95
2021-08-20,2881,A,872,78.1
2021-08-20,2221,A,1699,37.9
2021-08-20,2024,A,2448,26.3
2021-08-20,8032,A,2550,25.25
2021-08-20,2481,A,613,105.0
2021-08-20,5289,A,290,222.0
2021-08-27,5438,A,3220,19.243
2021-08-27,3663,A,1816,44.011
2021-08-27,1783,A,913,73.792
2021-08-27,2538,A,5628,12.1
2021-08-27,5508,A,1292,52.7
2021-08-27,2221,A,1699,37.9
2021-08-27,2481,A,613,105.0
2021-08-27,6568,A,288,230.0
2021-08-27,3189,A,328,202.0
2021-08-27,8255,A,306,216.5
2021-08-27,6548,A,660,100.5
2021-08-27,6509,A,1107,59.9
2021-08-27,2476,A,1180,56.2
2021-08-27,6104,A,576,115.0
2021-08-27,9962,A,3220,20.6
2021-09-03,5438,A,3220,19.243
2021-09-03,2538,A,5628,12.1
2021-09-03,5508,A,1292,52.7
2021-09-03,2221,A,1699,37.9
2021-09-03,6568,A,229,230.0
2021-09-03,3189,A,328,202.0
2021-09-03,6548,A,660,100.5
2021-09-03,2476,A,1180,56.2
2021-09-03,6104,A,437,115.0
2021-09-03,2013,A,941,74.1
2021-09-03,2887,A,3662,19.05
2021-09-03,4175,A,757,92.1
2021-09-03,2070,A,1816,38.4
2021-09-03,8147,A,1261,55.3
2021-09-03,5321,A,1268,55.0
2021-09-10,5438,A,1651,19.243
2021-09-10,2538,A,3321,12.1
2021-09-10,2221,A,891,37.9
2021-09-10,6568,A,129,230.0
2021-09-10,3189,A,483,206.488
2021-09-10,6104,A,696,133.274
2021-09-10,2013,A,576,74.1
2021-09-10,4175,A,461,92.1
2021-09-10,5321,A,660,55.0
2021-09-10,8121,A,1302,31.1
2021-09-10,3689,A,773,52.4
2021-09-10,3207,A,2035,19.9
2021-09-10,4728,A,482,84.0
2021-09-10,8032,A,1357,29.85
2021-09-10,3663,A,958,42.25
2021-09-10,4919,B,761,133.0
2021-09-10,4721,B,816,124.0
2021-09-17,5438,A,1651,19.243
2021-09-17,6568,A,129,230.0
2021-09-17,6104,A,895,145.672
2021-09-17,5321,A,526,55.0
2021-09-17,8121,A,971,31.1
2021-09-17,3689,A,773,52.4
2021-09-17,8032,A,1357,29.85
2021-09-17,3663,A,958,42.25
2021-09-17,4721,B,1150,122.112
2021-09-17,1229,A,706,57.4
2021-09-17,3232,A,1196,33.9
2021-09-17,2915,A,277,146.0
2021-09-17,6227,A,1013,40.0
2021-09-17,9945,A,477,85.0
2021-09-17,3089,A,1267,32.0
2021-09-17,2887,A,2228,18.2
2021-09-17,3189,B,637,212.0
2021-09-24,6568,A,176,272.327
2021-09-24,6104,A,443,145.672
2021-09-24,5321,A,526,55.0
2021-09-24,8121,A,1439,36.466
2021-09-24,3689,A,1343,51.806
2021-09-24,8032,A,2246,30.107
2021-09-24,1229,A,1223,56.808
2021-09-24,3232,A,1773,35.446
2021-09-24,2915,A,519,139.472
2021-09-24,6227,A,1657,40.525
2021-09-24,3089,A,2054,32.517
2021-09-24,3188,A,3645,18.8
2021-09-24,1711,A,2682,25.55
2021-09-24,1727,A,2254,30.4
2021-09-24,4711,A,3426,20.0
2021-10-01,6568,A,176,272.327
2021-10-01,5321,A,526,55.0
2021-10-01,8121,A,1439,36.466
2021-10-01,8032,A,2246,30.107
2021-10-01,3232,A,1773,35.446
2021-10-01,2915,A,519,139.472
2021-10-01,6227,A,1657,40.525
2021-10-01,3089,A,2054,32.517
2021-10-01,3188,A,3645,18.8
2021-10-01,1711,A,2682,25.55
2021-10-01,1727,A,2254,30.4
2021-10-01,6409,A,40,1590.0
2021-10-01,4513,A,5455,11.75
2021-10-01,2538,A,4949,12.95
2021-10-01,4728,A,761,84.2
2021-10-08,5321,A,526,55.0
2021-10-08,8121,A,1439,36.466
2021-10-08,8032,A,2246,30.107
2021-10-08,3232,A,1773,35.446
2021-10-08,3089,A,2054,32.517
2021-10-08,3188,A,3645,18.8
2021-10-08,1711,A,2682,25.55
2021-10-08,1727,A,2254,30.4
2021-10-08,6409,A,40,1590.0
2021-10-08,4513,A,5455,11.75
2021-10-08,4728,A,761,84.2
2021-10-08,4141,A,2263,27.8
2021-10-08,8422,A,307,204.5
2021-10-08,1722,A,900,69.9
2021-10-08,3207,A,4112,15.3
2021-10-15,5321,A,526,55.0
2021-10-15,8121,A,1439,36.466
2021-10-15,8032,A,2246,30.107
2021-10-15,3232,A,1773,35.446
2021-10-15,3089,A,2054,32.517
2021-10-15,1711,A,2682,25.55
2021-10-15,1727,A,1672,30.4
2021-10-15,6409,A,40,1590.0
2021-10-15,4513,A,5455,11.75
2021-10-15,4141,A,2263,27.8
2021-10-15,8422,A,307,204.5
2021-10-15,1722,A,900,69.9
2021-10-15,3207,A,4112,15.3
2021-10-15,1436,A,1293,51.2
2021-10-15,3564,A,2318,28.55
2021-10-22,5321,A,526,55.0
2021-10-22,1727,A,1672,30.4
2021-10-22,6409,A,40,1590.0
2021-10-22,4513,A,5455,11.75
2021-10-22,4141,A,2263,27.8
2021-10-22,8422,A,307,204.5
2021-10-22,1722,A,900,69.9
2021-10-22,1436,A,1293,51.2
2021-10-22,3564,A,2318,28.55
2021-10-22,1721,A,3855,16.75
2021-10-22,6655,A,763,84.6
2021-10-22,6508,A,1877,34.4
2021-10-22,1442,A,2562,25.2
2021-10-22,6506,A,3444,18.75
2021-10-22,4543,A,3119,20.7
2021-10-29,5321,A,526,55.0
2021-10-29,1727,A,1672,30.4
2021-10-29,4513,A,5455,11.75
2021-10-29,4141,A,2263,27.8
2021-10-29,8422,A,307,204.5
2021-10-29,1722,A,900,69.9
2021-10-29,1721,A,3855,16.75
2021-10-29,6655,A,763,84.6
2021-10-29,6508,A,1877,34.4
2021-10-29,1442,A,2562,25.2
2021-10-29,3491,A,513,124.5
2021-10-29,2374,A,3270,19.55
2021-10-29,6781,A,52,1225.0
2021-10-29,3207,A,2816,22.7
2021-10-29,1225,A,1234,51.8
2021-11-05,1727,A,1281,30.4
2021-11-05,8422,A,307,204.5
2021-11-05,1721,A,3855,16.75
2021-11-05,3491,A,513,124.5
2021-11-05,2374,A,3270,19.55
2021-11-05,6781,A,52,1225.0
2021-11-05,3207,A,2816,22.7
2021-11-05,8444,A,569,116.0
2021-11-05,3305,A,847,78.0
2021-11-05,3416,A,798,82.8
2021-11-05,2362,A,1921,34.4
2021-11-05,8114,A,727,90.8
2021-11-05,5353,A,3024,21.85
2021-11-05,8121,A,1275,51.8
2021-11-05,3089,A,1970,33.55
2021-11-12,1727,A,735,30.4
2021-11-12,8422,A,178,204.5
2021-11-12,1721,A,1729,16.75
2021-11-12,3491,A,251,124.5
2021-11-12,6781,A,30,1225.0
2021-11-12,3207,A,1539,22.7
2021-11-12,8444,A,345,116.0
2021-11-12,3305,A,531,78.0
2021-11-12,8114,A,408,90.8
2021-11-12,2618,A,1558,26.4
2021-11-12,1436,A,749,54.9
2021-11-12,5234,A,384,107.0
2021-11-12,2376,A,303,135.5
2021-11-12,3455,A,577,71.3
2021-11-12,5351,A,504,81.5
2021-11-12,3035,B,544,189.0
2021-11-12,3707,B,690,149.0
2021-11-12,3141,B,385,267.0
2021-11-12,4721,B,627,164.0
2021-11-19,3491,A,251,124.5
2021-11-19,8444,A,345,116.0
2021-11-19,8114,A,408,90.8
2021-11-19,2618,A,3862,26.877
2021-11-19,5351,A,504,81.5
2021-11-19,3035,B,544,189.0
2021-11-19,3707,B,690,149.0
2021-11-19,3141,B,385,267.0
2021-11-19,2883,A,2494,16.85
2021-11-19,2610,A,1519,27.65
2021-11-19,6152,A,3820,11.0
2021-11-19,5371,A,464,90.5
2021-11-19,6205,A,835,50.3
2021-11-19,3062,A,1199,35.05
2021-11-19,6118,A,1459,28.8
2021-11-19,5230,A,1126,37.3
2021-11-19,6412,A,536,78.4
2021-11-26,8444,A,345,116.0
2021-11-26,2618,A,3862,26.877
2021-11-26,3035,B,544,189.0
2021-11-26,3707,B,690,149.0
2021-11-26,2883,A,2494,16.85
2021-11-26,2610,A,3754,27.084
2021-11-26,3444,A,598,67.0
2021-11-26,3465,A,172,233.0
2021-11-26,2890,A,2646,15.15
2021-11-26,4303,A,1399,28.65
2021-11-26,8478,A,367,109.0
2021-11-26,3390,A,1766,22.7
2021-11-26,8069,A,344,116.5
2021-11-26,2340,A,713,56.2
2021-11-26,8183,A,621,64.5
2021-11-26,1316,A,1835,21.85
2021-11-26,6523,A,285,140.5
2021-11-26,3016,A,286,140.0
2021-12-03,3035,B,544,189.0
2021-12-03,3444,A,598,67.0
2021-12-03,3465,A,172,233.0
2021-12-03,4303,A,1399,28.65
2021-12-03,3390,A,1766,22.7
2021-12-03,2340,A,713,56.2
2021-12-03,8183,A,621,64.5
2021-12-03,6523,A,285,140.5
2021-12-03,3016,A,286,140.0
2021-12-03,3066,A,1308,31.35
2021-12-03,2497,A,581,70.6
2021-12-03,3532,A,160,255.5
2021-12-03,6205,A,702,58.4
2021-12-03,1721,A,1434,28.6
2021-12-03,3089,A,976,42.0
2021-12-03,3046,A,1033,39.7
2021-12-03,2610,B,3974,25.8
2021-12-03,2618,B,4077,25.15
2021-12-03,3037,B,471,217.5
2021-12-10,3066,A,1308,31.35
2021-12-10,2497,A,581,70.6
2021-12-10,3532,A,160,255.5
2021-12-10,6205,A,702,58.4
2021-12-10,2610,B,3974,25.8
2021-12-10,2618,B,4077,25.15
2021-12-10,3037,B,471,217.5
2021-12-10,5245,A,449,93.3
2021-12-10,3499,A,1664,25.2
2021-12-10,8444,A,294,142.5
2021-12-10,8114,A,351,119.5
2021-12-10,6265,A,2267,18.5
2021-12-10,3515,A,148,283.0
2021-12-10,3455,A,517,81.0
2021-12-10,1529,A,2007,20.9
2021-12-10,2890,A,2630,15.95
2021-12-10,3169,B,379,276.5
2021-12-17,3066,A,1308,31.35
2021-12-17,6205,A,702,58.4
2021-12-17,2610,B,3974,25.8
2021-12-17,2618,B,4077,25.15
2021-12-17,3037,B,471,217.5
2021-12-17,5245,A,449,93.3
2021-12-17,3499,A,1664,25.2
2021-12-17,6514,A,491,82.8
2021-12-17,1611,A,1993,20.4
2021-12-17,3390,A,1545,26.3
2021-12-17,8478,A,237,171.0
2021-12-17,8111,A,1371,29.65
2021-12-17,2405,A,2221,18.3
2021-12-17,4744,A,1113,36.5
2021-12-17,6235,A,1292,31.45
2021-12-17,9906,A,602,67.5
2021-12-17,5607,A,602,67.5
2021-12-17,3035,B,450,225.5
2021-12-24,6205,A,702,58.4
2021-12-24,2610,B,3974,25.8
2021-12-24,3037,B,471,217.5
2021-12-24,5245,A,449,93.3
2021-12-24,1611,A,1993,20.4
2021-12-24,8478,A,237,171.0
2021-12-24,8111,A,1371,29.65
2021-12-24,2405,A,2221,18.3
2021-12-24,3035,B,450,225.5
2021-12-24,3687,A,222,188.0
2021-12-24,1454,A,2829,14.8
2021-12-24,2640,A,512,81.7
2021-12-24,4946,A,722,58.0
2021-12-24,8104,A,541,77.4
2021-12-24,3672,A,895,46.75
2021-12-24,2347,A,629,66.5
2021-12-24,5351,B,1133,92.4
2021-12-30,6205,A,537,58.4
2021-12-30,2610,B,3974,25.8
2021-12-30,3037,B,471,217.5
2021-12-30,2405,A,2221,18.3
2021-12-30,3035,B,450,225.5
2021-12-30,3687,A,222,188.0
2021-12-30,3672,A,895,46.75
2021-12-30,5351,B,1133,92.4
2021-12-30,8440,A,1504,27.65
2021-12-30,6158,A,771,53.9
2021-12-30,4755,A,238,174.5
2021-12-30,6266,A,1439,28.9
2021-12-30,6026,A,1816,22.9
2021-12-30,6207,A,1016,40.95
2021-12-30,3010,A,388,107.0
2021-12-30,3322,A,1454,28.6
2021-12-30,2374,A,1357,30.65
2021-12-30,2316,A,1124,37.0
2021-12-30,6208,A,679,61.2
2021-12-30,3290,A,1502,25.95
2022-01-07,2610,B,3974,25.8
2022-01-07,3037,B,471,217.5
2022-01-07,3035,B,450,225.5
2022-01-07,3687,A,222,188.0
2022-01-07,5351,B,1133,92.4
2022-01-07,8440,A,1504,27.65
2022-01-07,6158,A,771,53.9
2022-01-07,6266,A,1123,28.9
2022-01-07,6026,A,1816,22.9
2022-01-07,5536,A,170,230.5
2022-01-07,4720,A,2004,19.6
2022-01-07,4939,A,1423,27.6
2022-01-07,2323,A,3010,13.05
2022-01-07,3455,A,383,102.5
2022-01-07,3036,A,510,76.9
2022-01-07,2427,A,2899,13.55
2022-01-07,3093,A,431,91.1
2022-01-07,8104,A,427,91.8
2022-01-14,2610,B,3974,25.8
2022-01-14,3037,B,471,217.5
2022-01-14,3035,B,450,225.5
2022-01-14,5536,A,170,230.5
2022-01-14,4720,A,2004,19.6
2022-01-14,4939,A,1423,27.6
2022-01-14,3036,A,510,76.9
2022-01-14,2836,A,2554,14.6
2022-01-14,2812,A,2712,13.75
2022-01-14,5880,A,1371,27.2
2022-01-14,2883,A,1978,18.85
2022-01-14,2888,A,3160,11.8
2022-01-14,6664,A,464,80.3
2022-01-14,1225,A,681,54.7
2022-01-14,4946,A,494,75.4
2022-01-14,1436,A,676,55.1
2022-01-14,2890,A,2233,16.7
2022-01-14,2347,A,549,67.9
2022-01-14,8069,B,623,149.5
2022-01-21,3037,B,471,217.5
2022-01-21,3035,B,450,225.5
2022-01-21,3036,A,405,76.9
2022-01-21,2812,A,2712,13.75
2022-01-21,5880,A,1371,27.2
2022-01-21,2883,A,1978,18.85
2022-01-21,1436,A,676,55.1
2022-01-21,2347,A,549,67.9
2022-01-21,8069,B,623,149.5
2022-01-21,2480,A,446,80.8
2022-01-21,3455,A,352,102.5
2022-01-21,2887,A,1792,20.15
2022-01-21,1316,A,1498,24.1
2022-01-21,2892,A,1432,25.2
2022-01-21,2323,A,3060,11.8
2022-01-21,4728,A,391,92.3
2022-01-21,2891,A,1317,27.4
2022-01-21,6205,A,473,76.2
2022-01-21,2340,B,1509,59.8
2022-01-26,3035,B,879,212.811
2022-01-26,3036,A,405,76.9
2022-01-26,2812,A,2712,13.75
2022-01-26,2883,A,1978,18.85
2022-01-26,1436,A,676,55.1
2022-01-26,2347,A,549,67.9
2022-01-26,8069,B,1197,148.061
2022-01-26,2480,A,446,80.8
2022-01-26,2892,A,1432,25.2
2022-01-26,4728,A,391,92.3
2022-01-26,2891,A,1317,27.4
2022-01-26,8279,A,274,128.0
2022-01-26,3086,A,245,143.0
2022-01-26,2385,A,396,88.5
2022-01-26,6130,A,763,46.0
2022-01-26,8440,A,1267,27.7
2022-01-26,6592,A,331,106.0
2022-01-26,3035,B,879,212.811
2022-01-26,3036,A,405,76.9
2022-01-26,2812,A,2712,13.75
2022-01-26,2883,A,1978,18.85
2022-01-26,1436,A,676,55.1
2022-01-26,2347,A,549,67.9
2022-01-26,8069,B,1197,148.061
2022-01-26,2480,A,446,80.8
2022-01-26,2892,A,1432,25.2
2022-01-26,4728,A,391,92.3
2022-01-26,2891,A,1317,27.4
2022-01-26,8279,A,274,128.0
2022-01-26,3086,A,245,143.0
2022-01-26,2385,A,396,88.5
2022-01-26,6130,A,763,46.0
2022-01-26,8440,A,1267,27.7
2022-01-26,6592,A,331,106.0
2022-02-11,2883,A,1978,18.85
2022-02-11,1436,A,676,55.1
2022-02-11,8069,B,2572,148.296
2022-02-11,2892,A,1432,25.2
2022-02-11,4728,A,391,92.3
2022-02-11,2891,A,1317,27.4
2022-02-11,2385,A,396,88.5
2022-02-11,6130,A,763,46.0
2022-02-11,8440,A,947,27.7
2022-02-11,3088,A,538,70.9
2022-02-11,8210,A,420,90.9
2022-02-11,1225,A,662,57.7
2022-02-11,1215,A,454,84.1
2022-02-11,8406,A,138,276.0
2022-02-11,2884,A,1256,30.4
2022-02-11,5880,A,1376,27.75
2022-02-18,2883,A,1978,18.85
2022-02-18,8069,B,1289,148.296
2022-02-18,2892,A,1432,25.2
2022-02-18,2385,A,396,88.5
2022-02-18,1225,A,662,57.7
2022-02-18,1215,A,454,84.1
2022-02-18,8406,A,138,276.0
2022-02-18,2884,A,1256,30.4
2022-02-18,1229,A,556,67.6
2022-02-18,2834,A,3242,11.6
2022-02-18,6592,A,320,117.5
2022-02-18,2497,A,343,109.5
2022-02-18,2480,A,452,83.2
2022-02-18,5434,A,209,179.5
2022-02-18,3219,A,305,123.0
2022-02-18,6104,B,352,238.5
2022-02-25,1225,A,1029,58.699
2022-02-25,1215,A,736,84.292
2022-02-25,8406,A,226,275.805
2022-02-25,1229,A,929,67.359
2022-02-25,6592,A,504,119.69
2022-02-25,2497,A,558,110.271
2022-02-25,2480,A,729,84.036
2022-02-25,5706,A,1008,61.8
2022-02-25,4904,A,899,69.3
2022-02-25,2412,A,500,124.5
2022-02-25,2707,A,351,177.5
2022-02-25,1760,A,574,108.5
2022-02-25,3209,A,1835,33.95
2022-02-25,3066,A,1422,43.8
2022-02-25,9941,A,308,202.0
2022-03-04,1229,A,929,67.359
2022-03-04,2480,A,729,84.036
2022-03-04,5706,A,1008,61.8
2022-03-04,4904,A,899,69.3
2022-03-04,2707,A,351,177.5
2022-03-04,1760,A,574,108.5
2022-03-04,3209,A,1835,33.95
2022-03-04,3066,A,1422,43.8
2022-03-04,9941,A,308,202.0
2022-03-04,2065,A,1172,53.6
2022-03-04,8401,A,3172,19.8
2022-03-04,4148,A,1136,55.3
2022-03-04,6664,A,701,89.5
2022-03-04,1773,A,317,198.0
2022-03-04,9933,A,1513,41.5
2022-03-04,2347,A,530,72.4
2022-03-11,2480,A,729,84.036
2022-03-11,5706,A,1008,61.8
2022-03-11,4904,A,899,69.3
2022-03-11,1760,A,574,108.5
2022-03-11,8401,A,3172,19.8
2022-03-11,4148,A,1136,55.3
2022-03-11,6664,A,701,89.5
2022-03-11,1773,A,317,198.0
2022-03-11,9933,A,1513,41.5
2022-03-11,2613,A,1571,39.5
2022-03-11,8406,A,224,277.0
2022-03-11,6469,A,215,288.0
2022-03-11,4162,A,764,81.2
2022-03-11,2024,A,2379,26.1
2022-03-18,2480,A,729,84.036
2022-03-18,5706,A,1008,61.8
2022-03-18,4904,A,899,69.3
2022-03-18,8401,A,3172,19.8
2022-03-18,4148,A,1136,55.3
2022-03-18,1773,A,317,198.0
2022-03-18,9933,A,1513,41.5
2022-03-18,8406,A,224,277.0
2022-03-18,4162,A,764,81.2
2022-03-18,1591,A,3323,18.95
2022-03-18,2812,A,4270,14.75
2022-03-18,4728,A,512,123.0
2022-03-18,2412,A,497,126.5
2022-03-18,9941,A,286,219.5
2022-03-25,2480,A,729,84.036
2022-03-25,4148,A,1136,55.3
2022-03-25,1773,A,317,198.0
2022-03-25,4162,A,764,81.2
2022-03-25,1591,A,3323,18.95
2022-03-25,2812,A,4270,14.75
2022-03-25,2412,A,497,126.5
2022-03-25,9941,A,286,219.5
2022-03-25,2540,A,477,133.5
2022-03-25,6122,A,3851,16.55
2022-03-25,4104,A,980,65.0
2022-03-25,8440,A,874,72.9
2022-03-25,2834,A,5059,12.6
2022-03-25,1516,A,2183,29.2
2022-03-25,3209,A,1684,37.85
2022-04-01,1591,A,3323,18.95
2022-04-01,2812,A,4270,14.75
2022-04-01,2540,A,477,133.5
2022-04-01,6122,A,3851,16.55
2022-04-01,4104,A,980,65.0
2022-04-01,2834,A,5059,12.6
2022-04-01,1516,A,2183,29.2
2022-04-01,6240,A,2345,27.2
2022-04-01,5603,A,1258,50.7
2022-04-01,2886,A,1479,43.1
2022-04-01,3011,A,3485,18.3
2022-04-01,4728,A,455,140.0
2022-04-01,4950,A,2323,27.45
2022-04-01,8406,A,229,278.5
2022-04-01,2065,A,1183,53.9
2022-04-08,1591,A,3323,18.95
2022-04-08,2812,A,4270,14.75
2022-04-08,6122,A,3851,16.55
2022-04-08,4104,A,980,65.0
2022-04-08,2834,A,5059,12.6
2022-04-08,5603,A,1258,50.7
2022-04-08,2886,A,1479,43.1
2022-04-08,3011,A,3485,18.3
2022-04-08,1453,A,4793,13.6
2022-04-08,6703,A,587,111.0
2022-04-08,2884,A,1870,34.85
2022-04-08,2850,A,1170,55.7
2022-04-08,8050,A,1366,47.7
2022-04-08,9941,A,277,235.0
2022-04-08,2838,A,3724,17.5
2022-04-15,4104,A,980,65.0
2022-04-15,5603,A,1258,50.7
2022-04-15,3011,A,3485,18.3
2022-04-15,1453,A,4793,13.6
2022-04-15,6703,A,587,111.0
2022-04-15,8050,A,1366,47.7
2022-04-15,9941,A,277,235.0
2022-04-15,4736,A,216,294.5
2022-04-15,4148,A,727,87.5
2022-04-15,5210,A,2577,24.7
2022-04-15,2412,A,491,129.5
2022-04-15,5706,A,885,71.9
2022-04-15,2540,A,511,124.5
2022-04-15,1760,A,468,136.0
2022-04-22,4104,A,980,65.0
2022-04-22,1453,A,3579,13.6
2022-04-22,8050,A,1366,47.7
2022-04-22,9941,A,277,235.0
2022-04-22,4736,A,216,294.5
2022-04-22,2412,A,491,129.5
2022-04-22,2540,A,511,124.5
2022-04-22,1760,A,468,136.0
2022-04-22,4106,A,1609,40.7
2022-04-22,1605,A,1420,46.1
2022-04-22,1220,A,2672,24.5
2022-04-22,1219,A,2359,27.75
2022-04-22,4121,A,2182,30.0
2022-04-22,6581,A,600,109.0
2022-04-22,4114,A,2318,28.25
2022-04-29,4104,A,980,65.0
2022-04-29,1453,A,2738,13.6
2022-04-29,4736,A,216,294.5
2022-04-29,2412,A,491,129.5
2022-04-29,1605,A,1420,46.1
2022-04-29,1220,A,2672,24.5
2022-04-29,1219,A,2359,27.75
2022-04-29,4121,A,2182,30.0
2022-04-29,4114,A,2318,28.25
2022-04-29,9802,A,411,154.5
2022-04-29,3434,A,1544,41.2
2022-04-29,4904,A,768,82.8
2022-04-29,4102,A,2652,24.0
2022-04-29,2634,A,1917,33.2
2022-05-06,1453,A,2738,13.6
2022-05-06,1605,A,1420,46.1
2022-05-06,9802,A,411,154.5
2022-05-06,3434,A,1544,41.2
2022-05-06,4904,A,768,82.8
2022-05-06,1591,A,2607,23.45
2022-05-06,8050,A,1191,51.3
2022-05-06,9933,A,1244,49.15
2022-05-06,6703,A,605,101.0
2022-05-06,3209,A,1565,39.05
2022-05-06,5603,A,1194,51.2
2022-05-06,3313,A,4231,14.45
2022-05-06,2545,A,1117,54.7
2022-05-06,4148,A,755,80.9
2022-05-13,1453,A,2738,13.6
2022-05-13,1605,A,1420,46.1
2022-05-13,9802,A,411,154.5
2022-05-13,4904,A,768,82.8
2022-05-13,1591,A,2607,23.45
2022-05-13,9933,A,1244,49.15
2022-05-13,6703,A,605,101.0
2022-05-13,3209,A,1565,39.05
2022-05-13,3313,A,4231,14.45
2022-05-13,8928,A,1223,46.5
2022-05-13,1524,A,4033,14.1
2022-05-13,4116,A,1238,45.9
2022-05-13,8071,A,2651,21.45
2022-05-13,3011,A,2969,19.15
2022-05-20,1453,A,1995,13.6
2022-05-20,9802,A,411,154.5
2022-05-20,4904,A,768,82.8
2022-05-20,1591,A,2607,23.45
2022-05-20,3209,A,1565,39.05
2022-05-20,3313,A,4231,14.45
2022-05-20,8928,A,1223,46.5
2022-05-20,1524,A,3129,14.1
2022-05-20,4116,A,1238,45.9
2022-05-20,3093,A,471,128.5
2022-05-20,1522,A,2436,24.85
2022-05-20,6122,A,3335,18.15
2022-05-20,2540,A,498,121.5
2022-05-27,1453,A,1995,13.6
2022-05-27,4904,A,768,82.8
2022-05-27,8928,A,1223,46.5
2022-05-27,1524,A,3129,14.1
2022-05-27,4116,A,1238,45.9
2022-05-27,3093,A,471,128.5
2022-05-27,1522,A,2436,24.85
2022-05-27,6122,A,3335,18.15
2022-05-27,2540,A,498,121.5
2022-05-27,6113,A,2158,28.35
2022-05-27,2482,A,2941,20.8
2022-05-27,8420,A,1120,54.6
2022-05-27,2634,A,1826,33.5
2022-05-27,1605,A,1352,45.25
2022-06-02,1453,A,1995,13.6
2022-06-02,1524,A,3129,14.1
2022-06-02,3093,A,471,128.5
2022-06-02,1522,A,2436,24.85
2022-06-02,2540,A,498,121.5
2022-06-02,6113,A,2158,28.35
2022-06-02,2482,A,2941,20.8
2022-06-02,1605,A,1352,45.25
2022-06-02,8097,A,707,87.7
2022-06-02,6605,A,861,72.0
2022-06-02,1539,A,1940,31.95
2022-06-02,6664,A,607,102.0
2022-06-02,1568,A,2436,25.45
2022-06-02,9802,A,383,161.5
2022-06-10,1453,A,1995,13.6
2022-06-10,1524,A,3129,14.1
2022-06-10,3093,A,471,128.5
2022-06-10,1522,A,2436,24.85
2022-06-10,2482,A,2270,20.8
2022-06-10,8097,A,707,87.7
2022-06-10,6605,A,861,72.0
2022-06-10,1539,A,1940,31.95
2022-06-10,9802,A,383,161.5
2022-06-10,4116,A,829,77.7
2022-06-10,1319,A,1552,41.5
2022-06-10,4543,A,2777,23.2
2022-06-10,6703,A,613,105.0
2022-06-10,3209,A,1528,42.15
2022-06-17,1524,A,3129,14.1
2022-06-17,2482,A,2270,20.8
2022-06-17,8097,A,707,87.7
2022-06-17,6605,A,861,72.0
2022-06-17,1539,A,1940,31.95
2022-06-17,9802,A,383,161.5
2022-06-17,4116,A,829,77.7
2022-06-17,1319,A,1552,41.5
2022-06-17,4543,A,2777,23.2
2022-06-17,5288,A,358,169.5
2022-06-17,5353,A,2553,23.8
2022-06-17,3252,A,2460,24.7
2022-06-17,5258,A,1024,59.3
2022-06-17,8032,A,1950,31.15
2022-06-17,6715,A,467,130.0
2022-06-24,1524,A,3129,14.1
2022-06-24,2482,A,2270,20.8
2022-06-24,8097,A,707,87.7
2022-06-24,6605,A,861,72.0
2022-06-24,9802,A,383,161.5
2022-06-24,4116,A,829,77.7
2022-06-24,1319,A,1552,41.5
2022-06-24,5288,A,358,169.5
2022-06-24,3252,A,2460,24.7
2022-06-24,5258,A,1024,59.3
2022-06-24,6715,A,467,130.0
2022-06-24,1522,A,2071,28.3
2022-06-24,6703,A,577,101.5
2022-06-24,1568,A,2417,24.25
2022-06-24,8433,A,1151,50.9
2022-07-01,1524,A,3129,14.1
2022-07-01,2482,A,2270,20.8
2022-07-01,8097,A,707,87.7
2022-07-01,6605,A,861,72.0
2022-07-01,9802,A,383,161.5
2022-07-01,4116,A,829,77.7
2022-07-01,1319,A,1198,41.5
2022-07-01,5288,A,358,169.5
2022-07-01,3252,A,2460,24.7
2022-07-01,5258,A,1024,59.3
2022-07-01,6715,A,467,130.0
2022-07-01,1522,A,2071,28.3
2022-07-01,6472,A,227,245.0
2022-07-01,8467,A,894,62.4
2022-07-01,5353,A,2614,21.35
2022-07-08,1524,A,3129,14.1
2022-07-08,2482,A,2270,20.8
2022-07-08,8097,A,707,87.7
2022-07-08,6605,A,861,72.0
2022-07-08,9802,A,383,161.5
2022-07-08,4116,A,829,77.7
2022-07-08,1319,A,1198,41.5
2022-07-08,5258,A,1024,59.3
2022-07-08,6715,A,368,130.0
2022-07-08,1522,A,2071,28.3
2022-07-08,6472,A,227,245.0
2022-07-08,8467,A,894,62.4
2022-07-08,5353,A,2614,21.35
2022-07-08,4543,A,2402,24.0
2022-07-08,8433,A,1071,53.8
2022-07-15,1524,A,3129,14.1
2022-07-15,2482,A,2270,20.8
2022-07-15,8097,A,707,87.7
2022-07-15,6605,A,861,72.0
2022-07-15,9802,A,383,161.5
2022-07-15,4116,A,829,77.7
2022-07-15,1319,A,1198,41.5
2022-07-15,5258,A,1024,59.3
2022-07-15,6715,A,368,130.0
2022-07-15,1522,A,2071,28.3
2022-07-15,6472,A,227,245.0
2022-07-15,8467,A,894,62.4
2022-07-15,5353,A,2083,21.35
2022-07-15,4543,A,2402,24.0
2022-07-15,8433,A,1071,53.8
2022-07-22,1524,A,3129,14.1
2022-07-22,2482,A,2270,20.8
2022-07-22,8097,A,707,87.7
2022-07-22,9802,A,383,161.5
2022-07-22,4116,A,829,77.7
2022-07-22,1319,A,1198,41.5
2022-07-22,5258,A,1024,59.3
2022-07-22,6715,A,368,130.0
2022-07-22,1522,A,2071,28.3
2022-07-22,6472,A,227,245.0
2022-07-22,8467,A,894,62.4
2022-07-22,5353,A,2083,21.35
2022-07-22,4543,A,2402,24.0
2022-07-22,8433,A,1071,53.8
2022-07-22,3531,A,2613,23.2
2022-07-29,1524,A,3129,14.1
2022-07-29,2482,A,2270,20.8
2022-07-29,8097,A,707,87.7
2022-07-29,9802,A,383,161.5
2022-07-29,4116,A,829,77.7
2022-07-29,1319,A,1198,41.5
2022-07-29,5258,A,1024,59.3
2022-07-29,6715,A,368,130.0
2022-07-29,1522,A,2071,28.3
2022-07-29,6472,A,227,245.0
2022-07-29,8467,A,894,62.4
2022-07-29,5353,A,2083,21.35
2022-07-29,8433,A,1071,53.8
2022-07-29,6133,A,2674,23.5
2022-07-29,4432,A,2244,28.0
2022-08-05,1524,A,3129,14.1
2022-08-05,2482,A,2270,20.8
2022-08-05,1319,A,1198,41.5
2022-08-05,5258,A,1024,59.3
2022-08-05,6715,A,368,130.0
2022-08-05,1522,A,2071,28.3
2022-08-05,5353,A,2083,21.35
2022-08-05,8433,A,1071,53.8
2022-08-05,6133,A,2674,23.5
2022-08-05,4432,A,2244,28.0
2022-08-05,2305,A,2293,27.5
2022-08-05,5902,A,1804,34.95
2022-08-05,4728,A,423,149.0
2022-08-05,3531,A,2380,26.5
2022-08-05,4543,A,2252,28.0
2022-08-12,1524,A,2387,14.1
2022-08-12,8433,A,1071,53.8
2022-08-12,6133,A,2674,23.5
2022-08-12,2305,A,2293,27.5
2022-08-12,5902,A,1804,34.95
2022-08-12,4728,A,423,149.0
2022-08-12,3531,A,2380,26.5
2022-08-12,4543,A,2252,28.0
2022-08-12,3432,A,2602,23.7
2022-08-12,4557,A,616,100.0
2022-08-12,6512,A,2231,27.65
2022-08-12,8941,A,1023,60.3
2022-08-12,1413,A,5459,11.3
2022-08-12,6605,A,769,80.2
2022-08-12,6472,A,230,268.0
2022-08-19,6133,A,1455,23.5
2022-08-19,4728,A,248,149.0
2022-08-19,3432,A,1635,23.7
2022-08-19,4557,A,353,100.0
2022-08-19,6512,A,1363,27.65
2022-08-19,6472,A,123,268.0
2022-08-19,2468,A,1783,21.85
2022-08-19,3454,A,400,97.3
2022-08-19,8279,A,230,169.0
2022-08-19,3047,A,2030,19.2
2022-08-19,2063,A,1033,37.7
2022-08-19,9907,A,1929,20.2
2022-08-19,3617,A,444,87.6
2022-08-19,5211,A,1720,22.65
2022-08-19,5015,A,669,58.2
2022-08-26,4557,A,353,100.0
2022-08-26,6472,A,123,268.0
2022-08-26,2468,A,1783,21.85
2022-08-26,8279,A,230,169.0
2022-08-26,3617,A,444,87.6
2022-08-26,2752,A,212,188.0
2022-08-26,8349,A,548,72.7
2022-08-26,4977,A,349,114.0
2022-08-26,2230,A,1192,33.45
2022-08-26,3022,A,552,72.2
2022-08-26,6221,A,745,53.5
2022-08-26,1712,A,884,45.1
2022-08-26,3520,A,1588,25.1
2022-08-26,1336,A,1436,27.75
2022-08-26,5902,A,1006,39.6
2022-09-02,2468,A,3089,21.66
2022-09-02,8279,A,375,171.707
2022-09-02,2752,A,345,189.349
2022-09-02,8349,A,915,72.499
2022-09-02,2230,A,1899,33.953
2022-09-02,3022,A,891,72.961
2022-09-02,1712,A,1485,44.857
2022-09-02,8933,A,3356,19.7
2022-09-02,4743,A,227,290.0
2022-09-02,6589,A,510,129.5
2022-09-02,1796,A,1114,59.3
2022-09-02,2364,A,491,134.5
2022-09-02,6666,A,869,76.0
2022-09-02,1442,A,2476,26.7
2022-09-02,4770,A,170,388.0
2022-09-08,8279,A,375,171.707
2022-09-08,8349,A,915,72.499
2022-09-08,1712,A,1485,44.857
2022-09-08,8933,A,3356,19.7
2022-09-08,4743,A,227,290.0
2022-09-08,1442,A,2476,26.7
2022-09-08,2540,A,420,149.0
2022-09-08,2065,A,1192,52.6
2022-09-08,4977,A,516,121.5
2022-09-08,4162,A,455,137.5
2022-09-08,8085,A,2668,23.5
2022-09-08,9942,A,629,99.6
2022-09-08,3454,A,489,128.0
2022-09-08,6712,A,263,238.0
2022-09-08,4557,A,511,122.5
2022-09-16,8933,A,3356,19.7
2022-09-16,1442,A,2476,26.7
2022-09-16,2540,A,420,149.0
2022-09-16,4977,A,516,121.5
2022-09-16,9942,A,629,99.6
2022-09-16,3454,A,489,128.0
2022-09-16,2530,A,3608,17.2
2022-09-16,8109,A,680,91.2
2022-09-16,2230,A,1635,37.95
2022-09-16,8916,A,1041,59.6
2022-09-16,3284,A,3716,16.7
2022-09-16,3022,A,811,76.5
2022-09-16,5225,A,1961,31.65
2022-09-16,6146,A,253,245.0
2022-09-16,2066,A,699,88.7
2022-09-23,1442,A,1980,26.7
2022-09-23,4977,A,516,121.5
2022-09-23,3454,A,489,128.0
2022-09-23,2530,A,3608,17.2
2022-09-23,2230,A,1635,37.95
2022-09-23,8916,A,1041,59.6
2022-09-23,5225,A,1961,31.65
2022-09-23,6146,A,253,245.0
2022-09-23,8349,A,741,77.1
2022-09-23,2483,A,1860,30.75
2022-09-23,9939,A,690,82.8
2022-09-23,1796,A,982,58.2
2022-09-23,5353,A,1437,39.8
2022-09-23,4162,A,445,128.5
2022-09-23,8932,A,1754,32.6
2022-09-30,1442,A,1980,26.7
2022-09-30,4977,A,516,121.5
2022-09-30,3454,A,489,128.0
2022-09-30,2530,A,3608,17.2
2022-09-30,8916,A,1041,59.6
2022-09-30,5225,A,1961,31.65
2022-09-30,8349,A,741,77.1
2022-09-30,2483,A,1860,30.75
2022-09-30,9939,A,690,82.8
2022-09-30,1796,A,982,58.2
2022-09-30,5353,A,1437,39.8
2022-09-30,8932,A,1754,32.6
2022-09-30,2732,A,429,130.0
2022-09-30,2752,A,309,180.0
2022-09-30,6472,A,170,327.5
2022-10-07,1442,A,1980,26.7
2022-10-07,3454,A,489,128.0
2022-10-07,2530,A,3608,17.2
2022-10-07,5225,A,1555,31.65
2022-10-07,8349,A,741,77.1
2022-10-07,9939,A,690,82.8
2022-10-07,1796,A,982,58.2
2022-10-07,5353,A,1437,39.8
2022-10-07,8932,A,1754,32.6
2022-10-07,2732,A,429,130.0
2022-10-07,6472,A,170,327.5
2022-10-07,3046,A,1033,54.3
2022-10-07,1410,A,1340,41.85
2022-10-07,6589,A,492,114.0
2022-10-07,8933,A,2764,20.3
2022-10-14,1442,A,1980,26.7
2022-10-14,2530,A,3608,17.2
2022-10-14,5225,A,1555,31.65
2022-10-14,9939,A,690,82.8
2022-10-14,1796,A,982,58.2
2022-10-14,8932,A,1754,32.6
2022-10-14,2732,A,429,130.0
2022-10-14,6472,A,170,327.5
2022-10-14,3046,A,1033,54.3
2022-10-14,6589,A,492,114.0
2022-10-14,8933,A,2764,20.3
2022-10-14,2752,A,293,186.0
2022-10-14,9942,A,519,105.0
2022-10-14,5015,A,909,60.0
2022-10-14,8916,A,990,55.1
2022-10-21,1442,A,1980,26.7
2022-10-21,2530,A,2738,17.2
2022-10-21,5225,A,1555,31.65
2022-10-21,9939,A,690,82.8
2022-10-21,1796,A,982,58.2
2022-10-21,8932,A,1754,32.6
2022-10-21,3046,A,1033,54.3
2022-10-21,6589,A,492,114.0
2022-10-21,8933,A,2764,20.3
2022-10-21,2752,A,293,186.0
2022-10-21,9942,A,519,105.0
2022-10-21,5015,A,909,60.0
2022-10-21,8916,A,990,55.1
2022-10-21,3454,A,432,122.5
2022-10-21,1410,A,1302,40.65
2022-10-28,1442,A,1980,26.7
2022-10-28,2530,A,2738,17.2
2022-10-28,5225,A,1555,31.65
2022-10-28,1796,A,982,58.2
2022-10-28,8932,A,1754,32.6
2022-10-28,3046,A,1033,54.3
2022-10-28,8933,A,2764,20.3
2022-10-28,2752,A,293,186.0
2022-10-28,9942,A,519,105.0
2022-10-28,5015,A,909,60.0
2022-10-28,8916,A,990,55.1
2022-10-28,3454,A,432,122.5
2022-10-28,1410,A,1302,40.65
2022-10-28,8147,A,853,65.5
2022-11-04,1442,A,1980,26.7
2022-11-04,2530,A,2738,17.2
2022-11-04,5225,A,1555,31.65
2022-11-04,1796,A,982,58.2
2022-11-04,8932,A,1754,32.6
2022-11-04,3046,A,1033,54.3
2022-11-04,8933,A,2764,20.3
2022-11-04,2752,A,293,186.0
2022-11-04,9942,A,519,105.0
2022-11-04,5015,A,909,60.0
2022-11-04,8916,A,990,55.1
2022-11-04,3454,A,432,122.5
2022-11-04,1410,A,1302,40.65
2022-11-04,8147,A,853,65.5
2022-11-11,1442,A,1980,26.7
2022-11-11,2530,A,2738,17.2
2022-11-11,5225,A,1555,31.65
2022-11-11,8932,A,1754,32.6
2022-11-11,3046,A,1033,54.3
2022-11-11,8933,A,2764,20.3
2022-11-11,2752,A,293,186.0
2022-11-11,9942,A,519,105.0
2022-11-11,5015,A,909,60.0
2022-11-11,8916,A,990,55.1
2022-11-11,3454,A,341,122.5
2022-11-11,1410,A,1302,40.65
2022-11-11,8147,A,853,65.5
2022-11-11,6556,A,540,105.0
2022-11-11,8033,A,1669,34.0
2022-11-18,1442,A,1980,26.7
2022-11-18,2530,A,2738,17.2
2022-11-18,5225,A,1555,31.65
2022-11-18,8932,A,1754,32.6
2022-11-18,3046,A,1033,54.3
2022-11-18,9942,A,519,105.0
2022-11-18,5015,A,909,60.0
2022-11-18,8916,A,990,55.1
2022-11-18,3454,A,341,122.5
2022-11-18,1410,A,1302,40.65
2022-11-18,6556,A,540,105.0
2022-11-18,8033,A,1669,34.0
2022-11-18,8931,A,1690,34.6
2022-11-18,8249,A,2127,27.5
2022-11-18,1796,A,1035,56.5
2022-11-25,1442,A,1980,26.7
2022-11-25,2530,A,2738,17.2
2022-11-25,5225,A,1555,31.65
2022-11-25,8932,A,1754,32.6
2022-11-25,3046,A,1033,54.3
2022-11-25,9942,A,519,105.0
2022-11-25,5015,A,909,60.0
2022-11-25,3454,A,341,122.5
2022-11-25,1410,A,1302,40.65
2022-11-25,6556,A,540,105.0
2022-11-25,8033,A,1669,34.0
2022-11-25,8931,A,1690,34.6
2022-11-25,8249,A,2127,27.5
2022-11-25,6472,A,136,416.0
2022-11-25,6245,A,654,87.1
2022-12-02,1442,A,1018,26.7
2022-12-02,8932,A,872,32.6
2022-12-02,3454,A,583,186.184
2022-12-02,6556,A,254,105.0
2022-12-02,8033,A,912,34.0
2022-12-02,8931,A,934,34.6
2022-12-02,8249,A,1342,27.5
2022-12-02,6472,A,81,416.0
2022-12-02,6245,A,360,87.1
2022-12-02,1810,A,1863,20.05
2022-12-02,2201,A,560,66.7
2022-12-02,1417,A,2549,14.65
2022-12-02,1795,A,507,245.5
2022-12-02,8222,A,1172,31.85
2022-12-02,1584,A,1556,24.0
2022-12-02,8996,B,754,165.0
2022-12-09,1442,A,1018,26.7
2022-12-09,8932,A,872,32.6
2022-12-09,8931,A,934,34.6
2022-12-09,6245,A,360,87.1
2022-12-09,1810,A,1863,20.05
2022-12-09,1417,A,2549,14.65
2022-12-09,8996,B,754,165.0
2022-12-09,6234,A,1689,22.2
2022-12-09,1342,A,275,136.0
2022-12-09,1707,A,232,161.0
2022-12-09,2723,A,268,139.5
2022-12-09,6664,A,373,100.5
2022-12-09,2707,A,145,257.5
2022-12-09,6223,A,321,116.5
2022-12-09,3128,A,725,51.7
2022-12-09,4979,A,728,51.5
2022-12-09,1795,B,492,254.0
2022-12-09,3454,B,576,217.0
2022-12-16,8931,A,934,34.6
2022-12-16,8996,B,545,165.0
2022-12-16,1342,A,275,136.0
2022-12-16,2723,A,268,139.5
2022-12-16,6664,A,373,100.5
2022-12-16,2707,A,145,257.5
2022-12-16,1795,B,393,254.0
2022-12-16,3454,B,430,217.0
2022-12-16,1701,A,1183,31.1
2022-12-16,4129,A,742,49.55
2022-12-16,4130,A,967,38.05
2022-12-16,2444,A,1916,19.2
2022-12-16,1720,A,629,58.5
2022-12-16,3693,A,309,119.0
2022-12-16,3498,A,1023,35.95
2022-12-16,4114,A,733,50.2
2022-12-16,4153,A,1130,32.55
2022-12-16,1752,A,720,51.1
2022-12-16,2201,B,1079,64.1
2022-12-23,8996,B,545,165.0
2022-12-23,2723,A,268,139.5
2022-12-23,2707,A,145,257.5
2022-12-23,1795,B,393,254.0
2022-12-23,3454,B,430,217.0
2022-12-23,1701,A,1183,31.1
2022-12-23,4129,A,742,49.55
2022-12-23,4130,A,967,38.05
2022-12-23,2444,A,1916,19.2
2022-12-23,3693,A,309,119.0
2022-12-23,3498,A,1023,35.95
2022-12-23,4114,A,733,50.2
2022-12-23,1752,A,720,51.1
2022-12-23,2201,B,1565,62.547
2022-12-23,2929,A,2050,18.05
2022-12-23,1796,A,530,69.8
2022-12-23,1707,A,230,160.5
2022-12-23,3013,A,1801,20.55
2022-12-30,8996,B,545,165.0
2022-12-30,2723,A,268,139.5
2022-12-30,1795,B,373,249.217
2022-12-30,3454,B,430,217.0
2022-12-30,1701,A,1183,31.1
2022-12-30,4129,A,742,49.55
2022-12-30,3693,A,309,119.0
2022-12-30,3498,A,1023,35.95
2022-12-30,1752,A,576,51.1
2022-12-30,2201,B,1565,62.547
2022-12-30,2929,A,2050,18.05
2022-12-30,1707,A,230,160.5
2022-12-30,2597,A,293,125.5
2022-12-30,4153,A,907,40.55
2022-12-30,2063,A,845,43.5
2022-12-30,4747,A,718,51.2
2022-12-30,8931,A,884,41.6
2022-12-30,1720,A,598,61.5
2023-01-06,8996,B,545,165.0
2023-01-06,1795,B,373,249.217
2023-01-06,3454,B,430,217.0
2023-01-06,1701,A,1183,31.1
2023-01-06,4129,A,742,49.55
2023-01-06,3498,A,1023,35.95
2023-01-06,1752,A,576,51.1
2023-01-06,2201,B,1365,64.736
2023-01-06,2929,A,2050,18.05
2023-01-06,1707,A,230,160.5
2023-01-06,2597,A,293,125.5
2023-01-06,4153,A,907,40.55
2023-01-06,2063,A,845,43.5
2023-01-06,4747,A,718,51.2
2023-01-06,8931,A,884,41.6
2023-01-06,1720,A,598,61.5
2023-01-06,8249,A,1282,28.2
2023-01-06,8033,A,863,41.9
2023-01-13,8996,B,545,165.0
2023-01-13,1795,B,373,249.217
2023-01-13,3454,B,430,217.0
2023-01-13,3498,A,1023,35.95
2023-01-13,2201,B,1313,65.973
2023-01-13,2597,A,293,125.5
2023-01-13,2063,A,845,43.5
2023-01-13,8931,A,884,41.6
2023-01-13,8249,A,1282,28.2
2023-01-13,2916,A,1258,27.9
2023-01-13,5340,A,872,40.25
2023-01-13,2230,A,818,42.9
2023-01-13,2723,A,239,146.5
2023-01-13,6245,A,371,94.6
2023-01-13,1584,A,1462,24.0
2023-01-13,1268,A,273,128.5
2023-01-13,2444,A,1971,17.8
2023-01-17,8996,B,545,165.0
2023-01-17,1795,B,373,249.217
2023-01-17,3454,B,430,217.0
2023-01-17,2201,B,1269,68.988
2023-01-17,2597,A,293,125.5
2023-01-17,2063,A,845,43.5
2023-01-17,8931,A,884,41.6
2023-01-17,2916,A,1258,27.9
2023-01-17,5340,A,872,40.25
2023-01-17,2230,A,818,42.9
2023-01-17,2444,A,1971,17.8
2023-01-17,1443,A,1301,27.7
2023-01-17,2493,A,774,46.55
2023-01-17,2752,A,165,217.5
2023-01-17,4763,A,130,276.0
2023-01-17,3693,A,264,136.5
2023-01-17,1707,A,222,162.0
2023-01-17,2929,A,2089,17.25
2023-01-17,8996,B,545,165.0
2023-01-17,1795,B,373,249.217
2023-01-17,3454,B,430,217.0
2023-01-17,2201,B,1269,70.194
2023-01-17,2597,A,293,125.5
2023-01-17,2063,A,845,43.5
2023-01-17,8931,A,884,41.6
2023-01-17,2916,A,1258,27.9
2023-01-17,5340,A,872,40.25
2023-01-17,2230,A,818,42.9
2023-01-17,2444,A,1971,17.8
2023-01-17,1443,A,1301,27.7
2023-01-17,2493,A,774,46.55
2023-01-17,2752,A,165,217.5
2023-01-17,4763,A,130,276.0
2023-01-17,3693,A,264,136.5
2023-01-17,1707,A,222,162.0
2023-01-17,2929,A,2089,17.25
2023-02-03,8996,B,545,165.0
2023-02-03,1795,B,373,249.217
2023-02-03,2201,B,1212,74.936
2023-02-03,2063,A,845,43.5
2023-02-03,8931,A,884,41.6
2023-02-03,2916,A,1258,27.9
2023-02-03,5340,A,872,40.25
2023-02-03,2230,A,818,42.9
2023-02-03,1443,A,1301,27.7
2023-02-03,2493,A,774,46.55
2023-02-03,2752,A,165,217.5
2023-02-03,4763,A,363,266.051
2023-02-03,1707,A,222,162.0
2023-02-03,6612,A,300,126.0
2023-02-03,6180,A,462,81.9
2023-02-03,8210,A,437,86.5
2023-02-10,8996,B,426,165.0
2023-02-10,1795,B,373,249.217
2023-02-10,2201,B,1212,74.936
2023-02-10,2916,A,1258,27.9
2023-02-10,5340,A,872,40.25
2023-02-10,2752,A,165,217.5
2023-02-10,6612,A,300,126.0
2023-02-10,6180,A,462,81.9
2023-02-10,3310,A,732,53.2
2023-02-10,2236,A,988,39.45
2023-02-10,2482,A,957,40.7
2023-02-10,6188,A,829,47.0
2023-02-10,4155,A,1165,33.45
2023-02-10,5439,A,674,57.8
2023-02-10,2852,A,2341,16.65
2023-02-10,1432,A,2451,15.9
2023-02-10,2897,A,4048,9.63
2023-02-10,6282,A,1031,37.8
2023-02-10,4763,B,340,286.0
2023-02-17,8996,B,426,165.0
2023-02-17,1795,B,373,249.217
2023-02-17,2201,B,1212,74.936
2023-02-17,2752,A,165,217.5
2023-02-17,3310,A,732,53.2
2023-02-17,2236,A,988,39.45
2023-02-17,2482,A,957,40.7
2023-02-17,1432,A,2451,15.9
2023-02-17,4763,B,340,286.0
2023-02-17,2453,A,934,43.0
2023-02-17,6128,A,1205,33.35
2023-02-17,6290,A,571,70.3
2023-02-17,3029,A,855,47.0
2023-02-17,3209,A,961,41.8
2023-02-17,5315,A,1965,20.45
2023-02-17,1591,A,1534,26.2
2023-02-17,1473,A,1650,24.35
2023-02-17,6752,A,395,101.5
2023-02-17,6266,A,1263,31.8
2023-02-24,8996,B,426,165.0
2023-02-24,1795,B,373,249.217
2023-02-24,2201,B,1212,74.936
2023-02-24,2752,A,165,217.5
2023-02-24,3310,A,732,53.2
2023-02-24,4763,B,340,286.0
2023-02-24,2453,A,934,43.0
2023-02-24,5315,A,1965,20.45
2023-02-24,1473,A,1650,24.35
2023-02-24,6752,A,315,101.5
2023-02-24,1108,A,2957,14.15
2023-02-24,2727,A,150,278.5
2023-02-24,8936,A,1360,30.75
2023-02-24,6417,A,363,115.0
2023-02-24,2230,A,582,71.8
2023-02-24,1437,A,1354,30.9
2023-02-24,1506,A,1893,22.1
2023-02-24,4526,A,2513,16.65
2023-02-24,2640,A,387,108.0
2023-03-03,1795,B,373,249.217
2023-03-03,2752,A,165,217.5
2023-03-03,3310,A,732,53.2
2023-03-03,4763,B,340,286.0
2023-03-03,2453,A,934,43.0
2023-03-03,5315,A,1965,20.45
2023-03-03,1473,A,1650,24.35
2023-03-03,6752,A,315,101.5
2023-03-03,2727,A,150,278.5
2023-03-03,8936,A,1360,30.75
2023-03-03,6417,A,363,115.0
2023-03-03,5452,A,1977,21.45
2023-03-03,3652,A,1348,31.45
2023-03-03,4995,A,892,47.5
2023-03-03,6123,A,617,68.7
2023-03-03,1535,A,864,49.05
2023-03-03,6128,A,1216,34.85
2023-03-03,3443,B,98,1080.0
2023-03-03,1513,B,1120,94.6
2023-03-10,1795,B,373,249.217
2023-03-10,3310,A,732,53.2
2023-03-10,4763,B,340,286.0
2023-03-10,2453,A,691,43.0
2023-03-10,6417,A,363,115.0
2023-03-10,4995,A,892,47.5
2023-03-10,3443,B,98,1080.0
2023-03-10,1513,B,1120,94.6
2023-03-10,7402,A,603,68.6
2023-03-10,2449,A,882,46.95
2023-03-10,2065,A,656,63.1
2023-03-10,8111,A,1804,22.95
2023-03-10,5403,A,483,85.6
2023-03-10,2471,A,966,42.85
2023-03-10,3005,A,721,57.4
2023-03-10,3362,A,381,108.5
2023-03-10,3029,A,758,54.6
2023-03-10,8131,A,940,44.05
2023-03-10,2535,A,1247,33.2
2023-03-17,3310,A,732,53.2
2023-03-17,4763,B,340,286.0
2023-03-17,3443,B,98,1080.0
2023-03-17,1513,B,1120,94.6
2023-03-17,2449,A,882,46.95
2023-03-17,8111,A,1804,22.95
2023-03-17,5403,A,483,85.6
2023-03-17,3005,A,721,57.4
2023-03-17,2535,A,1247,33.2
2023-03-17,3611,A,177,232.5
2023-03-17,2457,A,699,59.1
2023-03-17,6235,A,604,68.4
2023-03-17,4550,A,1362,30.35
2023-03-17,3594,A,892,46.35
2023-03-17,8049,A,1049,39.4
2023-03-17,3088,A,529,78.1
2023-03-17,2755,A,301,137.0
2023-03-17,3093,A,986,41.95
2023-03-17,3454,B,388,266.5
2023-03-24,4763,B,340,286.0
2023-03-24,3443,B,98,1080.0
2023-03-24,1513,B,1120,94.6
2023-03-24,3611,A,177,232.5
2023-03-24,4550,A,1362,30.35
2023-03-24,2546,A,620,67.5
2023-03-24,3231,A,1047,40.0
2023-03-24,3056,A,962,43.5
2023-03-24,6122,A,1490,28.1
2023-03-24,6449,A,745,56.2
2023-03-24,4995,A,771,54.3
2023-03-24,7402,A,523,80.0
2023-03-24,6776,A,846,49.5
2023-03-24,5289,A,138,301.5
2023-03-24,8926,A,954,43.9
2023-03-24,2727,A,134,311.5
2023-03-24,3032,A,1117,37.5
2023-03-24,2457,B,1745,60.0
2023-03-31,4763,B,340,286.0
2023-03-31,3443,B,98,1080.0
2023-03-31,2546,A,620,67.5
2023-03-31,3231,A,1047,40.0
2023-03-31,3056,A,962,43.5
2023-03-31,6122,A,1490,28.1
2023-03-31,6449,A,745,56.2
2023-03-31,4995,A,771,54.3
2023-03-31,6776,A,846,49.5
2023-03-31,5289,A,138,301.5
2023-03-31,3032,A,1117,37.5
2023-03-31,2457,B,1745,60.0
2023-03-31,3078,A,962,44.3
2023-03-31,2382,A,478,89.1
2023-03-31,2356,A,1334,31.95
2023-03-31,2353,A,1514,28.15
2023-03-31,6168,A,1649,25.85
2023-03-31,3310,A,631,67.5
2023-03-31,6472,B,144,740.0
2023-04-07,4763,B,340,286.0
2023-04-07,3443,B,98,1080.0
2023-04-07,2546,A,620,67.5
2023-04-07,3231,A,1047,40.0
2023-04-07,3056,A,962,43.5
2023-04-07,5289,A,138,301.5
2023-04-07,3032,A,1117,37.5
2023-04-07,2457,B,1745,60.0
2023-04-07,3078,A,962,44.3
2023-04-07,2382,A,478,89.1
2023-04-07,2356,A,1334,31.95
2023-04-07,6168,A,1649,25.85
2023-04-07,3310,A,631,67.5
2023-04-07,6472,B,144,740.0
2023-04-07,2423,A,1292,33.7
2023-04-07,3324,A,189,230.0
2023-04-07,3025,A,1382,31.5
2023-04-07,6024,A,1002,43.45
2023-04-07,6235,A,541,80.4
2023-04-14,3056,A,1572,45.44
2023-04-14,2423,A,2246,33.806
2023-04-14,3324,A,308,236.761
2023-04-14,3025,A,2311,32.103
2023-04-14,6248,A,2172,35.1
2023-04-14,6203,A,1037,73.5
2023-04-14,3518,A,2500,30.5
2023-04-14,6703,A,443,172.0
2023-04-14,6829,A,610,125.0
2023-04-14,6263,A,625,122.0
2023-04-14,2457,A,1105,69.0
2023-04-14,4129,A,1152,66.2
2023-04-14,6122,A,2311,33.0
2023-04-14,1108,A,4752,16.05
2023-04-14,5009,A,1297,58.8
2023-04-21,3518,A,2500,30.5
2023-04-21,2457,A,1105,69.0
2023-04-21,4728,A,287,258.5
2023-04-21,6163,A,2937,25.3
2023-04-21,3011,A,2523,29.45
2023-04-21,8416,A,523,142.0
2023-04-21,3693,A,378,196.5
2023-04-21,1784,A,1329,55.9
2023-04-21,3363,A,2377,31.25
2023-04-21,3038,A,2672,27.8
2023-04-21,1519,A,778,95.4
2023-04-21,6186,A,1688,44.0
2023-04-21,6743,A,1232,60.3
2023-04-21,6167,A,4358,17.05
2023-04-21,3078,A,1442,51.5
2023-04-28,4728,A,287,258.5
2023-04-28,6186,A,1688,44.0
2023-04-28,4741,A,1964,39.25
2023-04-28,1905,A,3147,24.5
2023-04-28,5213,A,2804,27.5
2023-04-28,6218,A,3186,24.2
2023-04-28,6148,A,2104,36.65
2023-04-28,4175,A,682,113.0
2023-04-28,6829,A,521,148.0
2023-04-28,6703,A,416,185.0
2023-04-28,3056,A,1559,49.45
2023-04-28,6263,A,604,127.5
2023-04-28,2634,A,1329,58.0
2023-04-28,1529,A,1836,42.0
2023-05-05,4728,A,287,258.5
2023-05-05,1905,A,3147,24.5
2023-05-05,6218,A,3186,24.2
2023-05-05,6148,A,2104,36.65
2023-05-05,4175,A,682,113.0
2023-05-05,1529,A,1836,42.0
2023-05-05,4121,A,2270,34.75
2023-05-05,1727,A,1903,41.45
2023-05-05,1731,A,3521,22.4
2023-05-05,6625,A,917,86.0
2023-05-05,1784,A,1126,70.0
2023-05-05,2630,A,2354,33.5
2023-05-05,6803,A,257,306.5
2023-05-05,4104,A,843,93.5
2023-05-05,1104,A,2660,29.65
2023-05-12,4175,A,682,113.0
2023-05-12,6803,A,257,306.5
2023-05-12,1104,A,2660,29.65
2023-05-12,8085,A,1994,37.7
2023-05-12,6703,A,362,207.5
2023-05-12,2887,A,4120,18.25
2023-05-12,2704,A,1746,43.05
2023-05-12,1580,A,629,119.5
2023-05-12,5864,A,4189,17.95
2023-05-12,6214,A,831,90.4
2023-05-12,6112,A,1176,63.9
2023-05-12,2916,A,1777,42.3
2023-05-12,4160,A,1563,48.1
2023-05-12,1796,A,513,146.5
2023-05-12,2493,A,1312,57.3
2023-05-19,8085,A,1994,37.7
2023-05-19,2704,A,1746,43.05
2023-05-19,1580,A,629,119.5
2023-05-19,6214,A,831,90.4
2023-05-19,6112,A,1176,63.9
2023-05-19,5906,A,1250,60.4
2023-05-19,2743,A,686,110.0
2023-05-19,9943,A,934,80.8
2023-05-19,2745,A,1178,64.1
2023-05-19,6139,A,1182,63.9
2023-05-19,6625,A,786,96.1
2023-05-19,5356,A,2777,27.2
2023-05-19,6276,A,2033,37.15
2023-05-19,8426,A,1120,67.4
2023-05-19,8422,A,370,204.0
2023-05-26,2704,A,1746,43.05
2023-05-26,1580,A,629,119.5
2023-05-26,5906,A,1250,60.4
2023-05-26,2743,A,686,110.0
2023-05-26,9943,A,934,80.8
2023-05-26,2745,A,1178,64.1
2023-05-26,2323,A,7098,10.85
2023-05-26,5243,A,932,82.6
2023-05-26,2421,A,911,84.5
2023-05-26,5864,A,3720,20.7
2023-05-26,3617,A,398,193.5
2023-05-26,2427,A,3162,24.35
2023-05-26,6577,A,998,77.1
2023-05-26,2722,A,1130,68.1
2023-05-26,3231,A,1184,65.0
2023-06-02,5906,A,701,60.4
2023-06-02,2323,A,4091,10.85
2023-06-02,5864,A,2227,20.7
2023-06-02,2427,A,1699,24.35
2023-06-02,1525,A,453,110.5
2023-06-02,2493,A,731,68.5
2023-06-02,6579,A,364,137.5
2023-06-02,4543,A,1000,50.1
2023-06-02,2618,A,1374,36.45
2023-06-02,3131,A,94,528.0
2023-06-02,2736,A,1246,40.2
2023-06-02,8905,A,1553,32.25
2023-06-02,3444,A,659,76.0
2023-06-02,6124,A,1429,35.05
2023-06-02,3231,B,1761,71.1
2023-06-02,3443,B,87,1425.0
2023-06-02,2382,B,1061,118.0
2023-06-02,1519,B,792,158.0
2023-06-09,2323,A,4091,10.85
2023-06-09,5864,A,2227,20.7
2023-06-09,4543,A,1000,50.1
2023-06-09,2736,A,1246,40.2
2023-06-09,3231,B,1761,71.1
2023-06-09,3443,B,87,1425.0
2023-06-09,2382,B,1061,118.0
2023-06-09,6577,A,470,108.5
2023-06-09,2743,A,314,162.5
2023-06-09,2745,A,484,105.5
2023-06-09,2486,A,1174,43.5
2023-06-09,9943,A,505,101.0
2023-06-09,2704,A,976,52.3
2023-06-09,6625,A,374,136.5
2023-06-09,2206,A,522,97.8
2023-06-09,2352,A,1125,45.4
2023-06-09,2630,A,831,61.4
2023-06-09,8410,A,1175,43.45
2023-06-09,2376,B,530,240.5
2023-06-16,2323,A,4091,10.85
2023-06-16,5864,A,2227,20.7
2023-06-16,4543,A,1000,50.1
2023-06-16,3231,B,1761,71.1
2023-06-16,3443,B,87,1425.0
2023-06-16,2382,B,1061,118.0
2023-06-16,6577,A,470,108.5
2023-06-16,2486,A,1174,43.5
2023-06-16,2352,A,1125,45.4
2023-06-16,2376,B,527,248.868
2023-06-16,4533,A,2136,25.15
2023-06-16,6016,A,3824,14.05
2023-06-16,4979,A,583,92.1
2023-06-16,6189,A,1214,44.25
2023-06-16,2618,A,1336,40.2
2023-06-16,6235,A,320,167.5
2023-06-16,2425,A,1329,40.4
2023-06-16,2383,A,220,244.0
2023-06-21,2323,A,4091,10.85
2023-06-21,3231,B,1761,71.1
2023-06-21,3443,B,87,1425.0
2023-06-21,2382,B,1061,118.0
2023-06-21,2486,A,1174,43.5
2023-06-21,4533,A,2136,25.15
2023-06-21,4979,A,583,92.1
2023-06-21,6125,A,849,63.5
2023-06-21,8087,A,1026,52.6
2023-06-21,2722,A,477,113.0
2023-06-21,1234,A,1277,42.25
2023-06-21,2371,A,1043,51.7
2023-06-21,2376,A,207,260.0
2023-06-21,2468,A,1229,43.9
2023-06-21,3213,A,873,61.8
2023-06-21,2610,A,1934,27.9
2023-06-21,8410,A,1129,47.8
2023-06-21,1103,A,2362,22.85
2023-06-21,2618,B,3335,40.45
2023-06-30,3231,B,1761,71.1
2023-06-30,2382,B,1061,118.0
2023-06-30,2486,A,1174,43.5
2023-06-30,4533,A,2136,25.15
2023-06-30,4979,A,583,92.1
2023-06-30,6125,A,849,63.5
2023-06-30,8087,A,1026,52.6
2023-06-30,2371,A,1043,51.7
2023-06-30,8410,A,1129,47.8
2023-06-30,2618,B,3335,40.45
2023-06-30,2059,A,81,663.0
2023-06-30,8085,A,1079,50.2
2023-06-30,5356,A,1709,31.7
2023-06-30,6191,A,1180,45.9
2023-06-30,2755,A,286,189.0
2023-06-30,2236,A,845,64.1
2023-06-30,1522,A,1458,37.15
2023-06-30,6276,A,1010,53.6
2023-06-30,2376,B,556,243.5
2023-07-07,3231,B,1353,92.019
2023-07-07,2382,B,1061,118.0
2023-07-07,4533,A,1597,25.15
2023-07-07,4979,A,412,92.1
2023-07-07,6125,A,849,63.5
2023-07-07,2618,B,3335,40.45
2023-07-07,6191,A,1180,45.9
2023-07-07,2376,B,556,243.5
2023-07-07,6451,A,468,122.5
2023-07-07,4563,A,940,61.0
2023-07-07,5864,A,1881,30.5
2023-07-07,3035,A,234,244.5
2023-07-07,1603,A,1557,36.85
2023-07-07,4583,A,217,263.5
2023-07-07,4207,A,3345,17.15
2023-07-07,6187,A,526,109.0
2023-07-07,3089,A,459,125.0
2023-07-07,8050,A,590,97.1
2023-07-14,3231,B,1076,121.98
2023-07-14,2382,B,771,165.938
2023-07-14,4979,A,412,92.1
2023-07-14,2618,B,3335,40.45
2023-07-14,2376,B,556,243.5
2023-07-14,3035,A,234,244.5
2023-07-14,3089,A,459,125.0
2023-07-14,3284,A,2974,20.55
2023-07-14,6538,A,386,158.0
2023-07-14,2059,A,76,800.0
2023-07-14,8048,A,653,93.6
2023-07-14,5234,A,425,143.5
2023-07-14,2383,A,199,306.5
2023-07-14,1535,A,976,62.6
2023-07-14,6139,A,750,81.4
2023-07-14,2539,A,1331,45.9
2023-07-21,3231,B,1076,121.98
2023-07-21,2382,B,686,201.923
2023-07-21,4979,A,412,92.1
2023-07-21,2376,B,556,243.5
2023-07-21,3035,A,164,244.5
2023-07-21,3089,A,459,125.0
2023-07-21,2059,A,76,800.0
2023-07-21,2383,A,199,306.5
2023-07-21,6569,A,255,243.0
2023-07-21,6527,A,544,114.0
2023-07-21,3483,A,409,151.5
2023-07-21,6187,A,473,131.0
2023-07-21,6579,A,325,191.0
2023-07-21,8087,A,880,70.5
2023-07-21,3013,A,1092,56.8
2023-07-21,8210,A,275,225.5
2023-07-21,3444,A,707,87.7
2023-07-21,2356,A,926,67.0
2023-07-28,3231,B,1076,121.98
2023-07-28,2382,B,686,201.923
2023-07-28,4979,A,325,92.1
2023-07-28,2376,B,556,243.5
2023-07-28,3089,A,459,125.0
2023-07-28,2059,A,76,800.0
2023-07-28,2383,A,155,306.5
2023-07-28,3483,A,409,151.5
2023-07-28,6187,A,473,131.0
2023-07-28,6579,A,325,191.0
2023-07-28,2356,A,926,67.0
2023-07-28,4763,A,67,950.0
2023-07-28,4953,A,386,167.0
2023-07-28,3014,A,408,158.0
2023-07-28,3017,A,183,352.0
2023-07-28,2539,A,1340,48.1
2023-07-28,3338,A,911,70.7
2023-07-28,6016,A,4016,16.05
2023-08-04,3231,B,1076,121.98
2023-08-04,2382,B,686,201.923
2023-08-04,4979,A,325,92.1
2023-08-04,2376,B,556,243.5
2023-08-04,3089,A,459,125.0
2023-08-04,2383,A,155,306.5
2023-08-04,6579,A,325,191.0
2023-08-04,4763,A,67,950.0
2023-08-04,3014,A,408,158.0
2023-08-04,3017,A,183,352.0
2023-08-04,2539,A,1340,48.1
2023-08-04,6186,A,1142,49.65
2023-08-04,2329,A,1207,47.0
2023-08-04,5508,A,748,75.8
2023-08-04,6538,A,359,158.0
2023-08-04,2851,A,2399,23.65
2023-08-04,3363,A,833,68.1
2023-08-04,2425,A,1099,51.6
2023-08-04,3056,A,1112,51.0
2023-08-04,2886,A,1432,39.6
2023-08-04,2301,B,881,140.0
2023-08-11,3089,A,459,125.0
2023-08-11,2383,A,226,337.445
2023-08-11,3017,A,286,340.836
2023-08-11,2539,A,1929,47.947
2023-08-11,2329,A,2022,46.355
2023-08-11,2851,A,3673,24.118
2023-08-11,2425,A,1716,52.283
2023-08-11,8930,A,3076,29.85
2023-08-11,3483,A,626,146.5
2023-08-11,3693,A,197,466.0
2023-08-11,6191,A,1762,52.1
2023-08-11,3213,A,1356,67.7
2023-08-11,3583,A,421,218.0
2023-08-11,8410,A,1679,54.7
2023-08-11,1477,A,298,308.0
2023-08-11,2301,A,670,137.0
2023-08-18,3089,A,459,125.0
2023-08-18,2383,A,226,337.445
2023-08-18,3017,A,286,340.836
2023-08-18,2329,A,2022,46.355
2023-08-18,8930,A,3076,29.85
2023-08-18,6191,A,1762,52.1
2023-08-18,3583,A,421,218.0
2023-08-18,3206,A,1974,47.2
2023-08-18,2488,A,2475,37.65
2023-08-18,6418,A,3812,24.45
2023-08-18,3567,A,2381,39.15
2023-08-18,2363,A,3531,26.4
2023-08-18,2368,A,458,203.5
2023-08-18,6139,A,1035,90.0
2023-08-18,2059,A,102,906.0
2023-08-18,3035,A,284,328.0
2023-08-25,3089,A,459,125.0
2023-08-25,2383,A,226,337.445
2023-08-25,3017,A,286,340.836
2023-08-25,2329,A,2022,46.355
2023-08-25,6191,A,1762,52.1
2023-08-25,2488,A,2475,37.65
2023-08-25,6418,A,3812,24.45
2023-08-25,3567,A,2381,39.15
2023-08-25,2363,A,3531,26.4
2023-08-25,2368,A,458,203.5
2023-08-25,6139,A,1035,90.0
2023-08-25,3043,A,1568,60.9
2023-08-25,2516,A,12248,7.8
2023-08-25,1477,A,283,337.0
2023-08-25,2538,A,6368,15.0
2023-08-25,2360,A,339,281.5
2023-09-01,3089,A,459,125.0
2023-09-01,2383,A,226,337.445
2023-09-01,2363,A,2505,26.4
2023-09-01,2368,A,458,203.5
2023-09-01,6139,A,1035,90.0
2023-09-01,3043,A,1568,60.9
2023-09-01,2516,A,12248,7.8
2023-09-01,1477,A,283,337.0
2023-09-01,8927,A,1456,65.0
2023-09-01,3311,A,2222,42.6
2023-09-01,3715,A,1663,56.9
2023-09-01,2331,A,2351,40.25
2023-09-01,2816,A,3506,27.0
2023-09-01,8410,A,1681,56.3
2023-09-01,4763,A,95,990.0
2023-09-08,3089,A,459,125.0
2023-09-08,2363,A,2505,26.4
2023-09-08,8927,A,1456,65.0
2023-09-08,3311,A,2222,42.6
2023-09-08,3715,A,1663,56.9
2023-09-08,2816,A,2793,27.0
2023-09-08,4763,A,95,990.0
2023-09-08,4542,A,1404,68.4
2023-09-08,3548,A,810,118.5
2023-09-08,6165,A,2462,39.0
2023-09-08,2485,A,3399,28.25
2023-09-08,6173,A,1930,49.75
2023-09-08,3213,A,1315,73.0
2023-09-08,6191,A,1574,61.0
2023-09-08,8930,A,3073,31.25
2023-09-08,4908,A,1592,60.3
2023-09-15,3089,A,459,125.0
2023-09-15,2363,A,2505,26.4
2023-09-15,3311,A,2222,42.6
2023-09-15,3715,A,1663,56.9
2023-09-15,2816,A,2793,27.0
2023-09-15,4763,A,95,990.0
2023-09-15,4542,A,1404,68.4
2023-09-15,3548,A,810,118.5
2023-09-15,2485,A,3399,28.25
2023-09-15,3213,A,1315,73.0
2023-09-15,6191,A,1574,61.0
2023-09-15,4908,A,1592,60.3
2023-09-15,2025,A,13218,7.47
2023-09-15,3014,A,551,179.0
2023-09-15,1582,A,1519,65.0
2023-09-15,2516,A,12975,7.61
2023-09-22,3089,A,459,125.0
2023-09-22,4542,A,1404,68.4
2023-09-22,3548,A,810,118.5
2023-09-22,4908,A,1258,60.3
2023-09-22,2025,A,13218,7.47
2023-09-22,3709,A,2748,34.55
2023-09-22,5321,A,768,123.5
2023-09-22,1522,A,2183,43.5
2023-09-22,3090,A,1572,60.4
2023-09-22,1319,A,1195,79.4
2023-09-22,8068,A,2082,45.6
2023-09-22,1339,A,1707,55.6
2023-09-22,9929,A,6226,15.25
2023-09-22,5533,A,4933,19.25
2023-09-22,9930,A,1601,59.3
2023-09-22,8081,A,356,266.0
2023-09-28,3089,A,459,125.0
2023-09-28,4542,A,1404,68.4
2023-09-28,3548,A,810,118.5
2023-09-28,4908,A,1258,60.3
2023-09-28,3709,A,2748,34.55
2023-09-28,5321,A,768,123.5
2023-09-28,1522,A,2183,43.5
2023-09-28,3090,A,1572,60.4
2023-09-28,1319,A,1195,79.4
2023-09-28,1339,A,1707,55.6
2023-09-28,9929,A,6226,15.25
2023-09-28,5533,A,4933,19.25
2023-09-28,2543,A,6671,14.4
2023-09-28,3036,A,861,111.5
2023-09-28,3715,A,1146,83.8
2023-09-28,2363,A,2544,37.75
2023-10-06,3089,A,459,125.0
2023-10-06,4908,A,1258,60.3
2023-10-06,3709,A,2748,34.55
2023-10-06,1522,A,2183,43.5
2023-10-06,1319,A,1195,79.4
2023-10-06,1339,A,1707,55.6
2023-10-06,5533,A,4933,19.25
2023-10-06,2543,A,6671,14.4
2023-10-06,3036,A,861,111.5
2023-10-06,3715,A,1146,83.8
2023-10-06,2363,A,2544,37.75
2023-10-06,2417,A,2805,34.25
2023-10-06,5432,A,1316,73.0
2023-10-06,8081,A,348,275.5
2023-10-06,2025,A,12644,7.6
2023-10-06,9930,A,1642,58.5
2023-10-13,3089,A,459,125.0
2023-10-13,4908,A,1258,60.3
2023-10-13,1319,A,1195,79.4
2023-10-13,1339,A,1707,55.6
2023-10-13,5533,A,4933,19.25
2023-10-13,2543,A,6671,14.4
2023-10-13,3036,A,861,111.5
2023-10-13,3715,A,1146,83.8
2023-10-13,2363,A,2544,37.75
2023-10-13,2417,A,2805,34.25
2023-10-13,5432,A,1316,73.0
2023-10-13,2025,A,12644,7.6
2023-10-13,4102,A,2284,43.0
2023-10-13,1477,A,272,360.0
2023-10-13,3051,A,3138,31.3
2023-10-13,3090,A,1650,59.5
2023-10-20,3089,A,459,125.0
2023-10-20,4908,A,1258,60.3
2023-10-20,1319,A,1195,79.4
2023-10-20,1339,A,1707,55.6
2023-10-20,2543,A,6671,14.4
2023-10-20,3036,A,861,111.5
2023-10-20,3715,A,1146,83.8
2023-10-20,2363,A,1779,37.75
2023-10-20,1477,A,272,360.0
2023-10-20,2233,A,679,140.5
2023-10-20,3702,A,1408,67.8
2023-10-20,9946,A,5521,17.3
2023-10-20,6419,A,1565,61.0
2023-10-20,3679,A,931,102.5
2023-10-20,2516,A,10496,9.1
2023-10-20,3276,A,4090,23.35
2023-10-27,3089,A,459,125.0
2023-10-27,4908,A,1258,60.3
2023-10-27,2543,A,5196,14.4
2023-10-27,2363,A,1779,37.75
2023-10-27,2233,A,679,140.5
2023-10-27,3702,A,1408,67.8
2023-10-27,9946,A,5521,17.3
2023-10-27,6419,A,1565,61.0
2023-10-27,3679,A,931,102.5
2023-10-27,2516,A,10496,9.1
2023-10-27,3276,A,4090,23.35
2023-10-27,5521,A,10296,9.36
2023-10-27,1582,A,1438,67.0
2023-10-27,6530,A,1853,52.0
2023-10-27,2816,A,2615,36.85
2023-11-03,3089,A,459,125.0
2023-11-03,4908,A,1258,60.3
2023-11-03,2543,A,5196,14.4
2023-11-03,2363,A,1779,37.75
2023-11-03,3702,A,1408,67.8
2023-11-03,9946,A,5521,17.3
2023-11-03,6419,A,1565,61.0
2023-11-03,2516,A,10496,9.1
2023-11-03,5521,A,10296,9.36
2023-11-03,1582,A,1438,67.0
2023-11-03,2816,A,2615,36.85
2023-11-03,6593,A,701,138.5
2023-11-03,6292,A,1546,62.8
2023-11-03,3036,A,776,125.0
2023-11-03,3548,A,614,158.0
2023-11-03,2417,A,2790,34.8
2023-11-10,3089,A,459,125.0
2023-11-10,2543,A,2689,14.4
2023-11-10,3702,A,794,67.8
2023-11-10,9946,A,3080,17.3
2023-11-10,1582,A,787,67.0
2023-11-10,6593,A,422,138.5
2023-11-10,3036,A,414,125.0
2023-11-10,3548,A,320,158.0
2023-11-10,3376,A,511,112.0
2023-11-10,5519,A,2105,27.2
2023-11-10,5508,A,664,86.2
2023-11-10,9924,A,1189,48.15
2023-11-10,1713,A,1388,41.25
2023-11-10,8163,A,1114,51.4
2023-11-10,2850,A,806,71.0
2023-11-10,3444,A,530,108.0
2023-11-10,3661,B,59,3200.0
2023-11-10,3715,B,2365,80.7
2023-11-10,2363,B,4232,45.1
2023-11-17,3089,A,459,125.0
2023-11-17,2543,A,1837,14.4
2023-11-17,9946,A,3080,17.3
2023-11-17,1582,A,787,67.0
2023-11-17,3376,A,511,112.0
2023-11-17,5519,A,2105,27.2
2023-11-17,5508,A,664,86.2
2023-11-17,9924,A,1189,48.15
2023-11-17,1713,A,1388,41.25
2023-11-17,3715,B,3283,84.251
2023-11-17,2363,B,6257,46.362
2023-11-17,2385,A,402,152.5
2023-11-17,3402,A,1039,59.0
2023-11-17,5213,A,2051,29.9
2023-11-17,2439,A,573,107.0
2023-11-17,2387,A,1053,58.2
2023-11-17,4129,A,741,82.7
2023-11-17,4766,A,227,270.0
2023-11-24,3089,A,459,125.0
2023-11-24,2543,A,1837,14.4
2023-11-24,9946,A,3080,17.3
2023-11-24,1582,A,787,67.0
2023-11-24,3715,B,3283,84.251
2023-11-24,2363,B,6257,46.362
2023-11-24,3402,A,1039,59.0
2023-11-24,5213,A,2051,29.9
2023-11-24,2439,A,573,107.0
2023-11-24,4129,A,741,82.7
2023-11-24,3545,A,489,125.0
2023-11-24,8467,A,441,138.5
2023-11-24,5533,A,2585,23.65
2023-11-24,2547,A,6272,9.75
2023-11-24,3147,A,543,112.5
2023-11-24,1515,A,1014,60.3
2023-11-24,2539,A,1226,49.85
2023-11-24,2355,A,1228,49.8
2023-12-01,3089,A,459,125.0
2023-12-01,1582,A,787,67.0
2023-12-01,3715,B,1971,84.251
2023-12-01,2363,B,4447,46.362
2023-12-01,3402,A,1039,59.0
2023-12-01,5213,A,2051,29.9
2023-12-01,2439,A,573,107.0
2023-12-01,8467,A,441,138.5
2023-12-01,3437,A,1961,32.85
2023-12-01,5478,A,369,174.5
2023-12-01,6716,A,444,145.0
2023-12-01,2467,A,1056,61.0
2023-12-01,1733,A,2210,29.15
2023-12-01,6204,A,548,117.5
2023-12-01,3266,A,3692,17.45
2023-12-01,2313,A,2388,72.1
2023-12-01,5432,A,649,99.2
2023-12-08,3089,A,459,125.0
2023-12-08,3715,B,1971,84.251
2023-12-08,5213,A,2051,29.9
2023-12-08,3437,A,1961,32.85
2023-12-08,5478,A,369,174.5
2023-12-08,2467,A,1056,61.0
2023-12-08,3266,A,3692,17.45
2023-12-08,2211,A,702,89.1
2023-12-08,4561,A,1503,41.65
2023-12-08,5278,A,273,229.0
2023-12-08,2385,A,355,176.0
2023-12-08,2476,A,910,68.8
2023-12-08,3390,A,2390,26.2
2023-12-08,6121,A,149,418.0
2023-12-08,5230,A,2137,29.3
2023-12-08,2612,A,1091,57.4
2023-12-08,1616,A,3853,16.25
2023-12-08,1519,B,426,367.0
2023-12-08,2313,B,2269,69.0
2023-12-08,2329,B,2583,60.6
2023-12-15,3089,A,459,125.0
2023-12-15,3715,B,1971,84.251
2023-12-15,2211,A,702,89.1
2023-12-15,2385,A,355,176.0
2023-12-15,2476,A,910,68.8
2023-12-15,3390,A,2390,26.2
2023-12-15,6121,A,149,418.0
2023-12-15,1519,B,426,367.0
2023-12-15,2313,B,2269,69.0
2023-12-15,6239,A,404,152.5
2023-12-15,5515,A,3425,18.0
2023-12-15,8930,A,1503,41.0
2023-12-15,8112,A,906,68.0
2023-12-15,1514,A,707,87.2
2023-12-15,3287,A,1653,37.3
2023-12-15,2472,A,823,74.9
2023-12-15,5521,A,4252,14.5
2023-12-15,4939,A,2828,21.8
2023-12-15,1733,A,1891,32.6
2023-12-15,3661,B,44,3440.0
2023-12-22,3089,A,459,125.0
2023-12-22,2211,A,702,89.1
2023-12-22,1519,B,619,352.658
2023-12-22,2313,B,2269,69.0
2023-12-22,6239,A,404,152.5
2023-12-22,3287,A,1653,37.3
2023-12-22,5521,A,4252,14.5
2023-12-22,1733,A,1891,32.6
2023-12-22,2505,A,2664,22.4
2023-12-22,5426,A,2009,29.7
2023-12-22,2031,A,984,60.6
2023-12-22,3296,A,3021,19.75
2023-12-22,2636,A,627,95.1
2023-12-22,5213,A,1664,35.85
2023-12-22,3211,A,603,98.9
2023-12-22,4109,A,3490,17.1
2023-12-22,3008,A,22,2650.0
2023-12-22,6140,A,2291,26.05
2023-12-22,2329,B,3604,55.2
2023-12-29,3089,A,459,125.0
2023-12-29,2211,A,702,89.1
2023-12-29,1519,B,619,352.658
2023-12-29,2313,B,2269,69.0
2023-12-29,1733,A,1474,32.6
2023-12-29,2505,A,2664,22.4
2023-12-29,3296,A,3021,19.75
2023-12-29,5213,A,1664,35.85
2023-12-29,4109,A,3490,17.1
2023-12-29,3008,A,22,2650.0
2023-12-29,2329,B,3604,55.2
2023-12-29,2353,A,1103,53.8
2023-12-29,6231,A,228,259.5
2023-12-29,2357,A,121,489.5
2023-12-29,9935,A,2668,22.25
2023-12-29,6667,A,511,116.0
2023-12-29,8410,A,733,81.0
2023-12-29,6873,A,455,130.5
2023-12-29,3390,A,2019,29.4
2024-01-05,3089,A,459,125.0
2024-01-05,2211,A,702,89.1
2024-01-05,1519,B,439,352.658
2024-01-05,2313,B,2269,69.0
2024-01-05,2505,A,2664,22.4
2024-01-05,4109,A,3490,17.1
2024-01-05,2329,B,2702,55.2
2024-01-05,9935,A,2668,22.25
2024-01-05,6667,A,511,116.0
2024-01-05,6873,A,455,130.5
2024-01-05,5223,A,1259,46.5
2024-01-05,5403,A,496,118.0
2024-01-05,3086,A,313,187.0
2024-01-05,2611,A,3191,18.35
2024-01-05,1615,A,1284,45.6
2024-01-05,1325,A,1361,43.0
2024-01-05,6640,A,381,153.5
2024-01-05,8103,A,1281,45.7
2024-01-05,3402,A,801,73.1
2024-01-05,2353,B,2937,48.25
2024-01-12,3089,A,459,125.0
2024-01-12,2211,A,555,89.1
2024-01-12,1519,B,439,352.658
2024-01-12,2313,B,2269,69.0
2024-01-12,2505,A,2664,22.4
2024-01-12,2329,B,2702,55.2
2024-01-12,6873,A,455,130.5
2024-01-12,5403,A,496,118.0
2024-01-12,6640,A,381,153.5
2024-01-12,2353,B,2937,48.25
2024-01-12,6219,A,1756,32.7
2024-01-12,6140,A,1380,41.6
2024-01-12,5244,A,1235,46.5
2024-01-12,6416,A,517,111.0
2024-01-12,8467,A,351,163.5
2024-01-12,5426,A,1983,28.95
2024-01-12,6231,A,210,273.0
2024-01-12,6186,A,960,59.8
2024-01-12,2348,A,612,93.7
2024-01-12,2643,A,751,76.4
2024-01-19,3089,A,459,125.0
2024-01-19,2211,A,555,89.1
2024-01-19,1519,B,439,352.658
2024-01-19,2329,B,2702,55.2
2024-01-19,6873,A,455,130.5
2024-01-19,5403,A,496,118.0
2024-01-19,2353,B,4270,47.532
2024-01-19,6219,A,1756,32.7
2024-01-19,6140,A,1380,41.6
2024-01-19,5244,A,1235,46.5
2024-01-19,6416,A,517,111.0
2024-01-19,8467,A,351,163.5
2024-01-19,5426,A,1560,28.95
2024-01-19,5314,A,505,116.5
2024-01-19,6120,A,3483,16.9
2024-01-19,4109,A,2921,20.15
2024-01-19,3702,A,678,86.7
2024-01-19,3287,A,1305,45.1
2024-01-19,6667,A,542,108.5
2024-01-26,3089,A,459,125.0
2024-01-26,1519,B,439,352.658
2024-01-26,2329,B,2702,55.2
2024-01-26,6873,A,455,130.5
2024-01-26,5403,A,496,118.0
2024-01-26,2353,B,3297,47.532
2024-01-26,6219,A,1756,32.7
2024-01-26,6140,A,1380,41.6
2024-01-26,5244,A,1235,46.5
2024-01-26,5426,A,1560,28.95
2024-01-26,5314,A,505,116.5
2024-01-26,6869,A,497,121.0
2024-01-26,8027,A,692,87.0
2024-01-26,3265,A,510,118.0
2024-01-26,1615,A,1309,46.0
2024-01-26,3296,A,2553,23.6
2024-01-26,4129,A,599,100.5
2024-01-26,5278,A,270,223.0
2024-01-26,6640,A,354,170.0
2024-01-26,3661,B,29,3895.0
2024-02-02,3089,A,459,125.0
2024-02-02,1519,B,439,352.658
2024-02-02,2329,B,2702,55.2
2024-02-02,6873,A,455,130.5
2024-02-02,5403,A,496,118.0
2024-02-02,2353,B,4556,47.095
2024-02-02,5314,A,312,116.5
2024-02-02,8027,A,692,87.0
2024-02-02,3265,A,510,118.0
2024-02-02,6640,A,354,170.0
2024-02-02,3535,A,2487,25.25
2024-02-02,6229,A,1511,41.55
2024-02-02,3605,A,1639,38.3
2024-02-02,3297,A,2948,21.3
2024-02-02,6643,A,34,1805.0
2024-02-02,8227,A,154,406.0
2024-02-02,3376,A,359,174.5
2024-02-02,6667,A,477,131.5
2024-02-02,2467,A,723,86.8
2024-02-05,3089,A,459,125.0
2024-02-05,1519,B,315,352.658
2024-02-05,2329,B,2702,55.2
2024-02-05,6873,A,455,130.5
2024-02-05,5403,A,496,118.0
2024-02-05,2353,B,3344,47.095
2024-02-05,5314,A,312,116.5
2024-02-05,3265,A,510,118.0
2024-02-05,6640,A,354,170.0
2024-02-05,3535,A,2487,25.25
2024-02-05,6229,A,1511,41.55
2024-02-05,3605,A,1639,38.3
2024-02-05,6643,A,34,1805.0
2024-02-05,8227,A,154,406.0
2024-02-05,3376,A,359,174.5
2024-02-05,6667,A,477,131.5
2024-02-05,2467,A,723,86.8
2024-02-05,6265,A,4345,14.25
2024-02-05,1713,A,1320,46.9
2024-02-05,3017,B,209,485.5
2024-02-16,3089,A,459,125.0
2024-02-16,1519,B,325,442.4
2024-02-16,2329,B,2115,55.2
2024-02-16,6873,A,455,130.5
2024-02-16,6640,A,354,170.0
2024-02-16,6643,A,34,1805.0
2024-02-16,3376,A,359,174.5
2024-02-16,2467,A,723,86.8
2024-02-16,3017,B,320,500.123
2024-02-16,6584,A,374,175.0
2024-02-16,3289,A,497,131.5
2024-02-16,6442,A,584,112.0
2024-02-16,6187,A,287,228.0
2024-02-16,6201,A,1022,64.0
2024-02-16,2330,A,95,683.0
2024-02-16,3402,A,711,92.0
2024-02-16,8027,A,689,94.9
2024-02-16,3036,B,1004,163.0
2024-02-23,3089,A,459,125.0
2024-02-23,1519,B,325,442.4
2024-02-23,2329,B,2115,55.2
2024-02-23,2467,A,502,86.8
2024-02-23,3017,B,320,500.123
2024-02-23,6442,A,584,112.0
2024-02-23,6187,A,287,228.0
2024-02-23,8064,A,2313,29.45
2024-02-23,5443,A,1362,50.0
2024-02-23,3362,A,260,261.5
2024-02-23,2539,A,1099,62.0
2024-02-23,3663,A,1445,47.15
2024-02-23,8147,A,530,128.5
2024-02-23,6189,A,831,82.0
2024-02-23,6290,A,767,88.8
2024-02-23,5284,A,379,179.5
2024-02-23,5225,A,748,91.1
2024-02-23,4994,A,883,77.1
2024-02-23,3661,B,43,3900.0
2024-03-01,3089,A,459,125.0
2024-03-01,1519,B,325,442.4
2024-03-01,2329,B,2115,55.2
2024-03-01,3017,B,320,500.123
2024-03-01,6442,A,465,112.0
2024-03-01,8064,A,2313,29.45
2024-03-01,8147,A,530,128.5
2024-03-01,6290,A,767,88.8
2024-03-01,4994,A,883,77.1
2024-03-01,3661,B,43,3900.0
2024-03-01,3312,A,1652,42.15
2024-03-01,8092,A,2908,23.95
2024-03-01,6640,A,219,318.0
2024-03-01,3363,A,578,120.5
2024-03-01,6227,A,1162,59.9
2024-03-01,4303,A,1514,46.0
2024-03-01,6613,A,407,171.0
2024-03-01,6584,A,364,191.0
2024-03-01,8931,A,1164,59.8
2024-03-01,6165,A,1405,49.55
2024-03-08,3089,A,459,125.0
2024-03-08,3017,B,320,500.123
2024-03-08,4994,A,702,77.1
2024-03-08,3312,A,1652,42.15
2024-03-08,6640,A,219,318.0
2024-03-08,3363,A,578,120.5
2024-03-08,6227,A,1162,59.9
2024-03-08,4303,A,1514,46.0
2024-03-08,6613,A,407,171.0
2024-03-08,6584,A,364,191.0
2024-03-08,1570,A,2435,28.05
2024-03-08,2809,A,1427,47.85
2024-03-08,6591,A,1077,63.4
2024-03-08,2504,A,1876,36.4
2024-03-08,5443,A,1284,53.2
2024-03-08,4707,A,4986,13.7
2024-03-08,5234,A,452,151.0
2024-03-08,8099,A,1138,60.0
2024-03-08,2330,B,217,784.0
2024-03-08,2454,B,138,1230.0
2024-03-08,1513,B,965,161.5
2024-03-15,3089,A,459,125.0
2024-03-15,3017,B,320,500.123
2024-03-15,4994,A,557,77.1
2024-03-15,2809,A,1427,47.85
2024-03-15,8099,A,1138,60.0
2024-03-15,2330,B,217,784.0
2024-03-15,2454,B,138,1230.0
2024-03-15,1513,B,965,161.5
2024-03-15,2834,A,4101,16.35
2024-03-15,6596,A,945,70.9
2024-03-15,5386,A,829,80.8
2024-03-15,2527,A,1913,35.05
2024-03-15,2845,A,4673,14.35
2024-03-15,2109,A,4076,16.45
2024-03-15,6023,A,932,71.9
2024-03-15,2548,A,629,106.5
2024-03-15,3188,A,2811,23.85
2024-03-15,2883,A,4739,14.15
2024-03-15,6005,A,3605,18.6
2024-03-15,2597,A,447,150.0
2024-03-22,3089,A,459,125.0
2024-03-22,4994,A,557,77.1
2024-03-22,2809,A,1427,47.85
2024-03-22,8099,A,1138,60.0
2024-03-22,2330,B,217,784.0
2024-03-22,2454,B,138,1230.0
2024-03-22,1513,B,965,161.5
2024-03-22,6596,A,945,70.9
2024-03-22,6023,A,932,71.9
2024-03-22,2548,A,629,106.5
2024-03-22,2916,A,1084,64.0
2024-03-22,2317,A,1192,145.5
2024-03-22,8435,A,912,76.0
2024-03-22,6128,A,1772,39.15
2024-03-22,5312,A,654,106.0
2024-03-22,1503,A,253,274.0
2024-03-22,1570,A,2108,32.9
2024-03-22,2611,A,2866,24.2
2024-03-22,4915,A,821,84.5
2024-03-29,3089,A,459,125.0
2024-03-29,8099,A,895,60.0
2024-03-29,2330,B,217,784.0
2024-03-29,1513,B,965,161.5
2024-03-29,6023,A,932,71.9
2024-03-29,2548,A,629,106.5
2024-03-29,2317,A,1164,148.198
2024-03-29,8435,A,912,76.0
2024-03-29,6128,A,1772,39.15
2024-03-29,2359,A,963,72.5
2024-03-29,6177,A,1679,41.6
2024-03-29,1442,A,1553,45.0
2024-03-29,3188,A,2478,28.2
2024-03-29,2505,A,2527,27.65
2024-03-29,8083,A,415,168.0
2024-03-29,5534,A,790,88.4
2024-03-29,4513,A,2500,27.95
2024-03-29,9911,A,831,84.0
2024-03-29,3017,B,319,546.0
2024-04-03,3089,A,459,125.0
2024-04-03,2330,B,217,784.0
2024-04-03,1513,B,965,161.5
2024-04-03,6023,A,932,71.9
2024-04-03,2548,A,629,106.5
2024-04-03,2317,A,1120,154.67
2024-04-03,8435,A,912,76.0
2024-04-03,2359,A,740,72.5
2024-04-03,5534,A,790,88.4
2024-04-03,4513,A,2500,27.95
2024-04-03,9911,A,831,84.0
2024-04-03,3017,B,319,546.0
2024-04-03,1215,A,636,112.0
2024-04-03,2527,A,1562,45.6
2024-04-03,5434,A,298,239.0
2024-04-03,2535,A,1219,58.4
2024-04-03,4958,A,550,129.5
2024-04-03,1570,A,1754,40.6
2024-04-12,3089,A,459,125.0
2024-04-12,2330,B,217,784.0
2024-04-12,1513,B,965,161.5
2024-04-12,2548,A,629,106.5
2024-04-12,2359,A,740,72.5
2024-04-12,5534,A,790,88.4
2024-04-12,4513,A,1755,27.95
2024-04-12,3017,B,319,546.0
2024-04-12,1570,A,1754,40.6
2024-04-12,2504,A,1716,43.4
2024-04-12,4506,A,733,101.5
2024-04-12,6005,A,3424,21.75
2024-04-12,2348,A,455,163.5
2024-04-12,5371,A,759,98.1
2024-04-12,3703,A,2288,32.55
2024-04-12,2393,A,1227,60.7
2024-04-12,8083,A,418,178.0
2024-04-12,2809,A,1349,55.2
2024-04-12,2855,A,2774,26.85
2024-04-12,2317,B,1237,150.5
2024-04-19,3089,A,459,125.0
2024-04-19,2330,B,217,784.0
2024-04-19,1513,B,965,161.5
2024-04-19,5534,A,604,88.4
2024-04-19,3017,B,319,546.0
2024-04-19,1570,A,1754,40.6
2024-04-19,2504,A,1716,43.4
2024-04-19,6005,A,3424,21.75
2024-04-19,3703,A,2288,32.55
2024-04-19,2393,A,1227,60.7
2024-04-19,2317,B,1237,150.5
2024-04-19,4935,A,1225,60.6
2024-04-19,1442,A,1473,50.4
2024-04-19,1612,A,1806,41.1
2024-04-19,6186,A,940,79.0
2024-04-19,1608,A,1749,42.45
2024-04-19,4760,A,848,87.5
2024-04-19,3501,A,1237,60.0
2024-04-19,6873,A,376,197.0
2024-04-19,5508,A,455,163.0
2024-04-19,2530,A,1401,53.0
2024-04-26,3089,A,459,125.0
2024-04-26,2330,B,217,784.0
2024-04-26,1513,B,965,161.5
2024-04-26,5534,A,604,88.4
2024-04-26,3703,A,2288,32.55
2024-04-26,2317,B,1237,150.5
2024-04-26,4935,A,1225,60.6
2024-04-26,1442,A,1473,50.4
2024-04-26,6186,A,940,79.0
2024-04-26,4760,A,848,87.5
2024-04-26,2101,A,1262,59.5
2024-04-26,6177,A,1341,56.0
2024-04-26,9946,A,2002,37.5
2024-04-26,2536,A,1923,39.05
2024-04-26,2501,A,1987,37.8
2024-04-26,2534,A,2905,25.85
2024-04-26,1457,A,3189,23.55
2024-04-26,2903,A,2245,33.45
2024-04-26,2546,A,695,108.0
2024-04-26,2371,B,2781,67.5
2024-05-03,3089,A,459,125.0
2024-05-03,2330,B,217,784.0
2024-05-03,1513,B,965,161.5
2024-05-03,5534,A,604,88.4
2024-05-03,2317,B,1237,150.5
2024-05-03,4935,A,1225,60.6
2024-05-03,1442,A,1473,50.4
2024-05-03,6186,A,940,79.0
2024-05-03,4760,A,679,87.5
2024-05-03,2101,A,1262,59.5
2024-05-03,6177,A,1341,56.0
2024-05-03,9946,A,2002,37.5
2024-05-03,2534,A,2905,25.85
2024-05-03,5508,A,338,229.5
2024-05-03,2745,A,570,136.0
2024-05-03,2520,A,1272,61.0
2024-05-03,6005,A,2963,26.2
2024-05-03,3017,B,293,662.0
2024-05-10,3089,A,459,125.0
2024-05-10,2330,B,217,784.0
2024-05-10,2317,B,1237,150.5
2024-05-10,4935,A,1225,60.6
2024-05-10,6186,A,940,79.0
2024-05-10,4760,A,679,87.5
2024-05-10,6177,A,1341,56.0
2024-05-10,3017,B,293,662.0
2024-05-10,1614,A,1519,49.6
2024-05-10,2540,A,459,164.0
2024-05-10,2852,A,3007,25.05
2024-05-10,3491,A,353,213.0
2024-05-10,6768,A,820,91.8
2024-05-10,3501,A,1196,63.0
2024-05-10,1446,A,1454,51.8
2024-05-10,3030,A,610,123.5
2024-05-10,3537,A,1623,46.4
2024-05-10,5522,A,941,80.0
2024-05-10,8083,A,402,187.0
2024-05-10,2371,B,2938,64.1
2024-05-17,3089,A,459,125.0
2024-05-17,2330,B,217,784.0
2024-05-17,2317,B,1237,150.5
2024-05-17,3017,B,293,662.0
2024-05-17,2540,A,459,164.0
2024-05-17,2852,A,3007,25.05
2024-05-17,3491,A,353,213.0
2024-05-17,6768,A,820,91.8
2024-05-17,3501,A,1196,63.0
2024-05-17,3030,A,610,123.5
2024-05-17,6419,A,544,140.5
2024-05-17,2609,A,1078,71.0
2024-05-17,4903,A,3394,22.55
2024-05-17,3303,A,1792,42.7
2024-05-17,2613,A,2644,28.95
2024-05-17,2374,A,1328,57.6
2024-05-17,4506,A,627,122.0
2024-05-17,2611,A,2453,31.2
2024-05-17,6023,A,852,89.8
2024-05-17,1519,B,258,741.0
2024-05-24,3089,A,459,125.0
2024-05-24,2330,B,217,784.0
2024-05-24,2317,B,1237,150.5
2024-05-24,3017,B,293,662.0
2024-05-24,3491,A,271,213.0
2024-05-24,3030,A,460,123.5
2024-05-24,6419,A,544,140.5
2024-05-24,2609,A,1078,71.0
2024-05-24,3303,A,1792,42.7
2024-05-24,2613,A,2644,28.95
2024-05-24,2374,A,1328,57.6
2024-05-24,2392,A,1085,72.2
2024-05-24,6609,A,1791,43.75
2024-05-24,3537,A,1409,55.6
2024-05-24,2359,A,1142,171.5
2024-05-24,2451,A,699,112.0
2024-05-24,2362,A,1272,61.6
2024-05-24,2367,A,2098,37.35
2024-05-24,6446,A,184,424.0
2024-05-31,3089,A,459,125.0
2024-05-31,2330,B,217,784.0
2024-05-31,2317,B,1237,150.5
2024-05-31,3017,B,293,662.0
2024-05-31,3030,A,460,123.5
2024-05-31,2609,A,2816,71.309
2024-05-31,2613,A,1997,28.95
2024-05-31,2392,A,1085,72.2
2024-05-31,6609,A,1791,43.75
2024-05-31,3537,A,1409,55.6
2024-05-31,2359,A,461,171.5
2024-05-31,2451,A,699,112.0
2024-05-31,8374,A,1226,65.7
2024-05-31,4728,A,258,312.0
2024-05-31,6231,A,237,338.5
2024-05-31,2615,A,1010,79.7
2024-05-31,3312,A,1195,67.4
2024-05-31,6161,A,1377,58.5
2024-05-31,2365,A,2256,35.7
2024-06-07,3089,A,459,125.0
2024-06-07,2330,B,217,784.0
2024-06-07,2317,B,1237,150.5
2024-06-07,3017,B,293,662.0
2024-06-07,2609,A,2458,78.26
2024-06-07,2613,A,1997,28.95
2024-06-07,6609,A,1791,43.75
2024-06-07,8374,A,1226,65.7
2024-06-07,6231,A,237,338.5
2024-06-07,2615,A,1010,79.7
2024-06-07,6161,A,1377,58.5
2024-06-07,4566,A,1003,81.2
2024-06-07,6895,A,580,140.5
2024-06-07,3491,A,292,278.5
2024-06-07,1446,A,1349,60.4
2024-06-07,6442,A,330,246.5
2024-06-07,6419,A,471,173.0
2024-06-07,3048,A,2523,32.3
2024-06-07,6446,A,168,484.0
2024-06-14,3089,A,459,125.0
2024-06-14,2330,B,217,784.0
2024-06-14,2317,B,1237,150.5
2024-06-14,8374,A,1226,65.7
2024-06-14,6231,A,237,338.5
2024-06-14,4566,A,1003,81.2
2024-06-14,6895,A,580,140.5
2024-06-14,6442,A,330,246.5
2024-06-14,6446,A,168,484.0
2024-06-14,4967,A,474,179.0
2024-06-14,5263,A,527,161.0
2024-06-14,8114,A,533,159.0
2024-06-14,4534,A,5174,16.4
2024-06-14,3501,A,1146,74.0
2024-06-14,4938,A,734,115.5
2024-06-14,2393,A,1128,75.2
2024-06-14,4728,A,267,317.5
2024-06-14,4915,A,771,110.0
2024-06-14,2609,B,2813,75.4
2024-06-14,2359,B,1251,169.5
2024-06-21,3089,A,459,125.0
2024-06-21,2330,B,217,784.0
2024-06-21,2317,B,1027,187.328
2024-06-21,4566,A,1003,81.2
2024-06-21,6895,A,580,140.5
2024-06-21,5263,A,527,161.0
2024-06-21,4534,A,5174,16.4
2024-06-21,4938,A,734,115.5
2024-06-21,2609,B,2813,75.4
2024-06-21,3591,A,2770,31.45
2024-06-21,3450,A,714,122.0
2024-06-21,1231,A,803,108.5
2024-06-21,8028,A,1021,85.3
2024-06-21,3374,A,486,179.0
2024-06-21,3048,A,2120,41.1
2024-06-21,3406,A,135,645.0
2024-06-21,2451,A,660,132.0
2024-06-21,2542,A,1650,52.8
2024-06-21,2454,B,146,1490.0
2024-06-28,3089,A,459,125.0
2024-06-28,2330,B,217,784.0
2024-06-28,2317,B,1027,187.328
2024-06-28,6895,A,366,140.5
2024-06-28,2609,B,2813,75.4
2024-06-28,3450,A,714,122.0
2024-06-28,1231,A,803,108.5
2024-06-28,8028,A,1021,85.3
2024-06-28,3406,A,135,645.0
2024-06-28,2542,A,1650,52.8
2024-06-28,8114,A,498,174.5
2024-06-28,8099,A,740,117.5
2024-06-28,6446,A,155,560.0
2024-06-28,6442,A,258,336.5
2024-06-28,6560,A,1628,53.4
2024-06-28,3652,A,1806,48.15
2024-06-28,4707,A,5610,15.5
2024-06-28,1785,A,1331,65.3
2024-06-28,4160,A,724,120.0
2024-06-28,2615,B,2453,88.6
2024-07-05,3089,A,459,125.0
2024-07-05,2317,B,1027,187.328
2024-07-05,6895,A,366,140.5
2024-07-05,2609,B,2813,75.4
2024-07-05,8028,A,744,85.3
2024-07-05,8114,A,498,174.5
2024-07-05,6442,A,206,336.5
2024-07-05,3652,A,1806,48.15
2024-07-05,2615,B,2453,88.6
2024-07-05,4534,A,2975,30.35
2024-07-05,3581,A,1618,55.8
2024-07-05,8390,A,1146,78.8
2024-07-05,5443,A,828,109.0
2024-07-05,4722,A,1720,52.5
2024-07-05,6788,A,420,215.0
2024-07-05,8374,A,689,131.0
2024-07-05,1784,A,679,133.0
2024-07-05,1423,A,1985,45.5
2024-07-05,2359,B,1286,175.5
2024-07-12,3089,A,459,125.0
2024-07-12,2317,B,1027,187.328
2024-07-12,6895,A,366,140.5
2024-07-12,8028,A,744,85.3
2024-07-12,8114,A,498,174.5
2024-07-12,2615,B,3799,84.277
2024-07-12,8390,A,1146,78.8
2024-07-12,6788,A,420,215.0
2024-07-12,2359,B,1770,172.355
2024-07-12,4510,A,2942,29.6
2024-07-12,6690,A,363,239.5
2024-07-12,2312,A,3161,27.55
2024-07-12,6133,A,3914,22.25
2024-07-12,4995,A,1017,85.6
2024-07-12,3374,A,403,216.0
2024-07-12,1569,A,2708,32.15
2024-07-12,3029,A,795,109.5
2024-07-12,2542,A,1434,60.7
2024-07-12,4109,A,2643,32.95
2024-07-19,3089,A,459,125.0
2024-07-19,2317,B,1372,191.52
2024-07-19,2359,B,1770,172.355
2024-07-19,4510,A,2942,29.6
2024-07-19,6690,A,363,239.5
2024-07-19,2542,A,1434,60.7
2024-07-19,4109,A,2643,32.95
2024-07-19,2477,A,2967,28.3
2024-07-19,2243,A,2678,31.35
2024-07-19,6873,A,291,288.0
2024-07-19,6442,A,156,535.0
2024-07-19,2365,A,1316,63.8
2024-07-19,6446,A,129,648.0
2024-07-19,4907,A,922,91.0
2024-07-19,5263,A,463,181.0
2024-07-19,6151,A,2348,35.75
2024-07-19,2524,A,1116,75.2
2024-07-19,1784,A,577,145.5
2024-07-19,3450,B,2043,137.0
2024-07-26,3089,A,459,125.0
2024-07-26,2359,B,2478,169.682
2024-07-26,4510,A,2942,29.6
2024-07-26,6690,A,363,239.5
2024-07-26,2542,A,1434,60.7
2024-07-26,4109,A,2643,32.95
2024-07-26,2243,A,2678,31.35
2024-07-26,6873,A,291,288.0
2024-07-26,2365,A,1316,63.8
2024-07-26,6446,A,129,648.0
2024-07-26,4907,A,922,91.0
2024-07-26,6151,A,2348,35.75
2024-07-26,2524,A,1116,75.2
2024-07-26,3450,B,3231,132.588
2024-07-26,2467,A,394,205.0
2024-07-26,3029,A,741,109.0
2024-07-26,8374,A,659,122.5
2024-07-26,6561,A,187,431.0
2024-08-02,3089,A,459,125.0
2024-08-02,4510,A,2101,29.6
2024-08-02,2542,A,1434,60.7
2024-08-02,2243,A,2678,31.35
2024-08-02,2365,A,1316,63.8
2024-08-02,6446,A,129,648.0
2024-08-02,4907,A,922,91.0
2024-08-02,2524,A,696,75.2
2024-08-02,3450,B,6781,125.213
2024-08-02,6561,A,187,431.0
2024-08-02,3188,A,1597,50.3
2024-08-02,3019,A,909,88.4
2024-08-02,3374,A,357,225.0
2024-08-02,2905,A,4028,19.95
2024-08-02,1110,A,3405,23.6
2024-08-02,5263,A,441,182.0
2024-08-02,4720,A,3434,23.4
2024-08-09,3089,A,459,125.0
2024-08-09,4510,A,3458,33.034
2024-08-09,2243,A,4841,29.585
2024-08-09,2365,A,2108,63.462
2024-08-09,6446,A,192,661.125
2024-08-09,6561,A,271,448.823
2024-08-09,3019,A,1390,90.822
2024-08-09,2905,A,6733,19.85
2024-08-09,1540,A,3267,40.6
2024-08-09,3522,A,5191,25.55
2024-08-09,6151,A,4056,32.7
2024-08-09,4534,A,4977,26.65
2024-08-09,4109,A,4392,30.2
2024-08-09,2349,A,8669,15.3
2024-08-09,8028,A,1173,113.0
2024-08-16,3089,A,459,125.0
2024-08-16,4510,A,2036,33.034
2024-08-16,2365,A,13005,64.306
2024-08-16,6446,A,122,661.125
2024-08-16,6561,A,168,448.823
2024-08-16,3019,A,693,90.822
2024-08-16,2905,A,4116,19.85
2024-08-16,1540,A,2208,40.6
2024-08-16,3522,A,2929,25.55
2024-08-16,6151,A,2468,32.7
2024-08-16,8028,A,628,113.0
2024-08-16,8043,A,1805,46.4
2024-08-16,6754,A,956,87.6
2024-08-16,8374,A,547,153.0
2024-08-16,5263,A,416,201.0
2024-08-16,3188,A,1678,49.9
2024-08-23,3089,A,459,125.0
2024-08-23,4510,A,3327,36.164
2024-08-23,6446,A,199,671.137
2024-08-23,6561,A,271,469.414
2024-08-23,3019,A,1125,102.603
2024-08-23,1540,A,3706,39.104
2024-08-23,3522,A,4597,27.074
2024-08-23,6151,A,3847,33.722
2024-08-23,8028,A,987,122.275
2024-08-23,8043,A,2697,47.822
2024-08-23,6754,A,1618,86.332
2024-08-23,3230,A,3335,41.0
2024-08-23,2888,A,10985,12.45
2024-08-23,3374,A,526,260.0
2024-08-23,5443,A,1052,130.0
2024-08-23,1423,A,3083,44.35
2024-08-30,3089,A,459,125.0
2024-08-30,4510,A,3327,36.164
2024-08-30,6446,A,199,671.137
2024-08-30,6561,A,271,469.414
2024-08-30,3019,A,1125,102.603
2024-08-30,1540,A,3706,39.104
2024-08-30,6151,A,3046,33.722
2024-08-30,8028,A,987,122.275
2024-08-30,8043,A,2697,47.822
2024-08-30,6754,A,1618,86.332
2024-08-30,3230,A,3335,41.0
2024-08-30,2888,A,10985,12.45
2024-08-30,3374,A,526,260.0
2024-08-30,5443,A,1052,130.0
2024-08-30,6609,A,1969,73.7
2024-08-30,2905,A,7114,20.4
2024-09-06,3089,A,459,125.0
2024-09-06,4510,A,3327,36.164
2024-09-06,6561,A,271,469.414
2024-09-06,3019,A,1125,102.603
2024-09-06,1540,A,2919,39.104
2024-09-06,6151,A,3046,33.722
2024-09-06,8043,A,2697,47.822
2024-09-06,6754,A,1618,86.332
2024-09-06,3230,A,3335,41.0
2024-09-06,2888,A,10985,12.45
2024-09-06,5443,A,1052,130.0
2024-09-06,6609,A,1969,73.7
2024-09-06,4583,A,231,600.0
2024-09-06,1776,A,6581,21.15
2024-09-06,1423,A,3128,44.5
2024-09-06,8374,A,1001,139.0
2024-09-13,3089,A,459,125.0
2024-09-13,4510,A,3327,36.164
2024-09-13,3019,A,1125,102.603
2024-09-13,1540,A,2919,39.104
2024-09-13,3230,A,3335,41.0
2024-09-13,2888,A,10985,12.45
2024-09-13,5443,A,1052,130.0
2024-09-13,6609,A,1969,73.7
2024-09-13,4583,A,231,600.0
2024-09-13,1423,A,3128,44.5
2024-09-13,8374,A,1001,139.0
2024-09-13,1539,A,4581,30.6
2024-09-13,6446,A,205,682.0
2024-09-13,6690,A,609,230.0
2024-09-13,6606,A,4536,30.9
2024-09-20,3089,A,459,125.0
2024-09-20,4510,A,3327,36.164
2024-09-20,3019,A,1125,102.603
2024-09-20,1540,A,2919,39.104
2024-09-20,3230,A,2646,41.0
2024-09-20,2888,A,10985,12.45
2024-09-20,5443,A,1052,130.0
2024-09-20,4583,A,231,600.0
2024-09-20,1423,A,3128,44.5
2024-09-20,1539,A,4581,30.6
2024-09-20,8249,A,2547,56.4
2024-09-20,8032,A,3268,43.95
2024-09-20,6727,A,1651,87.0
2024-09-20,4974,A,1324,108.5
2024-09-20,6151,A,3587,40.05
2024-09-27,3089,A,459,125.0
2024-09-27,1540,A,2919,39.104
2024-09-27,3230,A,2646,41.0
2024-09-27,5443,A,1052,130.0
2024-09-27,4583,A,231,600.0
2024-09-27,1423,A,3128,44.5
2024-09-27,1539,A,4581,30.6
2024-09-27,8249,A,2547,56.4
2024-09-27,8032,A,3268,43.95
2024-09-27,6727,A,1651,87.0
2024-09-27,4974,A,1324,108.5
2024-09-27,4563,A,1277,111.0
2024-09-27,5234,A,599,236.5
2024-09-27,8074,A,5538,25.6
2024-09-27,1776,A,6008,23.6
2024-10-04,3089,A,459,125.0
2024-10-04,3230,A,2646,41.0
2024-10-04,5443,A,1052,130.0
2024-10-04,4583,A,231,600.0
2024-10-04,1539,A,4581,30.6
2024-10-04,8249,A,2547,56.4
2024-10-04,8032,A,3268,43.95
2024-10-04,6727,A,1651,87.0
2024-10-04,4563,A,1277,111.0
2024-10-04,5234,A,599,236.5
2024-10-04,8074,A,5538,25.6
2024-10-04,3430,A,1627,84.6
2024-10-04,2033,A,6013,22.9
2024-10-04,4527,A,2399,57.4
2024-10-04,6151,A,3173,43.4
2024-10-04,6690,A,586,235.0
2024-10-11,3089,A,459,125.0
2024-10-11,3230,A,1414,41.0
2024-10-11,5443,A,1367,135.093
2024-10-11,4583,A,105,600.0
2024-10-11,8249,A,2547,56.4
2024-10-11,8032,A,1746,43.95
2024-10-11,4563,A,632,111.0
2024-10-11,5234,A,318,236.5
2024-10-11,8074,A,2914,25.6
2024-10-11,3430,A,959,84.6
2024-10-11,2033,A,3779,22.9
2024-10-11,4527,A,1282,57.4
2024-10-11,8404,A,2607,29.05
2024-10-11,3167,A,477,158.5
2024-10-11,8429,A,6764,11.2
2024-10-11,8028,A,567,133.5
2024-10-11,4909,B,1266,149.5
2024-10-11,3450,B,912,207.5
2024-10-11,6187,B,386,490.0
2024-10-18,3089,A,459,125.0
2024-10-18,3230,A,1414,41.0
2024-10-18,4583,A,105,600.0
2024-10-18,8249,A,2547,56.4
2024-10-18,8032,A,1746,43.95
2024-10-18,4563,A,632,111.0
2024-10-18,5234,A,318,236.5
2024-10-18,2033,A,3779,22.9
2024-10-18,4527,A,1282,57.4
2024-10-18,8404,A,2607,29.05
2024-10-18,3167,A,477,158.5
2024-10-18,8028,A,1412,134.098
2024-10-18,4909,B,1266,149.5
2024-10-18,3450,B,912,207.5
2024-10-18,6438,A,356,213.0
2024-10-18,3709,A,2463,30.85
2024-10-18,6727,A,918,82.7
2024-10-18,3363,B,820,231.5
2024-10-25,3089,A,459,125.0
2024-10-25,4583,A,105,600.0
2024-10-25,8249,A,1238,56.4
2024-10-25,8032,A,1192,43.95
2024-10-25,2033,A,3779,22.9
2024-10-25,4527,A,1282,57.4
2024-10-25,8404,A,2607,29.05
2024-10-25,4909,B,1266,149.5
2024-10-25,3450,B,912,207.5
2024-10-25,6438,A,356,213.0
2024-10-25,3709,A,2463,30.85
2024-10-25,3363,B,820,231.5
2024-10-25,6763,A,1002,83.4
2024-10-25,6165,A,1666,50.2
2024-10-25,8240,A,1724,48.5
2024-10-25,6151,A,1349,62.0
2024-10-25,4956,A,1991,42.0
2024-10-25,4576,A,576,145.0
2024-10-25,3257,A,1184,70.6
2024-10-25,3013,B,1286,162.5
2024-11-01,3089,A,459,125.0
2024-11-01,4583,A,105,600.0
2024-11-01,8032,A,1192,43.95
2024-11-01,2033,A,3779,22.9
2024-11-01,8404,A,2607,29.05
2024-11-01,3450,B,912,207.5
2024-11-01,6438,A,356,213.0
2024-11-01,3709,A,2463,30.85
2024-11-01,3363,B,820,231.5
2024-11-01,6763,A,1002,83.4
2024-11-01,6165,A,1666,50.2
2024-11-01,6151,A,1349,62.0
2024-11-01,4576,A,576,145.0
2024-11-01,3257,A,1184,70.6
2024-11-01,3013,B,1286,162.5
2024-11-01,4558,A,1900,42.8
2024-11-01,6791,A,576,141.0
2024-11-01,6535,A,224,361.5
2024-11-01,1528,A,3818,21.3
2024-11-01,6223,B,257,789.0
2024-11-08,3089,A,459,125.0
2024-11-08,4583,A,105,600.0
2024-11-08,8032,A,1192,43.95
2024-11-08,3450,B,912,207.5
2024-11-08,6438,A,356,213.0
2024-11-08,3709,A,2463,30.85
2024-11-08,6763,A,1002,83.4
2024-11-08,6165,A,1666,50.2
2024-11-08,6151,A,1349,62.0
2024-11-08,4576,A,576,145.0
2024-11-08,3013,B,1286,162.5
2024-11-08,4558,A,1900,42.8
2024-11-08,6791,A,576,141.0
2024-11-08,6535,A,224,361.5
2024-11-08,1528,A,3818,21.3
2024-11-08,6223,B,257,789.0
2024-11-08,8937,A,687,120.0
2024-11-08,2354,A,848,97.3
2024-11-08,8240,A,1578,52.3
2024-11-08,6187,B,441,467.5
2024-11-15,3089,A,459,125.0
2024-11-15,4583,A,105,600.0
2024-11-15,8032,A,1192,43.95
2024-11-15,6438,A,356,213.0
2024-11-15,6763,A,1002,83.4
2024-11-15,6165,A,1666,50.2
2024-11-15,3013,B,1286,162.5
2024-11-15,6535,A,224,361.5
2024-11-15,8937,A,687,120.0
2024-11-15,2354,A,2027,96.893
2024-11-15,8240,A,1578,52.3
2024-11-15,6187,B,441,467.5
2024-11-15,3706,A,1145,68.4
2024-11-15,6781,A,101,772.0
2024-11-15,3211,A,522,150.0
2024-11-15,2033,A,3127,25.05
2024-11-15,1449,A,3326,23.55
2024-11-15,8249,A,1237,63.3
2024-11-15,3363,B,962,203.5
2024-11-22,3089,A,459,125.0
2024-11-22,8032,A,1192,43.95
2024-11-22,6438,A,356,213.0
2024-11-22,6763,A,1002,83.4
2024-11-22,6165,A,1666,50.2
2024-11-22,3013,B,1286,162.5
2024-11-22,6535,A,224,361.5
2024-11-22,8937,A,528,120.0
2024-11-22,8240,A,1578,52.3
2024-11-22,3706,A,3176,77.736
2024-11-22,6781,A,101,772.0
2024-11-22,3211,A,522,150.0
2024-11-22,1449,A,3326,23.55
2024-11-22,8429,A,6483,12.2
2024-11-22,4558,A,1767,44.75
2024-11-22,3230,A,1417,55.8
2024-11-22,8404,A,2627,30.1
2024-11-22,2354,B,3207,82.2
2024-11-29,3089,A,459,125.0
2024-11-29,6535,A,224,361.5
2024-11-29,8937,A,856,129.579
2024-11-29,3706,A,1480,77.736
2024-11-29,6781,A,101,772.0
2024-11-29,3211,A,522,150.0
2024-11-29,1449,A,5231,23.623
2024-11-29,8429,A,9631,12.429
2024-11-29,8404,A,4176,29.97
2024-11-29,8042,A,2712,45.8
2024-11-29,4931,A,2053,60.5
2024-11-29,2404,A,289,428.5
2024-11-29,6558,A,3243,38.3
2024-11-29,6199,A,1341,92.6
2024-11-29,3712,A,1777,69.9
2024-11-29,2545,A,1636,75.9
2024-12-06,3089,A,459,125.0
2024-12-06,8937,A,616,129.579
2024-12-06,3706,A,3148,84.219
2024-12-06,6781,A,81,772.0
2024-12-06,3211,A,362,150.0
2024-12-06,8429,A,6179,12.429
2024-12-06,8042,A,1445,45.8
2024-12-06,4931,A,1150,60.5
2024-12-06,2404,A,181,428.5
2024-12-06,6558,A,1818,38.3
2024-12-06,6199,A,715,92.6
2024-12-06,3712,A,1209,69.9
2024-12-06,5314,A,186,441.5
2024-12-06,5244,A,1494,55.0
2024-12-06,8929,A,2650,31.0
2024-12-06,6791,A,487,168.5
2024-12-06,2354,B,3141,87.2
2024-12-06,3450,B,1091,251.0
2024-12-13,3089,A,459,125.0
2024-12-13,3706,A,2449,80.309
2024-12-13,6781,A,81,772.0
2024-12-13,3211,A,988,176.928
2024-12-13,8429,A,6179,12.429
2024-12-13,8042,A,1445,45.8
2024-12-13,2404,A,181,428.5
2024-12-13,6558,A,1818,38.3
2024-12-13,6199,A,715,92.6
2024-12-13,5314,A,186,441.5
2024-12-13,5244,A,1494,55.0
2024-12-13,6791,A,487,168.5
2024-12-13,2354,B,2379,87.2
2024-12-13,3450,B,739,251.0
2024-12-13,8114,A,225,338.0
2024-12-13,3029,A,494,154.0
2024-12-13,2610,A,2927,26.0
2024-12-13,4979,A,446,170.5
2024-12-20,3089,A,459,125.0
2024-12-20,3706,A,3452,74.704
2024-12-20,6781,A,81,772.0
2024-12-20,3211,A,1310,186.418
2024-12-20,2404,A,181,428.5
2024-12-20,6558,A,1818,38.3
2024-12-20,6199,A,715,92.6
2024-12-20,5314,A,186,441.5
2024-12-20,5244,A,1494,55.0
2024-12-20,3450,B,739,251.0
2024-12-20,8114,A,225,338.0
2024-12-20,3029,A,494,154.0
2024-12-20,2610,A,2927,26.0
2024-12-20,4979,A,446,170.5
2024-12-20,6691,A,187,399.5
2024-12-20,4931,A,1175,63.7
2024-12-20,8937,A,573,130.5
2024-12-27,3089,A,459,125.0
2024-12-27,6781,A,81,772.0
2024-12-27,3211,A,941,200.852
2024-12-27,2404,A,181,428.5
2024-12-27,6558,A,1818,38.3
2024-12-27,6199,A,715,92.6
2024-12-27,5314,A,121,441.5
2024-12-27,3450,B,739,251.0
2024-12-27,8114,A,225,338.0
2024-12-27,2610,A,2927,26.0
2024-12-27,6691,A,187,399.5
2024-12-27,4931,A,1175,63.7
2024-12-27,2250,A,542,146.0
2024-12-27,3019,A,1088,182.0
2024-12-27,8482,A,879,90.1
2024-12-27,4571,A,310,255.5
2024-12-27,8249,A,1219,65.0
2024-12-27,3706,B,2829,70.0
2025-01-03,3089,A,459,125.0
2025-01-03,6781,A,81,772.0
2025-01-03,3211,A,1851,206.967
2025-01-03,6199,A,715,92.6
2025-01-03,5314,A,121,441.5
2025-01-03,8114,A,225,338.0
2025-01-03,6691,A,187,399.5
2025-01-03,2250,A,542,146.0
2025-01-03,3019,A,461,182.0
2025-01-03,8482,A,879,90.1
2025-01-03,4571,A,310,255.5
2025-01-03,3706,B,5752,68.526
2025-01-03,6596,A,886,87.1
2025-01-03,2233,A,284,271.0
2025-01-03,4126,A,802,96.2
2025-01-03,4974,A,589,131.0
2025-01-03,8401,A,2494,30.95
2025-01-10,3089,A,459,125.0
2025-01-10,6781,A,81,772.0
2025-01-10,6199,A,715,92.6
2025-01-10,5314,A,121,441.5
2025-01-10,8114,A,225,338.0
2025-01-10,6691,A,187,399.5
2025-01-10,8482,A,879,90.1
2025-01-10,3706,B,2683,68.526
2025-01-10,2233,A,284,271.0
2025-01-10,8401,A,2494,30.95
2025-01-10,3645,A,1166,64.4
2025-01-10,8937,A,484,155.0
2025-01-10,6558,A,1558,48.2
2025-01-10,2404,A,152,493.0
2025-01-10,6215,A,755,99.4
2025-01-10,4979,A,366,205.0
2025-01-10,4931,A,1085,69.2
2025-01-10,3450,B,597,314.5
2025-01-10,3211,B,978,192.0
2025-01-10,3019,B,82,156.5
2025-01-17,3089,A,459,125.0
2025-01-17,6781,A,81,772.0
2025-01-17,6199,A,715,92.6
2025-01-17,5314,A,84,441.5
2025-01-17,6691,A,187,399.5
2025-01-17,8482,A,700,90.1
2025-01-17,8401,A,2494,30.95
2025-01-17,3645,A,1166,64.4
2025-01-17,8937,A,484,155.0
2025-01-17,6558,A,1558,48.2
2025-01-17,2404,A,152,493.0
2025-01-17,6215,A,755,99.4
2025-01-17,4979,A,366,205.0
2025-01-17,3211,B,2078,186.971
2025-01-17,3019,B,2447,155.05
2025-01-17,2250,A,619,122.5
2025-01-17,6596,A,850,89.2
2025-01-17,2049,A,262,288.5
2025-01-22,3089,A,459,125.0
2025-01-22,6781,A,163,994.859
2025-01-22,6199,A,715,92.6
2025-01-22,5314,A,84,441.5
2025-01-22,6691,A,187,399.5
2025-01-22,8482,A,700,90.1
2025-01-22,8401,A,2494,30.95
2025-01-22,3645,A,1166,64.4
2025-01-22,8937,A,484,155.0
2025-01-22,6558,A,1558,48.2
2025-01-22,2404,A,152,493.0
2025-01-22,6215,A,755,99.4
2025-01-22,4979,A,366,205.0
2025-01-22,3211,B,970,186.971
2025-01-22,3019,B,1256,155.05
2025-01-22,6596,A,850,89.2
2025-01-22,3379,A,1384,57.3
2025-01-22,6890,A,160,495.0
2025-01-22,4991,B,1230,139.0
2025-01-22,3089,A,459,125.0
2025-01-22,6781,A,163,1125.863
2025-01-22,6199,A,715,92.6
2025-01-22,5314,A,84,441.5
2025-01-22,6691,A,187,399.5
2025-01-22,8482,A,700,90.1
2025-01-22,8401,A,2494,30.95
2025-01-22,3645,A,1166,64.4
2025-01-22,8937,A,484,155.0
2025-01-22,6558,A,1558,48.2
2025-01-22,2404,A,152,493.0
2025-01-22,6215,A,755,99.4
2025-01-22,4979,A,366,205.0
2025-01-22,3211,B,970,186.971
2025-01-22,3019,B,1256,155.05
2025-01-22,6596,A,850,89.2
2025-01-22,3379,A,1384,57.3
2025-01-22,6890,A,160,495.0
2025-01-22,4991,B,1230,139.0
2025-02-07,3089,A,459,125.0
2025-02-07,5314,A,84,441.5
2025-02-07,6691,A,187,399.5
2025-02-07,8482,A,700,90.1
2025-02-07,8401,A,2494,30.95
2025-02-07,3645,A,1166,64.4
2025-02-07,8937,A,484,155.0
2025-02-07,6558,A,3458,53.859
2025-02-07,6215,A,598,99.4
2025-02-07,4979,A,366,205.0
2025-02-07,3019,B,1087,173.586
2025-02-07,3379,A,1384,57.3
2025-02-07,4991,B,1230,139.0
2025-02-07,5536,A,184,439.5
2025-02-07,6613,A,325,249.0
2025-02-07,2049,A,249,325.0
2025-02-07,2250,A,568,142.5
2025-02-07,6781,B,187,1080.0
2025-02-14,3089,A,459,125.0
2025-02-14,8482,A,700,90.1
2025-02-14,3645,A,2528,71.566
2025-02-14,6558,A,1414,53.859
2025-02-14,6215,A,598,99.4
2025-02-14,3019,B,1007,186.409
2025-02-14,4991,B,1230,139.0
2025-02-14,6206,A,590,133.0
2025-02-14,4722,A,1290,60.9
2025-02-14,1817,A,1594,49.3
2025-02-14,5203,A,628,125.0
2025-02-14,5312,A,567,138.5
2025-02-14,5403,A,593,132.5
2025-02-14,6148,A,2062,38.1
2025-02-14,6596,A,839,93.6
2025-02-14,2516,A,3769,20.85
2025-02-14,3450,B,653,300.5
2025-02-21,3089,A,459,125.0
2025-02-21,8482,A,700,90.1
2025-02-21,3645,A,2579,75.665
2025-02-21,3019,B,991,196.953
2025-02-21,4991,B,1230,139.0
2025-02-21,6206,A,469,133.0
2025-02-21,4722,A,1290,60.9
2025-02-21,1817,A,1594,49.3
2025-02-21,5203,A,628,125.0
2025-02-21,5312,A,567,138.5
2025-02-21,5403,A,593,132.5
2025-02-21,6148,A,2062,38.1
2025-02-21,8096,A,1087,74.4
2025-02-21,8234,A,842,96.0
2025-02-21,2032,A,4372,18.5
2025-02-21,4164,A,1419,57.0
2025-02-21,2049,A,225,359.0
2025-02-21,6215,B,1537,131.5
2025-02-27,3089,A,459,125.0
2025-02-27,6206,A,854,141.791
2025-02-27,1817,A,2612,49.514
2025-02-27,5312,A,940,138.5
2025-02-27,5403,A,982,132.5
2025-02-27,8096,A,1873,72.344
2025-02-27,8234,A,1423,94.163
2025-02-27,2032,A,6071,19.326
2025-02-27,3213,A,986,132.0
2025-02-27,4916,A,2480,52.5
2025-02-27,3022,A,1200,108.5
2025-02-27,2852,A,4788,27.2
2025-02-27,8499,A,879,148.0
2025-02-27,3379,A,1824,71.4
2025-02-27,2516,A,5699,22.85
2025-02-27,3019,A,641,203.0
2025-03-07,3089,A,459,125.0
2025-03-07,5312,A,940,138.5
2025-03-07,5403,A,982,132.5
2025-03-07,2032,A,6071,19.326
2025-03-07,3213,A,986,132.0
2025-03-07,4916,A,2480,52.5
2025-03-07,3022,A,1200,108.5
2025-03-07,2852,A,4788,27.2
2025-03-07,8499,A,879,148.0
2025-03-07,3379,A,1824,71.4
2025-03-07,6728,A,877,146.0
2025-03-07,1463,A,4512,28.4
2025-03-07,4417,A,2835,45.2
2025-03-07,2641,A,5453,23.5
2025-03-07,4722,A,1792,71.5
2025-03-07,1307,A,2522,50.8
2025-03-14,3089,A,459,125.0
2025-03-14,2852,A,4788,27.2
2025-03-14,8499,A,879,148.0
2025-03-14,6728,A,877,146.0
2025-03-14,2832,A,3820,32.45
2025-03-14,2838,A,7228,17.15
2025-03-14,9907,A,6906,17.95
2025-03-14,8930,A,3030,40.9
2025-03-14,3563,A,219,565.0
2025-03-14,2851,A,4364,28.4
2025-03-14,2812,A,6017,20.6
2025-03-14,2535,A,2042,60.7
2025-03-14,5314,A,102,1210.0
2025-03-14,8401,A,3598,34.45
2025-03-14,6651,A,1153,107.5
2025-03-14,4763,A,129,959.0
2025-03-21,3089,A,459,125.0
2025-03-21,2852,A,4788,27.2
2025-03-21,2832,A,3820,32.45
2025-03-21,2838,A,7228,17.15
2025-03-21,9907,A,6906,17.95
2025-03-21,8930,A,3030,40.9
2025-03-21,3563,A,219,565.0
2025-03-21,2812,A,6017,20.6
2025-03-21,5314,A,102,1210.0
2025-03-21,5530,A,1459,80.2
2025-03-21,4728,A,314,372.0
2025-03-21,1451,A,5271,22.2
2025-03-21,6227,A,854,137.0
2025-03-21,1466,A,6764,17.3
2025-03-21,1472,A,1293,90.5
2025-03-21,8436,A,757,154.5
2025-03-28,3089,A,459,125.0
2025-03-28,2852,A,3737,27.2
2025-03-28,2832,A,3820,32.45
2025-03-28,2838,A,7228,17.15
2025-03-28,2812,A,6017,20.6
2025-03-28,5314,A,102,1210.0
2025-03-28,4728,A,314,372.0
2025-03-28,1472,A,1293,90.5
2025-03-28,2468,A,1984,57.5
2025-03-28,2539,A,1737,65.7
2025-03-28,6517,A,1141,100.0
2025-03-28,9927,A,1515,75.3
2025-03-28,8422,A,588,194.0
2025-03-28,2547,A,8240,13.85
2025-03-28,5439,A,608,187.5
2025-03-28,6728,A,771,148.0
2025-04-02,3089,A,459,125.0
2025-04-02,2852,A,3737,27.2
2025-04-02,2832,A,3820,32.45
2025-04-02,2838,A,7228,17.15
2025-04-02,5314,A,1580,144.998
2025-04-02,4728,A,314,372.0
2025-04-02,1472,A,1293,90.5
2025-04-02,2468,A,1984,57.5
2025-04-02,6517,A,1141,100.0
2025-04-02,9927,A,1515,75.3
2025-04-02,8422,A,588,194.0
2025-04-02,2547,A,8240,13.85
2025-04-02,5439,A,608,187.5
2025-04-02,1459,A,8760,12.9
2025-04-02,6148,A,2276,49.65
2025-04-02,1466,A,6609,17.1
2025-04-11,3089,A,459,125.0
2025-04-11,4728,A,814,373.536
2025-04-11,1472,A,3158,94.102
2025-04-11,2468,A,5959,53.298
2025-04-11,5439,A,2047,160.435
2025-04-11,6148,A,5478,53.186
2025-04-18,3089,A,459,125.0
2025-04-18,4728,A,814,373.536
2025-04-18,1472,A,3158,94.102
2025-04-18,2468,A,5959,53.298
2025-04-18,6148,A,5478,53.186
2025-04-25,3089,A,459,125.0
2025-04-25,4728,A,814,373.536
2025-04-25,1472,A,4357,95.67
2025-04-25,2468,A,5959,53.298
2025-04-25,6148,A,5478,53.186
2025-05-02,3089,A,459,125.0
2025-05-02,4728,A,814,373.536
2025-05-02,1472,A,4357,95.67
2025-05-02,2468,A,5959,53.298
2025-05-02,6148,A,5478,53.186
2025-05-09,3089,A,459,125.0
2025-05-09,4728,A,629,373.536
2025-05-09,1472,A,3002,95.67
2025-05-09,2468,A,4017,53.298
2025-05-09,6148,A,4250,53.186
2025-05-09,3546,A,1818,128.5
2025-05-16,3089,A,459,125.0
2025-05-16,4728,A,629,373.536
2025-05-16,1472,A,2307,95.67
2025-05-16,2468,A,4017,53.298
2025-05-16,6148,A,4250,53.186
2025-05-16,3546,A,1818,128.5
2025-05-16,3570,A,1065,231.5
2025-05-16,6482,A,3436,71.8
2025-05-23,3089,A,459,125.0
2025-05-23,4728,A,200,373.536
2025-05-23,1472,A,816,95.67
2025-05-23,2468,A,1247,53.298
2025-05-23,6148,A,9895,65.798
2025-05-23,3546,A,793,128.5
2025-05-23,3570,A,358,231.5
2025-05-23,6482,A,1209,71.8
2025-05-23,6591,A,305,81.1
2025-05-29,3089,A,459,125.0
2025-05-29,4728,A,200,373.536
2025-05-29,1472,A,816,95.67
2025-05-29,2468,A,1247,53.298
2025-05-29,6148,A,10581,59.873
2025-05-29,3546,A,793,128.5
2025-05-29,3570,A,358,231.5
2025-05-29,6482,A,1209,71.8
2025-05-29,6591,A,962,76.934
2025-05-29,1419,A,1009,71.5
2025-05-29,3004,A,499,144.5
2025-05-29,6596,A,572,126.0
2025-05-29,2615,A,668,108.0
2025-05-29,4554,A,1898,38.0
2025-06-06,3089,A,459,125.0
2025-06-06,1472,A,816,95.67
2025-06-06,2468,A,1247,53.298
2025-06-06,6148,A,10335,60.87
2025-06-06,3546,A,793,128.5
2025-06-06,3570,A,358,231.5
2025-06-06,6482,A,1209,71.8
2025-06-06,6591,A,962,76.934
2025-06-06,1419,A,1009,71.5
2025-06-06,3004,A,499,144.5
2025-06-06,6596,A,572,126.0
2025-06-06,2615,A,668,108.0
2025-06-06,4554,A,1898,38.0
2025-06-06,6191,A,919,79.1
2025-06-13,3089,A,459,125.0
2025-06-13,3546,A,793,128.5
2025-06-13,6591,A,962,76.934
2025-06-13,1419,A,1009,71.5
2025-06-13,3004,A,499,144.5
2025-06-13,6596,A,572,126.0
2025-06-13,2615,A,668,108.0
2025-06-13,4554,A,1898,38.0
2025-06-13,6191,A,919,79.1
2025-06-13,6747,A,439,192.5
2025-06-13,6274,A,399,211.5
2025-06-13,2383,A,98,860.0
2025-06-20,3089,A,459,125.0
2025-06-20,3546,A,573,128.5
2025-06-20,6591,A,962,76.934
2025-06-20,3004,A,499,144.5
2025-06-20,6596,A,425,126.0
2025-06-20,6191,A,919,79.1
2025-06-20,6747,A,321,192.5
2025-06-20,6274,A,298,211.5
2025-06-20,2383,A,737,840.209
2025-06-20,8210,A,130,474.0
2025-06-20,1616,A,1448,42.65
2025-06-20,5234,A,234,264.0
2025-06-20,5284,A,298,207.0
2025-06-20,3017,A,84,734.0
2025-06-20,8932,A,486,127.0
2025-06-27,3089,A,459,125.0
2025-06-27,6596,A,425,126.0
2025-06-27,6747,A,321,192.5
2025-06-27,6274,A,298,211.5
2025-06-27,2383,A,725,863.403
2025-06-27,8210,A,130,474.0
2025-06-27,1616,A,1448,42.65
2025-06-27,5234,A,234,264.0
2025-06-27,5284,A,298,207.0
2025-06-27,3017,A,84,734.0
2025-06-27,8932,A,486,127.0
2025-06-27,8021,A,1501,41.85
2025-06-27,3040,A,960,65.4
2025-06-27,6139,A,203,309.5
2025-06-27,6637,A,622,101.0
2025-06-27,1419,A,947,66.3
2025-07-04,3089,A,459,125.0
2025-07-04,6596,A,425,126.0
2025-07-04,6747,A,321,192.5
2025-07-04,6274,A,298,211.5
2025-07-04,2383,A,702,916.972
2025-07-04,8210,A,130,474.0
2025-07-04,1616,A,1448,42.65
2025-07-04,5284,A,298,207.0
2025-07-04,3017,A,84,734.0
2025-07-04,8932,A,486,127.0
2025-07-04,8021,A,1501,41.85
2025-07-04,3040,A,960,65.4
2025-07-04,6139,A,203,309.5
2025-07-04,6637,A,622,101.0
2025-07-04,2360,A,149,435.0
2025-07-04,6739,A,176,368.0
2025-07-11,3089,A,459,125.0
2025-07-11,6747,A,321,192.5
2025-07-11,6274,A,298,211.5
2025-07-11,2383,A,699,938.594
2025-07-11,8210,A,130,474.0
2025-07-11,5284,A,298,207.0
2025-07-11,3017,A,84,734.0
2025-07-11,8932,A,486,127.0
2025-07-11,8021,A,1501,41.85
2025-07-11,3040,A,960,65.4
2025-07-11,6139,A,203,309.5
2025-07-11,2360,A,149,435.0
2025-07-11,6739,A,176,368.0
2025-07-11,3577,A,711,92.5
2025-07-11,2884,A,1891,34.8
2025-07-11,6191,A,707,93.0
2025-07-18,3089,A,459,125.0
2025-07-18,6747,A,321,192.5
2025-07-18,6274,A,298,211.5
2025-07-18,2383,A,678,1016.334
2025-07-18,8210,A,130,474.0
2025-07-18,3017,A,84,734.0
2025-07-18,8021,A,1501,41.85
2025-07-18,6139,A,203,309.5
2025-07-18,3577,A,711,92.5
2025-07-18,2884,A,1891,34.8
2025-07-18,8499,A,239,291.0
2025-07-18,2801,A,3377,20.6
2025-07-18,8358,A,832,83.6
2025-07-18,5278,A,1745,39.85
2025-07-18,2404,A,91,759.0
2025-07-18,3543,A,2226,31.25
2025-07-25,3089,A,459,125.0
2025-07-25,6747,A,321,192.5
2025-07-25,8210,A,130,474.0
2025-07-25,8021,A,1501,41.85
2025-07-25,6139,A,203,309.5
2025-07-25,3577,A,711,92.5
2025-07-25,8499,A,239,291.0
2025-07-25,2801,A,3377,20.6
2025-07-25,8358,A,832,83.6
2025-07-25,2404,A,91,759.0
2025-07-25,3543,A,2226,31.25
2025-07-25,2316,A,977,70.5
2025-07-25,2308,A,133,517.0
2025-07-25,6191,A,626,110.0
2025-07-25,3040,A,1012,68.1
2025-07-25,6739,A,145,475.0
2025-07-25,2383,B,693,994.0
2025-08-01,3089,A,459,125.0
2025-08-01,6747,A,321,192.5
2025-08-01,8021,A,1128,41.85
2025-08-01,8499,A,239,291.0
2025-08-01,8358,A,2194,104.169
2025-08-01,2404,A,91,759.0
2025-08-01,3543,A,2226,31.25
2025-08-01,2316,A,977,70.5
2025-08-01,2308,A,133,517.0
2025-08-01,2383,B,221,1081.801
2025-08-01,3715,A,865,85.9
2025-08-01,6291,A,489,152.0
2025-08-01,3708,A,599,124.0
2025-08-01,6534,A,807,92.1
2025-08-01,8932,A,446,166.5
2025-08-01,3032,A,635,117.0
2025-08-01,1815,B,4524,54.8
2025-08-08,3089,A,459,125.0
2025-08-08,6747,A,321,192.5
2025-08-08,8021,A,1128,41.85
2025-08-08,8358,A,1525,116.654
2025-08-08,2404,A,91,759.0
2025-08-08,2308,A,299,583.622
2025-08-08,3715,A,865,85.9
2025-08-08,3708,A,599,124.0
2025-08-08,1815,B,3412,54.8
2025-08-08,6727,A,643,118.5
2025-08-08,5371,A,835,91.3
2025-08-08,4916,A,1226,62.2
2025-08-08,2645,A,505,151.0
2025-08-08,3017,A,174,1090.0
2025-08-08,8033,A,755,101.0
2025-08-08,2360,A,151,502.0
2025-08-08,2383,A,66,1150.0
2025-08-15,3089,A,459,125.0
2025-08-15,8021,A,1128,41.85
2025-08-15,8358,A,1276,147.437
2025-08-15,2404,A,91,759.0
2025-08-15,2308,A,312,644.655
2025-08-15,3715,A,865,85.9
2025-08-15,1815,B,2718,69.253
2025-08-15,6727,A,492,118.5
2025-08-15,2645,A,505,151.0
2025-08-15,2383,A,66,1150.0
2025-08-15,2368,A,184,465.5
2025-08-15,6418,A,2664,32.2
2025-08-15,2059,A,27,3130.0
2025-08-15,8074,A,2318,37.0
2025-08-15,2630,A,1406,61.0
2025-08-15,2316,A,924,92.8
2025-08-15,3017,B,200,1070.0
2025-08-22,3089,A,459,125.0
2025-08-22,1815,B,2718,69.253
2025-08-22,6727,A,492,118.5
2025-08-22,2645,A,505,151.0
2025-08-22,2316,A,924,92.8
2025-08-22,3017,B,200,1070.0
2025-08-22,1717,A,2095,40.05
2025-08-22,6534,A,702,119.5
2025-08-22,2402,A,1373,61.1
2025-08-22,3211,A,243,345.0
2025-08-22,2423,A,1493,56.2
2025-08-22,4722,A,717,117.0
2025-08-22,5371,A,814,103.0
2025-08-22,5536,A,112,749.0
2025-08-22,3630,A,2487,33.75
2025-08-22,8932,A,405,207.0
2025-08-22,2233,A,349,240.5
2025-08-22,5309,A,1493,56.2
2025-08-22,2308,B,316,664.0
2025-08-22,8358,B,1162,180.5
2025-08-29,3089,A,459,125.0
2025-08-29,1815,B,2718,69.253
2025-08-29,6727,A,492,118.5
2025-08-29,6534,A,702,119.5
2025-08-29,2402,A,1373,61.1
2025-08-29,3211,A,243,345.0
2025-08-29,2423,A,1493,56.2
2025-08-29,4722,A,717,117.0
2025-08-29,5536,A,112,749.0
2025-08-29,2308,B,316,664.0
2025-08-29,8109,A,851,107.0
2025-08-29,3219,A,843,108.0
2025-08-29,6209,A,2334,39.05
2025-08-29,8033,A,536,170.0
2025-08-29,2404,A,74,1230.0
2025-08-29,4958,A,463,196.5
2025-08-29,5234,A,238,382.0
2025-08-29,2328,A,1550,58.8
2025-08-29,3706,B,2346,97.1
2025-08-29,6274,B,619,368.0
2025-09-05,3089,A,459,125.0
2025-09-05,6727,A,492,118.5
2025-09-05,3211,A,243,345.0
2025-09-05,2308,B,316,664.0
2025-09-05,8109,A,851,107.0
2025-09-05,8033,A,536,170.0
2025-09-05,5234,A,238,382.0
2025-09-05,3706,B,2346,97.1
2025-09-05,6274,B,619,368.0
2025-09-05,6456,A,1317,65.9
2025-09-05,5284,A,291,298.0
2025-09-05,3005,A,531,163.5
2025-09-05,6753,A,481,180.5
2025-09-05,5371,A,691,125.5
2025-09-05,6747,A,444,195.5
2025-09-05,6442,A,92,934.0
2025-09-05,2645,A,449,193.0
2025-09-05,6761,A,540,160.5
2025-09-12,3089,A,459,125.0
2025-09-12,3211,A,243,345.0
2025-09-12,2308,B,258,767.264
2025-09-12,6274,B,619,368.0
2025-09-12,2614,A,3893,22.2
2025-09-12,5309,A,1203,71.8
2025-09-12,2476,A,768,112.5
2025-09-12,6418,A,1767,48.9
2025-09-12,6525,A,1058,81.7
2025-09-12,5490,A,2378,36.35
2025-09-12,6739,A,124,694.0
2025-09-12,3653,A,37,2310.0
2025-09-12,3630,A,2163,39.95
2025-09-12,6510,A,59,1445.0
2025-09-12,6515,A,54,1600.0
2025-09-12,8358,A,925,233.5
2025-09-12,6143,A,592,146.0
2025-09-12,3017,B,205,1050.0
2025-09-19,3089,A,459,125.0
2025-09-19,2308,B,242,839.606
2025-09-19,6274,B,619,368.0
2025-09-19,2614,A,3893,22.2
2025-09-19,6418,A,1767,48.9
2025-09-19,6525,A,1058,81.7
2025-09-19,6739,A,124,694.0
2025-09-19,3653,A,37,2310.0
2025-09-19,6510,A,59,1445.0
2025-09-19,6515,A,54,1600.0
2025-09-19,3017,B,205,1050.0
2025-09-19,3260,A,618,139.0
2025-09-19,8299,A,119,722.0
2025-09-19,5289,A,243,352.5
2025-09-19,2360,A,143,598.0
2025-09-19,6449,A,452,190.0
2025-09-19,1256,A,520,165.0
2025-09-19,6209,A,2151,39.95
2025-09-19,8358,B,932,230.5
2025-09-26,3089,A,459,125.0
2025-09-26,2308,B,253,844.616
2025-09-26,6418,A,1148,48.9
2025-09-26,6739,A,97,694.0
2025-09-26,6510,A,59,1445.0
2025-09-26,6515,A,41,1600.0
2025-09-26,3017,B,205,1050.0
2025-09-26,3260,A,618,139.0
2025-09-26,5289,A,243,352.5
2025-09-26,8358,B,932,230.5
2025-09-26,2317,A,392,219.5
2025-09-26,4722,A,491,175.0
2025-09-26,6488,A,187,458.0
2025-09-26,1504,A,910,94.6
2025-09-26,3625,A,3550,24.25
2025-09-26,3026,A,915,94.0
2025-09-26,4749,A,95,902.0
2025-09-26,2301,B,1316,163.5
2025-10-03,3089,A,459,125.0
2025-10-03,2308,B,248,902.732
2025-10-03,6418,A,1148,48.9
2025-10-03,6739,A,97,694.0
2025-10-03,6510,A,59,1445.0
2025-10-03,6515,A,41,1600.0
2025-10-03,3260,A,618,139.0
2025-10-03,8358,B,932,230.5
2025-10-03,4722,A,491,175.0
2025-10-03,6488,A,187,458.0
2025-10-03,1504,A,910,94.6
2025-10-03,3026,A,915,94.0
2025-10-03,2301,B,1316,163.5
2025-10-03,3430,A,1182,79.2
2025-10-03,6138,A,421,222.0
2025-10-03,3628,A,1226,76.4
2025-10-03,8299,A,112,829.0
2025-10-03,8021,A,780,120.0
2025-10-03,3706,B,2590,90.4
2025-10-09,3089,A,459,125.0
2025-10-09,2308,B,235,960.083
2025-10-09,6418,A,1148,48.9
2025-10-09,6739,A,97,694.0
2025-10-09,6515,A,41,1600.0
2025-10-09,3260,A,618,139.0
2025-10-09,8358,B,932,230.5
2025-10-09,4722,A,491,175.0
2025-10-09,6488,A,187,458.0
2025-10-09,1504,A,910,94.6
2025-10-09,3026,A,915,94.0
2025-10-09,2301,B,1316,163.5
2025-10-09,3430,A,1182,79.2
2025-10-09,3628,A,1226,76.4
2025-10-09,8299,A,112,829.0
2025-10-09,3231,A,623,151.0
2025-10-09,8046,A,355,265.0
2025-10-09,2330,B,163,1440.0
2025-10-17,3089,A,459,125.0
2025-10-17,2308,B,231,983.332
2025-10-17,6418,A,1148,48.9
2025-10-17,6515,A,41,1600.0
2025-10-17,3260,A,492,139.0
2025-10-17,8358,B,932,230.5
2025-10-17,3026,A,915,94.0
2025-10-17,3628,A,1226,76.4
2025-10-17,8046,A,355,265.0
2025-10-17,2330,B,163,1440.0
2025-10-17,8271,A,814,113.5
2025-10-17,4967,A,722,128.0
2025-10-17,1795,A,308,299.5
2025-10-17,2059,A,24,3760.0
2025-10-17,5289,A,223,413.0
2025-10-17,6139,A,215,429.0
2025-10-17,2360,A,139,662.0
2025-10-17,3706,B,2529,91.4
2025-10-23,3089,A,459,125.0
2025-10-23,2308,B,229,999.286
2025-10-23,6515,A,41,1600.0
2025-10-23,3260,A,492,139.0
2025-10-23,8358,B,932,230.5
2025-10-23,3026,A,915,94.0
2025-10-23,3628,A,1226,76.4
2025-10-23,2330,B,163,1440.0
2025-10-23,8271,A,814,113.5
2025-10-23,4967,A,722,128.0
2025-10-23,5289,A,223,413.0
2025-10-23,3706,B,2529,91.4
2025-10-23,8103,A,1154,80.3
2025-10-23,2211,A,827,112.0
2025-10-23,2838,A,4578,20.25
2025-10-23,3002,A,3839,24.15
2025-10-23,8996,A,183,505.0
2025-10-23,3543,A,2173,42.65
2025-10-31,3089,A,459,125.0
2025-10-31,2308,B,229,999.286
2025-10-31,3260,A,492,139.0
2025-10-31,3628,A,1226,76.4
2025-10-31,2330,B,163,1440.0
2025-10-31,8103,A,1154,80.3
2025-10-31,8996,A,183,505.0
2025-10-31,3543,A,2173,42.65
2025-10-31,8210,A,103,927.0
2025-10-31,2327,A,384,249.0
2025-10-31,8299,A,89,1065.0
2025-10-31,6411,A,959,99.9
2025-10-31,4764,A,1303,73.5
2025-10-31,8112,A,1451,66.0
2025-10-31,6823,A,1223,78.3
2025-10-31,2317,A,372,257.5
2025-10-31,2059,A,23,4110.0
2025-10-31,2472,A,879,109.0
2025-10-31,3017,B,168,1425.0
2025-10-31,1504,B,2056,116.5
2025-11-07,3089,A,459,125.0
2025-11-07,2308,B,229,999.286
2025-11-07,3628,A,1226,76.4
2025-11-07,2330,B,163,1440.0
2025-11-07,8103,A,1154,80.3
2025-11-07,8996,A,183,505.0
2025-11-07,2327,A,384,249.0
2025-11-07,8299,A,89,1065.0
2025-11-07,4764,A,1303,73.5
2025-11-07,8112,A,1451,66.0
2025-11-07,6823,A,1223,78.3
2025-11-07,2059,A,23,4110.0
2025-11-07,3017,B,168,1425.0
2025-11-07,2515,A,5514,17.0
2025-11-07,6290,A,490,191.0
2025-11-07,3711,A,410,228.5
2025-11-07,2211,A,829,113.0
2025-11-07,5289,A,205,456.0
2025-11-07,3026,A,867,108.0
2025-11-07,6669,B,57,4075.0
2025-11-14,3089,A,459,125.0
2025-11-14,2308,B,229,999.286
2025-11-14,2330,B,163,1440.0
2025-11-14,8103,A,1154,80.3
2025-11-14,8996,A,183,505.0
2025-11-14,2327,A,384,249.0
2025-11-14,8299,A,89,1065.0
2025-11-14,8112,A,1451,66.0
2025-11-14,3017,B,168,1425.0
2025-11-14,2515,A,5514,17.0
2025-11-14,6290,A,490,191.0
2025-11-14,3711,A,410,228.5
2025-11-14,5289,A,205,456.0
2025-11-14,6021,A,3447,26.85
2025-11-14,3260,A,433,213.5
2025-11-14,1815,A,2600,89.0
2025-11-14,3709,A,1522,60.8
2025-11-14,4967,A,649,142.5
2025-11-14,8271,A,811,114.0
2025-11-14,3090,A,1023,90.4
2025-11-21,3089,A,459,125.0
2025-11-21,2308,B,229,999.286
2025-11-21,2330,B,163,1440.0
2025-11-21,8996,A,183,505.0
2025-11-21,2327,A,384,249.0
2025-11-21,8299,A,89,1065.0
2025-11-21,3017,B,168,1425.0
2025-11-21,3711,A,410,228.5
2025-11-21,5289,A,205,456.0
2025-11-21,1815,A,1038,89.0
2025-11-21,3709,A,1522,60.8
2025-11-21,6023,A,904,93.9
2025-11-21,6209,A,1533,55.4
2025-11-21,2451,A,455,186.5
2025-11-21,1303,A,1618,52.5
2025-11-21,5515,A,2745,30.95
2025-11-21,6751,A,1493,56.9
2025-11-21,3622,A,1258,67.5
2025-11-21,6265,A,5228,16.25
2025-11-21,2375,A,911,93.2
2025-11-21,2408,B,1515,140.0
2025-11-28,3089,A,459,125.0
2025-11-28,2330,B,163,1440.0
2025-11-28,2327,A,384,249.0
2025-11-28,3017,B,168,1425.0
2025-11-28,3711,A,410,228.5
2025-11-28,6023,A,904,93.9
2025-11-28,6209,A,1533,55.4
2025-11-28,2451,A,455,186.5
2025-11-28,1303,A,1618,52.5
2025-11-28,5515,A,2745,30.95
2025-11-28,3622,A,1258,67.5
2025-11-28,6265,A,5228,16.25
2025-11-28,2408,B,1515,140.0
2025-11-28,8390,A,1026,86.5
2025-11-28,8048,A,1357,65.4
2025-11-28,6515,A,31,2830.0
2025-11-28,1795,A,284,312.0
2025-11-28,2211,A,752,118.0
2025-11-28,6290,A,487,182.0
2025-11-28,8299,B,198,1120.0
2025-12-05,3089,A,459,125.0
2025-12-05,2330,B,163,1440.0
2025-12-05,2327,A,384,249.0
2025-12-05,3711,A,410,228.5
2025-12-05,6023,A,904,93.9
2025-12-05,6209,A,1533,55.4
2025-12-05,1303,A,3472,58.32
2025-12-05,5515,A,2745,30.95
2025-12-05,6265,A,5228,16.25
2025-12-05,2408,B,1515,140.0
2025-12-05,8390,A,1026,86.5
2025-12-05,8048,A,1357,65.4
2025-12-05,6515,A,31,2830.0
2025-12-05,2211,A,752,118.0
2025-12-05,5398,A,2935,30.0
2025-12-05,6163,A,2026,43.45
2025-12-05,6220,A,3380,26.05
2025-12-05,3709,A,1627,54.1
2025-12-05,2344,B,3562,61.8
2025-12-12,3089,A,459,125.0
2025-12-12,2330,B,163,1440.0
2025-12-12,3711,A,410,228.5
2025-12-12,6023,A,904,93.9
2025-12-12,6209,A,1533,55.4
2025-12-12,1303,A,3752,59.987
2025-12-12,5515,A,2745,30.95
2025-12-12,6265,A,5228,16.25
2025-12-12,2408,B,1515,140.0
2025-12-12,8390,A,1026,86.5
2025-12-12,6515,A,31,2830.0
2025-12-12,5398,A,2935,30.0
2025-12-12,6163,A,2026,43.45
2025-12-12,6220,A,3380,26.05
2025-12-12,2344,B,3562,61.8
2025-12-12,6624,A,1348,68.0
2025-12-12,3090,A,877,104.5
2025-12-12,2491,A,4540,20.2
2025-12-12,6290,A,499,183.5
2025-12-19,3089,A,459,125.0
2025-12-19,6023,A,1573,94.751
2025-12-19,5515,A,4173,32.729
2025-12-19,6265,A,7342,17.488
2025-12-19,8390,A,1752,86.334
2025-12-19,5398,A,5567,28.629
2025-12-19,6163,A,3203,44.791
2025-12-19,6220,A,5792,26.05
2025-12-19,6624,A,2425,65.424
2025-12-19,2491,A,6617,21.016
2025-12-19,6603,A,5275,28.6
2025-12-19,1437,A,4341,34.75
2025-12-19,5521,A,7236,20.85
2025-12-19,3163,A,426,354.0
2025-12-19,3551,A,789,191.0
2025-12-19,2451,A,859,175.5
2025-12-26,3089,A,459,125.0
2025-12-26,5515,A,2709,32.729
2025-12-26,6163,A,1594,44.791
2025-12-26,6220,A,3688,26.05
2025-12-26,6624,A,1381,65.424
2025-12-26,6603,A,3491,28.6
2025-12-26,1437,A,2753,34.75
2025-12-26,3163,A,243,354.0
2025-12-26,6788,A,273,347.5
2025-12-26,2891,A,1906,49.8
2025-12-26,6465,A,2459,38.6
2025-12-26,2882,A,1269,74.8
2025-12-26,6903,A,424,223.5
2025-12-26,3260,A,428,221.5
2025-12-26,4967,A,595,159.5
2025-12-26,8299,A,181,1310.0
2025-12-26,2344,B,3102,76.5
2025-12-26,2408,B,1255,189.0
2025-12-26,1303,B,4128,57.5
2026-01-02,3089,A,459,125.0
2026-01-02,1437,A,2753,34.75
2026-01-02,3163,A,243,354.0
2026-01-02,6788,A,273,347.5
2026-01-02,2891,A,1906,49.8
2026-01-02,6465,A,2459,38.6
2026-01-02,2882,A,1269,74.8
2026-01-02,6903,A,424,223.5
2026-01-02,3260,A,428,221.5
2026-01-02,4967,A,595,159.5
2026-01-02,8299,A,174,1390.69
2026-01-02,2344,B,3102,76.5
2026-01-02,2408,B,1255,189.0
2026-01-02,6265,A,3006,33.45
2026-01-02,5498,A,1897,53.0
2026-01-02,2413,A,2181,46.1
2026-01-02,4542,A,1105,91.0
2026-01-02,5521,A,4130,24.35
2026-01-02,8021,B,1326,189.5
2026-01-09,3089,A,459,125.0
2026-01-09,3260,A,428,221.5
2026-01-09,4967,A,595,159.5
2026-01-09,8299,A,158,1533.064
2026-01-09,2344,B,2634,89.277
2026-01-09,2408,B,1255,189.0
2026-01-09,6265,A,3006,33.45
2026-01-09,8438,A,2028,50.8
2026-01-09,3006,A,757,136.0
2026-01-09,4720,A,5856,17.6
2026-01-09,3491,A,132,780.0
2026-01-09,2451,A,426,241.5
2026-01-09,6603,A,3081,33.45
2026-01-09,8110,A,1443,71.4
2026-01-09,6205,A,1712,60.2
2026-01-09,2330,B,153,1680.0
2026-01-16,3089,A,459,125.0
2026-01-16,2344,B,2634,89.277
2026-01-16,2408,B,1255,189.0
2026-01-16,6265,A,2329,33.45
2026-01-16,8438,A,2028,50.8
2026-01-16,3491,A,132,780.0
2026-01-16,8110,A,1443,71.4
2026-01-16,2330,B,153,1680.0
2026-01-16,1789,A,4249,26.25
2026-01-16,3138,A,729,153.0
2026-01-16,5498,A,1593,70.0
2026-01-16,3481,A,4193,26.6
2026-01-16,5291,A,2889,38.6
2026-01-16,3711,A,367,303.5
2026-01-16,6016,A,6992,15.95
2026-01-16,6163,A,1553,71.8
2026-01-16,3669,A,2760,40.4
2026-01-16,3264,A,788,141.5
2026-01-16,8299,B,147,1890.0
2026-01-23,3089,A,459,125.0
2026-01-23,2344,B,2634,89.277
2026-01-23,2408,B,1255,189.0
2026-01-23,6265,A,2329,33.45
2026-01-23,8438,A,2028,50.8
2026-01-23,3491,A,106,780.0
2026-01-23,2330,B,153,1680.0
2026-01-23,3138,A,729,153.0
2026-01-23,6016,A,6992,15.95
2026-01-23,8083,A,655,173.5
2026-01-23,3037,A,335,339.0
2026-01-23,5347,A,776,146.5
2026-01-23,5864,A,5217,21.8
2026-01-23,5292,A,520,218.5
2026-01-23,2303,A,4387,64.8
2026-01-23,5340,A,1203,94.5
2026-01-23,8091,A,833,136.5
2026-01-23,5289,A,152,745.0
2026-01-30,3089,A,459,125.0
2026-01-30,2344,B,2634,89.277
2026-01-30,2408,B,906,189.0
2026-01-30,8438,A,2028,50.8
2026-01-30,3491,A,106,780.0
2026-01-30,2330,B,153,1680.0
2026-01-30,3138,A,729,153.0
2026-01-30,8083,A,655,173.5
2026-01-30,5864,A,5217,21.8
2026-01-30,8091,A,833,136.5
2026-01-30,4534,A,4959,23.85
2026-01-30,6021,A,3743,31.6
2026-01-30,6285,A,639,185.0
2026-01-30,3081,A,118,1000.0
2026-01-30,2367,A,2283,51.8
2026-01-30,2313,A,699,169.0
2026-01-30,4533,A,3214,36.8
2026-01-30,8436,A,780,151.5
2026-01-30,2454,A,67,1760.0
2026-01-30,6026,A,7859,15.05
2026-01-30,2303,B,4738,62.4
2026-02-06,3089,A,459,125.0
2026-02-06,2408,B,906,189.0
2026-02-06,3491,A,106,780.0
2026-02-06,2330,B,153,1680.0
2026-02-06,5864,A,5217,21.8
2026-02-06,6021,A,3743,31.6
2026-02-06,6285,A,639,185.0
2026-02-06,3081,A,118,1000.0
2026-02-06,2367,A,2283,51.8
2026-02-06,2303,B,4738,62.4
2026-02-06,6651,A,1131,98.0
2026-02-06,1590,A,92,1195.0
2026-02-06,6220,A,3689,30.05
2026-02-06,6510,A,29,3700.0
2026-02-06,4542,A,827,134.0
2026-02-06,6683,A,156,708.0
2026-02-06,5340,A,1086,102.0
2026-02-06,6446,A,153,723.0
2026-02-06,3037,A,815,340.0
2026-02-11,3089,A,459,125.0
2026-02-11,2408,B,906,189.0
2026-02-11,3491,A,83,780.0
2026-02-11,5864,A,5217,21.8
2026-02-11,3081,A,118,1000.0
2026-02-11,2303,B,4738,62.4
2026-02-11,6651,A,1131,98.0
2026-02-11,1590,A,92,1195.0
2026-02-11,6220,A,3689,30.05
2026-02-11,6510,A,29,3700.0
2026-02-11,4542,A,827,134.0
2026-02-11,6683,A,156,708.0
2026-02-11,3163,A,195,589.0
2026-02-11,3711,A,324,354.5
2026-02-11,8083,A,653,176.0
2026-02-11,2454,A,61,1855.0
2026-02-11,6202,A,2035,56.5
2026-02-11,2313,A,616,186.5
2026-02-11,3037,B,779,369.0
2026-02-11,2344,B,2725,105.5
2026-02-11,3089,A,459,125.0
2026-02-11,2408,B,906,189.0
2026-02-11,3491,A,83,780.0
2026-02-11,5864,A,5217,21.8
2026-02-11,3081,A,118,1000.0
2026-02-11,2303,B,4738,62.4
2026-02-11,6651,A,1131,98.0
2026-02-11,1590,A,92,1195.0
2026-02-11,6220,A,3689,30.05
2026-02-11,6510,A,29,3700.0
2026-02-11,4542,A,827,134.0
2026-02-11,6683,A,156,708.0
2026-02-11,3163,A,195,589.0
2026-02-11,3711,A,324,354.5
2026-02-11,8083,A,653,176.0
2026-02-11,2454,A,61,1855.0
2026-02-11,6202,A,2035,56.5
2026-02-11,2313,A,616,186.5
2026-02-11,3037,B,779,369.0
2026-02-11,2344,B,2725,105.5
2026-02-26,3089,A,459,125.0
2026-02-26,2408,B,906,189.0
2026-02-26,3491,A,83,780.0
2026-02-26,5864,A,5217,21.8
2026-02-26,3081,A,118,1000.0
2026-02-26,6651,A,1131,98.0
2026-02-26,6220,A,3689,30.05
2026-02-26,4542,A,827,134.0
2026-02-26,6683,A,156,708.0
2026-02-26,3163,A,195,589.0
2026-02-26,3037,B,779,369.0
2026-02-26,2344,B,2725,105.5
2026-02-26,5386,A,596,214.0
2026-02-26,5475,A,600,212.5
2026-02-26,6716,A,1328,96.0
2026-02-26,2897,A,13016,9.8
2026-02-26,8046,A,229,555.0
2026-02-26,4534,A,4323,29.5
2026-02-26,6426,A,666,191.5
2026-02-26,8299,B,168,1890.0
2026-03-06,3089,A,459,125.0
2026-03-06,2408,B,1291,202.122
2026-03-06,3081,A,81,1000.0
2026-03-06,6651,A,1131,98.0
2026-03-06,6220,A,2870,30.05
2026-03-06,3163,A,195,589.0
2026-03-06,3037,B,779,369.0
2026-03-06,2344,B,2725,105.5
2026-03-06,5386,A,463,214.0
2026-03-06,5475,A,600,212.5
2026-03-06,2897,A,13016,9.8
2026-03-06,4534,A,4323,29.5
2026-03-06,6861,A,799,150.5
2026-03-06,6187,A,204,590.0
2026-03-06,6877,A,1094,110.0
2026-03-06,2367,A,1744,69.0
2026-03-06,3363,A,203,592.0
2026-03-06,2313,B,1482,203.0
2026-03-13,3089,A,459,125.0
2026-03-13,3163,A,144,589.0
2026-03-13,3037,B,779,369.0
2026-03-13,2344,B,2725,105.5
2026-03-13,5386,A,463,214.0
2026-03-13,2897,A,13016,9.8
2026-03-13,6861,A,799,150.5
2026-03-13,6187,A,204,590.0
2026-03-13,2367,A,1744,69.0
2026-03-13,3036,A,541,235.5
2026-03-13,6830,A,364,349.5
2026-03-13,6683,A,112,1130.0
2026-03-13,1582,A,1412,90.3
2026-03-13,6217,A,937,136.0
2026-03-13,4542,A,728,175.0
2026-03-13,3481,A,10733,29.7
2026-03-13,5289,A,125,1015.0
2026-03-13,2006,A,1641,77.7
2026-03-13,2330,B,170,1865.0
2026-03-20,3089,A,459,125.0
2026-03-20,3163,A,144,589.0
2026-03-20,2344,B,2725,105.5
2026-03-20,5386,A,463,214.0
2026-03-20,6861,A,799,150.5
2026-03-20,6187,A,204,590.0
2026-03-20,3036,A,541,235.5
2026-03-20,6830,A,364,349.5
2026-03-20,6683,A,112,1130.0
2026-03-20,1582,A,1412,90.3
2026-03-20,6217,A,710,136.0
2026-03-20,4542,A,728,175.0
2026-03-20,5289,A,125,1015.0
2026-03-20,2330,B,170,1865.0
2026-03-20,3702,A,1474,91.4
2026-03-20,2243,A,6909,19.5
2026-03-20,3037,A,243,554.0
2026-03-20,3006,A,689,195.5
2026-03-20,3481,B,12831,26.25
2026-03-20,2313,B,1517,222.0
2026-03-27,3089,A,459,125.0
2026-03-27,6187,A,135,590.0
2026-03-27,6830,A,364,349.5
2026-03-27,6683,A,112,1130.0
2026-03-27,6217,A,710,136.0
2026-03-27,2330,B,170,1865.0
2026-03-27,3702,A,1474,91.4
2026-03-27,2243,A,6909,19.5
2026-03-27,3481,B,12831,26.25
2026-03-27,2313,B,483,222.0
2026-03-27,2640,A,668,195.0
2026-03-27,6515,A,16,7915.0
2026-03-27,5291,A,1720,75.8
2026-03-27,2485,A,1621,80.4
2026-03-27,4991,A,292,446.0
2026-03-27,2897,A,12910,10.1
2026-03-27,2367,A,1667,78.2
2026-03-27,3081,A,75,1720.0
2026-03-27,2308,B,215,1510.0
2026-04-02,3089,A,459,125.0
2026-04-02,6187,A,135,590.0
2026-04-02,6830,A,229,349.5
2026-04-02,6683,A,89,1130.0
2026-04-02,6217,A,710,136.0
2026-04-02,3702,A,1474,91.4
2026-04-02,2243,A,6909,19.5
2026-04-02,3481,B,12831,26.25
2026-04-02,2313,B,1239,245.186
2026-04-02,2640,A,668,195.0
2026-04-02,5291,A,1720,75.8
2026-04-02,2485,A,1621,80.4
2026-04-02,2308,B,215,1510.0
2026-04-02,3171,A,1941,66.4
2026-04-02,3131,A,41,3090.0
2026-04-02,6821,A,2281,56.5
2026-04-02,1582,A,1227,105.0
2026-04-02,1905,A,8563,15.05
2026-04-02,3017,B,155,2070.0
2026-04-10,3089,A,459,125.0
2026-04-10,6830,A,229,349.5
2026-04-10,6217,A,710,136.0
2026-04-10,2243,A,6909,19.5
2026-04-10,2313,B,1239,245.186
2026-04-10,3171,A,1941,66.4
2026-04-10,3131,A,41,3090.0
2026-04-10,7721,A,1642,84.0
2026-04-10,8091,A,753,183.0
2026-04-10,3163,A,109,1260.0
2026-04-10,4991,A,249,552.0
2026-04-10,6208,A,2507,55.0
2026-04-10,5475,A,472,292.0
2026-04-10,3105,B,743,464.0
2026-04-10,8046,B,516,667.0
2026-04-10,3037,B,540,638.0
2026-04-17,3089,A,459,125.0
2026-04-17,6830,A,166,349.5
2026-04-17,2313,B,1239,245.186
2026-04-17,7721,A,1642,84.0
2026-04-17,6208,A,1951,55.0
2026-04-17,5475,A,472,292.0
2026-04-17,3105,B,743,464.0
2026-04-17,8046,B,516,667.0
2026-04-17,7610,A,229,638.0
2026-04-17,4741,A,2508,58.3
2026-04-17,3026,A,626,233.5
2026-04-17,3042,A,965,151.5
2026-04-17,4707,A,9717,15.05
2026-04-17,8383,A,2343,62.4
2026-04-17,3583,A,192,760.0
2026-04-17,4576,A,746,196.0
2026-04-17,1785,A,937,156.0
2026-04-17,6451,A,289,505.0
2026-04-17,3167,A,213,685.0
2026-04-17,2330,B,180,2030.0
2026-04-24,3089,A,459,125.0
2026-04-24,6830,A,166,349.5
2026-04-24,2313,B,1672,237.24
2026-04-24,6208,A,1951,55.0
2026-04-24,7610,A,229,638.0
2026-04-24,4741,A,2508,58.3
2026-04-24,4707,A,9717,15.05
2026-04-24,8383,A,2343,62.4
2026-04-24,3583,A,192,760.0
2026-04-24,6451,A,289,505.0
2026-04-24,2330,B,180,2030.0
2026-04-24,7556,A,473,303.0
2026-04-24,6902,A,1210,118.5
2026-04-24,3581,A,877,163.5
2026-04-24,6877,A,771,186.0
2026-04-24,3081,A,50,2820.0
2026-04-24,3229,A,3856,37.2
2026-04-24,6829,A,649,221.0
2026-04-24,6515,A,14,10060.0
2026-04-24,2308,B,172,2075.0
2026-04-30,3089,A,459,125.0
2026-04-30,2330,B,180,2030.0
2026-04-30,7556,A,473,303.0
2026-04-30,3581,A,877,163.5
2026-04-30,2308,B,172,2075.0
2026-04-30,6658,A,978,149.5
2026-04-30,6861,A,446,328.0
2026-04-30,6234,A,2771,52.8
2026-04-30,1785,A,884,165.5
2026-04-30,2243,A,5370,27.25
2026-04-30,6735,A,1204,121.5
2026-04-30,2454,A,140,2610.0
2026-04-30,8046,A,145,1005.0
2026-04-30,6789,A,254,576.0
2026-04-30,6278,A,871,168.0
2026-04-30,6672,A,668,219.0
2026-04-30,6531,A,174,840.0
2026-04-30,3105,B,682,536.0
2026-05-08,3089,A,459,125.0
2026-05-08,2330,B,180,2030.0
2026-05-08,3581,A,658,163.5
2026-05-08,2308,B,172,2075.0
2026-05-08,6658,A,978,149.5
2026-05-08,6861,A,446,328.0
2026-05-08,6234,A,2771,52.8
2026-05-08,2454,A,106,3216.226
2026-05-08,2070,A,2140,72.2
2026-05-08,6274,A,112,1370.0
2026-05-08,1597,A,893,173.0
2026-05-08,3443,A,29,5210.0
2026-05-08,3016,A,1320,117.0
2026-05-08,3088,A,1241,124.5
2026-05-08,9960,A,4479,34.5
2026-05-08,4951,A,1246,124.0
2026-05-08,7750,A,60,2545.0
2026-05-08,5864,A,4427,34.9
2026-05-08,2313,B,1524,253.5
2026-05-15,3089,A,459,125.0
2026-05-15,3581,A,658,163.5
2026-05-15,6658,A,774,149.5
2026-05-15,6861,A,333,328.0
2026-05-15,6274,A,112,1370.0
2026-05-15,3016,A,1320,117.0
2026-05-15,3088,A,1241,124.5
2026-05-15,9960,A,4479,34.5
2026-05-15,6173,A,968,155.0
2026-05-15,3430,A,870,172.5
2026-05-15,8027,A,607,247.0
2026-05-15,3026,A,459,327.0
2026-05-15,3033,A,3133,47.9
2026-05-15,5285,A,2022,74.2
2026-05-15,2472,A,691,217.0
2026-05-15,6278,A,680,220.5
2026-05-15,2454,B,115,3260.0
2026-05-15,2303,B,3411,110.0
2026-05-15,4958,B,935,401.0
2026-05-15,3037,B,457,821.0
2026-05-22,3089,A,459,125.0
2026-05-22,3088,A,1241,124.5
2026-05-22,3026,A,355,327.0
2026-05-22,3033,A,3133,47.9
2026-05-22,5285,A,2022,74.2
2026-05-22,2454,B,115,3260.0
2026-05-22,2303,B,3411,110.0
2026-05-22,3037,B,457,821.0
2026-05-22,6924,A,1001,168.5
2026-05-22,3090,A,785,215.0
2026-05-22,3577,A,1160,145.5
2026-05-22,7610,A,135,1250.0
2026-05-22,3048,A,2266,74.5
2026-05-22,6642,A,1907,88.5
2026-05-22,6166,A,1329,127.0
2026-05-22,3209,A,2164,78.0
2026-05-22,3624,A,1845,91.5
2026-05-22,8042,A,1372,123.0
2026-05-29,3089,A,459,125.0
2026-05-29,3026,A,355,327.0
2026-05-29,2454,B,115,3260.0
2026-05-29,6924,A,1001,168.5
2026-05-29,7610,A,135,1250.0
2026-05-29,3624,A,1845,91.5
2026-05-29,2492,A,467,394.0
2026-05-29,2428,A,630,292.0
2026-05-29,3479,A,1363,135.0
2026-05-29,2472,A,496,371.0
2026-05-29,6182,A,1850,99.5
2026-05-29,6175,A,1787,103.0
2026-05-29,2327,A,623,738.0
2026-05-29,6449,A,466,395.0
2026-05-29,2375,A,1105,166.5
2026-05-29,4958,B,893,515.0
2026-06-05,3089,A,459,125.0
2026-06-05,2454,B,115,3260.0
2026-06-05,7610,A,104,1250.0
2026-06-05,2061,A,4563,39.8
2026-06-05,6207,A,1256,144.5
2026-06-05,6016,A,5045,36.0
2026-06-05,6548,A,2024,89.7
2026-06-05,5285,A,1978,91.8
2026-06-05,5864,A,3388,53.6
2026-06-05,4807,A,4717,38.5
2026-06-05,2855,A,3073,59.1
2026-06-05,3528,A,1316,138.0
2026-06-05,4127,A,2636,68.9
2026-06-05,6015,A,8036,22.6
2026-06-05,4973,A,1059,171.5
2026-06-05,3481,B,8455,53.7
2026-06-05,2327,B,590,769.0
2026-06-05,6770,B,6086,74.6
2026-06-12,3089,A,459,125.0
2026-06-12,2454,B,115,3260.0
2026-06-12,4807,A,4717,38.5
2026-06-12,4973,A,1059,171.5
2026-06-12,3481,B,8455,53.7
2026-06-12,2327,B,504,820.532
2026-06-12,3147,A,510,338.0
2026-06-12,6890,A,674,256.0
2026-06-12,2478,A,1006,171.5
2026-06-12,2881,A,1414,122.0
2026-06-12,6585,A,1268,136.0
2026-06-12,8454,A,484,356.5
2026-06-12,5410,A,3780,45.65
2026-06-12,5426,A,5326,32.4
2026-06-12,5228,A,2490,69.3
2026-06-12,2303,B,3231,133.5
2026-06-18,3089,A,459,125.0
2026-06-18,2454,B,115,3260.0
2026-06-18,3481,B,8455,53.7
2026-06-18,2327,B,437,976.094
2026-06-18,3147,A,510,338.0
2026-06-18,2478,A,1006,171.5
2026-06-18,2881,A,1414,122.0
2026-06-18,6585,A,1268,136.0
2026-06-18,5426,A,5326,32.4
2026-06-18,2303,B,3231,133.5
2026-06-18,1714,A,9277,20.35
2026-06-18,3026,A,209,902.0
2026-06-18,2882,A,1634,115.5
2026-06-18,2492,A,336,561.0
2026-06-18,4556,A,2455,76.9
2026-06-18,2491,A,4604,41.0
2026-06-26,3089,A,459,125.0
2026-06-26,2454,B,115,3260.0
2026-06-26,3481,B,8455,53.7
2026-06-26,2327,B,446,999.385
2026-06-26,3147,A,510,338.0
2026-06-26,2478,A,1006,171.5
2026-06-26,2881,A,1414,122.0
2026-06-26,2303,B,3231,133.5
2026-06-26,2492,A,336,561.0
2026-06-26,2305,A,5164,35.1
2026-06-26,2061,A,2895,62.6
2026-06-26,4551,A,805,225.0
2026-06-26,2483,A,3254,55.7
2026-06-26,2493,A,666,272.0
2026-06-26,2243,A,3420,53.0
2026-06-26,6834,A,1498,121.0
2026-06-26,3114,A,3485,52.0
2026-06-26,5328,A,2582,70.2
2026-06-26,1303,A,1224,148.0
2026-07-03,3089,A,459,125.0
2026-07-03,2454,B,115,3260.0
2026-07-03,2327,B,446,999.385
2026-07-03,2303,B,3231,133.5
2026-07-03,2483,A,3254,55.7
2026-07-03,2493,A,666,272.0
2026-07-03,2243,A,3420,53.0
2026-07-03,5328,A,2582,70.2
2026-07-03,1303,A,1224,148.0
2026-07-03,6226,A,8076,24.0
2026-07-03,6446,A,138,1395.0
2026-07-03,2415,A,5114,37.9
2026-07-03,3284,A,6428,30.15
2026-07-03,8261,A,605,320.0
2026-07-03,8476,A,7927,24.45
2026-07-03,2302,A,3727,52.0
2026-07-03,6182,A,1189,163.0
2026-07-03,4306,A,11711,16.55
2026-07-03,2344,B,2626,184.5
2026-07-09,3089,A,459,125.0
2026-07-09,2454,B,115,3260.0
2026-07-09,2327,B,446,999.385
2026-07-09,2303,B,3231,133.5
2026-07-09,2483,A,3254,55.7
2026-07-09,6226,A,8076,24.0
2026-07-09,6446,A,138,1395.0
2026-07-09,3284,A,6428,30.15
2026-07-09,8261,A,605,320.0
2026-07-09,6182,A,1189,163.0
2026-07-09,2344,B,2626,184.5
2026-07-09,2466,A,1845,98.5
2026-07-09,4707,A,5013,36.25
2026-07-09,2061,A,2432,74.7
2026-07-09,1515,A,4526,40.15
2026-07-09,4556,A,1799,101.0
2026-07-09,1617,A,7733,23.5
2026-07-09,1718,A,12798,14.2
2026-07-09,2236,A,1032,176.0
2026-07-09,4716,A,7953,22.85
2026-07-17,3089,A,459,125.0
2026-07-17,2327,B,446,999.385
2026-07-17,2303,B,3231,133.5
2026-07-17,2483,A,3254,55.7
2026-07-17,6226,A,8076,24.0
2026-07-17,6182,A,1189,163.0
2026-07-17,2466,A,1331,98.5
2026-07-17,4707,A,5013,36.25
2026-07-17,2061,A,2432,74.7
2026-07-17,1515,A,4526,40.15
2026-07-17,4556,A,1799,101.0
2026-07-17,1617,A,7733,23.5
2026-07-17,1718,A,12798,14.2
2026-07-17,1709,A,6229,26.05
2026-07-17,2887,A,4564,35.55
2026-07-17,1303,A,815,199.0
2026-07-17,8383,A,1823,89.0
2026-07-17,8033,A,740,219.0
2026-07-17,4127,A,1971,82.3
2026-07-17,7610,A,67,2410.0
2026-07-17,3481,B,7712,52.6
2026-07-17,4958,B,435,521.0
2026-07-24,3089,A,459,125.0
2026-07-24,2303,B,3231,133.5
2026-07-24,2466,A,1331,98.5
2026-07-24,4556,A,1138,101.0
2026-07-24,1709,A,6229,26.05
2026-07-24,2887,A,4564,35.55
2026-07-24,1303,A,815,199.0
2026-07-24,8383,A,1823,89.0
2026-07-24,3481,B,7712,52.6
2026-07-24,6414,A,291,500.0
2026-07-24,2395,A,250,581.0
2026-07-24,8476,A,6264,23.25
2026-07-24,3577,A,994,146.5
2026-07-24,3479,A,930,156.5
2026-07-24,8050,A,2443,59.6
2026-07-24,2377,A,994,146.5
2026-07-24,4939,A,2322,62.7
2026-07-24,2881,A,1142,127.5
2026-07-24,8046,B,328,1110.0
2026-07-24,3711,B,593,613.0
2026-07-31,3089,A,459,125.0
2026-07-31,2466,A,2361,95.272
2026-07-31,2887,A,4564,35.55
2026-07-31,6414,A,531,457.062
2026-07-31,2395,A,382,574.78
2026-07-31,2881,A,1654,128.274
2026-07-31,2546,A,2119,101.5
2026-07-31,6505,A,3038,70.8
2026-07-31,6226,A,10974,19.6
2026-07-31,4127,A,2914,73.8
2026-07-31,4807,A,5774,37.25
2026-07-31,5328,A,3371,63.8
2026-07-31,2882,A,2119,101.5
2026-07-31,2535,A,2438,88.2
2026-08-07,3089,A,459,125.0
2026-08-07,2466,A,1450,95.272
2026-08-07,2887,A,4564,35.55
2026-08-07,6414,A,280,457.062
2026-08-07,2395,A,209,574.78
2026-08-07,2881,A,1043,128.274
2026-08-07,2546,A,1337,101.5
2026-08-07,6226,A,6007,19.6
2026-08-07,4127,A,1484,73.8
2026-08-07,2535,A,1471,88.2
2026-08-07,1709,A,4764,27.8
2026-08-07,2377,A,865,153.0
2026-08-07,3441,A,1569,84.4
2026-08-07,1303,A,7045,188.0
2026-08-07,2061,A,2356,56.2
2026-08-07,6432,A,1868,70.9
2026-08-14,3089,A,459,125.0
2026-08-14,2466,A,2541,92.879
2026-08-14,2887,A,4564,35.55
2026-08-14,6414,A,560,432.031
2026-08-14,2395,A,333,615.078
2026-08-14,2881,A,1760,128.773
2026-08-14,4127,A,2736,78.147
2026-08-14,1709,A,7511,28.733
2026-08-14,2377,A,1433,155.378
2026-08-14,3441,A,2720,84.146
2026-08-14,1303,A,1099,188.0
2026-08-14,2061,A,2356,56.2
2026-08-14,6432,A,3175,71.27
2026-08-14,5328,A,3392,67.2
2026-08-14,2882,A,2245,101.5
2026-08-14,6505,A,3215,70.9
2026-08-14,4556,A,2669,85.4
2026-08-21,3089,A,459,125.0
2026-08-21,2466,A,2541,92.879
2026-08-21,2887,A,6151,35.989
2026-08-21,2395,A,333,615.078
2026-08-21,2881,A,1760,128.773
2026-08-21,4127,A,2736,78.147
2026-08-21,1709,A,7511,28.733
2026-08-21,3441,A,2142,84.146
2026-08-21,1303,A,1099,188.0
2026-08-21,5328,A,3392,67.2
2026-08-21,6505,A,3215,70.9
2026-08-21,3490,A,4251,53.9
2026-08-21,2059,A,17,13385.0
2026-08-21,2915,A,3750,61.1
2026-08-21,3605,A,2111,108.5
2026-08-21,6226,A,10808,21.2
2026-08-28,3089,A,459,125.0
2026-08-28,2466,A,1412,92.879
2026-08-28,2887,A,3934,35.989
2026-08-28,2395,A,221,615.078
2026-08-28,2881,A,1025,128.773
2026-08-28,1709,A,4081,28.733
2026-08-28,3441,A,1135,84.146
2026-08-28,1303,A,6690,217.245
2026-08-28,6505,A,2067,70.9
2026-08-28,3490,A,2933,53.9
2026-08-28,2059,A,11,13385.0
2026-08-28,2915,A,2575,61.1
2026-08-28,3605,A,1127,108.5
2026-08-28,6226,A,4339,21.2
2026-08-28,2615,A,1323,111.5
2026-08-28,6108,A,5740,25.7
2026-09-04,3089,A,459,125.0
2026-09-04,2887,A,3934,35.989
2026-09-04,2881,A,1025,128.773
2026-09-04,1709,A,4081,28.733
2026-09-04,3441,A,1135,84.146
2026-09-04,1303,A,3290,223.847
2026-09-04,3490,A,2933,53.9
2026-09-04,2059,A,11,13385.0
2026-09-04,6226,A,4339,21.2
2026-09-04,2615,A,1323,111.5
2026-09-04,6108,A,5740,25.7
2026-09-04,2221,A,1634,90.8
2026-09-04,3406,A,140,1055.0
2026-09-04,6933,A,468,317.0
2026-09-04,3008,A,100,7400.0
2026-09-04,6840,A,1599,92.8
2026-09-11,3089,A,459,125.0
2026-09-11,2887,A,3934,35.989
2026-09-11,2881,A,1025,128.773
2026-09-11,1709,A,4081,28.733
2026-09-11,3441,A,880,84.146
2026-09-11,1303,A,3111,232.367
2026-09-11,6226,A,4339,21.2
2026-09-11,2221,A,1634,90.8
2026-09-11,3406,A,140,1055.0
2026-09-11,6933,A,468,317.0
2026-09-11,3008,A,109,6809.358
2026-09-11,6840,A,1599,92.8
2026-09-11,6538,A,396,368.0
2026-09-11,2884,A,3151,46.3
2026-09-11,6505,A,1745,83.6
2026-09-11,3605,A,1191,122.5
2026-09-18,3089,A,459,125.0
2026-09-18,2887,A,3934,35.989
2026-09-18,2881,A,1025,128.773
2026-09-18,1709,A,4081,28.733
2026-09-18,3441,A,880,84.146
2026-09-18,1303,A,3239,236.873
2026-09-18,6226,A,3375,21.2
2026-09-18,2221,A,1210,90.8
2026-09-18,6933,A,468,317.0
2026-09-18,6840,A,1599,92.8
2026-09-18,2884,A,3151,46.3
2026-09-18,6505,A,1745,83.6
2026-09-18,3605,A,1191,122.5
2026-09-18,2615,A,1279,120.5
2026-09-18,6108,A,6398,24.1
2026-09-18,2915,A,2613,59.0
2026-09-18,3008,B,119,6430.0
2026-09-24,3089,A,459,125.0
2026-09-24,2887,A,3934,35.989
2026-09-24,1709,A,4081,28.733
2026-09-24,3441,A,880,84.146
2026-09-24,6226,A,3375,21.2
2026-09-24,2221,A,955,90.8
2026-09-24,6933,A,468,317.0
2026-09-24,6840,A,1599,92.8
2026-09-24,2884,A,3151,46.3
2026-09-24,6505,A,1745,83.6
2026-09-24,3605,A,853,122.5
2026-09-24,2915,A,2613,59.0
2026-09-24,3008,B,119,6430.0
2026-09-24,2305,A,2487,62.9
2026-09-24,8227,A,510,306.5
2026-09-24,6168,A,3556,44.0
2026-09-24,6218,A,2460,63.6
2026-09-24,1303,B,3287,238.0
2026-10-01,3089,A,459,125.0
2026-10-01,1709,A,3059,28.733
2026-10-01,3441,A,880,84.146
2026-10-01,6226,A,3375,21.2
2026-10-01,2221,A,955,90.8
2026-10-01,6933,A,468,317.0
2026-10-01,6505,A,1745,83.6
2026-10-01,3605,A,853,122.5
2026-10-01,3008,B,119,6430.0
2026-10-01,2305,A,2487,62.9
2026-10-01,8227,A,510,306.5
2026-10-01,6168,A,3556,44.0
2026-10-01,6218,A,2460,63.6
2026-10-01,1303,B,3287,238.0
2026-10-01,6199,A,1271,128.0
2026-10-01,5465,A,4806,33.85
2026-10-01,3443,A,20,7900.0
