date,code,pool,side,price,shares,amount
2015-01-09,4417,A,BUY,32.6,194,6324.400000000001
2015-01-09,3051,A,BUY,7.48,846,6328.08
2015-01-09,4729,A,BUY,24.35,260,6331.0
2015-01-09,3532,A,BUY,60.1,105,6310.5
2015-01-09,2611,A,BUY,13.05,485,6329.25
2015-01-09,2610,A,BUY,16.0,395,6320.0
2015-01-09,2483,A,BUY,24.95,253,6312.349999999999
2015-01-09,2368,A,BUY,19.3,328,6330.400000000001
2015-01-09,3217,A,BUY,18.15,348,6316.2
2015-01-09,2636,A,BUY,36.95,171,6318.450000000001
2015-01-09,2527,A,BUY,20.7,305,6313.5
2015-01-09,2543,A,BUY,11.5,550,6325.0
2015-01-09,2305,A,BUY,10.0,633,6330.0
2015-01-09,8085,A,BUY,9.27,683,6331.41
2015-01-09,3533,A,BUY,147.5,42,6195.0
2015-01-16,3532,A,SELL,53.3,105,5596.5
2015-01-16,3217,A,SELL,17.65,348,6142.2
2015-01-16,2543,A,SELL,10.8,550,5940.0
2015-01-16,8085,A,SELL,9.83,683,6713.89
2015-01-16,3533,A,SELL,137.0,42,5754.0
2015-01-16,3051,A,SELL,10.0,211,2110.0
2015-01-16,3631,A,BUY,62.2,101,6282.200000000001
2015-01-16,3227,A,BUY,85.5,74,6327.0
2015-01-16,2514,A,BUY,22.9,276,6320.4
2015-01-16,1522,A,BUY,22.35,283,6325.05
2015-01-16,1727,A,BUY,20.25,313,6338.25
2015-01-23,4729,A,SELL,22.6,260,5876.0
2015-01-23,2611,A,SELL,12.1,485,5868.5
2015-01-23,2527,A,SELL,20.3,305,6191.5
2015-01-23,1727,A,SELL,19.25,313,6025.25
2015-01-23,3051,A,SELL,13.5,344,4644.0
2015-01-23,3152,A,BUY,157.0,24,3768.0
2015-01-23,3631,A,SELL,63.6,39,2480.4
2015-01-23,3227,A,SELL,89.0,29,2581.0
2015-01-23,2368,A,SELL,22.25,151,3359.75
2015-01-23,8085,A,BUY,10.7,366,3916.2
2015-01-23,1522,A,SELL,22.7,110,2497.0
2015-01-23,2514,A,SELL,22.9,104,2381.6
2015-01-23,2610,A,SELL,16.1,151,2431.1000000000004
2015-01-23,2636,A,SELL,37.65,66,2484.9
2015-01-23,2483,A,SELL,25.6,99,2534.4
2015-01-23,2305,A,SELL,10.6,263,2787.7999999999997
2015-01-23,4417,A,SELL,29.55,61,1802.55
2015-01-23,3532,A,BUY,54.5,71,3869.5
2015-01-23,3217,A,BUY,18.0,217,3906.0
2015-01-23,2618,B,BUY,24.3,1611,39147.3
2015-01-30,4417,A,SELL,28.6,133,3803.8
2015-01-30,2610,A,SELL,15.9,244,3879.6
2015-01-30,2483,A,SELL,24.2,154,3726.7999999999997
2015-01-30,2636,A,SELL,36.6,105,3843.0
2015-01-30,2305,A,SELL,10.35,370,3829.5
2015-01-30,3631,A,SELL,56.7,62,3515.4
2015-01-30,8085,A,SELL,10.45,366,3824.7
2015-01-30,3532,A,SELL,55.3,71,3926.2999999999997
2015-01-30,3217,A,SELL,17.1,217,3710.7000000000003
2015-01-30,2456,A,BUY,43.05,89,3831.45
2015-01-30,4426,A,BUY,44.8,86,3852.7999999999997
2015-01-30,1307,A,BUY,33.7,114,3841.8
2015-01-30,8016,A,BUY,104.0,37,3848.0
2015-01-30,5102,A,BUY,18.55,208,3858.4
2015-01-30,9910,A,BUY,118.5,32,3792.0
2015-01-30,9924,A,BUY,35.1,110,3861.0
2015-01-30,5469,A,BUY,16.0,241,3856.0
2015-01-30,2527,A,BUY,20.35,189,3846.15
2015-01-30,4938,B,BUY,85.0,51,4335.0
2015-01-30,2618,B,SELL,24.2,813,19674.6
2015-02-06,2368,A,SELL,21.25,177,3761.25
2015-02-06,3152,A,SELL,153.0,24,3672.0
2015-02-06,5102,A,SELL,17.75,208,3692.0
2015-02-06,9924,A,SELL,34.2,110,3762.0000000000005
2015-02-06,2325,A,BUY,54.4,69,3753.6
2015-02-06,9938,A,BUY,56.9,66,3755.4
2015-02-06,2414,A,BUY,19.7,191,3762.7
2015-02-06,3532,A,BUY,63.3,59,3734.7
2015-02-06,4938,B,BUY,79.9,185,14781.500000000002
2015-02-13,2514,A,SELL,22.85,172,3930.2000000000003
2015-02-13,1522,A,SELL,21.5,173,3719.5
2015-02-13,2618,B,SELL,22.45,798,17915.1
2015-02-13,2414,A,SELL,19.05,191,3638.55
2015-02-13,2492,A,BUY,14.3,269,3846.7000000000003
2015-02-13,9924,A,BUY,33.6,114,3830.4
2015-02-13,3631,A,BUY,58.7,65,3815.5
2015-02-13,4938,B,BUY,84.8,218,18486.399999999998
2015-03-06,3051,A,SELL,13.0,291,3783.0
2015-03-06,3227,A,SELL,112.0,45,5040.0
2015-03-06,4426,A,SELL,57.7,86,4962.2
2015-03-06,8016,A,SELL,116.0,37,4292.0
2015-03-06,9910,A,SELL,137.5,32,4400.0
2015-03-06,5469,A,SELL,15.9,241,3831.9
2015-03-06,2527,A,SELL,22.1,189,4176.900000000001
2015-03-06,2325,A,SELL,55.5,69,3829.5
2015-03-06,3532,A,SELL,69.1,59,4076.8999999999996
2015-03-06,2492,A,SELL,14.85,269,3994.65
2015-03-06,3631,A,SELL,47.8,65,3107.0
2015-03-06,5498,A,BUY,11.2,365,4087.9999999999995
2015-03-06,1452,A,BUY,18.1,226,4090.6000000000004
2015-03-06,1459,A,BUY,11.2,365,4087.9999999999995
2015-03-06,5306,A,BUY,153.0,26,3978.0
2015-03-06,9937,A,BUY,39.5,103,4068.5
2015-03-06,3484,A,BUY,56.6,72,4075.2000000000003
2015-03-06,9802,A,BUY,60.5,67,4053.5
2015-03-06,1589,A,BUY,161.0,25,4025.0
2015-03-06,6189,A,BUY,38.55,106,4086.2999999999997
2015-03-06,1539,A,BUY,22.9,178,4076.2
2015-03-06,6177,A,BUY,44.6,91,4058.6
2015-03-13,2456,A,SELL,51.0,89,4539.0
2015-03-13,9938,A,SELL,63.9,66,4217.4
2015-03-13,9924,A,SELL,39.2,114,4468.8
2015-03-13,5498,A,SELL,11.55,365,4215.75
2015-03-13,1459,A,SELL,11.4,365,4161.0
2015-03-13,5306,A,SELL,153.0,26,3978.0
2015-03-13,6189,A,SELL,37.9,106,4017.3999999999996
2015-03-13,1539,A,SELL,22.9,178,4076.2
2015-03-13,6177,A,SELL,44.1,91,4013.1
2015-03-13,2731,A,BUY,109.5,37,4051.5
2015-03-13,6187,A,BUY,57.6,71,4089.6
2015-03-13,9943,A,BUY,42.2,97,4093.4
2015-03-13,4426,A,BUY,68.6,60,4116.0
2015-03-13,2355,A,BUY,61.0,67,4087.0
2015-03-13,9910,A,BUY,158.0,26,4108.0
2015-03-13,4528,A,BUY,48.0,86,4128.0
2015-03-13,4733,A,BUY,188.0,21,3948.0
2015-03-13,1464,A,BUY,17.45,236,4118.2
2015-03-20,1307,A,SELL,39.9,114,4548.599999999999
2015-03-20,9937,A,SELL,39.05,103,4022.1499999999996
2015-03-20,6187,A,SELL,57.4,71,4075.4
2015-03-20,2355,A,SELL,60.2,67,4033.4
2015-03-20,9910,A,SELL,163.0,26,4238.0
2015-03-20,1464,A,SELL,16.05,236,3787.8
2015-03-20,8086,A,BUY,70.4,60,4224.0
2015-03-20,6196,A,BUY,29.6,144,4262.400000000001
2015-03-20,5317,A,BUY,14.9,286,4261.400000000001
2015-03-20,2493,A,BUY,31.15,137,4267.55
2015-03-20,1521,A,BUY,83.9,50,4195.0
2015-03-20,2383,A,BUY,54.0,79,4266.0
2015-03-27,1452,A,SELL,22.55,226,5096.3
2015-03-27,9802,A,SELL,73.5,67,4924.5
2015-03-27,1589,A,SELL,169.5,25,4237.5
2015-03-27,2731,A,SELL,108.5,37,4014.5
2015-03-27,4426,A,SELL,71.5,60,4290.0
2015-03-27,4528,A,SELL,49.5,86,4257.0
2015-03-27,8086,A,SELL,62.2,60,3732.0
2015-03-27,6196,A,SELL,29.15,144,4197.599999999999
2015-03-27,5317,A,SELL,14.5,286,4147.0
2015-03-27,1521,A,SELL,87.0,50,4350.0
2015-03-27,2383,A,SELL,54.6,79,4313.400000000001
2015-03-27,2035,A,BUY,54.5,76,4142.0
2015-03-27,6115,A,BUY,46.0,90,4140.0
2015-03-27,5015,A,BUY,28.3,146,4131.8
2015-03-27,3028,A,BUY,19.05,217,4133.85
2015-03-27,4930,A,BUY,32.0,129,4128.0
2015-03-27,2527,A,BUY,23.95,173,4143.349999999999
2015-03-27,1815,A,BUY,14.6,283,4131.8
2015-03-27,6218,A,BUY,24.5,169,4140.5
2015-03-27,9910,A,BUY,180.5,22,3971.0
2015-03-27,5498,A,BUY,12.8,323,4134.400000000001
2015-03-27,2833,A,BUY,25.15,164,4124.599999999999
2015-04-10,4938,B,SELL,86.9,454,39452.600000000006
2015-04-10,3484,A,SELL,73.2,72,5270.400000000001
2015-04-10,9943,A,SELL,43.55,97,4224.349999999999
2015-04-10,4733,A,SELL,242.5,21,5092.5
2015-04-10,2493,A,SELL,32.1,137,4397.7
2015-04-10,2035,A,SELL,56.3,76,4278.8
2015-04-10,6115,A,SELL,45.7,90,4113.0
2015-04-10,5015,A,SELL,26.9,146,3927.3999999999996
2015-04-10,4930,A,SELL,31.9,129,4115.099999999999
2015-04-10,2527,A,SELL,23.65,173,4091.45
2015-04-10,1815,A,SELL,15.05,283,4259.150000000001
2015-04-10,6218,A,SELL,21.15,169,3574.35
2015-04-10,9910,A,SELL,172.5,22,3795.0
2015-04-10,5498,A,SELL,10.5,323,3391.5
2015-04-10,2833,A,SELL,26.65,164,4370.599999999999
2015-04-10,5315,A,BUY,14.85,464,6890.4
2015-04-10,2316,A,BUY,20.9,329,6876.099999999999
2015-04-10,6269,A,BUY,96.0,71,6816.0
2015-04-10,3685,A,BUY,41.9,164,6871.599999999999
2015-04-10,8050,A,BUY,68.6,100,6859.999999999999
2015-04-10,2542,A,BUY,78.5,87,6829.5
2015-04-10,1905,A,BUY,10.6,650,6890.0
2015-04-10,3030,A,BUY,61.3,112,6865.599999999999
2015-04-10,3028,A,BUY,19.25,141,2714.25
2015-04-10,1459,A,BUY,12.9,534,6888.6
2015-04-10,1707,A,BUY,159.0,43,6837.0
2015-04-10,9930,A,BUY,81.0,85,6885.0
2015-04-10,3455,A,BUY,44.25,155,6858.75
2015-04-10,1808,A,BUY,34.75,198,6880.5
2015-04-10,1473,A,BUY,31.0,222,6882.0
2015-04-17,3028,A,SELL,19.15,358,6855.7
2015-04-17,2542,A,SELL,79.5,87,6916.5
2015-04-17,1905,A,SELL,10.4,650,6760.0
2015-04-17,3030,A,SELL,62.5,112,7000.0
2015-04-17,1459,A,SELL,13.05,534,6968.700000000001
2015-04-17,9930,A,SELL,80.7,85,6859.5
2015-04-17,3455,A,SELL,39.75,155,6161.25
2015-04-17,1473,A,SELL,31.25,222,6937.5
2015-04-17,5315,A,SELL,18.2,228,4149.599999999999
2015-04-17,2316,A,SELL,22.3,136,3032.8
2015-04-17,6269,A,SELL,109.0,31,3379.0
2015-04-17,1584,A,BUY,15.75,271,4268.25
2015-04-17,6167,A,BUY,6.94,617,4281.9800000000005
2015-04-17,2442,A,BUY,9.91,432,4281.12
2015-04-17,4426,A,BUY,123.0,34,4182.0
2015-04-17,9943,A,BUY,49.7,86,4274.2
2015-04-17,2823,A,BUY,30.9,138,4264.2
2015-04-17,1808,A,SELL,37.0,82,3034.0
2015-04-17,3685,A,SELL,46.8,72,3369.6
2015-04-17,3308,A,BUY,13.8,310,4278.0
2015-04-17,2108,A,BUY,19.45,220,4279.0
2015-04-17,1707,A,SELL,168.0,17,2856.0
2015-04-17,8050,A,SELL,68.5,37,2534.5
2015-04-17,4938,B,BUY,87.2,245,21364.0
2015-04-17,8086,B,BUY,63.0,339,21357.0
2015-04-24,5315,A,SELL,15.6,236,3681.6
2015-04-24,8050,A,SELL,65.0,63,4095.0
2015-04-24,1584,A,SELL,15.05,271,4078.55
2015-04-24,6167,A,SELL,5.95,617,3671.15
2015-04-24,2442,A,SELL,9.93,432,4289.76
2015-04-24,3308,A,SELL,13.55,310,4200.5
2015-04-24,2108,A,SELL,19.0,220,4180.0
2015-04-24,4938,B,SELL,93.9,245,23005.5
2015-04-24,8086,B,SELL,60.2,339,20407.8
2015-04-24,2316,A,BUY,23.6,111,2619.6000000000004
2015-04-24,2823,A,BUY,32.15,85,2732.75
2015-04-24,9917,A,BUY,92.4,77,7114.8
2015-04-24,2834,A,BUY,10.1,711,7181.099999999999
2015-04-24,4426,A,BUY,134.0,19,2546.0
2015-04-24,3685,A,BUY,53.3,42,2238.6
2015-04-24,6269,A,BUY,116.0,21,2436.0
2015-04-24,9943,A,BUY,54.6,45,2457.0
2015-04-24,2833,A,BUY,28.35,253,7172.55
2015-04-24,1452,A,BUY,29.0,247,7163.0
2015-04-24,1707,A,BUY,167.0,17,2839.0
2015-04-24,2731,A,BUY,128.0,56,7168.0
2015-04-24,2542,A,BUY,80.8,88,7110.4
2015-04-24,1808,A,BUY,36.85,78,2874.3
2015-04-24,6187,A,BUY,63.9,112,7156.8
2015-05-08,2316,A,SELL,23.0,304,6992.0
2015-05-08,3685,A,SELL,50.7,134,6793.8
2015-05-08,4426,A,SELL,120.0,53,6360.0
2015-05-08,2823,A,SELL,32.0,223,7136.0
2015-05-08,2834,A,SELL,9.93,711,7060.23
2015-05-08,1452,A,SELL,25.3,247,6249.1
2015-05-08,2542,A,SELL,78.9,88,6943.200000000001
2015-05-08,6187,A,SELL,56.0,112,6272.0
2015-05-08,2923,A,BUY,42.7,165,7045.500000000001
2015-05-08,2108,A,BUY,22.0,320,7040.0
2015-05-08,4930,A,BUY,36.25,194,7032.5
2015-05-08,1541,A,BUY,24.1,292,7037.200000000001
2015-05-08,8086,A,BUY,75.1,93,6984.299999999999
2015-05-08,1464,A,BUY,22.2,317,7037.4
2015-05-08,9930,A,BUY,83.5,84,7014.0
2015-05-08,2456,A,BUY,68.0,103,7004.0
2015-05-15,6269,A,SELL,102.5,61,6252.5
2015-05-15,1707,A,SELL,169.5,43,7288.5
2015-05-15,1808,A,SELL,32.65,194,6334.099999999999
2015-05-15,9917,A,SELL,90.0,77,6930.0
2015-05-15,4930,A,SELL,29.65,194,5752.099999999999
2015-05-15,1541,A,SELL,21.45,292,6263.4
2015-05-15,9930,A,SELL,79.8,84,6703.2
2015-05-15,1539,A,BUY,30.2,229,6915.8
2015-05-15,2316,A,BUY,25.0,276,6900.0
2015-05-15,8070,A,BUY,94.9,72,6832.8
2015-05-15,4426,A,BUY,129.0,53,6837.0
2015-05-15,2442,A,BUY,10.8,640,6912.0
2015-05-15,5490,A,BUY,77.8,88,6846.4
2015-05-15,4528,A,BUY,66.5,104,6916.0
2015-05-22,9943,A,SELL,60.8,131,7964.799999999999
2015-05-22,2923,A,SELL,32.2,165,5313.000000000001
2015-05-22,2456,A,SELL,68.8,103,7086.4
2015-05-22,1539,A,SELL,28.0,229,6412.0
2015-05-22,8070,A,SELL,93.0,72,6696.0
2015-05-22,4426,A,SELL,125.0,53,6625.0
2015-05-22,2442,A,SELL,9.41,640,6022.4
2015-05-22,6506,A,BUY,25.6,271,6937.6
2015-05-22,3706,A,BUY,27.6,251,6927.6
2015-05-22,3030,A,BUY,66.5,104,6916.0
2015-05-22,3234,A,BUY,69.7,99,6900.3
2015-05-22,1452,A,BUY,32.8,211,6920.799999999999
2015-05-22,3685,A,BUY,58.6,118,6914.8
2015-05-22,4979,A,BUY,87.1,61,5313.099999999999
2015-05-29,2833,A,SELL,32.15,253,8133.95
2015-05-29,2731,A,SELL,162.0,56,9072.0
2015-05-29,2108,A,SELL,27.4,320,8768.0
2015-05-29,1464,A,SELL,24.3,317,7703.1
2015-05-29,3030,A,SELL,67.6,104,7030.4
2015-05-29,1452,A,SELL,34.35,211,7247.85
2015-05-29,3685,A,SELL,56.6,118,6678.8
2015-05-29,4979,A,SELL,93.1,61,5679.099999999999
2015-05-29,4506,A,BUY,24.85,301,7479.85
2015-05-29,4417,A,BUY,47.2,158,7457.6
2015-05-29,6414,A,BUY,388.0,19,7372.0
2015-05-29,3152,A,BUY,201.0,37,7437.0
2015-05-29,8086,A,SELL,107.0,23,2461.0
2015-05-29,3529,A,BUY,450.0,16,7200.0
2015-05-29,2354,A,BUY,108.0,69,7452.0
2015-05-29,6214,A,BUY,78.3,95,7438.5
2015-05-29,1539,A,BUY,34.2,218,7455.6
2015-06-05,5490,A,SELL,94.8,88,8342.4
2015-06-05,4528,A,SELL,79.8,104,8299.199999999999
2015-06-05,3234,A,SELL,78.0,99,7722.0
2015-06-05,4506,A,SELL,24.05,301,7239.05
2015-06-05,6214,A,SELL,78.5,95,7457.5
2015-06-05,8070,A,BUY,103.0,71,7313.0
2015-06-05,2833,A,BUY,32.1,230,7383.0
2015-06-05,4107,A,BUY,99.5,74,7363.0
2015-06-05,3030,A,BUY,69.3,106,7345.799999999999
2015-06-05,2397,A,BUY,49.95,148,7392.6
2015-06-12,2316,A,SELL,28.7,276,7921.2
2015-06-12,6414,A,SELL,355.0,19,6745.0
2015-06-12,2354,A,SELL,104.0,69,7176.0
2015-06-12,4107,A,SELL,99.0,74,7326.0
2015-06-12,3030,A,SELL,68.8,106,7292.799999999999
2015-06-12,2397,A,SELL,48.55,148,7185.4
2015-06-12,3234,A,BUY,84.1,89,7484.9
2015-06-12,1537,A,BUY,161.5,46,7429.0
2015-06-12,6269,A,BUY,122.0,61,7442.0
2015-06-12,4506,A,BUY,25.15,298,7494.7
2015-06-12,6224,A,BUY,79.7,94,7491.8
2015-06-12,6214,A,BUY,79.8,94,7501.2
2015-06-26,6506,A,SELL,24.5,271,6639.5
2015-06-26,3529,A,SELL,441.0,16,7056.0
2015-06-26,1539,A,SELL,41.8,218,9112.4
2015-06-26,8070,A,SELL,95.9,71,6808.900000000001
2015-06-26,2833,A,SELL,33.45,230,7693.500000000001
2015-06-26,1537,A,SELL,147.5,46,6785.0
2015-06-26,6224,A,SELL,77.7,94,7303.8
2015-06-26,6214,A,SELL,71.6,94,6730.4
2015-06-26,3029,A,BUY,29.55,262,7742.1
2015-06-26,5490,A,BUY,112.0,69,7728.0
2015-06-26,3152,A,SELL,268.5,8,2148.0
2015-06-26,4733,A,BUY,320.5,24,7692.0
2015-06-26,2455,A,BUY,49.2,157,7724.400000000001
2015-06-26,2506,A,BUY,17.4,445,7742.999999999999
2015-06-26,2731,A,BUY,169.0,45,7605.0
2015-06-26,1464,A,BUY,30.95,250,7737.5
2015-06-26,1707,A,BUY,197.5,39,7702.5
2015-07-03,4417,A,SELL,53.4,158,8437.199999999999
2015-07-03,4733,A,SELL,318.0,24,7632.0
2015-07-03,1464,A,SELL,29.25,250,7312.5
2015-07-03,2354,A,BUY,118.5,65,7702.5
2015-07-03,4107,A,BUY,110.0,70,7700.0
2015-07-03,6414,A,BUY,372.0,20,7440.0
2015-07-17,8086,A,SELL,102.5,70,7175.0
2015-07-17,5490,A,SELL,89.0,69,6141.0
2015-07-17,2455,A,SELL,47.65,157,7481.05
2015-07-17,2731,A,SELL,181.0,45,8145.0
2015-07-17,1707,A,SELL,246.0,9,2214.0
2015-07-17,4417,A,BUY,52.8,137,7233.599999999999
2015-07-17,2108,A,BUY,27.7,262,7257.4
2015-07-17,2891,A,BUY,24.15,300,7245.0
2015-07-17,3529,A,BUY,414.0,17,7038.0
2015-07-24,3706,A,SELL,27.9,251,7002.9
2015-07-24,3234,A,SELL,66.2,89,5891.8
2015-07-24,6269,A,SELL,113.0,61,6893.0
2015-07-24,4506,A,SELL,24.1,298,7181.8
2015-07-24,2354,A,SELL,97.1,65,6311.5
2015-07-24,6414,A,SELL,312.0,20,6240.0
2015-07-24,4417,A,SELL,42.5,137,5822.5
2015-07-24,2108,A,SELL,25.0,262,6550.0
2015-07-24,3529,A,SELL,385.5,17,6553.5
2015-07-24,1707,A,BUY,223.0,44,9812.0
2015-07-24,2506,A,BUY,17.75,485,8608.75
2015-07-24,4107,A,BUY,99.0,96,9504.0
2015-07-24,2891,A,BUY,23.7,396,9385.199999999999
2015-07-24,3152,A,BUY,211.0,49,10339.0
2015-07-24,3029,A,BUY,22.9,459,10511.099999999999
2015-07-31,3152,A,SELL,209.5,78,16341.0
2015-07-31,3029,A,SELL,21.8,721,15717.800000000001
2015-07-31,4107,A,SELL,101.0,166,16766.0
2015-07-31,2891,A,SELL,22.9,696,15938.4
2015-07-31,1707,A,BUY,212.0,152,32224.0
2015-07-31,2506,A,BUY,16.35,2000,32700.000000000004
2015-08-07,1707,A,SELL,189.0,226,42714.0
2015-08-07,2506,A,BUY,16.9,2531,42773.899999999994
2015-08-21,2506,A,SELL,15.85,5461,86556.84999999999
2015-09-04,1541,A,BUY,32.45,2668,86576.6
2015-10-02,8916,A,BUY,51.5,89,4583.5
2015-10-02,1541,A,SELL,49.0,1356,66444.0
2015-10-16,8105,A,BUY,13.2,1382,18242.399999999998
2015-10-16,4935,A,BUY,54.0,338,18252.0
2015-10-16,1527,A,BUY,58.6,311,18224.600000000002
2015-10-16,5315,A,BUY,20.9,551,11515.9
2015-10-16,1541,A,SELL,48.7,937,45631.9
2015-10-23,4935,A,SELL,59.1,87,5141.7
2015-10-23,2345,A,BUY,19.0,779,14801.0
2015-10-23,1704,A,BUY,26.95,549,14795.55
2015-10-23,1541,A,SELL,56.8,114,6475.2
2015-10-23,3324,A,BUY,22.6,655,14803.000000000002
2015-10-23,8916,A,BUY,50.3,205,10311.5
2015-10-30,3617,A,BUY,101.0,23,2323.0
2015-10-30,4935,A,SELL,65.6,65,4264.0
2015-10-30,2345,A,SELL,20.4,181,3692.3999999999996
2015-10-30,8105,A,SELL,14.05,514,7221.700000000001
2015-10-30,3324,A,SELL,24.2,151,3654.2
2015-10-30,1704,A,SELL,28.95,127,3676.65
2015-10-30,1541,A,SELL,62.7,66,4138.2
2015-11-06,8105,A,SELL,17.4,250,4350.0
2015-11-06,3324,A,SELL,26.75,102,2728.5
2015-11-06,3617,A,BUY,101.0,83,8383.0
2015-11-06,2345,A,SELL,22.95,129,2960.5499999999997
2015-11-06,8404,A,BUY,38.7,277,10719.900000000001
2015-11-06,8096,A,BUY,28.15,381,10725.15
2015-11-06,5315,A,SELL,25.2,124,3124.7999999999997
2015-11-06,8916,A,SELL,46.0,60,2760.0
2015-11-13,6274,A,BUY,29.15,373,10872.949999999999
2015-11-13,1527,A,SELL,54.5,111,6049.5
2015-11-20,2377,A,BUY,42.0,186,7812.0
2015-11-20,3050,A,BUY,9.77,1,9.77
2015-11-20,3617,A,SELL,123.0,21,2583.0
2015-11-20,8105,A,SELL,22.4,153,3427.2
2015-11-20,8916,A,SELL,58.7,56,3287.2000000000003
2015-11-20,4935,A,SELL,78.8,53,4176.4
2015-11-27,1541,A,SELL,49.6,195,9672.0
2015-11-27,8105,A,SELL,21.9,465,10183.5
2015-11-27,1527,A,SELL,63.1,200,12620.0
2015-11-27,5315,A,SELL,23.35,427,9970.45
2015-11-27,3617,A,SELL,116.0,85,9860.0
2015-11-27,8404,A,SELL,35.6,277,9861.2
2015-11-27,8096,A,SELL,22.55,381,8591.550000000001
2015-11-27,6274,A,SELL,28.6,373,10667.800000000001
2015-11-27,3050,A,SELL,8.8,1,8.8
2015-11-27,4119,A,BUY,109.0,95,10355.0
2015-11-27,4746,A,BUY,72.0,144,10368.0
2015-11-27,6237,A,BUY,35.6,292,10395.2
2015-11-27,3324,A,SELL,35.35,107,3782.4500000000003
2015-11-27,3479,A,BUY,68.2,152,10366.4
2015-11-27,1762,A,BUY,42.25,246,10393.5
2015-11-27,2481,A,BUY,15.15,687,10408.050000000001
2015-11-27,8403,A,BUY,53.0,196,10388.0
2015-11-27,1704,A,SELL,34.2,117,4001.4000000000005
2015-11-27,1817,A,BUY,41.4,251,10391.4
2015-11-27,3038,A,BUY,10.05,1035,10401.75
2015-11-27,2377,A,BUY,41.3,66,2725.7999999999997
2015-12-04,4119,A,SELL,102.5,95,9737.5
2015-12-04,8403,A,SELL,50.6,196,9917.6
2015-12-04,1817,A,SELL,40.8,251,10240.8
2015-12-04,6230,A,BUY,115.0,93,10695.0
2015-12-04,4736,A,BUY,113.0,94,10622.0
2015-12-04,2406,A,BUY,38.8,275,10670.0
2015-12-11,4935,A,SELL,72.3,133,9615.9
2015-12-11,6237,A,SELL,32.75,292,9563.0
2015-12-11,4736,A,SELL,105.0,94,9870.0
2015-12-11,2428,A,BUY,52.3,190,9937.0
2015-12-11,2345,A,SELL,27.85,111,3091.3500000000004
2015-12-11,6290,A,BUY,29.5,337,9941.5
2015-12-11,4919,A,BUY,33.0,302,9966.0
2015-12-18,3479,A,SELL,65.0,152,9880.0
2015-12-18,4919,A,SELL,31.6,302,9543.2
2015-12-18,6158,A,BUY,15.3,689,10541.7
2015-12-18,4935,A,BUY,77.2,136,10499.2
2015-12-25,4746,A,SELL,67.9,144,9777.6
2015-12-25,1762,A,SELL,39.5,246,9717.0
2015-12-25,2428,A,SELL,53.5,190,10165.0
2015-12-25,6290,A,SELL,29.9,337,10076.3
2015-12-25,1310,A,BUY,17.0,613,10421.0
2015-12-25,2464,A,BUY,36.25,287,10403.75
2015-12-25,6237,A,BUY,35.65,292,10409.8
2015-12-25,4919,A,BUY,32.1,324,10400.4
2016-01-08,8916,A,SELL,57.9,178,10306.199999999999
2016-01-08,1704,A,SELL,31.0,305,9455.0
2016-01-08,3038,A,SELL,9.09,1035,9408.15
2016-01-08,4935,A,SELL,65.4,136,8894.400000000001
2016-01-08,4919,A,SELL,30.15,324,9768.6
2016-01-08,1737,A,BUY,35.75,305,10903.75
2016-01-08,3324,A,SELL,47.5,64,3040.0
2016-01-08,1817,A,BUY,39.1,279,10908.9
2016-01-08,2428,A,BUY,51.3,213,10926.9
2016-01-08,1527,A,BUY,59.4,184,10929.6
2016-01-15,2481,A,SELL,12.75,687,8759.25
2016-01-15,2406,A,SELL,30.8,275,8470.0
2016-01-15,6237,A,SELL,30.2,292,8818.4
2016-01-15,2428,A,SELL,46.9,213,9989.699999999999
2016-01-15,1737,A,BUY,32.2,146,4701.200000000001
2016-01-15,1310,A,BUY,17.6,212,3731.2000000000003
2016-01-15,2345,A,BUY,29.25,138,4036.5
2016-01-15,2377,A,BUY,40.5,106,4293.0
2016-01-15,2464,A,BUY,31.8,169,5374.2
2016-01-15,1527,A,BUY,57.9,66,3821.4
2016-01-22,2377,A,SELL,42.0,358,15036.0
2016-01-22,2464,A,SELL,32.65,456,14888.4
2016-01-22,3324,A,BUY,49.2,151,7429.200000000001
2016-01-22,6158,A,BUY,18.9,306,5783.4
2016-01-22,6230,A,BUY,130.0,51,6630.0
2016-01-22,1817,A,BUY,44.8,140,6272.0
2016-01-22,1310,A,BUY,16.8,294,4939.2
2016-01-22,1737,A,BUY,30.55,164,5010.2
2016-01-29,3324,A,SELL,48.65,382,18584.3
2016-01-29,2419,A,BUY,21.2,909,19270.8
2016-02-19,2345,A,SELL,32.95,496,16343.2
2016-02-19,1527,A,SELL,64.2,250,16050.0
2016-02-19,6213,A,BUY,25.85,368,9512.800000000001
2016-02-19,2013,A,BUY,23.7,401,9503.699999999999
2016-02-19,2419,A,SELL,22.85,492,11242.2
2016-02-19,3526,A,BUY,29.0,328,9512.0
2016-02-19,6230,A,SELL,157.5,83,13072.5
2016-02-19,6158,A,SELL,21.75,557,12114.75
2016-02-19,1310,A,SELL,18.15,594,10781.099999999999
2016-02-19,1737,A,SELL,31.4,311,9765.4
2016-02-19,1817,A,SELL,41.55,189,7852.95
2016-02-19,3552,B,BUY,414.0,153,63342.0
2016-02-26,6230,A,SELL,151.5,61,9241.5
2016-02-26,6158,A,SELL,18.85,438,8256.300000000001
2016-02-26,1310,A,SELL,18.3,525,9607.5
2016-02-26,1737,A,SELL,31.0,304,9424.0
2016-02-26,1817,A,SELL,41.55,230,9556.5
2016-02-26,6227,A,BUY,30.0,213,6390.0
2016-02-26,6139,A,BUY,26.8,238,6378.400000000001
2016-02-26,3202,A,BUY,9.2,695,6393.999999999999
2016-02-26,6213,A,SELL,26.6,127,3378.2000000000003
2016-02-26,8081,A,BUY,81.5,78,6357.0
2016-02-26,8049,A,BUY,14.35,446,6400.099999999999
2016-02-26,2404,A,BUY,49.65,128,6355.2
2016-02-26,6024,A,BUY,32.65,196,6399.4
2016-02-26,3293,A,BUY,238.5,26,6201.0
2016-02-26,6189,A,BUY,34.1,187,6376.7
2016-02-26,3324,A,BUY,69.0,92,6348.0
2016-02-26,2013,A,SELL,25.65,151,3873.1499999999996
2016-02-26,2419,A,SELL,23.8,148,3522.4
2016-02-26,3526,A,SELL,34.6,143,4947.8
2016-02-26,8109,A,BUY,70.5,90,6345.0
2016-03-04,2419,A,SELL,24.75,269,6657.75
2016-03-04,6213,A,SELL,26.3,241,6338.3
2016-03-04,2013,A,SELL,25.7,250,6425.0
2016-03-04,3526,A,SELL,34.75,185,6428.75
2016-03-04,8109,A,SELL,71.9,90,6471.000000000001
2016-03-04,3038,A,BUY,11.95,540,6453.0
2016-03-04,6266,A,BUY,15.45,418,6458.099999999999
2016-03-04,3443,A,BUY,87.5,73,6387.5
2016-03-04,2449,A,BUY,27.1,238,6449.8
2016-03-04,8996,A,BUY,61.5,105,6457.5
2016-03-11,6139,A,SELL,32.15,238,7651.7
2016-03-11,8081,A,SELL,77.9,78,6076.200000000001
2016-03-11,8049,A,SELL,15.4,446,6868.400000000001
2016-03-11,6189,A,SELL,34.05,187,6367.349999999999
2016-03-11,3324,A,SELL,81.8,92,7525.599999999999
2016-03-11,6266,A,SELL,15.7,418,6562.599999999999
2016-03-11,3443,A,SELL,88.0,73,6424.0
2016-03-11,8996,A,SELL,59.4,105,6237.0
2016-03-11,4534,A,BUY,15.2,453,6885.599999999999
2016-03-11,1218,A,BUY,13.9,495,6880.5
2016-03-11,5452,A,BUY,13.1,526,6890.599999999999
2016-03-11,2481,A,BUY,19.4,355,6886.999999999999
2016-03-11,2488,A,BUY,34.95,197,6885.150000000001
2016-03-11,6156,A,BUY,17.75,388,6887.0
2016-03-11,1611,A,BUY,10.15,678,6881.7
2016-03-11,3032,A,BUY,31.0,222,6882.0
2016-03-11,2373,A,BUY,56.0,123,6888.0
2016-03-11,3293,B,BUY,243.0,3,729.0
2016-03-11,3552,B,SELL,457.5,77,35227.5
2016-03-18,2404,A,SELL,52.0,128,6656.0
2016-03-18,6024,A,SELL,37.25,196,7301.0
2016-03-18,3038,A,SELL,13.4,540,7236.0
2016-03-18,2449,A,SELL,27.3,238,6497.400000000001
2016-03-18,1218,A,SELL,13.15,495,6509.25
2016-03-18,2481,A,SELL,18.5,355,6567.5
2016-03-18,2488,A,SELL,35.1,197,6914.700000000001
2016-03-18,6156,A,SELL,18.3,388,7100.400000000001
2016-03-18,1611,A,SELL,10.35,678,7017.3
2016-03-18,1735,A,BUY,14.7,484,7114.799999999999
2016-03-18,6139,A,BUY,39.85,178,7093.3
2016-03-18,5015,A,BUY,21.85,325,7101.250000000001
2016-03-18,4533,A,BUY,17.2,413,7103.599999999999
2016-03-18,3310,A,BUY,15.3,465,7114.5
2016-03-18,2017,A,BUY,7.83,908,7109.64
2016-03-18,1235,A,BUY,24.35,292,7110.200000000001
2016-03-18,5315,A,BUY,34.25,207,7089.75
2016-03-18,1323,A,BUY,33.6,211,7089.6
2016-03-18,3293,B,BUY,246.0,115,28290.0
2016-03-25,6227,A,SELL,40.0,213,8520.0
2016-03-25,2373,A,SELL,56.0,123,6888.0
2016-03-25,1735,A,SELL,13.7,484,6630.799999999999
2016-03-25,4533,A,SELL,16.7,413,6897.099999999999
2016-03-25,3310,A,SELL,14.6,465,6789.0
2016-03-25,2017,A,SELL,7.49,908,6800.92
2016-03-25,5315,A,SELL,32.75,207,6779.25
2016-03-25,1323,A,SELL,33.0,211,6963.0
2016-03-25,6234,A,BUY,29.1,245,7129.5
2016-03-25,3032,A,SELL,40.6,45,1827.0
2016-03-25,6128,A,BUY,39.9,179,7142.099999999999
2016-03-25,6160,A,BUY,21.6,330,7128.000000000001
2016-03-25,8064,A,BUY,20.8,343,7134.400000000001
2016-03-25,5403,A,BUY,27.5,259,7122.5
2016-03-25,3535,A,BUY,12.75,560,7140.0
2016-03-25,6213,A,BUY,27.95,255,7127.25
2016-03-25,3016,A,BUY,24.9,287,7146.299999999999
2016-04-01,3202,A,SELL,9.51,695,6609.45
2016-04-01,5452,A,SELL,12.6,526,6627.599999999999
2016-04-01,6139,A,SELL,34.0,178,6052.0
2016-04-01,5015,A,SELL,21.95,325,7133.75
2016-04-01,1235,A,SELL,22.95,292,6701.4
2016-04-01,4916,A,BUY,40.1,181,7258.1
2016-04-01,2511,A,BUY,12.05,605,7290.25
2016-04-01,2449,A,BUY,27.6,264,7286.400000000001
2016-04-01,3050,A,BUY,10.2,714,7282.799999999999
2016-04-01,2488,A,BUY,36.3,200,7259.999999999999
2016-04-08,8064,A,SELL,19.2,343,6585.599999999999
2016-04-08,6213,A,SELL,28.1,255,7165.5
2016-04-08,3016,A,SELL,26.95,287,7734.65
2016-04-08,2449,A,SELL,27.65,264,7299.599999999999
2016-04-08,1909,A,BUY,13.25,612,8109.0
2016-04-08,1604,A,BUY,13.85,586,8116.099999999999
2016-04-08,6227,A,BUY,48.3,168,8114.4
2016-04-15,3032,A,SELL,41.25,177,7301.25
2016-04-15,6234,A,SELL,27.5,245,6737.5
2016-04-15,6128,A,SELL,39.6,179,7088.400000000001
2016-04-15,3535,A,SELL,15.05,560,8428.0
2016-04-15,3050,A,SELL,10.05,714,7175.700000000001
2016-04-15,6227,A,SELL,43.0,168,7224.0
2016-04-15,4706,A,BUY,21.8,347,7564.6
2016-04-15,2444,A,BUY,16.25,466,7572.5
2016-04-15,6803,A,BUY,182.0,41,7462.0
2016-04-15,6266,A,BUY,18.3,413,7557.900000000001
2016-04-15,2373,A,BUY,56.6,133,7527.8
2016-04-15,5015,A,BUY,24.15,313,7558.95
2016-04-15,3202,A,BUY,11.0,467,5137.0
2016-04-22,5403,A,SELL,27.75,259,7187.25
2016-04-22,2511,A,SELL,11.75,605,7108.75
2016-04-22,4706,A,SELL,19.4,347,6731.799999999999
2016-04-22,6803,A,SELL,175.5,41,7195.5
2016-04-22,2373,A,SELL,56.8,133,7554.4
2016-04-22,5015,A,SELL,24.45,313,7652.849999999999
2016-04-22,3202,A,SELL,11.2,467,5230.4
2016-04-22,4534,A,SELL,25.95,129,3347.5499999999997
2016-04-22,4721,A,BUY,39.95,210,8389.5
2016-04-22,2015,A,BUY,46.25,181,8371.25
2016-04-22,8210,A,BUY,52.8,159,8395.199999999999
2016-04-22,1532,A,BUY,37.5,223,8362.5
2016-04-22,3526,A,BUY,45.35,185,8389.75
2016-04-22,2010,A,BUY,10.95,766,8387.699999999999
2016-04-22,6213,A,BUY,29.55,52,1536.6000000000001
2016-04-29,3552,B,SELL,577.0,76,43852.0
2016-04-29,3293,B,SELL,275.0,144,39600.0
2016-04-29,2444,A,SELL,15.3,466,7129.8
2016-04-29,2010,A,SELL,10.8,766,8272.800000000001
2016-04-29,1532,A,BUY,38.15,103,3929.45
2016-04-29,4534,A,BUY,26.75,141,3771.75
2016-04-29,8210,A,BUY,52.4,78,4087.2
2016-04-29,6213,A,BUY,29.85,365,10895.25
2016-04-29,2015,A,BUY,45.5,92,4186.0
2016-04-29,6160,A,BUY,26.7,136,3631.2
2016-04-29,1909,A,BUY,13.5,310,4185.0
2016-04-29,2488,A,BUY,40.7,106,4314.200000000001
2016-04-29,1604,A,BUY,13.5,336,4536.0
2016-04-29,4916,A,BUY,43.2,107,4622.400000000001
2016-04-29,3028,A,BUY,18.3,680,12444.0
2016-04-29,2449,A,BUY,28.5,437,12454.5
2016-04-29,4721,A,BUY,36.0,136,4896.0
2016-04-29,2511,A,BUY,11.8,1055,12449.0
2016-04-29,3526,A,BUY,41.9,112,4692.8
2016-05-06,1604,A,SELL,13.4,922,12354.800000000001
2016-05-06,6266,A,SELL,15.4,413,6360.2
2016-05-06,2015,A,SELL,44.75,273,12216.75
2016-05-06,3028,A,SELL,18.2,680,12376.0
2016-05-06,2449,A,SELL,27.9,437,12192.3
2016-05-06,2511,A,SELL,11.35,1055,11974.25
2016-05-06,9911,A,BUY,23.0,539,12397.0
2016-05-06,3293,A,BUY,281.5,44,12386.0
2016-05-06,8996,A,BUY,61.3,202,12382.599999999999
2016-05-06,3202,A,BUY,11.2,1107,12398.4
2016-05-06,5403,A,BUY,29.1,426,12396.6
2016-05-13,4916,A,SELL,39.95,288,11505.6
2016-05-13,4721,A,SELL,32.85,346,11366.1
2016-05-13,8210,A,SELL,51.0,237,12087.0
2016-05-13,3526,A,SELL,34.2,297,10157.400000000001
2016-05-13,3293,A,SELL,256.5,44,11286.0
2016-05-13,8996,A,SELL,63.6,202,12847.2
2016-05-13,5403,A,SELL,26.55,426,11310.300000000001
2016-05-13,4736,A,BUY,147.5,79,11652.5
2016-05-13,1604,A,BUY,13.5,868,11718.0
2016-05-13,1235,A,BUY,23.5,499,11726.5
2016-05-13,2449,A,BUY,29.15,402,11718.3
2016-05-13,3535,A,BUY,13.95,840,11718.0
2016-05-13,6803,A,BUY,173.5,67,11624.5
2016-05-13,2351,A,BUY,33.75,347,11711.25
2016-05-20,1909,A,SELL,13.1,922,12078.199999999999
2016-05-20,2449,A,SELL,27.8,402,11175.6
2016-05-20,3535,A,SELL,13.5,840,11340.0
2016-05-20,6803,A,SELL,173.0,67,11591.0
2016-05-20,8996,A,BUY,67.0,178,11926.0
2016-05-20,1225,A,BUY,32.45,367,11909.150000000001
2016-05-20,8210,A,BUY,53.3,223,11885.9
2016-05-20,2492,A,BUY,27.8,429,11926.2
2016-05-27,1532,A,SELL,37.75,326,12306.5
2016-05-27,1235,A,SELL,23.7,499,11826.3
2016-05-27,3028,A,BUY,18.35,687,12606.45
2016-05-27,4721,A,BUY,38.25,329,12584.25
2016-06-03,6213,A,SELL,30.3,417,12635.1
2016-06-03,1604,A,SELL,13.8,868,11978.400000000001
2016-06-03,2351,A,SELL,35.3,347,12249.099999999999
2016-06-03,8996,A,SELL,67.6,178,12032.8
2016-06-03,8210,A,SELL,54.4,223,12131.199999999999
2016-06-03,4721,A,SELL,35.6,329,11712.4
2016-06-03,5439,A,BUY,24.85,513,12748.050000000001
2016-06-03,4973,A,BUY,23.1,552,12751.2
2016-06-03,1235,A,BUY,24.15,528,12751.199999999999
2016-06-03,1323,A,BUY,34.25,372,12741.0
2016-06-03,2449,A,BUY,29.6,431,12757.6
2016-06-03,1532,A,BUY,36.95,345,12747.750000000002
2016-06-17,6160,A,SELL,30.0,466,13980.0
2016-06-17,2488,A,SELL,49.55,306,15162.3
2016-06-17,4736,A,SELL,148.5,79,11731.5
2016-06-17,2492,A,SELL,30.6,429,13127.400000000001
2016-06-17,3028,A,SELL,18.5,687,12709.5
2016-06-17,1235,A,SELL,23.5,528,12408.0
2016-06-17,1323,A,SELL,32.75,372,12183.0
2016-06-17,2449,A,SELL,29.7,431,12800.699999999999
2016-06-17,1532,A,SELL,36.95,345,12747.750000000002
2016-06-17,3669,A,BUY,21.0,613,12873.0
2016-06-17,3092,A,BUY,29.7,434,12889.8
2016-06-17,6274,A,BUY,37.05,347,12856.349999999999
2016-06-17,1215,A,BUY,35.0,368,12880.0
2016-06-17,5426,A,BUY,12.6,1023,12889.8
2016-06-17,1909,A,BUY,14.6,883,12891.8
2016-06-17,5015,A,BUY,23.9,539,12882.099999999999
2016-06-17,8210,A,BUY,58.9,218,12840.199999999999
2016-06-17,4916,A,BUY,50.6,254,12852.4
2016-06-24,3202,A,SELL,13.2,1107,14612.4
2016-06-24,5439,A,SELL,25.3,513,12978.9
2016-06-24,5015,A,SELL,23.7,539,12774.3
2016-06-24,4916,A,SELL,47.05,254,11950.699999999999
2016-06-24,1210,A,BUY,28.85,433,12492.050000000001
2016-06-24,4207,A,BUY,10.95,1141,12493.949999999999
2016-06-24,4551,A,BUY,113.5,110,12485.0
2016-06-24,2488,A,BUY,48.5,257,12464.5
2016-07-01,4973,A,SELL,23.5,552,12972.0
2016-07-01,6274,A,SELL,33.95,347,11780.650000000001
2016-07-01,8210,A,SELL,58.6,218,12774.800000000001
2016-07-01,2488,A,SELL,53.2,257,13672.400000000001
2016-07-01,6271,A,BUY,118.5,111,13153.5
2016-07-01,4534,A,SELL,37.0,107,3959.0
2016-07-01,5439,A,BUY,27.85,474,13200.900000000001
2016-07-01,1532,A,BUY,39.8,331,13173.8
2016-07-15,4534,A,SELL,41.5,358,14857.0
2016-07-15,3669,A,SELL,21.15,613,12964.949999999999
2016-07-15,1215,A,SELL,36.15,368,13303.199999999999
2016-07-15,1909,A,SELL,15.65,883,13818.95
2016-07-15,1210,A,SELL,28.4,433,12297.199999999999
2016-07-15,4207,A,SELL,11.55,1141,13178.550000000001
2016-07-15,4551,A,SELL,118.0,110,12980.0
2016-07-15,5439,A,SELL,27.7,474,13129.8
2016-07-15,1532,A,SELL,33.6,331,11121.6
2016-07-15,1225,A,SELL,50.9,206,10485.4
2016-07-15,2427,A,BUY,7.08,1152,8156.16
2016-07-15,2450,A,BUY,52.0,156,8112.0
2016-07-15,5484,A,BUY,7.17,1137,8152.29
2016-07-15,1717,A,BUY,35.35,230,8130.5
2016-07-15,9911,A,SELL,32.7,289,9450.300000000001
2016-07-15,3555,A,BUY,41.0,198,8118.0
2016-07-15,6271,A,SELL,119.0,42,4998.0
2016-07-15,6190,A,BUY,7.97,1023,8153.3099999999995
2016-07-15,5013,A,BUY,25.15,324,8148.599999999999
2016-07-15,3092,A,SELL,36.7,211,7743.700000000001
2016-07-15,6803,A,BUY,187.5,43,8062.5
2016-07-15,6274,A,BUY,40.2,202,8120.400000000001
2016-07-15,5426,A,SELL,12.75,383,4883.25
2016-07-15,2412,B,BUY,123.0,663,81549.0
2016-07-22,1225,A,SELL,51.2,161,8243.2
2016-07-22,3092,A,SELL,36.7,223,8184.1
2016-07-22,6271,A,SELL,117.5,69,8107.5
2016-07-22,1717,A,SELL,33.3,230,7658.999999999999
2016-07-22,5013,A,SELL,25.5,324,8262.0
2016-07-22,6803,A,SELL,190.5,43,8191.5
2016-07-22,6274,A,SELL,42.4,202,8564.8
2016-07-22,1604,A,BUY,15.95,508,8102.599999999999
2016-07-22,3167,A,BUY,31.6,256,8089.6
2016-07-22,5403,A,BUY,30.8,263,8100.400000000001
2016-07-22,8358,A,BUY,24.05,336,8080.8
2016-07-22,6127,A,BUY,12.2,664,8100.799999999999
2016-07-22,1515,A,BUY,15.55,521,8101.55
2016-07-22,9925,A,BUY,42.05,192,8073.599999999999
2016-07-22,6218,A,BUY,23.6,343,8094.8
2016-07-29,2427,A,SELL,7.51,1152,8651.52
2016-07-29,6190,A,SELL,8.18,1023,8368.14
2016-07-29,8358,A,SELL,23.1,336,7761.6
2016-07-29,6127,A,SELL,11.4,664,7569.6
2016-07-29,9925,A,SELL,41.7,192,8006.400000000001
2016-07-29,6218,A,SELL,21.75,343,7460.25
2016-07-29,3706,A,BUY,27.7,286,7922.2
2016-07-29,3559,A,BUY,23.55,336,7912.8
2016-07-29,5013,A,BUY,26.5,299,7923.5
2016-07-29,3702,A,BUY,40.6,195,7917.0
2016-07-29,3050,A,BUY,12.0,660,7920.0
2016-07-29,8074,A,BUY,32.4,244,7905.599999999999
2016-08-05,9911,A,SELL,33.6,250,8400.0
2016-08-05,5426,A,SELL,13.3,640,8512.0
2016-08-05,2450,A,SELL,53.5,156,8346.0
2016-08-05,5484,A,SELL,7.2,1137,8186.400000000001
2016-08-05,3555,A,SELL,37.7,198,7464.6
2016-08-05,2412,B,SELL,115.0,663,76245.0
2016-08-05,1604,A,SELL,17.9,508,9093.199999999999
2016-08-05,3167,A,SELL,29.8,256,7628.8
2016-08-05,1515,A,SELL,14.45,521,7528.45
2016-08-05,3702,A,SELL,39.05,195,7614.749999999999
2016-08-05,8074,A,SELL,33.1,244,8076.400000000001
2016-08-05,5434,A,BUY,83.5,158,13193.0
2016-08-05,3559,A,BUY,23.65,224,5297.599999999999
2016-08-05,1522,A,BUY,34.6,382,13217.2
2016-08-05,6191,A,BUY,8.9,1488,13243.2
2016-08-05,3706,A,BUY,28.8,174,5011.2
2016-08-05,8070,A,BUY,113.0,117,13221.0
2016-08-05,4999,A,BUY,56.5,234,13221.0
2016-08-05,3402,A,BUY,24.0,552,13248.0
2016-08-05,3050,A,BUY,13.2,343,4527.599999999999
2016-08-05,5403,A,BUY,31.85,153,4873.05
2016-08-05,2328,A,BUY,16.5,803,13249.5
2016-08-05,2421,A,BUY,27.55,480,13224.0
2016-08-05,5013,A,BUY,26.55,200,5310.0
2016-08-05,5439,A,BUY,31.35,422,13229.7
2016-08-05,6190,A,BUY,8.48,1562,13245.76
2016-08-12,5403,A,SELL,30.85,416,12833.6
2016-08-12,5013,A,SELL,26.1,499,13023.900000000001
2016-08-12,3050,A,SELL,12.55,1003,12587.650000000001
2016-08-12,5434,A,SELL,80.1,158,12655.8
2016-08-12,1522,A,SELL,33.4,382,12758.8
2016-08-12,6191,A,SELL,8.66,1488,12886.08
2016-08-12,8070,A,SELL,115.0,117,13455.0
2016-08-12,3402,A,SELL,22.35,552,12337.2
2016-08-12,2421,A,SELL,26.4,480,12672.0
2016-08-12,5439,A,SELL,31.0,422,13082.0
2016-08-12,6451,A,BUY,135.0,97,13095.0
2016-08-12,2439,A,BUY,115.5,113,13051.5
2016-08-12,3324,A,BUY,106.0,123,13038.0
2016-08-12,2809,A,BUY,26.55,493,13089.15
2016-08-12,3526,A,BUY,66.6,196,13053.599999999999
2016-08-12,9911,A,BUY,37.4,350,13090.0
2016-08-12,8358,A,BUY,26.95,486,13097.699999999999
2016-08-12,4532,A,BUY,31.5,416,13104.0
2016-08-12,3653,A,BUY,59.3,221,13105.3
2016-08-12,2415,A,BUY,17.6,745,13112.000000000002
2016-08-19,3324,A,SELL,97.0,123,11931.0
2016-08-19,2809,A,SELL,27.15,493,13384.949999999999
2016-08-19,9911,A,SELL,36.25,350,12687.5
2016-08-19,8358,A,SELL,26.65,486,12951.9
2016-08-19,3653,A,SELL,58.3,221,12884.3
2016-08-19,2415,A,SELL,17.7,745,13186.5
2016-08-19,8043,A,BUY,17.0,793,13481.0
2016-08-19,1568,A,BUY,34.2,394,13474.800000000001
2016-08-19,6124,A,BUY,34.25,393,13460.25
2016-08-19,1569,A,BUY,19.55,689,13469.95
2016-08-19,1522,A,BUY,35.9,375,13462.5
2016-08-19,2029,A,BUY,25.7,524,13466.8
2016-08-26,4999,A,SELL,57.3,234,13408.199999999999
2016-08-26,3526,A,SELL,70.9,196,13896.400000000001
2016-08-26,8043,A,SELL,15.9,793,12608.7
2016-08-26,1568,A,SELL,34.3,394,13514.199999999999
2016-08-26,1569,A,SELL,21.2,689,14606.8
2016-08-26,1522,A,SELL,35.9,375,13462.5
2016-08-26,2328,A,SELL,24.1,457,11013.7
2016-08-26,8069,A,BUY,23.45,354,8301.3
2016-08-26,2023,A,BUY,9.95,836,8318.199999999999
2016-08-26,6124,A,SELL,36.95,167,6170.650000000001
2016-08-26,4956,A,BUY,19.1,435,8308.5
2016-08-26,4532,A,SELL,33.7,169,5695.3
2016-08-26,2017,A,BUY,8.45,984,8314.8
2016-08-26,4551,A,BUY,143.0,58,8294.0
2016-08-26,5484,A,BUY,8.74,952,8320.48
2016-08-26,3559,A,SELL,23.75,209,4963.75
2016-08-26,6190,A,SELL,10.6,776,8225.6
2016-08-26,6201,A,BUY,36.4,228,8299.199999999999
2016-08-26,3706,A,SELL,31.8,198,6296.400000000001
2016-08-26,6451,A,SELL,153.0,42,6426.0
2016-08-26,2029,A,SELL,26.3,207,5444.1
2016-08-26,2439,B,BUY,115.0,610,70150.0
2016-09-02,3559,A,SELL,23.55,351,8266.050000000001
2016-09-02,6451,A,SELL,143.0,55,7865.0
2016-09-02,6124,A,SELL,34.35,226,7763.1
2016-09-02,2029,A,SELL,25.75,317,8162.75
2016-09-02,5484,A,SELL,8.69,952,8272.88
2016-09-02,6201,A,SELL,33.8,228,7706.4
2016-09-02,3056,A,BUY,20.5,401,8220.5
2016-09-02,2505,A,BUY,13.65,602,8217.300000000001
2016-09-02,2415,A,BUY,19.1,430,8213.0
2016-09-02,3526,A,BUY,83.0,99,8217.0
2016-09-02,1218,A,BUY,14.85,553,8212.05
2016-09-02,3305,A,BUY,28.75,286,8222.5
2016-09-02,2439,B,SELL,112.5,357,40162.5
2016-09-02,3324,B,BUY,97.8,420,41076.0
2016-09-09,3706,A,SELL,32.05,262,8397.099999999999
2016-09-09,8069,A,SELL,22.7,354,8035.8
2016-09-09,4956,A,SELL,22.45,435,9765.75
2016-09-09,2017,A,SELL,8.45,984,8314.8
2016-09-09,3056,A,SELL,20.15,401,8080.15
2016-09-09,3526,A,SELL,88.5,99,8761.5
2016-09-09,3305,A,SELL,30.05,286,8594.300000000001
2016-09-09,3005,A,BUY,32.6,263,8573.800000000001
2016-09-09,6191,A,BUY,10.3,833,8579.900000000001
2016-09-09,1568,A,BUY,39.15,219,8573.85
2016-09-09,1569,A,BUY,22.6,379,8565.4
2016-09-09,5434,A,BUY,89.8,95,8531.0
2016-09-09,6451,A,BUY,168.0,51,8568.0
2016-09-23,6190,A,SELL,12.1,786,9510.6
2016-09-23,4551,A,SELL,153.0,58,8874.0
2016-09-23,2505,A,SELL,13.95,602,8397.9
2016-09-23,6191,A,SELL,10.0,833,8330.0
2016-09-23,1568,A,SELL,38.0,219,8322.0
2016-09-23,1569,A,SELL,21.45,379,8129.55
2016-09-23,5434,A,SELL,87.7,95,8331.5
2016-09-23,6451,A,SELL,150.5,51,7675.5
2016-09-23,2371,A,BUY,8.07,1073,8659.11
2016-09-23,2462,A,BUY,21.5,402,8643.0
2016-09-23,6412,A,BUY,42.5,203,8627.5
2016-09-23,8070,A,BUY,142.0,61,8662.0
2016-09-23,6220,A,BUY,28.4,305,8662.0
2016-09-23,4711,A,BUY,24.3,356,8650.800000000001
2016-09-23,6127,A,BUY,13.7,632,8658.4
2016-09-23,8374,A,BUY,17.5,495,8662.5
2016-09-23,3056,A,BUY,20.65,419,8652.349999999999
2016-09-23,2377,B,BUY,79.8,77,6144.599999999999
2016-09-23,2439,B,SELL,119.5,124,14818.0
2016-09-23,3324,B,SELL,104.0,142,14768.0
2016-09-30,2415,A,SELL,21.9,430,9417.0
2016-09-30,8374,A,SELL,16.3,495,8068.5
2016-09-30,3056,A,SELL,20.5,419,8589.5
2016-09-30,1609,A,BUY,5.24,1660,8698.4
2016-09-30,8110,A,BUY,11.25,773,8696.25
2016-09-30,3217,A,BUY,18.0,483,8694.0
2016-09-30,2377,B,BUY,81.5,278,22657.0
2016-10-07,4532,A,SELL,37.15,247,9176.05
2016-10-07,2023,A,SELL,10.8,836,9028.800000000001
2016-10-07,2371,A,SELL,7.31,1073,7843.629999999999
2016-10-07,2462,A,SELL,20.25,402,8140.5
2016-10-07,8070,A,SELL,141.0,61,8601.0
2016-10-07,4711,A,SELL,22.8,356,8116.8
2016-10-07,6127,A,SELL,13.65,632,8626.800000000001
2016-10-07,1609,A,SELL,5.23,1660,8681.800000000001
2016-10-07,6161,A,BUY,8.83,994,8777.02
2016-10-07,1232,A,BUY,87.4,100,8740.0
2016-10-07,3058,A,BUY,10.55,832,8777.6
2016-10-07,3305,A,BUY,32.7,268,8763.6
2016-10-07,6108,A,BUY,21.5,408,8772.0
2016-10-07,5013,A,BUY,29.15,301,8774.15
2016-10-07,6190,A,BUY,12.85,683,8776.55
2016-10-07,5465,A,BUY,15.85,553,8765.05
2016-10-14,3324,B,SELL,90.7,278,25214.600000000002
2016-10-14,8110,A,SELL,10.05,773,7768.650000000001
2016-10-14,3058,A,SELL,10.2,832,8486.4
2016-10-14,3305,A,SELL,30.6,268,8200.800000000001
2016-10-14,6190,A,SELL,11.2,683,7649.599999999999
2016-10-14,5465,A,SELL,13.9,553,7686.7
2016-10-14,6191,A,BUY,10.35,798,8259.3
2016-10-14,1773,A,BUY,48.3,171,8259.3
2016-10-14,2489,A,BUY,24.5,337,8256.5
2016-10-14,2023,A,BUY,10.45,790,8255.5
2016-10-14,8069,A,BUY,24.8,333,8258.4
2016-10-14,2371,A,BUY,7.32,1128,8256.960000000001
2016-10-14,2328,B,BUY,27.1,670,18157.0
2016-10-21,3217,A,SELL,17.45,483,8428.35
2016-10-21,1232,A,SELL,86.5,100,8650.0
2016-10-21,5013,A,SELL,28.5,301,8578.5
2016-10-21,6191,A,SELL,10.85,798,8658.3
2016-10-21,2103,A,BUY,34.45,248,8543.6
2016-10-21,6220,A,SELL,37.35,75,2801.25
2016-10-21,1215,A,BUY,46.55,183,8518.65
2016-10-21,2029,A,BUY,28.65,298,8537.699999999999
2016-10-21,3005,A,SELL,42.15,59,2486.85
2016-10-21,2354,A,BUY,96.4,88,8483.2
2016-10-28,1218,A,SELL,16.8,553,9290.4
2016-10-28,6108,A,SELL,22.2,408,9057.6
2016-10-28,2489,A,SELL,24.85,337,8374.45
2016-10-28,2354,A,SELL,91.5,88,8052.0
2016-10-28,1603,A,BUY,14.85,592,8791.199999999999
2016-10-28,1604,A,BUY,19.8,444,8791.2
2016-10-28,1304,A,BUY,15.6,563,8782.8
2016-10-28,8070,A,BUY,149.5,58,8671.0
2016-11-04,2439,B,SELL,115.0,242,27830.0
2016-11-04,6161,A,SELL,8.74,994,8687.56
2016-11-04,8069,A,SELL,24.7,333,8225.1
2016-11-04,2103,A,SELL,31.55,248,7824.400000000001
2016-11-04,1604,A,SELL,19.1,444,8480.400000000001
2016-11-04,1304,A,SELL,15.05,563,8473.15
2016-11-04,1569,A,BUY,26.5,315,8347.5
2016-11-04,6108,A,BUY,21.8,383,8349.4
2016-11-04,2415,A,BUY,22.3,374,8340.2
2016-11-04,3217,A,BUY,18.2,459,8353.8
2016-11-04,6191,A,BUY,10.5,796,8358.0
2016-11-04,2377,B,BUY,83.9,143,11997.7
2016-11-04,2328,B,BUY,27.0,532,14364.0
2016-11-11,2328,B,SELL,24.8,1548,38390.4
2016-11-11,3005,A,SELL,38.0,204,7752.0
2016-11-11,6191,A,SELL,10.4,796,8278.4
2016-11-11,2029,A,SELL,34.1,60,2046.0
2016-11-11,6412,A,SELL,50.8,43,2184.4
2016-11-11,1304,A,BUY,15.5,523,8106.5
2016-11-11,8110,A,BUY,11.2,724,8108.799999999999
2016-11-11,2377,B,BUY,82.2,489,40195.8
2016-11-18,6412,A,SELL,48.1,160,7696.0
2016-11-18,2377,B,SELL,87.5,987,86362.5
2016-11-18,1215,A,SELL,43.65,183,7987.95
2016-11-18,8070,A,SELL,137.0,58,7946.0
2016-11-18,8110,A,SELL,10.85,724,7855.4
2016-11-18,5014,A,BUY,8.73,1682,14683.86
2016-11-18,2029,A,BUY,35.85,171,6130.35
2016-11-18,1603,A,BUY,17.3,256,4428.8
2016-11-18,2014,A,BUY,9.6,1529,14678.4
2016-11-18,2024,A,BUY,8.49,1729,14679.210000000001
2016-11-18,2371,A,BUY,9.56,407,3890.92
2016-11-18,6108,A,BUY,24.45,217,5305.65
2016-11-18,6220,A,BUY,46.95,82,3849.9
2016-11-18,1773,A,BUY,51.8,112,5801.599999999999
2016-11-18,2023,A,BUY,12.5,384,4800.0
2016-11-18,2415,A,BUY,24.5,225,5512.5
2016-11-18,6161,A,BUY,9.33,1573,14676.09
2016-11-18,1569,A,BUY,29.5,182,5369.0
2016-11-18,1304,A,BUY,15.9,400,6360.0
2016-11-18,3217,A,BUY,19.75,284,5609.0
2016-11-25,1773,A,SELL,52.1,283,14744.300000000001
2016-11-25,2023,A,SELL,12.25,1174,14381.5
2016-11-25,6108,A,SELL,23.8,600,14280.0
2016-11-25,2415,A,SELL,24.15,599,14465.849999999999
2016-11-25,3217,A,SELL,19.35,743,14377.050000000001
2016-11-25,1304,A,SELL,15.65,923,14444.95
2016-11-25,6161,A,SELL,9.56,1573,15037.880000000001
2016-11-25,3406,A,BUY,94.5,148,13986.0
2016-11-25,3040,A,BUY,34.95,401,14014.95
2016-11-25,8042,A,BUY,60.8,231,14044.8
2016-11-25,1312,A,BUY,20.2,695,14039.0
2016-11-25,1310,A,BUY,20.2,695,14039.0
2016-11-25,2612,A,BUY,32.5,432,14040.0
2016-11-25,8183,A,BUY,12.85,1093,14045.05
2016-12-02,2371,A,SELL,9.67,1535,14843.45
2016-12-02,2029,A,SELL,38.0,409,15542.0
2016-12-02,1603,A,SELL,0.0,848,0.0
2016-12-02,1569,A,SELL,32.65,497,16227.05
2016-12-02,2014,A,SELL,10.4,1529,15901.6
2016-12-02,2024,A,SELL,8.57,1729,14817.53
2016-12-02,8042,A,SELL,61.7,231,14252.7
2016-12-02,1312,A,SELL,22.0,695,15290.0
2016-12-02,2612,A,SELL,31.25,432,13500.0
2016-12-02,8183,A,SELL,14.2,1093,15520.599999999999
2016-12-02,8068,A,BUY,43.6,326,14213.6
2016-12-02,5469,A,BUY,21.05,676,14229.800000000001
2016-12-02,2616,A,BUY,28.25,504,14238.0
2016-12-02,2816,A,BUY,16.75,850,14237.5
2016-12-02,2477,A,BUY,17.95,793,14234.349999999999
2016-12-02,2823,A,BUY,35.5,401,14235.5
2016-12-02,2888,A,BUY,8.23,1730,14237.900000000001
2016-12-02,2852,A,BUY,13.7,1039,14234.3
2016-12-02,3290,A,BUY,15.1,942,14224.199999999999
2016-12-02,6161,A,BUY,10.8,1318,14234.400000000001
2016-12-09,6220,A,SELL,54.3,312,16941.6
2016-12-09,3406,A,SELL,100.0,148,14800.0
2016-12-09,8068,A,SELL,40.0,326,13040.0
2016-12-09,5469,A,SELL,18.95,676,12810.199999999999
2016-12-09,2477,A,SELL,16.95,793,13441.349999999999
2016-12-09,2823,A,SELL,31.85,401,12771.85
2016-12-09,2888,A,SELL,8.07,1730,13961.1
2016-12-09,2852,A,SELL,13.5,1039,14026.5
2016-12-09,3290,A,SELL,15.2,942,14318.4
2016-12-09,1582,A,BUY,62.2,225,13995.0
2016-12-09,2204,A,BUY,27.2,516,14035.199999999999
2016-12-09,3455,A,BUY,46.4,302,14012.8
2016-12-09,2031,A,BUY,22.95,612,14045.4
2016-12-09,9940,A,BUY,33.25,422,14031.5
2016-12-09,6164,A,BUY,14.85,946,14048.1
2016-12-09,1312,A,BUY,22.45,626,14053.699999999999
2016-12-09,2029,A,BUY,38.55,364,14032.199999999999
2016-12-09,1603,A,BUY,22.0,638,14036.0
2016-12-16,1310,A,SELL,20.75,695,14421.25
2016-12-16,2816,A,SELL,15.65,850,13302.5
2016-12-16,2204,A,SELL,26.7,516,13777.199999999999
2016-12-16,3455,A,SELL,45.8,302,13831.599999999999
2016-12-16,2031,A,SELL,22.8,612,13953.6
2016-12-16,9940,A,SELL,32.95,422,13904.900000000001
2016-12-16,1312,A,SELL,21.1,626,13208.6
2016-12-16,2029,A,SELL,37.45,364,13631.800000000001
2016-12-16,4906,A,BUY,25.6,544,13926.400000000001
2016-12-16,6005,A,BUY,9.42,1478,13922.76
2016-12-16,3406,A,BUY,117.5,118,13865.0
2016-12-16,2034,A,BUY,29.15,477,13904.55
2016-12-16,3532,A,BUY,64.6,215,13888.999999999998
2016-12-16,4714,A,BUY,14.8,941,13926.800000000001
2016-12-16,6108,A,BUY,27.4,508,13919.199999999999
2016-12-16,3615,A,BUY,23.75,586,13917.5
2016-12-23,2616,A,SELL,27.85,504,14036.400000000001
2016-12-23,6164,A,SELL,13.95,946,13196.699999999999
2016-12-23,4906,A,SELL,23.4,544,12729.599999999999
2016-12-23,3406,A,SELL,104.0,118,12272.0
2016-12-23,2034,A,SELL,27.35,477,13045.95
2016-12-23,4714,A,SELL,14.7,941,13832.699999999999
2016-12-23,6108,A,SELL,26.55,508,13487.4
2016-12-23,3615,A,SELL,21.75,586,12745.5
2016-12-23,8059,A,BUY,14.95,903,13499.849999999999
2016-12-23,9937,A,BUY,39.85,338,13469.300000000001
2016-12-23,8938,A,BUY,23.85,566,13499.1
2016-12-23,8358,A,BUY,37.2,362,13466.400000000001
2016-12-23,3290,A,BUY,16.0,843,13488.0
2016-12-23,2204,A,BUY,26.5,509,13488.5
2016-12-23,2467,A,BUY,18.5,729,13486.5
2016-12-23,5534,A,BUY,63.2,213,13461.6
2016-12-30,1582,A,SELL,63.0,225,14175.0
2016-12-30,1603,A,SELL,22.8,638,14546.4
2016-12-30,3290,A,SELL,15.9,843,13403.7
2016-12-30,2204,A,SELL,26.2,509,13335.8
2016-12-30,5534,A,SELL,63.6,213,13546.800000000001
2016-12-30,3615,A,BUY,24.8,557,13813.6
2016-12-30,6220,A,BUY,60.1,230,13823.0
2016-12-30,1513,A,BUY,19.35,714,13815.900000000001
2016-12-30,6108,A,BUY,27.35,505,13811.75
2016-12-30,4714,A,BUY,15.35,901,13830.35
2017-01-06,6161,A,SELL,11.55,1318,15222.900000000001
2017-01-06,6005,A,SELL,9.3,1478,13745.400000000001
2017-01-06,3532,A,SELL,65.1,215,13996.499999999998
2017-01-06,3615,A,SELL,24.6,557,13702.2
2017-01-06,4714,A,SELL,14.05,901,12659.050000000001
2017-01-06,1904,A,BUY,15.25,924,14091.0
2017-01-06,6139,A,BUY,36.65,384,14073.599999999999
2017-01-06,8183,A,BUY,16.4,859,14087.599999999999
2017-01-06,1582,A,BUY,64.0,220,14080.0
2017-01-06,3290,A,BUY,16.2,869,14077.8
2017-01-13,8059,A,SELL,14.0,903,12642.0
2017-01-13,8938,A,SELL,26.3,566,14885.800000000001
2017-01-13,2467,A,SELL,20.1,729,14652.900000000001
2017-01-13,6220,A,SELL,60.3,230,13869.0
2017-01-13,6108,A,SELL,26.4,505,13332.0
2017-01-13,1582,A,SELL,62.3,220,13706.0
2017-01-13,3290,A,SELL,15.6,869,13556.4
2017-01-13,6175,A,BUY,16.8,818,13742.400000000001
2017-01-13,2337,A,BUY,6.24,2203,13746.720000000001
2017-01-13,5014,A,SELL,10.5,372,3906.0
2017-01-13,3529,A,BUY,442.5,31,13717.5
2017-01-13,2204,A,BUY,28.2,487,13733.4
2017-01-13,1909,A,BUY,20.45,672,13742.4
2017-01-13,2820,A,BUY,13.2,1041,13741.199999999999
2017-01-13,3217,A,BUY,24.75,555,13736.25
2017-01-20,5014,A,SELL,10.0,1310,13100.0
2017-01-20,9937,A,SELL,38.65,338,13063.699999999999
2017-01-20,1513,A,SELL,20.6,714,14708.400000000001
2017-01-20,1904,A,SELL,14.5,924,13398.0
2017-01-20,6139,A,SELL,35.95,384,13804.800000000001
2017-01-20,3529,A,SELL,401.0,31,12431.0
2017-01-20,2820,A,SELL,13.05,1041,13585.050000000001
2017-01-20,3217,A,SELL,25.4,555,14097.0
2017-01-20,6156,A,BUY,21.5,646,13889.0
2017-01-20,5305,A,BUY,29.1,477,13880.7
2017-01-20,8249,A,BUY,23.4,594,13899.599999999999
2017-01-20,3406,A,BUY,148.5,93,13810.5
2017-01-20,4974,A,BUY,40.35,344,13880.4
2017-01-20,3532,A,BUY,69.9,198,13840.2
2017-01-20,8085,A,BUY,5.85,2376,13899.599999999999
2017-01-20,1541,A,BUY,60.1,231,13883.1
2017-02-03,3040,A,SELL,40.45,401,16220.45
2017-02-03,8358,A,SELL,43.7,362,15819.400000000001
2017-02-03,8249,A,SELL,23.5,594,13959.0
2017-02-03,3532,A,SELL,69.4,198,13741.2
2017-02-03,8085,A,SELL,5.76,2376,13685.76
2017-02-03,1541,A,SELL,61.6,231,14229.6
2017-02-03,3027,A,BUY,16.0,917,14672.0
2017-02-03,3406,A,SELL,208.0,22,4576.0
2017-02-03,2344,A,BUY,12.35,1188,14671.8
2017-02-03,5009,A,BUY,22.6,649,14667.400000000001
2017-02-03,8183,A,SELL,21.7,182,3949.4
2017-02-03,2442,A,BUY,8.9,1649,14676.1
2017-02-03,5328,A,BUY,8.01,1833,14682.33
2017-02-03,2014,A,BUY,12.5,1174,14675.0
2017-02-10,8183,A,SELL,24.2,677,16383.4
2017-02-10,6175,A,SELL,18.35,818,15010.300000000001
2017-02-10,2204,A,SELL,28.5,487,13879.5
2017-02-10,6156,A,SELL,24.5,646,15827.0
2017-02-10,5305,A,SELL,32.65,477,15574.05
2017-02-10,3027,A,SELL,16.75,917,15359.75
2017-02-10,2344,A,SELL,11.65,1188,13840.2
2017-02-10,5009,A,SELL,22.85,649,14829.650000000001
2017-02-10,2442,A,SELL,8.08,1649,13323.92
2017-02-10,5328,A,SELL,7.93,1833,14535.689999999999
2017-02-10,2014,A,SELL,12.4,1174,14557.6
2017-02-10,5521,A,BUY,11.35,802,9102.699999999999
2017-02-10,5871,A,BUY,62.1,146,9066.6
2017-02-10,6257,A,BUY,26.0,350,9100.0
2017-02-10,1439,A,BUY,24.9,365,9088.5
2017-02-10,8358,A,BUY,51.2,177,9062.4
2017-02-10,5340,A,BUY,7.01,1299,9105.99
2017-02-10,5306,A,BUY,136.0,66,8976.0
2017-02-10,3189,A,BUY,80.4,113,9085.2
2017-02-10,4919,A,BUY,48.0,189,9072.0
2017-02-10,2337,A,SELL,8.5,1131,9613.5
2017-02-10,6283,A,BUY,43.8,207,9066.599999999999
2017-02-10,4974,A,SELL,42.55,129,5488.95
2017-02-10,2404,A,BUY,55.8,163,9095.4
2017-02-10,1909,A,SELL,29.7,365,10840.5
2017-02-10,1437,A,BUY,19.8,459,9088.2
2017-02-10,3406,B,BUY,187.0,172,32164.0
2017-02-10,6488,B,BUY,168.5,270,45495.0
2017-02-17,2337,A,SELL,8.62,1072,9240.64
2017-02-17,1909,A,SELL,29.0,307,8903.0
2017-02-17,4974,A,SELL,42.5,215,9137.5
2017-02-17,5871,A,SELL,62.5,146,9125.0
2017-02-17,6257,A,SELL,26.45,350,9257.5
2017-02-17,8358,A,SELL,56.0,177,9912.0
2017-02-17,5340,A,SELL,7.49,1299,9729.51
2017-02-17,3189,A,SELL,82.1,113,9277.3
2017-02-17,4919,A,SELL,47.95,189,9062.550000000001
2017-02-17,5014,A,BUY,17.0,578,9826.0
2017-02-17,3296,A,BUY,18.0,546,9828.0
2017-02-17,6015,A,BUY,7.56,1300,9828.0
2017-02-17,3092,A,BUY,53.8,182,9791.6
2017-02-17,3105,A,BUY,130.0,75,9750.0
2017-02-17,3532,A,BUY,108.0,91,9828.0
2017-02-17,3011,A,BUY,8.8,1117,9829.6
2017-02-17,2605,A,BUY,23.05,426,9819.300000000001
2017-02-17,1616,A,BUY,7.18,1369,9829.42
2017-02-24,5521,A,SELL,11.8,802,9463.6
2017-02-24,1439,A,SELL,24.5,365,8942.5
2017-02-24,5306,A,SELL,135.5,66,8943.0
2017-02-24,6283,A,SELL,46.15,207,9553.05
2017-02-24,2404,A,SELL,59.5,163,9698.5
2017-02-24,1437,A,SELL,19.3,459,8858.7
2017-02-24,6015,A,SELL,7.33,1300,9529.0
2017-02-24,3092,A,SELL,48.1,182,8754.2
2017-02-24,3105,A,SELL,130.5,75,9787.5
2017-02-24,3532,A,SELL,98.5,91,8963.5
2017-02-24,1616,A,SELL,7.22,1369,9884.18
2017-02-24,3443,A,BUY,102.0,94,9588.0
2017-02-24,3018,A,BUY,23.1,418,9655.800000000001
2017-02-24,5871,A,BUY,65.9,146,9621.400000000001
2017-02-24,2459,A,BUY,39.2,246,9643.2
2017-02-24,6196,A,BUY,34.55,279,9639.449999999999
2017-02-24,1905,A,BUY,11.3,855,9661.5
2017-02-24,3040,A,BUY,41.75,231,9644.25
2017-02-24,6207,A,BUY,26.55,363,9637.65
2017-02-24,2331,A,BUY,22.65,426,9648.9
2017-02-24,5371,A,BUY,43.35,222,9623.7
2017-02-24,2820,A,BUY,13.8,700,9660.0
2017-03-03,3296,A,SELL,19.35,546,10565.1
2017-03-03,2605,A,SELL,25.3,426,10777.800000000001
2017-03-03,2459,A,SELL,39.25,246,9655.5
2017-03-03,6196,A,SELL,34.15,279,9527.85
2017-03-03,3040,A,SELL,41.35,231,9551.85
2017-03-03,2820,A,SELL,13.9,700,9730.0
2017-03-03,2493,A,BUY,29.9,315,9418.5
2017-03-03,2022,A,BUY,6.9,1369,9446.1
2017-03-03,5340,A,BUY,9.12,1035,9439.199999999999
2017-03-03,1909,A,BUY,34.0,277,9418.0
2017-03-03,2313,A,BUY,20.2,467,9433.4
2017-03-03,3645,A,BUY,43.2,218,9417.6
2017-03-10,3011,A,SELL,9.3,1117,10388.1
2017-03-10,3018,A,SELL,23.2,418,9697.6
2017-03-10,1905,A,SELL,11.6,855,9918.0
2017-03-10,2022,A,SELL,6.43,1369,8802.67
2017-03-10,5340,A,SELL,9.0,1035,9315.0
2017-03-10,1909,A,SELL,30.45,277,8434.65
2017-03-10,2313,A,SELL,19.6,467,9153.2
2017-03-10,3645,A,SELL,42.0,218,9156.0
2017-03-10,2373,A,BUY,61.2,157,9608.4
2017-03-10,2444,A,BUY,15.5,622,9641.0
2017-03-10,2387,A,BUY,20.5,470,9635.0
2017-03-10,5014,A,SELL,21.25,123,2613.75
2017-03-10,4716,A,BUY,20.15,478,9631.699999999999
2017-03-10,2459,A,BUY,39.4,244,9613.6
2017-03-10,2606,A,BUY,32.8,294,9643.199999999999
2017-03-10,2441,A,BUY,42.3,228,9644.4
2017-03-10,5521,A,BUY,12.05,800,9640.0
2017-03-17,3443,A,SELL,109.0,94,10246.0
2017-03-17,6207,A,SELL,28.4,363,10309.199999999999
2017-03-17,2331,A,SELL,24.1,426,10266.6
2017-03-17,5371,A,SELL,44.5,222,9879.0
2017-03-17,2493,A,SELL,29.45,315,9276.75
2017-03-17,2444,A,SELL,14.75,622,9174.5
2017-03-17,2387,A,SELL,21.4,470,10058.0
2017-03-17,2459,A,SELL,40.4,244,9857.6
2017-03-17,2606,A,SELL,32.35,294,9510.9
2017-03-17,2441,A,SELL,42.3,228,9644.4
2017-03-17,8930,A,BUY,16.05,644,10336.2
2017-03-17,1773,A,BUY,64.2,161,10336.2
2017-03-17,1583,A,BUY,80.0,129,10320.0
2017-03-17,3018,A,BUY,25.6,404,10342.400000000001
2017-03-17,1808,A,BUY,41.65,248,10329.199999999999
2017-03-17,5403,A,BUY,35.6,290,10324.0
2017-03-17,4737,A,BUY,70.3,147,10334.1
2017-03-17,2892,A,BUY,18.55,557,10332.35
2017-03-17,6263,A,BUY,53.4,193,10306.199999999999
2017-03-17,4120,A,BUY,79.7,129,10281.300000000001
2017-03-24,5014,A,SELL,24.5,455,11147.5
2017-03-24,5871,A,SELL,70.5,146,10293.0
2017-03-24,4716,A,SELL,22.9,478,10946.199999999999
2017-03-24,8930,A,SELL,14.9,644,9595.6
2017-03-24,1773,A,SELL,62.7,161,10094.7
2017-03-24,1583,A,SELL,71.0,129,9159.0
2017-03-24,3018,A,SELL,26.0,404,10504.0
2017-03-24,4737,A,SELL,67.4,147,9907.800000000001
2017-03-24,2892,A,SELL,18.45,557,10276.65
2017-03-24,6263,A,SELL,53.6,193,10344.800000000001
2017-03-24,4120,A,SELL,78.0,129,10062.0
2017-03-24,3260,A,BUY,77.0,137,10549.0
2017-03-24,2889,A,BUY,9.38,1131,10608.78
2017-03-24,2459,A,BUY,41.55,255,10595.25
2017-03-24,8021,A,BUY,27.5,386,10615.0
2017-03-24,5443,A,BUY,29.9,355,10614.5
2017-03-24,1506,A,BUY,23.55,450,10597.5
2017-03-24,3031,A,BUY,18.5,573,10600.5
2017-03-24,6196,A,BUY,38.7,274,10603.800000000001
2017-03-24,2812,A,BUY,9.79,1084,10612.359999999999
2017-03-24,1451,A,BUY,26.95,393,10591.35
2017-03-24,6197,A,BUY,41.5,178,7387.0
2017-03-24,3406,B,SELL,265.0,142,37630.0
2017-03-24,6488,B,SELL,218.0,148,32264.0
2017-03-24,3105,B,BUY,133.0,199,26467.0
2017-03-24,3019,B,BUY,54.1,490,26509.0
2017-03-31,2373,A,SELL,59.9,157,9404.3
2017-03-31,5403,A,SELL,35.6,290,10324.0
2017-03-31,2459,A,SELL,41.55,255,10595.25
2017-03-31,5443,A,SELL,26.95,355,9567.25
2017-03-31,1506,A,SELL,23.0,450,10350.0
2017-03-31,3031,A,SELL,18.15,573,10399.949999999999
2017-03-31,6196,A,SELL,36.05,274,9877.699999999999
2017-03-31,1451,A,SELL,27.0,393,10611.0
2017-03-31,6197,A,SELL,32.55,178,5793.9
2017-03-31,3105,B,SELL,135.0,199,26865.0
2017-03-31,3019,B,SELL,51.9,490,25431.0
2017-03-31,2616,A,BUY,31.6,336,10617.6
2017-03-31,2344,A,BUY,17.0,625,10625.0
2017-03-31,2337,A,BUY,12.7,837,10629.9
2017-03-31,4973,A,BUY,24.55,432,10605.6
2017-03-31,3018,A,BUY,27.2,390,10608.0
2017-03-31,5522,A,BUY,41.05,258,10590.9
2017-03-31,1231,A,BUY,34.75,305,10598.75
2017-03-31,2404,A,BUY,66.8,159,10621.199999999999
2017-03-31,5306,A,BUY,149.0,71,10579.0
2017-03-31,3406,B,BUY,307.0,72,22104.0
2017-03-31,6488,B,BUY,227.0,112,25424.0
2017-04-07,2616,A,SELL,32.3,336,10852.8
2017-04-07,4973,A,SELL,23.5,432,10152.0
2017-04-07,5522,A,SELL,40.6,258,10474.800000000001
2017-04-07,5306,A,SELL,152.0,71,10792.0
2017-04-07,1709,A,BUY,20.85,520,10842.0
2017-04-07,1229,A,BUY,27.45,395,10842.75
2017-04-07,6142,A,BUY,9.8,1106,10838.800000000001
2017-04-07,3317,A,BUY,19.7,550,10835.0
2017-04-14,5521,A,SELL,12.7,800,10160.0
2017-04-14,2889,A,SELL,9.23,1131,10439.130000000001
2017-04-14,8021,A,SELL,25.0,386,9650.0
2017-04-14,2812,A,SELL,9.69,1084,10503.96
2017-04-14,2337,A,SELL,12.5,837,10462.5
2017-04-14,1231,A,SELL,34.3,305,10461.5
2017-04-14,2404,A,SELL,63.9,159,10160.1
2017-04-14,6142,A,SELL,9.06,1106,10020.36
2017-04-14,3317,A,SELL,18.0,550,9900.0
2017-04-14,3315,A,BUY,26.35,397,10460.95
2017-04-14,3362,A,BUY,55.6,188,10452.800000000001
2017-04-14,8131,A,BUY,26.4,397,10480.8
2017-04-14,6207,A,BUY,32.35,323,10449.050000000001
2017-04-14,2327,A,BUY,88.7,118,10466.6
2017-04-14,5015,A,BUY,27.6,379,10460.4
2017-04-14,4737,A,BUY,72.8,143,10410.4
2017-04-14,5490,A,BUY,67.0,156,10452.0
2017-04-14,3438,A,BUY,23.75,441,10473.75
2017-04-14,3645,A,BUY,46.2,188,8685.6
2017-04-14,3406,B,SELL,316.0,62,19592.0
2017-04-14,6488,B,SELL,225.0,78,17550.0
2017-04-14,3260,B,BUY,73.6,337,24803.199999999997
2017-04-21,3406,B,SELL,303.0,111,33633.0
2017-04-21,6488,B,SELL,224.0,156,34944.0
2017-04-21,3260,B,SELL,72.7,474,34459.8
2017-04-21,5015,A,SELL,27.25,379,10327.75
2017-04-21,3645,A,SELL,47.8,188,8986.4
2017-04-21,3315,A,BUY,26.4,274,7233.599999999999
2017-04-21,3018,A,BUY,33.2,144,4780.8
2017-04-21,3362,A,BUY,66.6,78,5194.799999999999
2017-04-21,4737,A,BUY,73.0,99,7227.0
2017-04-21,2327,A,BUY,96.8,65,6292.0
2017-04-21,6207,A,BUY,35.8,172,6157.599999999999
2017-04-21,3438,A,BUY,25.4,257,6527.799999999999
2017-04-21,1808,A,BUY,47.4,126,5972.4
2017-04-21,2337,A,BUY,13.25,1338,17728.5
2017-04-21,8131,A,BUY,27.0,259,6993.0
2017-04-21,5490,A,BUY,69.2,100,6920.0
2017-04-21,1709,A,BUY,20.2,357,7211.4
2017-04-21,1229,A,BUY,26.9,264,7101.599999999999
2017-04-21,6142,A,BUY,9.0,1970,17730.0
2017-04-21,2344,A,BUY,17.2,405,6966.0
2017-04-28,1709,A,SELL,20.25,877,17759.25
2017-04-28,6207,A,SELL,35.15,495,17399.25
2017-04-28,3438,A,SELL,23.8,698,16612.4
2017-04-28,2337,A,SELL,13.45,1338,17996.1
2017-04-28,6142,A,SELL,9.18,1970,18084.6
2017-04-28,3018,A,SELL,43.7,282,12323.400000000001
2017-04-28,3315,A,SELL,26.5,255,6757.5
2017-04-28,6155,A,BUY,23.4,470,10998.0
2017-04-28,6196,A,BUY,41.15,267,10987.05
2017-04-28,2327,A,SELL,106.5,79,8413.5
2017-04-28,5871,A,BUY,76.9,143,10996.7
2017-04-28,3362,A,SELL,68.9,106,7303.400000000001
2017-04-28,1808,A,SELL,48.4,146,7066.4
2017-04-28,3026,A,BUY,41.65,264,10995.6
2017-04-28,4737,A,SELL,76.3,97,7401.099999999999
2017-04-28,8131,A,SELL,28.4,268,7611.2
2017-04-28,1229,A,SELL,27.35,256,7001.6
2017-04-28,1231,A,BUY,35.3,311,10978.3
2017-04-28,5490,A,SELL,70.5,99,6979.5
2017-04-28,3673,A,BUY,108.0,101,10908.0
2017-04-28,3406,B,BUY,353.5,77,27219.5
2017-04-28,6488,B,BUY,216.0,127,27432.0
2017-04-28,2344,B,BUY,17.05,583,9940.15
2017-04-28,3019,B,BUY,58.0,474,27492.0
2017-05-05,1229,A,SELL,26.8,403,10800.4
2017-05-05,3362,A,SELL,65.1,160,10416.0
2017-05-05,8131,A,SELL,28.3,388,10980.4
2017-05-05,4737,A,SELL,75.5,145,10947.5
2017-05-05,5490,A,SELL,68.0,157,10676.0
2017-05-05,6155,A,SELL,21.15,470,9940.5
2017-05-05,6196,A,SELL,42.7,267,11400.900000000001
2017-05-05,3026,A,SELL,40.6,264,10718.4
2017-05-05,1231,A,SELL,35.2,311,10947.2
2017-05-05,3673,A,SELL,99.8,101,10079.8
2017-05-05,3406,B,SELL,332.5,77,25602.5
2017-05-05,6412,A,BUY,60.5,176,10648.0
2017-05-05,2820,A,BUY,15.25,698,10644.5
2017-05-05,2227,A,BUY,235.0,45,10575.0
2017-05-05,2441,A,BUY,43.45,245,10645.25
2017-05-05,4906,A,BUY,34.2,311,10636.2
2017-05-05,3071,A,BUY,16.0,666,10656.0
2017-05-05,5403,A,BUY,36.35,293,10650.550000000001
2017-05-05,1506,A,BUY,25.3,421,10651.300000000001
2017-05-05,3144,A,BUY,25.0,426,10650.0
2017-05-05,2439,B,BUY,180.0,148,26640.0
2017-05-12,1808,A,SELL,47.8,228,10898.4
2017-05-12,2327,A,SELL,100.0,104,10400.0
2017-05-12,3019,B,SELL,55.2,474,26164.800000000003
2017-05-12,3071,A,SELL,14.5,666,9657.0
2017-05-12,5403,A,SELL,35.9,293,10518.699999999999
2017-05-12,5465,A,BUY,18.5,585,10822.5
2017-05-12,2317,A,BUY,102.5,105,10762.5
2017-05-12,8111,A,BUY,11.0,983,10813.0
2017-05-12,6196,A,BUY,42.65,253,10790.449999999999
2017-05-12,3014,A,BUY,37.4,289,10808.6
2017-05-12,6456,B,BUY,208.5,129,26896.5
2017-05-19,2344,B,SELL,17.05,1613,27501.65
2017-05-19,5871,A,SELL,78.2,143,11182.6
2017-05-19,4906,A,SELL,33.55,311,10434.05
2017-05-19,1506,A,SELL,24.3,421,10230.300000000001
2017-05-19,3144,A,SELL,27.5,426,11715.0
2017-05-19,5465,A,SELL,17.9,585,10471.5
2017-05-19,2317,A,SELL,101.5,105,10657.5
2017-05-19,5302,A,BUY,8.23,1322,10880.060000000001
2017-05-19,3413,A,BUY,166.5,65,10822.5
2017-05-19,3533,A,BUY,138.0,78,10764.0
2017-05-19,3515,A,BUY,53.8,202,10867.599999999999
2017-05-19,5403,A,BUY,36.35,299,10868.65
2017-05-19,2313,A,BUY,23.75,458,10877.5
2017-05-19,3406,B,BUY,313.0,86,26918.0
2017-05-26,3018,A,SELL,41.85,252,10546.2
2017-05-26,2820,A,SELL,15.35,698,10714.3
2017-05-26,6196,A,SELL,42.0,253,10626.0
2017-05-26,3014,A,SELL,38.0,289,10982.0
2017-05-26,5302,A,SELL,8.32,1322,10999.04
2017-05-26,3533,A,SELL,135.0,78,10530.0
2017-05-26,5403,A,SELL,36.75,299,10988.25
2017-05-26,2313,A,SELL,23.6,458,10808.800000000001
2017-05-26,3406,B,SELL,298.5,86,25671.0
2017-05-26,9941,A,BUY,108.0,101,10908.0
2017-05-26,1597,A,BUY,47.7,230,10971.0
2017-05-26,5478,A,BUY,89.7,122,10943.4
2017-05-26,6158,A,BUY,27.25,403,10981.75
2017-05-26,8349,A,BUY,106.5,103,10969.5
2017-05-26,5285,A,BUY,43.1,255,10990.5
2017-05-26,2404,A,BUY,70.2,156,10951.2
2017-05-26,2317,A,BUY,104.5,105,10972.5
2017-05-26,2344,B,BUY,17.1,1607,27479.7
2017-06-02,6488,B,SELL,248.5,127,31559.5
2017-06-02,6412,A,SELL,60.5,176,10648.0
2017-06-02,8111,A,SELL,10.6,983,10419.8
2017-06-02,3413,A,SELL,168.0,65,10920.0
2017-06-02,3515,A,SELL,55.8,202,11271.599999999999
2017-06-02,6158,A,SELL,25.45,403,10256.35
2017-06-02,5285,A,SELL,45.0,255,11475.0
2017-06-02,2317,A,SELL,105.5,105,11077.5
2017-06-02,2227,A,SELL,319.5,9,2875.5
2017-06-02,1902,A,BUY,16.9,663,11204.699999999999
2017-06-02,3664,A,BUY,19.95,562,11211.9
2017-06-02,1336,A,BUY,16.75,669,11205.75
2017-06-02,5465,A,BUY,25.1,446,11194.6
2017-06-02,2727,A,BUY,209.0,53,11077.0
2017-06-02,6180,A,BUY,37.45,299,11197.550000000001
2017-06-02,8299,A,BUY,350.0,32,11200.0
2017-06-02,3260,B,BUY,75.6,370,27971.999999999996
2017-06-09,9941,A,SELL,104.0,101,10504.0
2017-06-09,5478,A,SELL,94.0,122,11468.0
2017-06-09,8349,A,SELL,111.0,103,11433.0
2017-06-09,2404,A,SELL,72.0,156,11232.0
2017-06-09,3664,A,SELL,17.95,562,10087.9
2017-06-09,1597,A,SELL,62.9,51,3207.9
2017-06-09,2504,A,BUY,9.94,1128,11212.32
2017-06-09,2423,A,BUY,23.55,476,11209.800000000001
2017-06-09,2352,A,BUY,24.1,465,11206.5
2017-06-09,3706,A,BUY,38.8,289,11213.199999999999
2017-06-09,6192,A,BUY,62.8,178,11178.4
2017-06-16,2227,A,SELL,295.0,36,10620.0
2017-06-16,2727,A,SELL,193.5,53,10255.5
2017-06-16,6180,A,SELL,38.0,299,11362.0
2017-06-16,3260,B,SELL,74.0,370,27380.0
2017-06-16,2504,A,SELL,9.5,1128,10716.0
2017-06-16,2423,A,SELL,23.0,476,10948.0
2017-06-16,2352,A,SELL,23.1,465,10741.5
2017-06-16,6409,A,BUY,526.0,21,11046.0
2017-06-16,2421,A,BUY,40.4,276,11150.4
2017-06-16,6156,A,BUY,35.25,316,11139.0
2017-06-16,6412,A,BUY,66.5,167,11105.5
2017-06-16,3653,A,BUY,82.8,134,11095.199999999999
2017-06-16,5285,A,BUY,44.85,248,11122.800000000001
2017-06-16,2337,B,BUY,16.75,1665,27888.75
2017-06-23,2439,B,SELL,188.0,148,27824.0
2017-06-23,1597,A,SELL,54.5,179,9755.5
2017-06-23,5465,A,SELL,23.25,446,10369.5
2017-06-23,3706,A,SELL,38.5,289,11126.5
2017-06-23,6192,A,SELL,61.5,178,10947.0
2017-06-23,6156,A,SELL,33.9,316,10712.4
2017-06-23,6412,A,SELL,62.2,167,10387.4
2017-06-23,5285,A,SELL,44.35,248,10998.800000000001
2017-06-23,8112,A,BUY,31.8,345,10971.0
2017-06-23,2373,A,BUY,62.7,175,10972.5
2017-06-23,1215,A,BUY,75.7,145,10976.5
2017-06-23,2731,A,BUY,112.0,98,10976.0
2017-06-23,2812,A,BUY,10.15,1083,10992.45
2017-06-23,2317,A,BUY,112.5,97,10912.5
2017-06-23,1442,A,BUY,22.1,497,10983.7
2017-06-23,2337,B,BUY,16.2,598,9687.6
2017-06-30,2344,B,SELL,18.25,1607,29327.75
2017-06-30,1902,A,SELL,17.4,663,11536.199999999999
2017-06-30,6409,A,SELL,501.0,21,10521.0
2017-06-30,2421,A,SELL,39.3,276,10846.8
2017-06-30,3653,A,SELL,80.4,134,10773.6
2017-06-30,2337,B,SELL,16.7,2263,37792.1
2017-06-30,2373,A,SELL,59.3,175,10377.5
2017-06-30,1442,A,SELL,21.7,497,10784.9
2017-06-30,2908,A,BUY,23.7,462,10949.4
2017-06-30,4506,A,BUY,44.7,245,10951.5
2017-06-30,8404,A,BUY,49.2,222,10922.400000000001
2017-06-30,2423,A,BUY,23.8,460,10948.0
2017-06-30,3706,A,BUY,38.85,282,10955.7
2017-06-30,8091,A,BUY,67.2,163,10953.6
2017-06-30,2303,B,BUY,14.75,2477,36535.75
2017-06-30,3105,B,BUY,167.0,218,36406.0
2017-07-07,2441,A,SELL,49.35,245,12090.75
2017-07-07,1336,A,SELL,17.2,669,11506.8
2017-07-07,2731,A,SELL,106.0,98,10388.0
2017-07-07,3706,A,SELL,35.6,282,10039.2
2017-07-07,5285,A,BUY,47.8,240,11472.0
2017-07-07,9941,A,BUY,109.0,105,11445.0
2017-07-07,2421,A,BUY,39.6,290,11484.0
2017-07-14,8112,A,SELL,30.8,345,10626.0
2017-07-14,2812,A,SELL,10.25,1083,11100.75
2017-07-14,2908,A,SELL,22.7,462,10487.4
2017-07-14,2423,A,SELL,22.75,460,10465.0
2017-07-14,8091,A,SELL,66.8,163,10888.4
2017-07-14,2421,A,SELL,40.7,290,11803.0
2017-07-14,1218,A,BUY,23.0,518,11914.0
2017-07-14,5381,A,BUY,5.1,2338,11923.8
2017-07-14,3257,A,BUY,47.95,248,11891.6
2017-07-14,3533,A,BUY,160.0,74,11840.0
2017-07-14,6409,A,BUY,540.0,22,11880.0
2017-07-14,1597,A,BUY,60.0,198,11880.0
2017-07-14,3413,A,BUY,166.0,71,11786.0
2017-07-14,2303,B,SELL,14.55,564,8206.2
2017-07-14,2317,B,BUY,115.5,143,16516.5
2017-07-14,3105,B,SELL,172.5,56,9660.0
2017-07-21,1215,A,SELL,72.4,145,10498.0
2017-07-21,4506,A,SELL,45.2,245,11074.0
2017-07-21,5285,A,SELL,44.5,240,10680.0
2017-07-21,9941,A,SELL,113.0,105,11865.0
2017-07-21,6409,A,SELL,525.0,22,11550.0
2017-07-21,1597,A,SELL,59.5,198,11781.0
2017-07-21,3413,A,SELL,188.5,71,13383.5
2017-07-21,4205,A,BUY,73.6,164,12070.4
2017-07-21,3443,A,BUY,166.0,73,12118.0
2017-07-21,3515,A,BUY,72.3,167,12074.1
2017-07-21,2031,A,BUY,29.95,405,12129.75
2017-07-21,6127,A,BUY,18.85,643,12120.550000000001
2017-07-21,2104,A,BUY,33.5,362,12127.0
2017-07-21,2883,A,BUY,9.02,1345,12131.9
2017-07-28,3315,A,SELL,26.7,416,11107.199999999999
2017-07-28,8404,A,SELL,55.7,222,12365.400000000001
2017-07-28,3105,B,SELL,175.5,162,28431.0
2017-07-28,1218,A,SELL,21.3,518,11033.4
2017-07-28,3257,A,SELL,46.7,248,11581.6
2017-07-28,4205,A,SELL,66.9,164,10971.6
2017-07-28,3515,A,SELL,70.8,167,11823.6
2017-07-28,2031,A,SELL,29.15,405,11805.75
2017-07-28,2883,A,SELL,9.05,1345,12172.250000000002
2017-07-28,2528,A,BUY,17.6,638,11228.800000000001
2017-07-28,9935,A,BUY,11.65,963,11218.95
2017-07-28,2455,A,BUY,70.5,159,11209.5
2017-07-28,3167,A,BUY,47.25,237,11198.25
2017-07-28,4919,A,BUY,57.7,194,11193.800000000001
2017-07-28,2477,A,BUY,26.1,430,11223.0
2017-07-28,3413,A,BUY,218.0,51,11118.0
2017-07-28,3661,A,BUY,80.8,138,11150.4
2017-07-28,2408,A,BUY,63.4,177,11221.8
2017-07-28,6456,B,SELL,282.0,29,8178.0
2017-07-28,2439,B,BUY,240.0,116,27840.0
2017-08-04,8299,A,SELL,411.0,32,13152.0
2017-08-04,3533,A,SELL,174.5,74,12913.0
2017-08-04,3443,A,SELL,175.0,73,12775.0
2017-08-04,6127,A,SELL,19.6,643,12602.800000000001
2017-08-04,2455,A,SELL,67.8,159,10780.199999999999
2017-08-04,2477,A,SELL,25.55,430,10986.5
2017-08-04,3661,A,SELL,78.1,138,10777.8
2017-08-04,2408,A,SELL,61.7,177,10920.9
2017-08-04,9935,A,SELL,17.15,237,4064.5499999999997
2017-08-04,3019,A,BUY,92.9,133,12355.7
2017-08-04,6122,A,BUY,12.6,987,12436.199999999999
2017-08-04,6251,A,BUY,11.85,1049,12430.65
2017-08-04,2467,A,BUY,23.85,521,12425.85
2017-08-04,2642,A,BUY,27.65,449,12414.849999999999
2017-08-04,3257,A,BUY,50.6,245,12397.0
2017-08-04,2031,A,BUY,33.0,377,12441.0
2017-08-11,2303,B,SELL,14.05,1913,26877.65
2017-08-11,2104,A,SELL,33.65,362,12181.3
2017-08-11,4919,A,SELL,52.4,194,10165.6
2017-08-11,3413,A,SELL,212.0,51,10812.0
2017-08-11,6122,A,SELL,11.1,987,10955.699999999999
2017-08-11,6251,A,SELL,11.5,1049,12063.5
2017-08-11,2642,A,SELL,27.2,449,12212.8
2017-08-11,2031,A,SELL,32.15,377,12120.55
2017-08-11,2528,A,SELL,23.45,147,3447.15
2017-08-11,3515,A,BUY,86.5,132,11418.0
2017-08-11,3227,A,BUY,118.0,97,11446.0
2017-08-11,3018,A,BUY,54.6,210,11466.0
2017-08-11,3059,A,BUY,29.45,390,11485.5
2017-08-11,2421,A,BUY,50.0,230,11500.0
2017-08-11,1515,A,BUY,31.9,360,11484.0
2017-08-11,6213,A,BUY,52.2,220,11484.0
2017-08-11,2030,A,BUY,16.0,718,11488.0
2017-08-11,2317,B,BUY,116.5,89,10368.5
2017-08-11,2439,B,BUY,240.5,43,10341.5
2017-08-18,5381,A,SELL,5.17,2338,12087.46
2017-08-18,3167,A,SELL,42.6,237,10096.2
2017-08-18,3018,A,SELL,55.8,210,11718.0
2017-08-18,3059,A,SELL,29.5,390,11505.0
2017-08-18,9935,A,SELL,24.2,239,5783.8
2017-08-18,8374,A,BUY,30.55,385,11761.75
2017-08-18,2104,A,BUY,37.0,317,11729.0
2017-08-18,6116,A,BUY,11.1,1059,11754.9
2017-08-18,3533,A,BUY,190.5,61,11620.5
2017-08-25,2528,A,SELL,20.5,491,10065.5
2017-08-25,2439,B,SELL,246.5,159,39193.5
2017-08-25,2467,A,SELL,25.35,521,13207.35
2017-08-25,3515,A,SELL,95.0,132,12540.0
2017-08-25,2421,A,SELL,53.4,230,12282.0
2017-08-25,1515,A,SELL,35.1,360,12636.0
2017-08-25,6213,A,SELL,57.5,220,12650.0
2017-08-25,2030,A,SELL,16.75,718,12026.5
2017-08-25,2104,A,SELL,37.6,317,11919.2
2017-08-25,3533,A,SELL,189.5,61,11559.5
2017-08-25,9935,A,SELL,31.9,101,3221.8999999999996
2017-08-25,6405,A,BUY,26.1,471,12293.1
2017-08-25,2610,A,BUY,12.1,1016,12293.6
2017-08-25,2603,A,BUY,22.0,558,12276.0
2017-08-25,4721,A,BUY,90.1,136,12253.599999999999
2017-08-25,1235,A,BUY,33.55,366,12279.3
2017-08-25,6177,A,BUY,32.6,377,12290.2
2017-08-25,3059,A,BUY,35.0,351,12285.0
2017-08-25,5475,A,BUY,11.0,1117,12287.0
2017-08-25,3227,B,BUY,124.5,232,28884.0
2017-09-01,9935,A,SELL,28.65,386,11058.9
2017-09-01,3257,A,SELL,65.5,245,16047.5
2017-09-01,3227,B,SELL,128.5,329,42276.5
2017-09-01,8374,A,SELL,31.0,385,11935.0
2017-09-01,6116,A,SELL,12.4,1059,13131.6
2017-09-01,6405,A,SELL,25.7,471,12104.699999999999
2017-09-01,1235,A,SELL,33.1,366,12114.6
2017-09-01,3059,A,SELL,34.6,351,12144.6
2017-09-01,5475,A,SELL,10.05,1117,11225.85
2017-09-01,4721,A,SELL,120.0,30,3600.0
2017-09-01,6120,A,BUY,24.5,516,12642.0
2017-09-01,5285,A,BUY,55.7,227,12643.900000000001
2017-09-01,3689,A,BUY,56.0,226,12656.0
2017-09-01,2636,A,BUY,26.0,486,12636.0
2017-09-01,1615,A,BUY,14.8,855,12654.0
2017-09-01,3149,A,BUY,26.75,473,12652.75
2017-09-01,1103,A,BUY,12.1,1045,12644.5
2017-09-01,5007,A,BUY,59.7,211,12596.7
2017-09-01,8069,A,BUY,43.0,294,12642.0
2017-09-01,3294,A,BUY,26.65,474,12632.099999999999
2017-09-01,2344,B,BUY,23.3,1357,31618.100000000002
2017-09-01,3019,B,BUY,128.0,114,14592.0
2017-09-08,2317,B,SELL,117.0,329,38493.0
2017-09-08,3019,B,SELL,133.0,247,32851.0
2017-09-08,2610,A,SELL,12.95,1016,13157.199999999999
2017-09-08,2603,A,SELL,22.2,558,12387.6
2017-09-08,3689,A,SELL,54.6,226,12339.6
2017-09-08,2636,A,SELL,25.6,486,12441.6
2017-09-08,1615,A,SELL,14.25,855,12183.75
2017-09-08,3149,A,SELL,24.4,473,11541.199999999999
2017-09-08,1103,A,SELL,12.1,1045,12644.5
2017-09-08,3294,A,SELL,28.35,474,13437.900000000001
2017-09-08,2413,A,BUY,19.4,664,12881.599999999999
2017-09-08,2397,A,BUY,63.0,204,12852.0
2017-09-08,3202,A,BUY,20.1,641,12884.1
2017-09-08,1515,A,BUY,44.2,291,12862.2
2017-09-08,6180,A,BUY,64.5,199,12835.5
2017-09-08,6405,A,BUY,29.3,439,12862.7
2017-09-08,9935,A,BUY,31.5,409,12883.5
2017-09-08,2362,A,BUY,32.25,399,12867.75
2017-09-08,5426,A,BUY,15.35,839,12878.65
2017-09-08,6116,B,BUY,13.1,2460,32226.0
2017-09-08,3227,B,BUY,131.0,246,32226.0
2017-09-15,6456,B,SELL,336.0,100,33600.0
2017-09-15,4721,A,SELL,121.0,106,12826.0
2017-09-15,6177,A,SELL,35.15,377,13251.55
2017-09-15,6120,A,SELL,28.2,516,14551.199999999999
2017-09-15,5007,A,SELL,61.0,211,12871.0
2017-09-15,8069,A,SELL,45.0,294,13230.0
2017-09-15,1515,A,SELL,41.4,291,12047.4
2017-09-15,6405,A,SELL,27.35,439,12006.650000000001
2017-09-15,9935,A,SELL,29.1,409,11901.900000000001
2017-09-15,2362,A,SELL,31.3,399,12488.7
2017-09-15,5426,A,SELL,14.8,839,12417.2
2017-09-15,3227,B,SELL,129.0,246,31734.0
2017-09-15,6024,A,BUY,45.75,276,12627.0
2017-09-15,2448,A,BUY,42.7,296,12639.2
2017-09-15,6026,A,BUY,13.35,947,12642.449999999999
2017-09-15,3323,A,BUY,47.5,266,12635.0
2017-09-15,6016,A,BUY,8.83,1433,12653.39
2017-09-15,2104,A,BUY,44.0,287,12628.0
2017-09-15,2340,A,BUY,20.1,629,12642.900000000001
2017-09-15,6168,A,BUY,16.5,766,12639.0
2017-09-15,1907,A,BUY,13.05,969,12645.45
2017-09-15,1103,A,BUY,12.55,1008,12650.400000000001
2017-09-15,3019,B,BUY,121.0,261,31581.0
2017-09-15,4739,B,BUY,123.5,256,31616.0
2017-09-22,2344,B,SELL,27.7,1357,37588.9
2017-09-22,6180,A,SELL,80.1,199,15939.9
2017-09-22,2448,A,SELL,39.55,296,11706.8
2017-09-22,6016,A,SELL,8.57,1433,12280.810000000001
2017-09-22,2104,A,SELL,43.05,287,12355.349999999999
2017-09-22,6168,A,SELL,15.2,766,11643.199999999999
2017-09-22,1907,A,SELL,12.55,969,12160.95
2017-09-22,1103,A,SELL,12.3,1008,12398.400000000001
2017-09-22,4907,A,BUY,35.5,351,12460.5
2017-09-22,3202,A,SELL,25.0,142,3550.0
2017-09-22,5285,A,SELL,77.6,66,5121.599999999999
2017-09-22,3593,A,BUY,15.9,784,12465.6
2017-09-22,9958,A,BUY,12.45,1001,12462.449999999999
2017-09-22,2408,A,BUY,84.0,148,12432.0
2017-09-22,6021,A,BUY,10.8,1154,12463.2
2017-09-22,6015,A,BUY,7.95,1568,12465.6
2017-09-22,4721,A,BUY,131.0,95,12445.0
2017-09-22,3019,B,BUY,118.5,89,10546.5
2017-09-22,4739,B,BUY,118.5,94,11139.0
2017-09-22,6116,B,BUY,12.15,961,11676.15
2017-09-29,6116,B,SELL,11.75,3421,40196.75
2017-09-29,6024,A,SELL,43.75,276,12075.0
2017-09-29,3323,A,SELL,47.0,266,12502.0
2017-09-29,3019,B,SELL,111.5,350,39025.0
2017-09-29,4739,B,SELL,118.0,350,41300.0
2017-09-29,3593,A,SELL,12.55,784,9839.2
2017-09-29,6021,A,SELL,10.5,1154,12117.0
2017-09-29,6015,A,SELL,7.64,1568,11979.519999999999
2017-09-29,4721,A,SELL,117.0,95,11115.0
2017-09-29,9958,A,BUY,14.5,384,5568.0
2017-09-29,2397,A,BUY,64.2,109,6997.8
2017-09-29,3202,A,BUY,23.95,340,8143.0
2017-09-29,4907,A,BUY,35.6,213,7582.8
2017-09-29,6290,A,BUY,58.0,346,20068.0
2017-09-29,2413,A,BUY,21.65,264,5715.599999999999
2017-09-29,2483,A,BUY,22.55,891,20092.05
2017-09-29,5285,A,BUY,72.0,118,8496.0
2017-09-29,8404,A,BUY,66.0,304,20064.0
2017-09-29,2475,A,BUY,3.05,6588,20093.399999999998
2017-09-29,2408,A,BUY,85.8,86,7378.8
2017-09-29,1472,A,BUY,22.2,905,20091.0
2017-09-29,9935,A,BUY,29.9,672,20092.8
2017-09-29,6026,A,BUY,12.9,610,7869.0
2017-10-06,2413,A,SELL,21.0,928,19488.0
2017-10-06,6026,A,SELL,13.85,1557,21564.45
2017-10-06,2483,A,SELL,22.5,891,20047.5
2017-10-06,1472,A,SELL,22.35,905,20226.75
2017-10-06,9935,A,SELL,30.3,672,20361.600000000002
2017-10-06,2397,A,SELL,64.4,109,7019.6
2017-10-06,9958,A,SELL,16.15,574,9270.099999999999
2017-10-06,8404,A,SELL,74.0,127,9398.0
2017-10-06,4907,A,SELL,36.75,207,7607.25
2017-10-06,6290,A,SELL,64.8,144,9331.199999999999
2017-10-06,1515,A,BUY,53.0,246,13038.0
2017-10-06,5425,A,BUY,56.6,231,13074.6
2017-10-06,5285,A,SELL,80.0,115,9200.0
2017-10-06,8121,A,BUY,27.4,477,13069.8
2017-10-06,2475,A,SELL,3.4,2739,9312.6
2017-10-06,6024,A,BUY,47.35,276,13068.6
2017-10-06,6168,A,BUY,17.9,731,13084.9
2017-10-06,3661,A,BUY,109.5,119,13030.5
2017-10-06,3202,A,SELL,24.1,296,7133.6
2017-10-06,3019,B,BUY,138.0,237,32706.0
2017-10-06,2408,B,BUY,84.8,151,12804.8
2017-10-06,2344,B,BUY,26.85,1218,32703.300000000003
2017-10-06,6182,B,BUY,29.3,1116,32698.8
2017-10-13,2340,A,SELL,20.35,629,12800.150000000001
2017-10-13,4907,A,SELL,31.85,357,11370.45
2017-10-13,9958,A,SELL,15.2,811,12327.199999999999
2017-10-13,2475,A,SELL,3.25,3849,12509.25
2017-10-13,6182,B,SELL,30.75,1116,34317.0
2017-10-13,3211,A,BUY,52.4,251,13152.4
2017-10-13,3454,A,BUY,113.0,116,13108.0
2017-10-13,2448,A,BUY,42.8,307,13139.599999999999
2017-10-13,6213,A,BUY,69.0,190,13110.0
2017-10-13,3019,B,BUY,132.5,94,12455.0
2017-10-20,3202,A,SELL,24.4,543,13249.199999999999
2017-10-20,8404,A,SELL,71.5,177,12655.5
2017-10-20,8121,A,SELL,25.5,477,12163.5
2017-10-20,6024,A,SELL,47.15,276,13013.4
2017-10-20,6168,A,SELL,17.55,731,12829.050000000001
2017-10-20,3661,A,SELL,113.0,119,13447.0
2017-10-20,3454,A,SELL,109.0,116,12644.0
2017-10-20,6213,A,SELL,69.7,190,13243.0
2017-10-20,8937,A,BUY,14.95,876,13096.199999999999
2017-10-20,5426,A,BUY,17.7,740,13098.0
2017-10-20,3443,A,BUY,290.5,45,13072.5
2017-10-20,3501,A,BUY,64.4,203,13073.2
2017-10-20,4306,A,BUY,14.5,903,13093.5
2017-10-20,2330,A,BUY,237.5,55,13062.5
2017-10-20,4919,A,BUY,76.6,171,13098.599999999999
2017-10-20,2337,A,BUY,60.1,217,13041.7
2017-10-20,3019,B,SELL,124.5,67,8341.5
2017-10-20,6488,B,BUY,359.5,91,32714.5
2017-10-27,2344,B,SELL,25.65,1218,31241.699999999997
2017-10-27,3211,A,SELL,48.0,251,12048.0
2017-10-27,8937,A,SELL,12.5,876,10950.0
2017-10-27,4306,A,SELL,13.9,903,12551.7
2017-10-27,2330,A,SELL,239.0,55,13145.0
2017-10-27,4919,A,SELL,72.3,171,12363.3
2017-10-27,2337,A,SELL,54.5,217,11826.5
2017-10-27,2441,A,BUY,54.4,232,12620.8
2017-10-27,2114,A,BUY,82.3,153,12591.9
2017-10-27,5425,A,SELL,73.5,58,4263.0
2017-10-27,6153,A,BUY,34.05,371,12632.55
2017-10-27,2392,A,BUY,47.65,265,12627.25
2017-10-27,2483,A,BUY,27.5,460,12650.0
2017-10-27,5483,A,BUY,80.1,158,12655.8
2017-10-27,6488,B,BUY,330.0,36,11880.0
2017-11-03,5285,A,SELL,82.2,164,13480.800000000001
2017-11-03,2408,B,SELL,84.1,385,32378.499999999996
2017-11-03,6290,A,SELL,72.3,202,14604.599999999999
2017-11-03,3019,B,SELL,115.5,264,30492.0
2017-11-03,5426,A,SELL,17.9,740,13245.999999999998
2017-11-03,3501,A,SELL,62.7,203,12728.1
2017-11-03,6488,B,SELL,328.5,127,41719.5
2017-11-03,2441,A,SELL,53.7,232,12458.400000000001
2017-11-03,2392,A,SELL,48.95,265,12971.75
2017-11-03,2024,A,BUY,11.5,1122,12903.0
2017-11-03,2367,A,BUY,15.95,809,12903.55
2017-11-03,6525,A,BUY,83.1,155,12880.5
2017-11-03,1515,A,SELL,68.0,56,3808.0
2017-11-03,2448,A,SELL,57.0,80,4560.0
2017-11-03,3317,A,BUY,38.5,335,12897.5
2017-11-03,8401,A,BUY,18.0,717,12906.0
2017-11-03,2462,A,BUY,34.65,372,12889.8
2017-11-03,4943,A,BUY,352.0,36,12672.0
2017-11-03,8091,A,BUY,96.5,133,12834.5
2017-11-03,2330,B,BUY,239.0,180,43020.0
2017-11-03,3443,B,BUY,284.0,106,30104.0
2017-11-03,5483,B,BUY,81.1,372,30169.199999999997
2017-11-10,2397,A,SELL,63.6,204,12974.4
2017-11-10,5425,A,SELL,68.1,173,11781.3
2017-11-10,2483,A,SELL,26.75,460,12305.0
2017-11-10,5483,B,SELL,83.0,530,43990.0
2017-11-10,2024,A,SELL,10.65,1122,11949.300000000001
2017-11-10,8401,A,SELL,17.3,717,12404.1
2017-11-10,4943,A,SELL,375.5,36,13518.0
2017-11-10,3264,A,BUY,38.3,332,12715.599999999999
2017-11-10,1735,A,BUY,18.75,678,12712.5
2017-11-10,3703,A,BUY,14.7,865,12715.5
2017-11-10,8374,A,BUY,37.15,342,12705.3
2017-11-10,6202,A,BUY,77.0,165,12705.0
2017-11-10,2405,A,BUY,16.45,773,12715.849999999999
2017-11-10,5340,A,BUY,12.5,1017,12712.5
2017-11-10,2330,B,SELL,240.5,47,11303.5
2017-11-10,2448,B,BUY,58.3,318,18539.399999999998
2017-11-17,1515,A,SELL,65.8,190,12502.0
2017-11-17,3443,B,SELL,289.0,151,43639.0
2017-11-17,2114,A,SELL,86.9,153,13295.7
2017-11-17,2367,A,SELL,15.4,809,12458.6
2017-11-17,2462,A,SELL,31.7,372,11792.4
2017-11-17,8091,A,SELL,95.0,133,12635.0
2017-11-17,3703,A,SELL,14.5,865,12542.5
2017-11-17,8374,A,SELL,30.95,342,10584.9
2017-11-17,6202,A,SELL,78.6,165,12968.999999999998
2017-11-17,5340,A,SELL,12.3,1017,12509.1
2017-11-17,2353,A,BUY,21.0,606,12726.0
2017-11-17,6609,A,BUY,27.95,455,12717.25
2017-11-17,2851,A,BUY,17.6,723,12724.800000000001
2017-11-17,3028,A,BUY,19.95,638,12728.1
2017-11-17,1235,A,BUY,37.65,338,12725.699999999999
2017-11-17,2816,A,BUY,20.1,633,12723.300000000001
2017-11-17,3033,A,BUY,18.7,681,12734.699999999999
2017-11-17,3540,A,BUY,30.8,413,12720.4
2017-11-17,1414,A,BUY,7.01,1817,12737.17
2017-11-17,6182,B,BUY,41.35,770,31839.5
2017-11-17,6488,B,BUY,402.0,79,31758.0
2017-11-24,6153,A,SELL,42.35,371,15711.85
2017-11-24,6525,A,SELL,82.7,155,12818.5
2017-11-24,3264,A,SELL,39.6,332,13147.2
2017-11-24,3028,A,SELL,19.95,638,12728.1
2017-11-24,2816,A,SELL,20.4,633,12913.199999999999
2017-11-24,3540,A,SELL,31.25,413,12906.25
2017-11-24,1414,A,SELL,7.09,1817,12882.529999999999
2017-11-24,6488,B,SELL,414.5,79,32745.5
2017-11-24,2455,A,BUY,94.7,140,13258.0
2017-11-24,5347,A,BUY,69.0,192,13248.0
2017-11-24,4121,A,BUY,14.15,938,13272.7
2017-11-24,6257,A,BUY,31.15,426,13269.9
2017-11-24,2850,A,BUY,29.1,456,13269.6
2017-11-24,1609,A,BUY,11.55,1150,13282.5
2017-11-24,9940,A,BUY,38.95,341,13281.95
2017-11-24,3105,B,BUY,293.0,113,33109.0
2017-12-01,2448,B,SELL,52.5,545,28612.5
2017-12-01,3317,A,SELL,44.5,335,14907.5
2017-12-01,2330,B,SELL,231.0,133,30723.0
2017-12-01,2353,A,SELL,20.35,606,12332.1
2017-12-01,6609,A,SELL,26.7,455,12148.5
2017-12-01,2851,A,SELL,17.45,723,12616.35
2017-12-01,1235,A,SELL,36.4,338,12303.199999999999
2017-12-01,6182,B,SELL,43.35,770,33379.5
2017-12-01,4121,A,SELL,13.2,938,12381.599999999999
2017-12-01,6257,A,SELL,30.85,426,13142.1
2017-12-01,2850,A,SELL,28.9,456,13178.4
2017-12-01,9940,A,SELL,38.5,341,13128.5
2017-12-01,3105,B,SELL,306.0,113,34578.0
2017-12-01,1609,A,BUY,13.5,456,6156.0
2017-12-01,2455,A,BUY,109.0,59,6431.0
2017-12-01,3028,A,BUY,20.4,1063,21685.199999999997
2017-12-01,2327,A,BUY,310.0,69,21390.0
2017-12-01,8086,A,BUY,76.0,285,21660.0
2017-12-01,1735,A,BUY,19.25,448,8624.0
2017-12-01,3090,A,BUY,34.55,627,21662.85
2017-12-01,3703,A,BUY,15.45,1404,21691.8
2017-12-01,6153,A,BUY,48.6,446,21675.600000000002
2017-12-01,3645,A,BUY,62.1,349,21672.9
2017-12-01,3033,A,BUY,18.85,469,8840.650000000001
2017-12-01,2367,A,BUY,17.0,1276,21692.0
2017-12-01,5347,A,BUY,69.5,120,8340.0
2017-12-08,2405,A,SELL,18.9,773,14609.699999999999
2017-12-08,5347,A,SELL,63.0,312,19656.0
2017-12-08,2327,A,SELL,310.0,69,21390.0
2017-12-08,8086,A,SELL,74.2,285,21147.0
2017-12-08,3090,A,SELL,33.9,627,21255.3
2017-12-08,6153,A,SELL,43.7,446,19490.2
2017-12-08,3354,A,BUY,29.0,742,21518.0
2017-12-08,6005,A,BUY,11.3,1905,21526.5
2017-12-08,2850,A,BUY,28.7,750,21525.0
2017-12-08,1235,A,BUY,37.5,574,21525.0
2017-12-08,2816,A,BUY,20.8,1035,21528.0
2017-12-08,2851,A,BUY,17.45,1234,21533.3
2017-12-08,1720,A,BUY,38.15,564,21516.6
2017-12-15,1235,A,SELL,37.5,574,21525.0
2017-12-15,2816,A,SELL,20.4,1035,21114.0
2017-12-15,2851,A,SELL,17.35,1234,21409.9
2017-12-15,1720,A,SELL,36.8,564,20755.199999999997
2017-12-15,2367,A,SELL,22.5,305,6862.5
2017-12-15,4506,A,BUY,55.4,393,21772.2
2017-12-15,2353,A,BUY,20.4,1069,21807.6
2017-12-15,6120,A,BUY,34.8,627,21819.6
2017-12-22,3033,A,SELL,19.15,1150,22022.5
2017-12-22,2455,A,SELL,97.6,199,19422.399999999998
2017-12-22,3028,A,SELL,20.0,1063,21260.0
2017-12-22,4506,A,SELL,55.6,393,21850.8
2017-12-22,6120,A,SELL,33.55,627,21035.85
2017-12-22,8926,A,BUY,26.65,832,22172.8
2017-12-22,1704,A,BUY,47.7,465,22180.5
2017-12-22,1414,A,BUY,7.44,2981,22178.64
2017-12-22,2327,A,BUY,342.5,64,21920.0
2017-12-22,3090,A,BUY,35.3,628,22168.399999999998
2017-12-22,2851,A,BUY,17.35,1278,22173.300000000003
2017-12-29,1609,A,SELL,13.9,1606,22323.4
2017-12-29,6005,A,SELL,11.6,1905,22098.0
2017-12-29,2850,A,SELL,28.7,750,21525.0
2017-12-29,3090,A,SELL,35.5,628,22294.0
2017-12-29,2851,A,SELL,17.5,1278,22365.0
2017-12-29,1815,A,BUY,22.75,994,22613.5
2017-12-29,3550,A,BUY,23.1,979,22614.9
2017-12-29,3645,A,SELL,84.0,79,6636.0
2017-12-29,6531,A,BUY,93.5,242,22627.0
2017-12-29,1323,A,BUY,38.6,586,22619.600000000002
2017-12-29,6525,A,BUY,86.8,260,22568.0
2018-01-05,1735,A,SELL,16.85,1126,18973.100000000002
2018-01-05,3703,A,SELL,17.2,1404,24148.8
2018-01-05,3645,A,SELL,87.8,270,23706.0
2018-01-05,2367,A,SELL,24.95,971,24226.45
2018-01-05,3354,A,SELL,33.5,742,24857.0
2018-01-05,2353,A,SELL,24.3,1069,25976.7
2018-01-05,8926,A,SELL,26.9,832,22380.8
2018-01-05,1704,A,SELL,47.45,465,22064.25
2018-01-05,1414,A,SELL,7.42,2981,22119.02
2018-01-05,2327,A,SELL,404.0,64,25856.0
2018-01-05,6531,A,SELL,93.8,242,22699.6
2018-01-05,1323,A,SELL,37.6,586,22033.600000000002
2018-01-05,6525,A,SELL,93.0,260,24180.0
2018-01-05,6127,A,BUY,25.05,918,22995.9
2018-01-05,5317,A,BUY,69.9,329,22997.100000000002
2018-01-05,2527,A,BUY,25.6,899,23014.4
2018-01-05,2460,A,BUY,18.6,1237,23008.2
2018-01-05,1785,A,BUY,24.0,959,23016.0
2018-01-05,2009,A,BUY,13.95,1649,23003.55
2018-01-05,3018,A,BUY,91.7,251,23016.7
2018-01-05,3310,A,BUY,35.05,656,22992.8
2018-01-05,2478,A,BUY,38.1,604,23012.4
2018-01-05,2520,A,BUY,22.05,1043,22998.15
2018-01-05,6603,A,BUY,17.5,1315,23012.5
2018-01-05,3624,A,BUY,26.85,857,23010.45
2018-01-05,9946,A,BUY,13.7,1680,23016.0
2018-01-12,1815,A,SELL,23.45,994,23309.3
2018-01-12,3550,A,SELL,22.3,979,21831.7
2018-01-12,6127,A,SELL,25.45,918,23363.1
2018-01-12,5317,A,SELL,63.4,329,20858.6
2018-01-12,2527,A,SELL,26.0,899,23374.0
2018-01-12,1785,A,SELL,24.3,959,23303.7
2018-01-12,2009,A,SELL,13.9,1649,22921.100000000002
2018-01-12,2478,A,SELL,36.3,604,21925.199999999997
2018-01-12,2520,A,SELL,22.8,1043,23780.4
2018-01-12,6603,A,SELL,16.3,1315,21434.5
2018-01-12,9946,A,SELL,13.1,1680,22008.0
2018-01-12,2731,A,BUY,123.0,185,22755.0
2018-01-12,2006,A,BUY,27.65,825,22811.25
2018-01-12,1414,A,BUY,8.57,2661,22804.77
2018-01-12,5534,A,BUY,88.1,258,22729.8
2018-01-12,2614,A,BUY,11.65,1958,22810.7
2018-01-12,2014,A,BUY,13.9,1641,22809.9
2018-01-12,2027,A,BUY,24.9,916,22808.399999999998
2018-01-12,2809,A,BUY,42.05,542,22791.1
2018-01-12,2887,A,BUY,14.55,1567,22799.850000000002
2018-01-12,2427,A,BUY,11.85,1925,22811.25
2018-01-12,1229,A,BUY,39.9,571,22782.899999999998
2018-01-19,2460,A,SELL,19.35,1237,23935.95
2018-01-19,3018,A,SELL,80.8,251,20280.8
2018-01-19,3624,A,SELL,30.35,857,26009.95
2018-01-19,2006,A,SELL,26.95,825,22233.75
2018-01-19,1414,A,SELL,8.12,2661,21607.32
2018-01-19,5534,A,SELL,86.1,258,22213.8
2018-01-19,2614,A,SELL,11.15,1958,21831.7
2018-01-19,2014,A,SELL,12.75,1641,20922.75
2018-01-19,2027,A,SELL,24.35,916,22304.600000000002
2018-01-19,2809,A,SELL,42.2,542,22872.4
2018-01-19,2427,A,SELL,12.35,1925,23773.75
2018-01-19,2889,A,BUY,9.98,2249,22445.02
2018-01-19,2546,A,BUY,22.65,991,22446.149999999998
2018-01-19,6609,A,BUY,33.05,679,22440.949999999997
2018-01-19,3663,A,BUY,19.1,1175,22442.5
2018-01-19,1713,A,BUY,20.35,1103,22446.050000000003
2018-01-19,2353,A,BUY,29.3,766,22443.8
2018-01-19,2527,A,BUY,26.3,853,22433.9
2018-01-19,8034,A,BUY,18.3,1226,22435.8
2018-01-19,2886,A,BUY,25.55,878,22432.9
2018-01-19,1531,A,BUY,27.3,822,22440.600000000002
2018-01-19,8908,A,BUY,32.45,691,22422.95
2018-01-26,1229,A,SELL,38.35,571,21897.850000000002
2018-01-26,1713,A,SELL,18.85,1103,20791.550000000003
2018-01-26,2527,A,SELL,25.0,853,21325.0
2018-01-26,8034,A,SELL,17.0,1226,20842.0
2018-01-26,2886,A,SELL,25.6,878,22476.800000000003
2018-01-26,8908,A,SELL,32.5,691,22457.5
2018-01-26,2889,A,SELL,10.15,922,9358.300000000001
2018-01-26,3663,A,SELL,19.75,493,9736.75
2018-01-26,3055,A,BUY,37.4,359,13426.6
2018-01-26,2546,A,SELL,23.1,408,9424.800000000001
2018-01-26,3310,A,SELL,39.5,315,12442.5
2018-01-26,5483,A,BUY,94.4,142,13404.800000000001
2018-01-26,2887,A,SELL,14.75,654,9646.5
2018-01-26,2731,A,SELL,133.5,84,11214.0
2018-01-26,6609,A,SELL,38.3,327,12524.099999999999
2018-01-26,6026,A,BUY,15.7,857,13454.9
2018-01-26,1540,A,BUY,18.8,715,13442.0
2018-01-26,1773,A,BUY,91.4,147,13435.800000000001
2018-01-26,2809,A,BUY,41.75,322,13443.5
2018-01-26,1531,A,SELL,27.0,323,8721.0
2018-01-26,5880,A,BUY,17.35,775,13446.250000000002
2018-01-26,2330,B,BUY,255.0,131,33405.0
2018-01-26,2327,B,BUY,373.0,90,33570.0
2018-01-26,2353,B,BUY,27.6,453,12502.800000000001
2018-01-26,6488,B,BUY,438.0,76,33288.0
2018-02-02,3310,A,SELL,35.35,341,12054.35
2018-02-02,3663,A,SELL,18.8,682,12821.6
2018-02-02,1531,A,SELL,24.35,499,12150.650000000001
2018-02-02,3055,A,SELL,29.4,359,10554.6
2018-02-02,1540,A,SELL,18.25,715,13048.75
2018-02-02,5880,A,SELL,17.3,775,13407.5
2018-02-02,6488,B,SELL,445.0,76,33820.0
2018-02-02,8454,A,BUY,276.5,47,12995.5
2018-02-02,3540,A,BUY,35.4,373,13204.199999999999
2018-02-02,6257,A,BUY,38.2,346,13217.2
2018-02-02,1597,A,BUY,135.0,97,13095.0
2018-02-02,6531,A,BUY,93.4,141,13169.400000000001
2018-02-02,3033,A,BUY,20.3,651,13215.300000000001
2018-02-02,3443,B,BUY,354.0,93,32922.0
2018-02-09,2887,A,SELL,13.6,913,12416.8
2018-02-09,2889,A,SELL,9.63,1327,12779.01
2018-02-09,2546,A,SELL,21.55,583,12563.65
2018-02-09,6609,A,SELL,31.3,352,11017.6
2018-02-09,2353,B,SELL,24.65,1219,30048.35
2018-02-09,1773,A,SELL,83.5,147,12274.5
2018-02-09,2809,A,SELL,39.45,322,12702.900000000001
2018-02-09,2330,B,SELL,232.5,131,30457.5
2018-02-09,2327,B,SELL,331.5,90,29835.0
2018-02-09,3540,A,SELL,27.45,373,10238.85
2018-02-09,6257,A,SELL,34.9,346,12075.4
2018-02-09,6531,A,SELL,80.0,141,11280.0
2018-02-09,3033,A,SELL,19.35,651,12596.85
2018-02-09,3443,B,SELL,282.0,93,26226.0
2018-02-09,3030,A,BUY,55.0,361,19855.0
2018-02-09,8454,A,BUY,281.0,23,6463.0
2018-02-09,2425,A,BUY,21.75,913,19857.75
2018-02-09,4506,A,BUY,58.5,339,19831.5
2018-02-09,5371,A,BUY,42.2,470,19834.0
2018-02-09,3624,A,BUY,30.9,642,19837.8
2018-02-09,8908,A,BUY,32.4,613,19861.2
2018-02-09,6023,A,BUY,43.4,457,19833.8
2018-02-09,1597,A,BUY,130.0,55,7150.0
2018-02-09,3018,A,BUY,79.5,249,19795.5
2018-02-09,6026,A,BUY,14.95,471,7041.45
2018-02-09,2614,A,BUY,11.35,1750,19862.5
2018-02-09,2015,A,BUY,60.3,329,19838.7
2018-02-09,2731,A,BUY,125.5,57,7153.5
2018-02-09,5483,A,BUY,89.0,81,7209.0
2018-02-23,5483,A,SELL,92.3,223,20582.899999999998
2018-02-23,6026,A,SELL,15.55,1328,20650.4
2018-02-23,2015,A,SELL,60.9,329,20036.1
2018-02-23,2425,A,SELL,27.8,461,12815.800000000001
2018-02-23,8454,A,SELL,295.0,27,7965.0
2018-02-23,3030,A,SELL,57.1,141,8051.1
2018-02-23,2614,A,SELL,12.35,734,9064.9
2018-02-23,5371,A,SELL,42.55,175,7446.249999999999
2018-02-23,6023,A,SELL,47.35,192,9091.2
2018-02-23,1597,A,SELL,138.0,61,8418.0
2018-02-23,3018,A,SELL,86.5,104,8996.0
2018-02-23,4506,A,SELL,58.8,125,7350.0
2018-02-23,3090,A,BUY,39.25,319,12520.75
2018-02-23,8908,A,SELL,32.3,224,7235.199999999999
2018-02-23,2014,A,BUY,13.5,928,12528.0
2018-02-23,3663,A,BUY,19.25,651,12531.75
2018-02-23,3624,A,SELL,31.6,245,7742.0
2018-02-23,2731,A,SELL,127.5,59,7522.5
2018-02-23,2353,B,BUY,24.8,5056,125388.8
2018-03-02,2731,A,SELL,127.5,99,12622.5
2018-03-02,3624,A,SELL,32.1,397,12743.7
2018-03-02,8908,A,SELL,32.55,389,12661.949999999999
2018-03-02,3090,A,SELL,39.15,319,12488.85
2018-03-02,2425,A,SELL,35.7,95,3391.5000000000005
2018-03-02,6024,A,BUY,54.0,235,12690.0
2018-03-02,2015,A,BUY,61.4,207,12709.8
2018-03-02,6026,A,BUY,15.45,822,12699.9
2018-03-09,1597,A,SELL,142.0,91,12922.0
2018-03-09,3018,A,SELL,81.9,145,11875.5
2018-03-09,2014,A,SELL,12.3,928,11414.400000000001
2018-03-09,3663,A,SELL,20.1,651,13085.1
2018-03-09,2015,A,SELL,58.8,207,12171.599999999999
2018-03-09,6026,A,SELL,14.95,822,12288.9
2018-03-09,6203,A,BUY,45.5,282,12831.0
2018-03-09,3090,A,BUY,47.85,268,12823.800000000001
2018-03-09,6141,A,BUY,24.4,527,12858.8
2018-03-09,2440,A,BUY,13.85,928,12852.8
2018-03-09,2388,A,BUY,22.05,583,12855.15
2018-03-09,1785,A,BUY,25.25,509,12852.25
2018-03-09,3624,A,BUY,34.1,377,12855.7
2018-03-16,8454,A,SELL,277.0,43,11911.0
2018-03-16,3030,A,SELL,54.0,220,11880.0
2018-03-16,2440,A,SELL,13.3,928,12342.400000000001
2018-03-16,1785,A,SELL,24.15,509,12292.349999999999
2018-03-16,3624,A,SELL,33.9,377,12780.3
2018-03-16,3040,A,BUY,62.1,212,13165.2
2018-03-16,2388,A,SELL,30.4,148,4499.2
2018-03-16,8111,A,BUY,10.85,1216,13193.6
2018-03-16,8908,A,BUY,33.4,395,13193.0
2018-03-16,2231,A,BUY,400.0,32,12800.0
2018-03-16,2546,A,BUY,23.65,557,13173.05
2018-03-16,2327,B,BUY,425.0,35,14875.0
2018-03-16,2455,B,BUY,135.0,1,135.0
2018-03-16,2353,B,SELL,26.75,3411,91244.25
2018-03-23,2425,A,SELL,31.2,357,11138.4
2018-03-23,4506,A,SELL,59.0,214,12626.0
2018-03-23,5371,A,SELL,42.4,295,12508.0
2018-03-23,6203,A,SELL,40.0,282,11280.0
2018-03-23,8111,A,SELL,11.7,1216,14227.199999999999
2018-03-23,2012,A,BUY,18.4,724,13321.599999999999
2018-03-23,3663,A,BUY,21.5,620,13330.0
2018-03-23,2527,A,BUY,25.8,516,13312.800000000001
2018-03-23,3679,A,BUY,80.2,166,13313.2
2018-03-23,1597,A,BUY,157.0,84,13188.0
2018-03-23,2327,B,BUY,484.0,56,27104.0
2018-03-23,2455,B,BUY,129.5,342,44289.0
2018-03-30,6023,A,SELL,44.3,265,11739.5
2018-03-30,2614,A,SELL,14.85,1016,15087.6
2018-03-30,2353,B,SELL,24.85,1645,40878.25
2018-03-30,2231,A,SELL,393.0,32,12576.0
2018-03-30,2546,A,SELL,24.3,557,13535.1
2018-03-30,2327,B,SELL,522.0,91,47502.0
2018-03-30,2455,B,SELL,108.5,343,37215.5
2018-03-30,3663,A,SELL,23.75,620,14725.0
2018-03-30,3679,A,SELL,82.3,166,13661.8
2018-03-30,2348,A,BUY,53.0,419,22207.0
2018-03-30,8908,A,BUY,36.3,217,7877.099999999999
2018-03-30,3402,A,BUY,27.3,814,22222.2
2018-03-30,2535,A,BUY,20.6,1079,22227.4
2018-03-30,4123,A,BUY,60.2,369,22213.8
2018-03-30,4144,A,BUY,45.8,485,22213.0
2018-03-30,2020,A,BUY,15.7,1416,22231.2
2018-03-30,2527,A,BUY,29.2,245,7154.0
2018-03-30,2388,A,BUY,37.7,154,5805.8
2018-03-30,2012,A,BUY,18.45,481,8874.449999999999
2018-03-30,3090,A,BUY,51.9,160,8304.0
2018-03-30,3040,A,BUY,61.4,150,9210.0
2018-03-30,6024,A,BUY,63.9,112,7156.8
2018-03-30,6141,A,BUY,29.25,233,6815.25
2018-03-30,1597,A,BUY,161.0,54,8694.0
2018-04-13,6024,A,SELL,61.6,347,21375.2
2018-04-13,2388,A,SELL,32.95,589,19407.550000000003
2018-04-13,3040,A,SELL,60.1,362,21756.2
2018-04-13,2012,A,SELL,19.4,1205,23377.0
2018-04-13,2527,A,SELL,27.25,761,20737.25
2018-04-13,1597,A,SELL,197.5,138,27255.0
2018-04-13,2348,A,SELL,45.1,419,18896.9
2018-04-13,4123,A,SELL,60.9,369,22472.1
2018-04-13,4144,A,SELL,41.5,485,20127.5
2018-04-13,2020,A,SELL,15.6,1416,22089.6
2018-04-13,2903,A,BUY,18.15,1250,22687.5
2018-04-13,5015,A,BUY,40.5,560,22680.0
2018-04-13,2031,A,BUY,42.7,531,22673.7
2018-04-13,6196,A,BUY,57.5,394,22655.0
2018-04-13,2013,A,BUY,36.55,620,22661.0
2018-04-13,2049,A,BUY,505.0,44,22220.0
2018-04-13,4736,A,BUY,134.0,169,22646.0
2018-04-13,1514,A,BUY,16.0,1418,22688.0
2018-04-13,2546,A,BUY,26.2,866,22689.2
2018-04-20,6141,A,SELL,36.6,760,27816.0
2018-04-20,8908,A,SELL,36.2,612,22154.4
2018-04-20,3402,A,SELL,28.5,814,23199.0
2018-04-20,2013,A,SELL,34.8,620,21576.0
2018-04-20,1514,A,SELL,17.25,1418,24460.5
2018-04-20,2546,A,SELL,25.65,866,22212.899999999998
2018-04-20,3090,A,SELL,76.5,121,9256.5
2018-04-20,2492,A,BUY,164.0,143,23452.0
2018-04-20,1413,A,BUY,14.9,1575,23467.5
2018-04-20,1795,A,BUY,81.8,287,23476.6
2018-04-20,6101,A,BUY,86.7,270,23409.0
2018-04-20,3679,A,BUY,89.0,263,23407.0
2018-04-20,6284,A,BUY,42.45,553,23474.850000000002
2018-04-20,4707,A,BUY,12.45,1886,23480.699999999997
2018-04-27,2031,A,SELL,43.95,531,23337.45
2018-04-27,2049,A,SELL,425.5,44,18722.0
2018-04-27,3679,A,SELL,80.3,263,21118.899999999998
2018-04-27,4707,A,SELL,11.75,1886,22160.5
2018-04-27,2534,A,BUY,34.5,671,23149.5
2018-04-27,8908,A,BUY,36.2,639,23131.800000000003
2018-04-27,4123,A,BUY,67.4,343,23118.2
2018-04-27,2527,A,BUY,29.05,797,23152.850000000002
2018-05-04,5015,A,SELL,39.9,560,22344.0
2018-05-04,6101,A,SELL,73.1,270,19737.0
2018-05-04,6284,A,SELL,41.9,553,23170.7
2018-05-04,4123,A,SELL,66.0,343,22638.0
2018-05-04,2527,A,SELL,29.0,797,23113.0
2018-05-04,4190,A,BUY,113.5,205,23267.5
2018-05-04,2492,A,SELL,227.0,40,9080.0
2018-05-04,5907,A,BUY,29.1,800,23280.0
2018-05-04,2601,A,BUY,12.1,1925,23292.5
2018-05-04,2108,A,BUY,25.5,913,23281.5
2018-05-04,3402,A,BUY,29.5,789,23275.5
2018-05-11,1413,A,SELL,14.8,1575,23310.0
2018-05-11,1795,A,SELL,78.6,287,22558.199999999997
2018-05-11,2108,A,SELL,25.3,913,23098.9
2018-05-11,5015,A,BUY,40.35,598,24129.3
2018-05-11,6284,A,BUY,43.0,561,24123.0
2018-05-11,2012,A,BUY,20.3,1189,24136.7
2018-05-18,2903,A,SELL,19.3,1250,24125.0
2018-05-18,5907,A,SELL,32.3,800,25839.999999999996
2018-05-18,2601,A,SELL,12.7,1925,24447.5
2018-05-18,5015,A,SELL,39.95,598,23890.100000000002
2018-05-18,6284,A,SELL,42.0,561,23562.0
2018-05-18,2012,A,SELL,20.0,1189,23780.0
2018-05-18,2596,A,BUY,23.8,976,23228.8
2018-05-18,2540,A,BUY,37.0,628,23236.0
2018-05-18,8163,A,BUY,47.3,491,23224.3
2018-05-18,9943,A,BUY,58.3,398,23203.399999999998
2018-05-18,6196,A,SELL,75.6,86,6501.599999999999
2018-05-18,2546,A,BUY,25.95,895,23225.25
2018-05-18,2020,A,BUY,15.9,1461,23229.9
2018-05-25,3090,A,SELL,96.5,307,29625.5
2018-05-25,2535,A,SELL,26.05,1079,28107.95
2018-05-25,4736,A,SELL,153.0,169,25857.0
2018-05-25,2492,A,SELL,340.0,103,35020.0
2018-05-25,8908,A,SELL,37.6,639,24026.4
2018-05-25,2546,A,SELL,25.9,895,23180.5
2018-05-25,2020,A,SELL,15.95,1461,23302.95
2018-05-25,1225,A,BUY,80.1,325,26032.499999999996
2018-05-25,8277,A,BUY,14.0,1863,26082.0
2018-05-25,3504,A,BUY,102.0,255,26010.0
2018-05-25,8131,A,BUY,41.7,625,26062.5
2018-05-25,2377,A,BUY,124.5,209,26020.5
2018-05-25,2108,A,BUY,26.9,969,26066.1
2018-05-25,1103,A,BUY,13.65,1911,26085.15
2018-06-01,6196,A,SELL,76.5,308,23562.0
2018-06-01,2534,A,SELL,39.1,671,26236.100000000002
2018-06-01,4190,A,SELL,127.0,205,26035.0
2018-06-01,3402,A,SELL,32.7,789,25800.300000000003
2018-06-01,9943,A,SELL,59.2,398,23561.600000000002
2018-06-01,8277,A,SELL,11.95,1863,22262.85
2018-06-01,8131,A,SELL,39.8,625,24875.0
2018-06-01,2377,A,SELL,126.5,209,26438.5
2018-06-01,1103,A,SELL,13.5,1911,25798.5
2018-06-01,2332,A,BUY,14.6,1795,26207.0
2018-06-01,5525,A,BUY,21.7,1207,26191.899999999998
2018-06-01,3707,A,BUY,37.0,708,26196.0
2018-06-01,8261,A,BUY,38.8,675,26189.999999999996
2018-06-01,8163,A,SELL,68.4,107,7318.8
2018-06-01,1231,A,BUY,38.55,679,26175.449999999997
2018-06-01,3702,A,BUY,43.0,609,26187.0
2018-06-01,2492,A,BUY,378.0,69,26082.0
2018-06-01,3016,A,BUY,69.9,374,26142.600000000002
2018-06-01,5469,A,BUY,29.15,899,26205.85
2018-06-08,2540,A,SELL,32.85,628,20629.8
2018-06-08,2332,A,SELL,14.95,1795,26835.25
2018-06-08,3707,A,SELL,37.3,708,26408.399999999998
2018-06-08,1231,A,SELL,38.3,679,26005.699999999997
2018-06-08,3016,A,SELL,74.0,374,27676.0
2018-06-08,5469,A,SELL,30.6,899,27509.4
2018-06-08,3504,A,SELL,152.5,74,11285.0
2018-06-08,1409,A,BUY,12.35,2234,27589.899999999998
2018-06-08,8415,A,BUY,30.55,903,27586.65
2018-06-08,2362,A,BUY,35.4,779,27576.6
2018-06-08,3030,A,BUY,74.2,371,27528.2
2018-06-08,2478,A,BUY,129.5,213,27583.5
2018-06-08,9943,A,BUY,59.1,467,27599.7
2018-06-15,5525,A,SELL,22.15,1207,26735.05
2018-06-15,3702,A,SELL,43.0,609,26187.0
2018-06-15,2492,A,SELL,411.0,69,28359.0
2018-06-15,2362,A,SELL,35.3,779,27498.699999999997
2018-06-15,3030,A,SELL,68.5,371,25413.5
2018-06-15,9943,A,SELL,58.3,467,27226.1
2018-06-15,8261,A,SELL,57.5,179,10292.5
2018-06-15,4976,A,BUY,67.0,425,28475.0
2018-06-15,8016,A,BUY,115.0,247,28405.0
2018-06-15,3088,A,BUY,64.3,443,28484.899999999998
2018-06-15,2838,A,BUY,10.15,2807,28491.05
2018-06-15,5328,A,BUY,20.9,1363,28486.699999999997
2018-06-22,3504,A,SELL,121.5,181,21991.5
2018-06-22,8415,A,SELL,30.15,903,27225.449999999997
2018-06-22,2478,A,SELL,127.0,213,27051.0
2018-06-22,4976,A,SELL,58.1,425,24692.5
2018-06-22,2838,A,SELL,10.1,2807,28350.7
2018-06-22,5328,A,SELL,18.6,1363,25351.800000000003
2018-06-22,4513,A,BUY,17.6,1547,27227.2
2018-06-22,6504,A,BUY,174.0,156,27144.0
2018-06-22,2388,A,BUY,49.0,555,27195.0
2018-06-22,2362,A,BUY,34.9,780,27222.0
2018-06-22,3707,A,BUY,38.65,704,27209.6
2018-06-22,5525,A,BUY,21.8,1249,27228.2
2018-06-29,1409,A,SELL,11.75,2234,26249.5
2018-06-29,8016,A,SELL,117.5,247,29022.5
2018-06-29,6504,A,SELL,173.0,156,26988.0
2018-06-29,2388,A,SELL,50.4,555,27972.0
2018-06-29,2362,A,SELL,34.3,780,26753.999999999996
2018-06-29,3707,A,SELL,35.2,704,24780.800000000003
2018-06-29,2426,A,BUY,23.95,1126,26967.7
2018-06-29,5328,A,BUY,21.2,1272,26966.399999999998
2018-06-29,3624,A,BUY,70.5,382,26931.0
2018-06-29,2534,A,BUY,40.85,660,26961.0
2018-06-29,5213,A,BUY,23.5,1147,26954.5
2018-06-29,2478,A,BUY,119.5,225,26887.5
2018-06-29,2492,A,BUY,417.0,64,26688.0
2018-07-06,2108,A,SELL,28.85,969,27955.65
2018-07-06,8261,A,SELL,48.5,496,24056.0
2018-07-06,3088,A,SELL,61.9,443,27421.7
2018-07-06,2534,A,SELL,38.25,660,25245.0
2018-07-06,5213,A,SELL,21.2,1147,24316.399999999998
2018-07-06,2478,A,SELL,109.5,225,24637.5
2018-07-06,6160,A,BUY,21.9,1192,26104.8
2018-07-06,1409,A,BUY,11.9,2194,26108.600000000002
2018-07-06,8415,A,BUY,30.05,868,26083.4
2018-07-06,3090,A,BUY,94.8,275,26070.0
2018-07-06,8016,A,BUY,119.5,218,26051.0
2018-07-06,5469,A,BUY,28.95,901,26083.95
2018-07-13,2596,A,SELL,24.7,976,24107.2
2018-07-13,5525,A,SELL,21.4,1249,26728.6
2018-07-13,5328,A,SELL,20.0,1272,25440.0
2018-07-13,3624,A,SELL,66.4,382,25364.800000000003
2018-07-13,3090,A,SELL,92.2,275,25355.0
2018-07-13,8016,A,SELL,113.5,218,24743.0
2018-07-13,5469,A,SELL,28.7,901,25858.7
2018-07-13,3416,A,BUY,55.6,468,26020.8
2018-07-13,2108,A,BUY,29.05,897,26057.850000000002
2018-07-13,3702,A,BUY,44.0,592,26048.0
2018-07-13,3059,A,BUY,38.8,671,26034.8
2018-07-13,8261,A,BUY,50.5,516,26058.0
2018-07-13,3088,A,BUY,63.9,407,26007.3
2018-07-13,3016,A,BUY,73.0,356,25988.0
2018-07-20,8163,A,SELL,57.5,384,22080.0
2018-07-20,2426,A,SELL,21.3,1126,23983.8
2018-07-20,3059,A,SELL,39.15,671,26269.649999999998
2018-07-20,8261,A,SELL,46.9,516,24200.399999999998
2018-07-20,3016,A,SELL,67.1,356,23887.6
2018-07-20,4942,A,BUY,27.1,926,25094.600000000002
2018-07-20,4123,A,BUY,88.7,283,25102.100000000002
2018-07-20,4190,A,BUY,136.0,184,25024.0
2018-07-20,2332,A,BUY,13.8,1819,25102.2
2018-07-20,2362,A,BUY,34.25,732,25071.0
2018-07-20,5525,A,BUY,22.0,129,2838.0
2018-07-27,1225,A,SELL,83.1,325,27007.499999999996
2018-07-27,2492,A,SELL,424.0,64,27136.0
2018-07-27,3702,A,SELL,41.5,592,24568.0
2018-07-27,4123,A,SELL,98.6,283,27903.8
2018-07-27,4190,A,SELL,120.5,184,22172.0
2018-07-27,2362,A,SELL,35.7,732,26132.4
2018-07-27,1704,A,BUY,51.4,494,25391.6
2018-07-27,5525,A,BUY,22.15,1018,22548.699999999997
2018-07-27,2838,A,BUY,10.2,2492,25418.399999999998
2018-07-27,2534,A,BUY,40.2,632,25406.4
2018-07-27,3016,A,BUY,72.0,353,25416.0
2018-07-27,3059,A,BUY,39.7,640,25408.0
2018-08-03,2108,A,SELL,29.1,897,26102.7
2018-08-03,3088,A,SELL,59.6,407,24257.2
2018-08-03,2332,A,SELL,13.7,1819,24920.3
2018-08-03,5525,A,SELL,20.1,1147,23054.7
2018-08-03,2534,A,SELL,41.9,632,26480.8
2018-08-03,3016,A,SELL,66.0,353,23298.0
2018-08-03,3059,A,SELL,38.2,640,24448.0
2018-08-03,2547,A,BUY,13.7,1107,15165.9
2018-08-03,5820,A,BUY,9.97,1522,15174.34
2018-08-03,8415,A,SELL,35.05,434,15211.699999999999
2018-08-03,6160,A,SELL,27.75,645,17898.75
2018-08-03,1515,A,BUY,55.1,275,15152.5
2018-08-03,1409,A,SELL,13.35,1057,14110.949999999999
2018-08-03,2838,A,SELL,10.5,1046,10983.0
2018-08-03,1704,A,SELL,52.0,202,10504.0
2018-08-03,4942,A,SELL,27.35,371,10146.85
2018-08-03,8942,A,BUY,91.8,165,15147.0
2018-08-03,3416,A,SELL,56.3,198,11147.4
2018-08-03,1539,A,BUY,24.6,616,15153.6
2018-08-03,5340,A,BUY,12.75,1190,15172.5
2018-08-03,4513,A,SELL,16.9,648,10951.199999999999
2018-08-03,2596,A,BUY,25.3,599,15154.7
2018-08-03,2456,B,BUY,123.0,1233,151659.0
2018-08-10,4513,A,SELL,16.6,899,14923.400000000001
2018-08-10,8942,A,SELL,86.6,165,14288.999999999998
2018-08-10,2612,A,BUY,34.4,425,14620.0
2018-08-10,3059,A,BUY,38.75,377,14608.75
2018-08-17,2838,A,SELL,10.05,1446,14532.300000000001
2018-08-17,5820,A,SELL,9.3,1522,14154.6
2018-08-17,2596,A,SELL,24.55,599,14705.45
2018-08-17,3059,A,SELL,33.2,377,12516.400000000001
2018-08-17,6160,A,BUY,25.8,195,5031.0
2018-08-17,1515,A,BUY,50.2,106,5321.200000000001
2018-08-24,1515,A,SELL,45.6,381,17373.600000000002
2018-08-24,1904,A,BUY,21.75,640,13920.0
2018-08-24,2368,A,BUY,15.05,926,13936.300000000001
2018-08-24,2425,A,BUY,45.5,306,13923.0
2018-08-24,2834,A,BUY,11.05,1261,13934.050000000001
2018-08-24,6121,A,BUY,207.0,67,13869.0
2018-08-24,6160,A,SELL,26.7,219,5847.3
2018-08-31,6160,A,SELL,26.8,523,14016.4
2018-08-31,1409,A,SELL,13.65,1137,15520.050000000001
2018-08-31,8415,A,SELL,33.05,434,14343.699999999999
2018-08-31,3416,A,SELL,57.0,270,15390.0
2018-08-31,1539,A,SELL,23.6,616,14537.6
2018-08-31,2612,A,SELL,33.5,425,14237.5
2018-08-31,2547,A,SELL,16.9,238,4022.2
2018-08-31,2442,A,BUY,13.2,1112,14678.4
2018-08-31,6021,A,BUY,12.5,1174,14675.0
2018-08-31,2845,A,BUY,11.25,1305,14681.25
2018-08-31,2373,A,BUY,109.0,134,14606.0
2018-08-31,2356,A,BUY,27.55,533,14684.15
2018-08-31,5439,A,BUY,50.7,289,14652.300000000001
2018-09-07,1704,A,SELL,51.3,292,14979.599999999999
2018-09-07,5340,A,SELL,12.9,1190,15351.0
2018-09-07,2834,A,SELL,10.65,1261,13429.65
2018-09-07,2845,A,SELL,10.2,1305,13310.999999999998
2018-09-07,2538,A,BUY,13.3,1005,13366.5
2018-09-07,6278,A,BUY,33.95,393,13342.35
2018-09-07,1539,A,BUY,27.0,495,13365.0
2018-09-07,4942,A,SELL,30.85,121,3732.8500000000004
2018-09-07,3416,A,BUY,56.6,236,13357.6
2018-09-14,2456,B,SELL,93.7,1233,115532.1
2018-09-14,2368,A,SELL,14.0,926,12964.0
2018-09-14,6021,A,SELL,11.2,1174,13148.8
2018-09-14,2356,A,SELL,26.65,533,14204.449999999999
2018-09-14,5439,A,SELL,42.6,289,12311.4
2018-09-14,3416,A,SELL,55.5,236,13098.0
2018-09-14,1904,A,BUY,25.0,257,6425.0
2018-09-14,4119,A,BUY,88.8,252,22377.6
2018-09-14,2547,A,BUY,17.9,384,6873.599999999999
2018-09-14,2538,A,BUY,13.15,700,9205.0
2018-09-14,6278,A,BUY,36.5,221,8066.5
2018-09-14,4942,A,BUY,32.25,261,8417.25
2018-09-14,2442,A,BUY,13.35,568,7582.8
2018-09-14,1539,A,BUY,28.3,297,8405.1
2018-09-14,1704,A,BUY,51.9,432,22420.8
2018-09-14,2425,A,BUY,47.7,164,7822.8
2018-09-14,2834,A,BUY,11.0,2039,22429.0
2018-09-14,6121,A,BUY,208.5,40,8340.0
2018-09-14,2612,A,BUY,34.3,653,22397.899999999998
2018-09-14,2373,A,BUY,99.0,92,9108.0
2018-09-14,8415,A,BUY,33.0,679,22407.0
2018-09-21,2425,A,SELL,44.0,470,20680.0
2018-09-21,6121,A,SELL,205.5,107,21988.5
2018-09-21,2373,A,SELL,93.1,226,21040.6
2018-09-21,2348,A,BUY,52.4,433,22689.2
2018-09-21,1503,A,BUY,48.05,472,22679.6
2018-09-21,5340,A,BUY,14.15,1603,22682.45
2018-09-28,4942,A,SELL,31.7,695,22031.5
2018-09-28,2612,A,SELL,34.4,653,22463.2
2018-09-28,6452,A,BUY,462.5,49,22662.5
2018-09-28,6021,A,BUY,11.95,1897,22669.149999999998
2018-10-05,1539,A,SELL,27.35,792,21661.2
2018-10-05,8415,A,SELL,34.85,679,23663.15
2018-10-05,1503,A,SELL,43.7,472,20626.4
2018-10-05,6021,A,SELL,11.15,1897,21151.55
2018-10-05,5206,A,BUY,13.7,1609,22043.3
2018-10-05,2612,A,BUY,34.0,648,22032.0
2018-10-05,4942,A,BUY,30.4,725,22040.0
2018-10-05,6121,A,BUY,202.0,109,22018.0
2018-10-12,2547,A,SELL,16.1,1253,20173.300000000003
2018-10-12,2834,A,SELL,10.7,2039,21817.3
2018-10-12,2348,A,SELL,44.05,433,19073.649999999998
2018-10-12,5340,A,SELL,12.6,1603,20197.8
2018-10-12,4942,A,SELL,28.2,725,20445.0
2018-10-12,6121,A,SELL,191.5,109,20873.5
2018-10-12,6452,A,BUY,487.0,23,11201.0
2018-10-12,2442,A,BUY,15.35,609,9348.15
2018-10-12,1704,A,BUY,51.8,246,12742.8
2018-10-12,5206,A,BUY,13.3,1032,13725.6
2018-10-12,2612,A,BUY,35.8,333,11921.4
2018-10-12,2538,A,BUY,13.0,997,12961.0
2018-10-12,4119,A,BUY,79.1,192,15187.199999999999
2018-10-12,1904,A,BUY,21.6,729,15746.400000000001
2018-10-19,1904,A,SELL,20.6,1626,33495.600000000006
2018-10-19,1704,A,SELL,51.7,678,35052.6
2018-10-19,6278,A,BUY,35.5,646,22933.0
2018-10-19,5206,A,BUY,12.6,910,11466.0
2018-10-19,2442,A,BUY,14.45,807,11661.15
2018-10-26,2538,A,SELL,11.95,2702,32288.899999999998
2018-10-26,4119,A,SELL,75.1,444,33344.399999999994
2018-10-26,2612,A,SELL,29.45,981,28890.45
2018-10-26,6278,A,BUY,33.2,1527,50696.4
2018-10-26,2442,A,BUY,12.35,4397,54302.95
2018-10-26,5206,A,BUY,11.85,3561,42197.85
2018-11-02,2442,A,SELL,12.75,7493,95535.75
2018-11-02,6278,A,SELL,36.3,2787,101168.09999999999
2018-11-02,6452,A,SELL,189.0,72,13608.0
2018-11-02,5206,A,BUY,12.95,15026,194586.69999999998
2018-11-16,2597,A,BUY,42.45,355,15069.750000000002
2018-11-16,5206,A,SELL,12.95,11068,143330.6
2018-11-23,3455,A,BUY,69.9,1363,95273.70000000001
2018-11-23,2597,A,BUY,44.8,1063,47622.399999999994
2018-11-23,5206,A,SELL,12.85,3650,46902.5
2018-11-30,5206,A,SELL,13.4,7420,99428.0
2018-11-30,1730,A,BUY,56.7,1270,72009.0
2018-11-30,2704,A,BUY,25.0,2882,72050.0
2018-11-30,3455,A,SELL,68.2,306,20869.2
2018-12-07,2524,A,BUY,27.4,827,22659.8
2018-12-07,2704,A,SELL,26.55,632,16779.600000000002
2018-12-14,1730,A,SELL,69.4,753,52258.200000000004
2018-12-14,2597,A,SELL,51.8,726,37606.799999999996
2018-12-14,5288,A,BUY,110.0,325,35750.0
2018-12-14,1515,A,BUY,74.9,478,35802.200000000004
2018-12-14,3535,A,BUY,18.85,1845,34778.25
2018-12-14,3455,A,SELL,79.0,603,47637.0
2018-12-14,2704,A,SELL,24.6,793,19507.800000000003
2018-12-21,5234,A,BUY,90.5,292,26426.0
2018-12-21,5288,A,SELL,122.0,107,13054.0
2018-12-21,1730,A,SELL,67.8,126,8542.8
2018-12-21,8927,A,BUY,17.0,1558,26486.0
2018-12-21,3338,A,BUY,31.85,832,26499.2
2018-12-21,3535,A,SELL,18.6,420,7812.000000000001
2018-12-21,2597,A,SELL,49.65,158,7844.7
2018-12-21,1515,A,SELL,72.0,109,7848.0
2018-12-21,3322,A,BUY,11.7,2265,26500.5
2018-12-21,2704,A,SELL,24.7,384,9484.8
2018-12-28,2704,A,SELL,23.0,1073,24679.0
2018-12-28,6230,A,BUY,138.0,174,24012.0
2018-12-28,1532,A,BUY,38.75,414,16042.5
2018-12-28,3322,A,SELL,13.6,492,6691.2
2018-12-28,3455,A,SELL,69.7,108,7527.6
2019-01-04,4536,A,BUY,108.5,130,14105.0
2019-01-04,1532,A,BUY,38.15,2,76.3
2019-01-11,3455,A,SELL,64.8,346,22420.8
2019-01-11,3535,A,SELL,17.3,1425,24652.5
2019-01-11,2423,A,BUY,25.8,824,21259.2
2019-01-11,2546,A,BUY,28.0,759,21252.0
2019-01-11,6277,A,BUY,93.3,47,4385.099999999999
2019-01-11,5234,A,SELL,93.7,65,6090.5
2019-01-11,3338,A,SELL,36.1,242,8736.2
2019-01-11,2597,A,SELL,51.2,118,6041.6
2019-01-11,8927,A,SELL,17.1,314,5369.400000000001
2019-01-18,2597,A,SELL,51.1,416,21257.600000000002
2019-01-18,2524,A,SELL,25.95,827,21460.649999999998
2019-01-18,1515,A,SELL,71.2,369,26272.8
2019-01-18,6245,A,BUY,56.1,386,21654.600000000002
2019-01-18,9943,A,BUY,61.9,350,21665.0
2019-01-18,3324,A,BUY,115.0,188,21620.0
2019-01-18,6277,A,BUY,92.9,186,17279.4
2019-01-18,5288,A,SELL,130.0,51,6630.0
2019-01-18,1532,A,BUY,38.1,152,5791.2
2019-01-25,5288,A,SELL,118.0,167,19706.0
2019-01-25,1532,A,SELL,38.15,568,21669.2
2019-01-25,1515,A,BUY,85.2,255,21726.0
2019-01-25,2597,A,BUY,52.5,414,21735.0
2019-02-15,1730,A,SELL,68.3,391,26705.3
2019-02-15,5234,A,SELL,94.6,227,21474.199999999997
2019-02-15,8927,A,SELL,17.3,1244,21521.2
2019-02-15,3338,A,SELL,33.15,590,19558.5
2019-02-15,3322,A,SELL,13.1,1773,23226.3
2019-02-15,6230,A,SELL,140.5,174,24447.0
2019-02-15,2423,A,SELL,26.35,824,21712.4
2019-02-15,2546,A,SELL,27.75,759,21062.25
2019-02-15,6277,A,SELL,91.0,233,21203.0
2019-02-15,3324,A,SELL,119.5,188,22466.0
2019-02-15,1515,A,SELL,85.9,255,21904.5
2019-02-15,6188,A,BUY,37.25,582,21679.5
2019-02-15,3038,A,BUY,11.7,1853,21680.1
2019-02-15,8215,A,BUY,23.6,918,21664.800000000003
2019-02-15,8454,A,BUY,244.0,88,21472.0
2019-02-15,8049,A,BUY,21.85,992,21675.2
2019-02-15,8213,A,BUY,31.9,679,21660.1
2019-02-15,9935,A,BUY,22.7,955,21678.5
2019-02-15,3479,A,BUY,46.3,468,21668.399999999998
2019-02-15,8255,A,BUY,113.5,191,21678.5
2019-02-15,2613,A,BUY,13.65,1588,21676.2
2019-02-15,3363,A,BUY,35.5,610,21655.0
2019-02-22,4536,A,SELL,149.0,130,19370.0
2019-02-22,2597,A,SELL,54.8,414,22687.199999999997
2019-02-22,8454,A,SELL,240.0,88,21120.0
2019-02-22,8049,A,SELL,23.05,992,22865.600000000002
2019-02-22,3479,A,SELL,46.95,468,21972.600000000002
2019-02-22,2613,A,SELL,13.45,1588,21358.6
2019-02-22,3363,A,SELL,37.5,610,22875.0
2019-02-22,2480,A,BUY,43.9,481,21115.899999999998
2019-02-22,5340,A,BUY,20.05,1054,21132.7
2019-02-22,2108,A,BUY,32.6,648,21124.8
2019-02-22,3376,A,BUY,108.0,195,21060.0
2019-02-22,6189,A,BUY,29.65,713,21140.45
2019-02-22,6275,A,BUY,21.05,1004,21134.2
2019-02-22,5234,A,BUY,113.5,186,21111.0
2019-03-08,6245,A,SELL,69.1,386,26672.6
2019-03-08,9943,A,SELL,64.1,350,22434.999999999996
2019-03-08,6188,A,SELL,45.55,582,26510.1
2019-03-08,8215,A,SELL,23.85,918,21894.300000000003
2019-03-08,8213,A,SELL,32.35,679,21965.65
2019-03-08,8255,A,SELL,118.0,191,22538.0
2019-03-08,3376,A,SELL,106.0,195,20670.0
2019-03-08,6189,A,SELL,30.2,713,21532.6
2019-03-08,6275,A,SELL,21.9,1004,21987.6
2019-03-08,5234,A,SELL,109.0,186,20274.0
2019-03-08,3303,A,BUY,25.0,933,23325.0
2019-03-08,2107,A,BUY,17.9,1303,23323.699999999997
2019-03-08,2392,A,BUY,35.1,664,23306.4
2019-03-08,1787,A,BUY,25.3,922,23326.600000000002
2019-03-08,6158,A,BUY,31.9,731,23318.899999999998
2019-03-08,3092,A,BUY,51.1,456,23301.600000000002
2019-03-08,1582,A,BUY,78.3,297,23255.1
2019-03-08,2633,A,BUY,34.35,679,23323.65
2019-03-08,2546,A,BUY,30.1,774,23297.4
2019-03-08,3217,A,BUY,48.9,477,23325.3
2019-03-15,3038,A,SELL,13.2,1853,24459.6
2019-03-15,9935,A,SELL,25.4,955,24257.0
2019-03-15,5340,A,SELL,23.5,1054,24769.0
2019-03-15,2107,A,SELL,17.35,1303,22607.050000000003
2019-03-15,2633,A,SELL,34.9,679,23697.1
2019-03-15,2546,A,SELL,30.25,774,23413.5
2019-03-15,3217,A,SELL,54.2,477,25853.4
2019-03-15,2480,A,SELL,55.7,220,12254.0
2019-03-15,2108,A,SELL,35.95,244,8771.800000000001
2019-03-15,4933,A,BUY,30.1,481,14478.1
2019-03-15,2392,A,SELL,38.5,287,11049.5
2019-03-15,6158,A,SELL,37.0,339,12543.0
2019-03-15,3293,A,BUY,221.0,65,14365.0
2019-03-15,3303,A,SELL,25.2,357,8996.4
2019-03-15,3092,A,SELL,53.4,184,9825.6
2019-03-15,6112,A,BUY,35.65,406,14473.9
2019-03-15,4119,A,BUY,95.5,151,14420.5
2019-03-15,8109,A,BUY,87.6,165,14453.999999999998
2019-03-15,4999,A,BUY,54.5,266,14497.0
2019-03-15,1582,A,SELL,81.6,119,9710.4
2019-03-15,5525,A,BUY,24.85,583,14487.550000000001
2019-03-15,1787,A,SELL,25.9,362,9375.8
2019-03-15,1795,B,BUY,125.0,1160,145000.0
2019-03-22,2108,A,SELL,34.5,404,13938.0
2019-03-22,3303,A,SELL,24.8,576,14284.800000000001
2019-03-22,2392,A,SELL,38.25,377,14420.25
2019-03-22,1787,A,SELL,24.9,560,13944.0
2019-03-22,3092,A,SELL,53.0,272,14416.0
2019-03-22,4933,A,SELL,32.25,481,15512.25
2019-03-22,3293,A,SELL,210.0,65,13650.0
2019-03-22,4119,A,SELL,95.8,151,14465.8
2019-03-22,8109,A,SELL,87.7,165,14470.5
2019-03-22,4999,A,SELL,52.6,266,13991.6
2019-03-22,5525,A,SELL,24.9,583,14516.699999999999
2019-03-22,2493,A,BUY,28.35,524,14855.400000000001
2019-03-22,8070,A,BUY,157.5,94,14805.0
2019-03-22,3363,A,BUY,48.3,307,14828.099999999999
2019-03-22,6189,A,BUY,32.1,462,14830.2
2019-03-22,6213,A,BUY,84.6,175,14804.999999999998
2019-03-22,5009,A,BUY,22.8,651,14842.800000000001
2019-03-22,2884,A,BUY,23.6,629,14844.400000000001
2019-03-22,4426,A,BUY,56.8,261,14824.8
2019-03-22,1808,A,BUY,70.0,212,14840.0
2019-03-22,3217,A,BUY,55.5,267,14818.5
2019-03-22,3023,A,BUY,98.9,150,14835.0
2019-03-29,2480,A,SELL,59.0,261,15399.0
2019-03-29,6158,A,SELL,36.8,392,14425.599999999999
2019-03-29,3363,A,SELL,50.0,307,15350.0
2019-03-29,6213,A,SELL,88.8,175,15540.0
2019-03-29,5009,A,SELL,21.2,651,13801.199999999999
2019-03-29,2884,A,SELL,23.75,629,14938.75
2019-03-29,4426,A,SELL,61.8,261,16129.8
2019-03-29,1808,A,SELL,69.7,212,14776.400000000001
2019-03-29,3217,A,SELL,53.7,267,14337.900000000001
2019-03-29,3023,A,SELL,103.5,150,15525.0
2019-03-29,1507,A,BUY,64.0,224,14336.0
2019-03-29,3535,A,BUY,37.65,381,14344.65
2019-03-29,1712,A,BUY,18.2,789,14359.8
2019-03-29,1604,A,BUY,16.45,873,14360.849999999999
2019-03-29,5604,A,BUY,35.15,408,14341.199999999999
2019-03-29,5525,A,BUY,27.45,523,14356.35
2019-03-29,2546,A,BUY,32.9,436,14344.4
2019-03-29,8109,A,BUY,94.5,152,14364.0
2019-03-29,4933,A,BUY,36.5,393,14344.5
2019-03-29,5015,A,BUY,46.4,309,14337.6
2019-04-12,6112,A,SELL,35.85,406,14555.1
2019-04-12,6189,A,SELL,32.35,462,14945.7
2019-04-12,1507,A,SELL,64.4,224,14425.600000000002
2019-04-12,1712,A,SELL,18.2,789,14359.8
2019-04-12,5604,A,SELL,33.15,408,13525.199999999999
2019-04-12,5525,A,SELL,26.9,523,14068.699999999999
2019-04-12,2546,A,SELL,31.95,436,13930.199999999999
2019-04-12,4933,A,SELL,34.85,393,13696.050000000001
2019-04-12,5015,A,SELL,45.6,309,14090.4
2019-04-12,5301,A,BUY,30.7,453,13907.1
2019-04-12,4164,A,BUY,42.2,329,13883.800000000001
2019-04-12,2464,A,BUY,49.8,279,13894.199999999999
2019-04-12,1540,A,BUY,19.7,706,13908.199999999999
2019-04-12,8088,A,BUY,16.6,838,13910.800000000001
2019-04-12,3202,A,BUY,23.3,597,13910.1
2019-04-12,3231,A,BUY,25.2,552,13910.4
2019-04-12,5488,A,BUY,10.8,1289,13921.2
2019-04-12,4438,A,BUY,153.0,91,13923.0
2019-04-12,3390,A,BUY,27.4,508,13919.199999999999
2019-04-12,3037,B,BUY,36.7,203,7450.1
2019-04-12,1795,B,SELL,112.5,541,60862.5
2019-04-19,3535,A,SELL,37.65,381,14344.65
2019-04-19,1604,A,SELL,16.6,873,14491.800000000001
2019-04-19,8109,A,SELL,94.6,152,14379.199999999999
2019-04-19,5301,A,SELL,30.0,453,13590.0
2019-04-19,4164,A,SELL,42.8,329,14081.199999999999
2019-04-19,2464,A,SELL,49.8,279,13894.199999999999
2019-04-19,1540,A,SELL,19.3,706,13625.800000000001
2019-04-19,3202,A,SELL,23.25,597,13880.25
2019-04-19,4438,A,SELL,156.5,91,14241.5
2019-04-19,3390,A,SELL,25.2,508,12801.6
2019-04-19,5340,A,BUY,41.65,331,13786.15
2019-04-19,3338,A,BUY,60.7,227,13778.900000000001
2019-04-19,6218,A,BUY,23.55,586,13800.300000000001
2019-04-19,6213,A,BUY,102.0,135,13770.0
2019-04-19,1507,A,BUY,63.7,216,13759.2
2019-04-19,2613,A,BUY,15.05,917,13800.85
2019-04-19,9924,A,BUY,40.0,345,13800.0
2019-04-19,6219,A,BUY,18.25,756,13797.0
2019-04-19,2707,A,BUY,157.5,87,13702.5
2019-04-19,3037,B,BUY,37.6,1020,38352.0
2019-04-19,1795,B,SELL,101.5,165,16747.5
2019-04-19,4958,B,BUY,110.0,418,45980.0
2019-04-26,1795,B,SELL,95.0,454,43130.0
2019-04-26,3231,A,SELL,25.25,552,13938.0
2019-04-26,5488,A,SELL,11.35,1289,14630.15
2019-04-26,3338,A,SELL,61.3,227,13915.099999999999
2019-04-26,6218,A,SELL,23.6,586,13829.6
2019-04-26,1507,A,SELL,64.7,216,13975.2
2019-04-26,2613,A,SELL,14.35,917,13158.949999999999
2019-04-26,2707,A,SELL,157.5,87,13702.5
2019-04-26,1712,A,BUY,18.8,726,13648.800000000001
2019-04-26,2404,A,BUY,142.0,96,13632.0
2019-04-26,5434,A,BUY,86.6,157,13596.199999999999
2019-04-26,1473,A,BUY,24.35,560,13636.0
2019-04-26,9946,A,BUY,18.35,744,13652.400000000001
2019-04-26,2884,A,BUY,24.75,551,13637.25
2019-04-26,8924,A,BUY,28.6,477,13642.2
2019-04-26,3037,B,BUY,36.05,671,24189.55
2019-04-26,4958,B,BUY,110.0,202,22220.0
2019-05-03,1582,A,SELL,87.4,178,15557.2
2019-05-03,2493,A,SELL,31.25,524,16375.0
2019-05-03,8088,A,SELL,19.05,838,15963.900000000001
2019-05-03,5340,A,SELL,30.6,331,10128.6
2019-05-03,6213,A,SELL,112.0,135,15120.0
2019-05-03,9924,A,SELL,40.8,345,14075.999999999998
2019-05-03,8924,A,SELL,29.2,477,13928.4
2019-05-03,2812,A,BUY,12.05,1122,13520.1
2019-05-03,2886,A,BUY,30.05,450,13522.5
2019-05-03,2834,A,BUY,12.6,1073,13519.8
2019-05-03,2101,A,BUY,35.8,377,13496.599999999999
2019-05-03,2207,A,BUY,465.0,29,13485.0
2019-05-03,5880,A,BUY,20.45,661,13517.449999999999
2019-05-03,8070,A,SELL,184.5,20,3690.0
2019-05-03,1232,A,BUY,105.5,128,13504.0
2019-05-10,8070,A,SELL,168.0,74,12432.0
2019-05-10,5434,A,SELL,85.9,157,13486.300000000001
2019-05-10,1473,A,SELL,23.8,560,13328.0
2019-05-10,2812,A,SELL,11.9,1122,13351.800000000001
2019-05-10,2834,A,SELL,12.5,1073,13412.5
2019-05-10,2101,A,SELL,33.6,377,12667.2
2019-05-10,2207,A,SELL,435.0,29,12615.0
2019-05-10,5880,A,SELL,20.0,661,13220.0
2019-05-10,5820,A,BUY,10.15,1291,13103.65
2019-05-10,8088,A,BUY,19.95,657,13107.15
2019-05-10,1109,A,BUY,18.8,697,13103.6
2019-05-10,2501,A,BUY,25.9,506,13105.4
2019-05-10,6217,A,BUY,37.0,354,13098.0
2019-05-10,8924,A,BUY,29.9,438,13096.199999999999
2019-05-10,1446,A,BUY,31.1,421,13093.1
2019-05-10,1540,A,BUY,21.15,619,13091.849999999999
2019-05-17,3037,B,SELL,31.6,1894,59850.4
2019-05-17,6219,A,SELL,13.7,756,10357.199999999999
2019-05-17,4958,B,SELL,87.8,620,54436.0
2019-05-17,2884,A,SELL,25.15,551,13857.65
2019-05-17,2886,A,SELL,30.0,450,13500.0
2019-05-17,1109,A,SELL,18.1,697,12615.7
2019-05-17,2501,A,SELL,25.1,506,12700.6
2019-05-17,8924,A,SELL,31.0,438,13578.0
2019-05-17,1446,A,SELL,30.95,421,13029.949999999999
2019-05-17,1540,A,SELL,21.7,619,13432.3
2019-05-17,1232,A,BUY,114.0,54,6156.0
2019-05-17,3528,A,BUY,39.9,520,20748.0
2019-05-17,2404,A,BUY,158.5,35,5547.5
2019-05-17,1473,A,BUY,27.0,769,20763.0
2019-05-17,9946,A,BUY,19.6,315,6174.0
2019-05-17,1730,A,BUY,77.8,266,20694.8
2019-05-17,2633,A,BUY,40.15,517,20757.55
2019-05-17,5820,A,BUY,10.25,735,7533.75
2019-05-17,6803,A,BUY,191.0,108,20628.0
2019-05-17,2020,A,BUY,16.6,1251,20766.600000000002
2019-05-17,8081,A,BUY,88.6,234,20732.399999999998
2019-05-17,6217,A,BUY,33.45,266,8897.7
2019-05-17,1712,A,BUY,19.4,344,6673.599999999999
2019-05-17,3290,A,BUY,27.5,755,20762.5
2019-05-17,8088,A,BUY,18.85,444,8369.400000000001
2019-05-24,2404,A,SELL,138.0,131,18078.0
2019-05-24,8088,A,SELL,18.45,1101,20313.45
2019-05-24,6217,A,SELL,30.35,620,18817.0
2019-05-24,1730,A,SELL,84.9,266,22583.4
2019-05-24,2020,A,SELL,16.6,1251,20766.600000000002
2019-05-24,8081,A,SELL,88.9,234,20802.600000000002
2019-05-24,3290,A,SELL,27.6,755,20838.0
2019-05-24,1736,A,BUY,63.2,331,20919.2
2019-05-24,6214,A,BUY,74.4,281,20906.4
2019-05-24,5876,A,BUY,57.8,362,20923.6
2019-05-24,2838,A,BUY,12.05,1739,20954.95
2019-05-24,1598,A,BUY,40.85,513,20956.05
2019-05-24,1503,A,BUY,45.2,463,20927.600000000002
2019-05-24,9924,A,BUY,43.45,482,20942.9
2019-05-31,1232,A,SELL,115.0,182,20930.0
2019-05-31,5820,A,SELL,10.65,2026,21576.9
2019-05-31,2633,A,SELL,43.5,517,22489.5
2019-05-31,1736,A,SELL,62.7,331,20753.7
2019-05-31,6214,A,SELL,75.0,281,21075.0
2019-05-31,2838,A,SELL,12.0,1739,20868.0
2019-05-31,2615,A,BUY,18.85,1125,21206.25
2019-05-31,2841,A,BUY,10.0,2121,21210.0
2019-05-31,6186,A,BUY,22.5,942,21195.0
2019-05-31,2884,A,BUY,27.4,774,21207.6
2019-05-31,1437,A,BUY,21.3,995,21193.5
2019-05-31,2497,A,BUY,25.2,841,21193.2
2019-06-14,1712,A,SELL,20.95,1070,22416.5
2019-06-14,9946,A,SELL,20.8,1059,22027.2
2019-06-14,1473,A,SELL,29.95,769,23031.55
2019-06-14,5876,A,SELL,56.2,362,20344.4
2019-06-14,1503,A,SELL,46.0,463,21298.0
2019-06-14,2615,A,SELL,18.4,1125,20700.0
2019-06-14,2841,A,SELL,9.88,2121,20955.480000000003
2019-06-14,6186,A,SELL,21.8,942,20535.600000000002
2019-06-14,2884,A,SELL,25.9,774,20046.6
2019-06-14,1437,A,SELL,20.9,995,20795.5
2019-06-14,2706,A,BUY,15.55,1352,21023.600000000002
2019-06-14,5905,A,BUY,8.89,2364,21015.960000000003
2019-06-14,1519,A,BUY,26.7,787,21012.899999999998
2019-06-14,2536,A,BUY,22.25,944,21004.0
2019-06-14,2707,A,BUY,180.0,116,20880.0
2019-06-14,1730,A,BUY,89.5,234,20943.0
2019-06-14,8924,A,BUY,36.3,579,21017.699999999997
2019-06-14,1736,A,BUY,68.4,307,20998.800000000003
2019-06-14,2633,A,BUY,45.85,458,20999.3
2019-06-14,3293,A,BUY,306.0,68,20808.0
2019-06-21,2497,A,SELL,23.0,841,19343.0
2019-06-21,5905,A,SELL,8.46,2364,19999.440000000002
2019-06-21,1519,A,SELL,25.75,787,20265.25
2019-06-21,2536,A,SELL,21.05,944,19871.2
2019-06-21,1730,A,SELL,90.5,234,21177.0
2019-06-21,1736,A,SELL,68.4,307,20998.800000000003
2019-06-21,2633,A,SELL,46.0,458,21068.0
2019-06-21,1232,A,BUY,125.0,167,20875.0
2019-06-21,2801,A,BUY,20.8,1006,20924.8
2019-06-21,6189,A,BUY,34.0,615,20910.0
2019-06-21,1604,A,BUY,18.1,1156,20923.600000000002
2019-06-21,5525,A,BUY,29.0,721,20909.0
2019-06-21,1712,A,BUY,21.4,978,20929.199999999997
2019-06-21,2834,A,BUY,13.5,1550,20925.0
2019-06-28,9924,A,SELL,46.75,482,22533.5
2019-06-28,3293,A,SELL,299.0,68,20332.0
2019-06-28,2801,A,SELL,20.95,1006,21075.7
2019-06-28,1712,A,SELL,21.1,978,20635.800000000003
2019-06-28,2834,A,SELL,13.65,1550,21157.5
2019-06-28,2903,A,BUY,22.5,935,21037.5
2019-06-28,4935,A,BUY,45.5,462,21021.0
2019-06-28,2433,A,BUY,49.9,421,21007.899999999998
2019-06-28,2923,A,BUY,27.6,762,21031.2
2019-06-28,1201,A,BUY,32.8,641,21024.8
2019-07-05,2706,A,SELL,15.55,1352,21023.600000000002
2019-07-05,2707,A,SELL,192.5,116,22330.0
2019-07-05,1604,A,SELL,18.85,1156,21790.600000000002
2019-07-05,5525,A,SELL,29.25,721,21089.25
2019-07-05,1201,A,SELL,33.05,641,21185.05
2019-07-05,1762,A,BUY,35.5,605,21477.5
2019-07-05,6171,A,BUY,16.2,1327,21497.399999999998
2019-07-05,9911,A,BUY,47.5,452,21470.0
2019-07-05,8086,A,BUY,65.1,330,21482.999999999996
2019-07-05,2615,A,BUY,19.25,1117,21502.25
2019-07-12,3528,A,SELL,40.25,520,20930.0
2019-07-12,1232,A,SELL,129.0,167,21543.0
2019-07-12,2433,A,SELL,48.85,421,20565.850000000002
2019-07-12,6171,A,SELL,15.6,1327,20701.2
2019-07-12,5403,A,BUY,39.6,561,22215.600000000002
2019-07-12,8466,A,BUY,82.0,271,22222.0
2019-07-12,1736,A,BUY,77.5,286,22165.0
2019-07-12,1566,A,BUY,19.65,1131,22224.149999999998
2019-07-19,6189,A,SELL,32.85,615,20202.75
2019-07-19,2903,A,SELL,22.6,935,21131.0
2019-07-19,2923,A,SELL,27.95,762,21297.899999999998
2019-07-19,9911,A,SELL,47.7,452,21560.4
2019-07-19,2615,A,SELL,19.0,1117,21223.0
2019-07-19,5403,A,SELL,37.5,561,21037.5
2019-07-19,1736,A,SELL,79.1,286,22622.6
2019-07-19,1566,A,SELL,18.95,1131,21432.45
2019-07-19,3680,A,BUY,57.6,382,22003.2
2019-07-19,4104,A,BUY,54.9,401,22014.899999999998
2019-07-19,8924,A,SELL,51.4,150,7710.0
2019-07-19,2367,A,BUY,23.9,921,22011.899999999998
2019-07-19,8088,A,BUY,22.75,968,22022.0
2019-07-19,3218,A,BUY,42.9,513,22007.7
2019-07-19,8059,A,BUY,12.4,1776,22022.4
2019-07-19,2801,A,BUY,21.85,1008,22024.800000000003
2019-07-19,6224,A,BUY,67.7,325,22002.5
2019-07-26,6803,A,SELL,208.5,108,22518.0
2019-07-26,8924,A,SELL,46.3,429,19862.699999999997
2019-07-26,1762,A,SELL,35.35,605,21386.75
2019-07-26,8466,A,SELL,80.5,271,21815.5
2019-07-26,4104,A,SELL,50.9,401,20410.899999999998
2019-07-26,2367,A,SELL,23.95,921,22057.95
2019-07-26,8088,A,SELL,23.3,968,22554.4
2019-07-26,3218,A,SELL,39.65,513,20340.45
2019-07-26,2801,A,SELL,21.85,1008,22024.800000000003
2019-07-26,6224,A,SELL,65.0,325,21125.0
2019-07-26,3479,A,BUY,62.4,348,21715.2
2019-07-26,8028,A,BUY,68.4,318,21751.2
2019-07-26,2615,A,BUY,21.9,993,21746.699999999997
2019-07-26,3105,A,BUY,275.0,79,21725.0
2019-07-26,9802,A,BUY,89.0,244,21716.0
2019-07-26,4935,A,SELL,61.2,106,6487.200000000001
2019-07-26,8040,A,BUY,10.65,2043,21757.95
2019-07-26,5905,A,BUY,9.84,2211,21756.239999999998
2019-07-26,6171,A,BUY,16.45,1322,21746.899999999998
2019-07-26,2637,A,BUY,33.35,652,21744.2
2019-07-26,2880,A,BUY,21.7,1002,21743.399999999998
2019-08-02,1598,A,SELL,42.7,513,21905.100000000002
2019-08-02,8086,A,SELL,72.7,330,23991.0
2019-08-02,2615,A,SELL,21.8,993,21647.4
2019-08-02,5905,A,SELL,9.2,2211,20341.199999999997
2019-08-02,6171,A,SELL,16.0,1322,21152.0
2019-08-02,2637,A,SELL,31.4,652,20472.8
2019-08-02,2880,A,SELL,21.35,1002,21392.7
2019-08-02,2316,A,BUY,30.0,715,21450.0
2019-08-02,5469,A,BUY,36.1,594,21443.4
2019-08-02,6192,A,BUY,88.4,242,21392.800000000003
2019-08-02,2344,A,BUY,18.6,1153,21445.800000000003
2019-08-02,8182,A,BUY,20.8,1031,21444.8
2019-08-02,2228,A,BUY,109.0,196,21364.0
2019-08-02,6271,A,BUY,125.0,171,21375.0
2019-08-16,8059,A,SELL,12.9,1776,22910.4
2019-08-16,3105,A,SELL,262.5,79,20737.5
2019-08-16,8040,A,SELL,11.25,2043,22983.75
2019-08-16,2316,A,SELL,32.4,715,23166.0
2019-08-16,6192,A,SELL,87.9,242,21271.800000000003
2019-08-16,2344,A,SELL,16.9,1153,19485.699999999997
2019-08-16,8182,A,SELL,21.5,1031,22166.5
2019-08-16,6271,A,SELL,127.5,171,21802.5
2019-08-16,6251,A,BUY,11.95,1144,13670.8
2019-08-16,6124,A,BUY,42.9,318,13642.199999999999
2019-08-16,4935,A,SELL,74.8,173,12940.4
2019-08-16,6171,A,BUY,19.7,694,13671.8
2019-08-16,2228,A,SELL,128.5,89,11436.5
2019-08-16,3680,A,SELL,77.7,205,15928.5
2019-08-16,8028,A,SELL,86.1,159,13689.9
2019-08-16,5469,A,SELL,39.4,246,9692.4
2019-08-16,6186,A,BUY,24.25,564,13677.0
2019-08-16,3479,A,SELL,66.8,143,9552.4
2019-08-16,3293,A,BUY,394.0,34,13396.0
2019-08-16,1736,A,BUY,90.2,151,13620.2
2019-08-16,9802,A,SELL,87.2,87,7586.400000000001
2019-08-16,8924,A,BUY,53.0,258,13674.0
2019-08-16,8466,A,BUY,83.0,164,13612.0
2019-08-16,4968,B,BUY,140.0,977,136780.0
2019-08-23,9802,A,SELL,85.9,157,13486.300000000001
2019-08-23,3293,A,SELL,394.0,34,13396.0
2019-08-23,1736,A,SELL,84.8,151,12804.8
2019-08-23,8924,A,SELL,51.9,258,13390.199999999999
2019-08-23,8466,A,SELL,83.9,164,13759.6
2019-08-23,3317,A,BUY,45.35,306,13877.1
2019-08-23,5305,A,BUY,41.05,338,13874.9
2019-08-23,8358,A,BUY,42.95,323,13872.85
2019-08-23,6411,A,BUY,117.5,118,13865.0
2019-08-23,6265,A,BUY,7.0,1982,13874.0
2019-08-23,3338,B,BUY,102.5,148,15170.0
2019-08-23,4968,B,SELL,143.0,491,70213.0
2019-08-30,4935,A,SELL,72.7,183,13304.1
2019-08-30,3680,A,SELL,71.8,177,12708.6
2019-08-30,8028,A,SELL,72.0,159,11448.0
2019-08-30,5469,A,SELL,39.3,348,13676.4
2019-08-30,2228,A,SELL,130.5,107,13963.5
2019-08-30,6171,A,SELL,19.1,694,13255.400000000001
2019-08-30,6186,A,SELL,25.8,564,14551.2
2019-08-30,6265,A,SELL,6.91,1982,13695.62
2019-08-30,2537,A,BUY,9.2,1497,13772.4
2019-08-30,5498,A,BUY,12.35,1115,13770.25
2019-08-30,6233,A,BUY,10.85,1269,13768.65
2019-08-30,3083,A,BUY,80.1,172,13777.199999999999
2019-08-30,6023,A,BUY,55.2,249,13744.800000000001
2019-08-30,3218,A,BUY,49.1,280,13748.0
2019-08-30,2642,A,BUY,27.05,509,13768.45
2019-08-30,2367,A,BUY,29.9,460,13754.0
2019-08-30,3338,B,BUY,94.1,584,54954.399999999994
2019-09-06,6251,A,SELL,13.0,1144,14872.0
2019-09-06,6124,A,SELL,47.5,318,15105.0
2019-09-06,3317,A,SELL,45.95,306,14060.7
2019-09-06,6411,A,SELL,116.0,118,13688.0
2019-09-06,6233,A,SELL,10.5,1269,13324.5
2019-09-06,6023,A,SELL,55.0,249,13695.0
2019-09-06,3218,A,SELL,50.4,280,14112.0
2019-09-06,2323,A,BUY,10.0,1385,13850.0
2019-09-06,5203,A,BUY,98.0,141,13818.0
2019-09-06,5340,A,BUY,57.0,243,13851.0
2019-09-06,6257,A,BUY,33.5,413,13835.5
2019-09-06,2316,A,BUY,41.1,337,13850.7
2019-09-06,3031,A,BUY,14.4,962,13852.800000000001
2019-09-06,6171,A,BUY,20.3,682,13844.6
2019-09-20,8358,A,SELL,48.6,323,15697.800000000001
2019-09-20,2537,A,SELL,8.7,1497,13023.9
2019-09-20,5498,A,SELL,12.5,1115,13937.5
2019-09-20,2642,A,SELL,27.8,509,14150.2
2019-09-20,2323,A,SELL,0.0,1385,0.0
2019-09-20,5203,A,SELL,104.0,141,14664.0
2019-09-20,6257,A,SELL,35.05,413,14475.65
2019-09-20,6171,A,SELL,19.95,682,13605.9
2019-09-20,2482,A,BUY,15.5,917,14213.5
2019-09-20,3048,A,BUY,18.1,786,14226.6
2019-09-20,8930,A,BUY,14.65,971,14225.15
2019-09-20,6233,A,BUY,13.95,1019,14215.05
2019-09-20,3680,A,BUY,95.5,148,14134.0
2019-09-20,8086,A,BUY,87.3,162,14142.6
2019-09-20,3515,A,BUY,69.7,204,14218.800000000001
2019-09-20,5225,A,BUY,58.6,219,12833.4
2019-09-27,5340,A,SELL,65.0,243,15795.0
2019-09-27,3048,A,SELL,17.9,786,14069.4
2019-09-27,8086,A,SELL,83.9,162,13591.800000000001
2019-09-27,8463,A,BUY,30.8,429,13213.2
2019-09-27,3530,A,BUY,103.0,128,13184.0
2019-09-27,1752,A,BUY,34.7,381,13220.7
2019-10-04,3083,A,SELL,87.4,172,15032.800000000001
2019-10-04,2482,A,SELL,13.95,917,12792.15
2019-10-04,8930,A,SELL,14.3,971,13885.300000000001
2019-10-04,3530,A,SELL,101.0,128,12928.0
2019-10-04,8086,A,BUY,87.6,161,14103.599999999999
2019-10-04,3048,A,BUY,19.0,744,14136.0
2019-10-04,6023,A,BUY,55.7,253,14092.1
2019-10-04,4968,B,SELL,196.0,125,24500.0
2019-10-18,3338,B,SELL,97.0,732,71004.0
2019-10-18,2316,A,SELL,46.45,337,15653.650000000001
2019-10-18,3031,A,SELL,14.75,962,14189.5
2019-10-18,6233,A,SELL,13.95,1019,14215.05
2019-10-18,5225,A,SELL,57.8,219,12658.199999999999
2019-10-18,1752,A,SELL,38.3,381,14592.3
2019-10-18,9802,A,BUY,116.5,134,15611.0
2019-10-18,2505,A,BUY,15.25,1029,15692.25
2019-10-18,9935,A,BUY,43.8,358,15680.4
2019-10-18,2101,A,BUY,55.4,283,15678.199999999999
2019-10-18,4935,A,BUY,104.5,150,15675.0
2019-10-18,3105,A,BUY,307.0,51,15657.0
2019-10-18,2367,B,BUY,35.0,1034,36190.0
2019-10-18,3324,B,BUY,237.0,219,51903.0
2019-10-18,4968,B,SELL,230.5,134,30887.0
2019-10-25,3479,A,SELL,86.9,205,17814.5
2019-10-25,4968,B,SELL,240.0,227,54480.0
2019-10-25,5305,A,SELL,41.25,338,13942.5
2019-10-25,3048,A,SELL,19.85,744,14768.400000000001
2019-10-25,6023,A,SELL,56.3,253,14243.9
2019-10-25,2505,A,SELL,14.9,1029,15332.1
2019-10-25,4935,A,SELL,96.4,150,14460.0
2019-10-25,3105,A,SELL,315.0,51,16065.0
2019-10-25,1603,A,BUY,26.5,594,15741.0
2019-10-25,8463,A,SELL,46.5,90,4185.0
2019-10-25,5905,A,BUY,12.1,1301,15742.1
2019-10-25,2362,A,BUY,39.5,398,15721.0
2019-10-25,6185,A,BUY,19.15,822,15741.3
2019-10-25,4908,A,BUY,39.55,398,15740.9
2019-10-25,3003,A,BUY,50.2,313,15712.6
2019-10-25,1560,A,BUY,70.5,223,15721.5
2019-10-25,3416,A,BUY,57.5,273,15697.5
2019-10-25,2545,A,BUY,33.7,467,15737.900000000001
2019-10-25,8086,B,BUY,113.5,185,20997.5
2019-10-25,2367,B,SELL,34.4,349,12005.6
2019-10-25,3324,B,SELL,228.5,46,10511.0
2019-10-25,3661,B,BUY,186.5,211,39351.5
2019-11-01,3680,A,SELL,126.0,148,18648.0
2019-11-01,3515,A,SELL,75.5,204,15402.0
2019-11-01,2101,A,SELL,56.0,283,15848.0
2019-11-01,2362,A,SELL,36.45,398,14507.1
2019-11-01,3003,A,SELL,51.3,313,16056.9
2019-11-01,1560,A,SELL,71.1,223,15855.3
2019-11-01,2801,A,BUY,23.5,679,15956.5
2019-11-01,2704,A,BUY,23.95,666,15950.699999999999
2019-11-01,5305,A,BUY,41.7,382,15929.400000000001
2019-11-01,6196,A,BUY,64.5,247,15931.5
2019-11-01,6278,A,BUY,99.1,161,15955.099999999999
2019-11-01,3413,A,BUY,164.0,97,15908.0
2019-11-08,9802,A,SELL,128.5,134,17219.0
2019-11-08,9935,A,SELL,47.8,358,17112.399999999998
2019-11-08,6185,A,SELL,19.5,822,16029.0
2019-11-08,3416,A,SELL,55.8,273,15233.4
2019-11-08,2545,A,SELL,35.5,467,16578.5
2019-11-08,3661,B,SELL,204.0,211,43044.0
2019-11-08,2801,A,SELL,23.2,679,15752.8
2019-11-08,6278,A,SELL,94.8,161,15262.8
2019-11-08,3413,A,SELL,159.5,97,15471.5
2019-11-08,3679,A,BUY,69.0,231,15939.0
2019-11-08,2317,A,BUY,90.9,175,15907.500000000002
2019-11-08,8271,A,BUY,35.9,444,15939.599999999999
2019-11-08,4113,A,BUY,13.65,1167,15929.550000000001
2019-11-08,4974,A,BUY,54.6,291,15888.6
2019-11-08,2207,A,BUY,563.0,28,15764.0
2019-11-08,5203,A,BUY,114.0,139,15846.0
2019-11-08,2362,A,BUY,41.8,381,15925.8
2019-11-08,2454,B,BUY,414.0,96,39744.0
2019-11-15,2367,B,SELL,35.0,1145,40075.0
2019-11-15,8463,A,SELL,49.9,339,16916.1
2019-11-15,8086,B,SELL,99.9,346,34565.4
2019-11-15,3324,B,SELL,204.0,173,35292.0
2019-11-15,4908,A,SELL,49.6,398,19740.8
2019-11-15,6196,A,SELL,64.2,247,15857.400000000001
2019-11-15,2317,A,SELL,90.1,175,15767.499999999998
2019-11-15,8271,A,SELL,36.0,444,15984.0
2019-11-15,4974,A,SELL,56.5,291,16441.5
2019-11-15,2207,A,SELL,575.0,28,16100.0
2019-11-15,5203,A,SELL,111.5,139,15498.5
2019-11-15,2362,A,SELL,37.0,381,14097.0
2019-11-15,1456,A,BUY,11.55,1373,15858.150000000001
2019-11-15,8040,A,BUY,25.35,625,15843.75
2019-11-15,4938,A,BUY,69.8,227,15844.599999999999
2019-11-15,4973,A,BUY,23.7,669,15855.3
2019-11-15,2816,A,BUY,21.3,744,15847.2
2019-11-15,3024,A,BUY,8.27,1918,15861.859999999999
2019-11-15,2313,A,BUY,51.0,311,15861.0
2019-11-15,3548,A,BUY,81.4,194,15791.6
2019-11-15,4205,A,BUY,90.6,175,15854.999999999998
2019-11-15,3661,B,BUY,234.5,225,52762.5
2019-11-15,4968,B,BUY,199.5,265,52867.5
2019-11-22,5905,A,SELL,13.85,1301,18018.85
2019-11-22,5305,A,SELL,39.25,382,14993.5
2019-11-22,3679,A,SELL,66.8,231,15430.8
2019-11-22,4113,A,SELL,14.0,1167,16338.0
2019-11-22,8040,A,SELL,27.6,625,17250.0
2019-11-22,2816,A,SELL,21.1,744,15698.400000000001
2019-11-22,3548,A,SELL,81.3,194,15772.199999999999
2019-11-22,4205,A,SELL,89.5,175,15662.5
2019-11-22,4968,B,SELL,181.0,265,47965.0
2019-11-22,8240,A,BUY,30.35,507,15387.45
2019-11-22,2459,A,BUY,41.8,368,15382.4
2019-11-22,6005,A,BUY,10.45,1475,15413.749999999998
2019-11-22,6016,A,BUY,8.3,1857,15413.100000000002
2019-11-22,1103,A,BUY,20.9,737,15403.3
2019-11-22,6251,A,BUY,18.9,815,15403.499999999998
2019-11-22,2548,A,BUY,94.6,162,15325.199999999999
2019-11-22,1582,A,BUY,84.8,181,15348.8
2019-11-22,4737,A,BUY,69.7,221,15403.7
2019-11-22,2313,B,BUY,49.5,467,23116.5
2019-11-22,2367,B,BUY,35.45,1087,38534.15
2019-11-29,1603,A,SELL,29.5,594,17523.0
2019-11-29,1456,A,SELL,11.2,1373,15377.599999999999
2019-11-29,4938,A,SELL,68.0,227,15436.0
2019-11-29,4973,A,SELL,22.05,669,14751.45
2019-11-29,3024,A,SELL,8.9,1918,17070.2
2019-11-29,6016,A,SELL,8.15,1857,15134.550000000001
2019-11-29,1103,A,SELL,20.15,737,14850.55
2019-11-29,6251,A,SELL,18.4,815,14995.999999999998
2019-11-29,2548,A,SELL,94.0,162,15228.0
2019-11-29,2367,B,SELL,35.4,1087,38479.799999999996
2019-11-29,2704,A,SELL,29.2,134,3912.7999999999997
2019-11-29,6185,A,BUY,24.05,645,15512.25
2019-11-29,9934,A,BUY,18.05,860,15523.0
2019-11-29,4908,A,BUY,58.0,267,15486.0
2019-11-29,2433,A,BUY,52.3,296,15480.8
2019-11-29,2207,A,BUY,597.0,26,15522.0
2019-11-29,8176,A,BUY,15.85,979,15517.15
2019-11-29,3056,A,BUY,28.7,541,15526.699999999999
2019-11-29,6196,A,BUY,73.5,211,15508.5
2019-11-29,2393,A,BUY,33.3,466,15517.8
2019-11-29,3661,B,SELL,219.0,47,10293.0
2019-11-29,8086,B,BUY,111.5,348,38802.0
2019-12-06,8240,A,SELL,29.5,507,14956.5
2019-12-06,2459,A,SELL,41.45,368,15253.6
2019-12-06,4908,A,SELL,59.2,267,15806.400000000001
2019-12-06,2433,A,SELL,53.1,296,15717.6
2019-12-06,2207,A,SELL,609.0,26,15834.0
2019-12-06,8176,A,SELL,14.0,979,13706.0
2019-12-06,6196,A,SELL,73.6,211,15529.599999999999
2019-12-06,2393,A,SELL,34.1,466,15890.6
2019-12-06,6531,A,BUY,79.5,196,15582.0
2019-12-06,8182,A,BUY,30.85,505,15579.25
2019-12-06,1442,A,BUY,18.45,844,15571.8
2019-12-06,2545,A,BUY,38.45,405,15572.250000000002
2019-12-06,3024,A,BUY,8.73,1785,15583.050000000001
2019-12-06,6251,A,BUY,19.15,813,15568.949999999999
2019-12-06,8271,A,BUY,37.55,415,15583.249999999998
2019-12-06,5607,A,BUY,28.1,554,15567.400000000001
2019-12-13,2313,B,SELL,45.8,778,35632.399999999994
2019-12-13,4737,A,SELL,78.4,221,17326.4
2019-12-13,9934,A,SELL,17.35,860,14921.000000000002
2019-12-13,1442,A,SELL,18.25,844,15403.0
2019-12-13,2545,A,SELL,37.2,405,15066.000000000002
2019-12-13,3024,A,SELL,8.32,1785,14851.2
2019-12-13,6251,A,SELL,17.2,813,13983.599999999999
2019-12-13,8271,A,SELL,37.75,415,15666.25
2019-12-13,5607,A,SELL,26.1,554,14459.400000000001
2019-12-13,6196,A,BUY,87.0,177,15399.0
2019-12-13,3089,A,BUY,22.15,696,15416.4
2019-12-13,3042,A,BUY,46.9,329,15430.1
2019-12-13,3413,A,BUY,200.0,77,15400.0
2019-12-13,4113,A,BUY,14.95,1032,15428.4
2019-12-13,2433,A,BUY,54.5,283,15423.5
2019-12-13,2393,A,BUY,34.25,450,15412.5
2019-12-13,2207,A,BUY,640.0,24,15360.0
2019-12-13,6278,B,BUY,111.0,347,38517.0
2019-12-20,2704,A,SELL,30.3,532,16119.6
2019-12-20,6185,A,SELL,25.65,645,16544.25
2019-12-20,8086,B,SELL,103.5,348,36018.0
2019-12-20,8182,A,SELL,30.6,505,15453.0
2019-12-20,3089,A,SELL,22.05,696,15346.800000000001
2019-12-20,3042,A,SELL,46.5,329,15298.5
2019-12-20,3413,A,SELL,188.0,77,14476.0
2019-12-20,2433,A,SELL,54.8,283,15508.4
2019-12-20,2393,A,SELL,35.25,450,15862.5
2019-12-20,2910,A,BUY,37.45,414,15504.300000000001
2019-12-20,1907,A,BUY,13.5,1148,15498.0
2019-12-20,2851,A,BUY,19.7,787,15503.9
2019-12-20,6261,A,BUY,50.8,305,15494.0
2019-12-20,3260,A,BUY,68.5,226,15481.0
2019-12-20,2312,A,BUY,13.65,1136,15506.4
2019-12-20,8101,A,BUY,5.04,3077,15508.08
2019-12-20,8271,A,BUY,41.7,371,15470.7
2019-12-20,2330,B,BUY,329.0,117,38493.0
2019-12-27,6005,A,SELL,10.8,1475,15930.000000000002
2019-12-27,1582,A,SELL,90.4,181,16362.400000000001
2019-12-27,6531,A,SELL,86.7,196,16993.2
2019-12-27,6196,A,SELL,88.0,177,15576.0
2019-12-27,1907,A,SELL,13.6,1148,15612.8
2019-12-27,2851,A,SELL,19.75,787,15543.25
2019-12-27,2312,A,SELL,13.1,1136,14881.6
2019-12-27,8101,A,SELL,7.31,879,6425.49
2019-12-27,1439,A,BUY,34.45,466,16053.7
2019-12-27,3019,A,BUY,106.0,151,16006.0
2019-12-27,5328,A,BUY,10.25,1567,16061.75
2019-12-27,2456,A,BUY,126.5,127,16065.5
2019-12-27,1442,A,BUY,19.7,815,16055.5
2019-12-27,4755,A,BUY,49.55,324,16054.199999999999
2019-12-27,2433,A,BUY,56.9,282,16045.8
2020-01-03,3056,A,SELL,31.95,541,17284.95
2020-01-03,4113,A,SELL,16.85,1032,17389.2
2020-01-03,2207,A,SELL,677.0,24,16248.0
2020-01-03,3260,A,SELL,69.3,226,15661.8
2020-01-03,8271,A,SELL,42.9,371,15915.9
2020-01-03,1439,A,SELL,32.55,466,15168.3
2020-01-03,4755,A,SELL,48.85,324,15827.4
2020-01-03,2433,A,SELL,56.0,282,15792.0
2020-01-03,1513,A,BUY,25.6,621,15897.6
2020-01-03,3548,A,BUY,96.7,164,15858.800000000001
2020-01-03,1321,A,BUY,39.1,406,15874.6
2020-01-03,2492,A,BUY,255.5,62,15841.0
2020-01-03,5283,A,BUY,108.0,147,15876.0
2020-01-03,6170,A,BUY,18.6,855,15903.000000000002
2020-01-03,2702,A,BUY,22.3,713,15899.9
2020-01-03,8996,A,BUY,58.0,274,15892.0
2020-01-10,6261,A,SELL,52.3,305,15951.5
2020-01-10,8101,A,SELL,5.79,2198,12726.42
2020-01-10,3019,A,SELL,97.0,151,14647.0
2020-01-10,5328,A,SELL,9.1,1567,14259.699999999999
2020-01-10,2456,A,SELL,120.5,127,15303.5
2020-01-10,3548,A,SELL,89.0,164,14596.0
2020-01-10,1321,A,SELL,37.7,406,15306.2
2020-01-10,5283,A,SELL,108.0,147,15876.0
2020-01-10,6170,A,SELL,18.2,855,15561.0
2020-01-10,8996,A,SELL,71.9,56,4026.4000000000005
2020-01-10,4737,A,BUY,87.7,178,15610.6
2020-01-10,2889,A,BUY,11.8,1327,15658.6
2020-01-10,6531,A,BUY,89.0,175,15575.0
2020-01-10,4702,A,BUY,13.7,1143,15659.099999999999
2020-01-10,3260,A,BUY,73.0,214,15622.0
2020-01-10,2851,A,BUY,20.0,783,15660.0
2020-01-10,2312,A,BUY,14.0,1118,15652.0
2020-01-10,8271,A,BUY,42.35,369,15627.15
2020-01-10,4113,A,BUY,16.7,937,15647.9
2020-01-17,2454,B,SELL,420.5,96,40368.0
2020-01-17,2910,A,SELL,34.7,414,14365.800000000001
2020-01-17,1442,A,SELL,19.9,815,16218.499999999998
2020-01-17,2492,A,SELL,229.5,62,14229.0
2020-01-17,2702,A,SELL,19.85,713,14153.050000000001
2020-01-17,4737,A,SELL,85.2,178,15165.6
2020-01-17,4702,A,SELL,11.85,1143,13544.55
2020-01-17,2851,A,SELL,20.1,783,15738.300000000001
2020-01-17,2312,A,SELL,14.5,1118,16211.0
2020-01-17,6279,A,BUY,97.7,161,15729.7
2020-01-17,4716,A,BUY,17.0,929,15793.0
2020-01-17,2838,A,BUY,11.65,1356,15797.4
2020-01-17,5403,A,BUY,45.0,351,15795.0
2020-01-17,2505,A,BUY,21.6,731,15789.6
2020-01-17,6531,A,SELL,118.5,41,4858.5
2020-01-17,1586,A,BUY,37.95,416,15787.2
2020-01-17,2393,A,BUY,38.85,406,15773.1
2020-01-17,1582,A,BUY,93.1,169,15733.9
2020-01-17,2330,B,BUY,333.0,41,13653.0
2020-01-17,6278,B,BUY,113.0,119,13447.0
2020-01-31,3661,B,SELL,230.5,178,41029.0
2020-01-31,6278,B,SELL,99.8,466,46506.799999999996
2020-01-31,2330,B,SELL,320.0,158,50560.0
2020-01-31,3260,A,SELL,70.7,214,15129.800000000001
2020-01-31,8271,A,SELL,42.0,369,15498.0
2020-01-31,4113,A,SELL,15.5,937,14523.5
2020-01-31,6279,A,SELL,93.6,161,15069.599999999999
2020-01-31,2838,A,SELL,11.55,1356,15661.800000000001
2020-01-31,1582,A,SELL,88.8,169,15007.199999999999
2020-01-31,1514,A,BUY,20.9,1186,24787.399999999998
2020-01-31,8996,A,BUY,72.6,123,8929.8
2020-01-31,6531,A,BUY,109.0,93,10137.0
2020-01-31,5269,A,BUY,798.0,31,24738.0
2020-01-31,1513,A,BUY,27.05,295,7979.75
2020-01-31,1586,A,BUY,38.1,234,8915.4
2020-01-31,5403,A,BUY,45.2,197,8904.400000000001
2020-01-31,2505,A,BUY,19.4,547,10611.8
2020-01-31,1907,A,BUY,13.1,1893,24798.3
2020-01-31,4716,A,BUY,16.5,574,9471.0
2020-01-31,4973,A,BUY,31.4,789,24774.6
2020-01-31,2393,A,BUY,37.8,250,9450.0
2020-01-31,4737,A,BUY,85.6,289,24738.399999999998
2020-01-31,2889,A,BUY,11.75,783,9200.25
2020-02-07,4716,A,SELL,16.2,1503,24348.6
2020-02-07,2505,A,SELL,18.2,1278,23259.6
2020-02-07,1907,A,SELL,13.95,1893,26407.35
2020-02-07,4737,A,SELL,83.8,289,24218.2
2020-02-07,8210,A,BUY,99.3,251,24924.3
2020-02-07,3260,A,BUY,72.2,345,24909.0
2020-02-07,2838,A,BUY,11.5,2171,24966.5
2020-02-07,2492,A,BUY,235.0,106,24910.0
2020-02-14,8996,A,SELL,73.2,341,24961.2
2020-02-14,2889,A,SELL,11.65,2110,24581.5
2020-02-14,6531,A,SELL,115.5,227,26218.5
2020-02-14,1586,A,SELL,38.65,650,25122.5
2020-02-14,2393,A,SELL,35.95,656,23583.2
2020-02-14,1514,A,SELL,20.5,1186,24313.0
2020-02-14,8210,A,SELL,100.0,251,25100.0
2020-02-14,2838,A,SELL,11.45,2171,24857.949999999997
2020-02-14,2492,A,SELL,242.0,106,25652.0
2020-02-14,3669,A,BUY,23.4,647,15139.8
2020-02-14,1473,A,BUY,28.2,537,15143.4
2020-02-14,4707,A,BUY,13.0,1165,15145.0
2020-02-14,3515,A,BUY,118.0,128,15104.0
2020-02-14,5269,A,SELL,951.0,15,14265.0
2020-02-14,4973,A,SELL,33.7,339,11424.300000000001
2020-02-14,5403,A,SELL,45.2,212,9582.400000000001
2020-02-14,8131,A,BUY,41.3,366,15115.8
2020-02-14,4133,A,BUY,32.05,472,15127.599999999999
2020-02-14,1513,A,SELL,27.45,363,9964.35
2020-02-14,1439,A,BUY,33.6,451,15153.6
2020-02-14,3260,A,SELL,75.8,145,10991.0
2020-02-14,2327,A,BUY,457.0,33,15081.0
2020-02-14,3056,A,BUY,32.6,464,15126.400000000001
2020-02-14,2851,A,BUY,20.1,754,15155.400000000001
2020-02-14,3227,B,BUY,193.5,783,151510.5
2020-02-21,1513,A,SELL,27.3,553,15096.9
2020-02-21,3260,A,SELL,71.7,200,14340.0
2020-02-21,4133,A,SELL,34.95,472,16496.4
2020-02-21,1439,A,SELL,32.1,451,14477.1
2020-02-21,3056,A,SELL,32.2,464,14940.800000000001
2020-02-21,3227,B,SELL,190.5,783,149161.5
2020-02-21,3669,A,BUY,25.8,290,7482.0
2020-02-21,8454,A,BUY,363.5,66,23991.0
2020-02-21,6183,A,BUY,40.6,596,24197.600000000002
2020-02-21,1473,A,BUY,29.75,276,8211.0
2020-02-21,4707,A,BUY,13.95,569,7937.549999999999
2020-02-21,2376,A,BUY,54.9,440,24156.0
2020-02-21,8996,A,BUY,82.6,292,24119.199999999997
2020-02-21,8131,A,BUY,40.75,227,9250.25
2020-02-21,6531,A,BUY,126.5,191,24161.5
2020-02-21,2851,A,BUY,20.2,443,8948.6
2020-02-21,3515,A,BUY,107.0,98,10486.0
2020-02-21,5403,A,BUY,44.95,202,9079.900000000001
2020-02-21,4973,A,BUY,32.95,284,9357.800000000001
2020-02-21,2327,A,BUY,472.0,18,8496.0
2020-03-06,4973,A,SELL,32.0,734,23488.0
2020-03-06,3515,A,SELL,106.5,226,24069.0
2020-03-06,8131,A,SELL,40.8,593,24194.399999999998
2020-03-06,2327,A,SELL,406.5,51,20731.5
2020-03-06,2851,A,SELL,20.0,1197,23940.0
2020-03-06,6183,A,SELL,40.5,596,24138.0
2020-03-06,2376,A,SELL,52.6,440,23144.0
2020-03-06,8996,A,SELL,70.6,292,20615.199999999997
2020-03-06,3669,A,SELL,35.0,215,7525.0
2020-03-06,4121,A,BUY,21.9,1153,25250.699999999997
2020-03-06,2480,A,BUY,63.2,399,25216.800000000003
2020-03-06,6582,A,BUY,79.6,317,25233.199999999997
2020-03-06,1709,A,BUY,15.7,1609,25261.3
2020-03-06,3293,A,BUY,612.0,41,25092.0
2020-03-06,4133,A,BUY,41.4,610,25254.0
2020-03-06,3532,A,BUY,142.0,177,25134.0
2020-03-06,3706,A,BUY,34.1,740,25234.0
2020-03-06,5269,A,BUY,900.0,12,10800.0
2020-03-13,5403,A,SELL,42.15,538,22676.7
2020-03-13,1473,A,SELL,23.75,813,19308.75
2020-03-13,1709,A,SELL,12.0,1609,19308.0
2020-03-13,3706,A,SELL,28.95,740,21423.0
2020-03-13,1325,A,BUY,34.65,612,21205.8
2020-03-13,6183,A,BUY,38.7,548,21207.600000000002
2020-03-13,2109,A,BUY,11.5,1845,21217.5
2020-03-13,1439,A,BUY,31.7,669,21207.3
2020-03-20,3669,A,SELL,20.2,722,14584.4
2020-03-20,4707,A,SELL,12.0,1734,20808.0
2020-03-20,8454,A,SELL,323.5,66,21351.0
2020-03-20,6531,A,SELL,81.6,191,15585.599999999999
2020-03-20,4121,A,SELL,13.55,1153,15623.150000000001
2020-03-20,2480,A,SELL,51.0,399,20349.0
2020-03-20,6582,A,SELL,63.1,317,20002.7
2020-03-20,3293,A,SELL,474.5,41,19454.5
2020-03-20,6183,A,SELL,36.4,548,19947.2
2020-03-20,2109,A,SELL,10.8,1845,19926.0
2020-03-20,1439,A,SELL,27.0,669,18063.0
2020-03-20,1325,A,BUY,36.2,1018,36851.600000000006
2020-03-20,4133,A,BUY,34.7,1091,37857.700000000004
2020-03-20,2910,A,BUY,29.95,1971,59031.45
2020-03-20,3532,A,BUY,138.0,250,34500.0
2020-03-20,5269,A,BUY,626.0,66,41316.0
2020-04-10,3532,A,SELL,132.0,427,56364.0
2020-04-10,4133,A,BUY,34.55,627,21662.85
2020-04-10,2910,A,BUY,29.75,732,21777.0
2020-04-17,8454,A,BUY,451.0,63,28413.0
2020-04-17,1325,A,SELL,53.0,360,19080.0
2020-04-17,2910,A,SELL,31.3,554,17340.2
2020-04-17,4133,A,SELL,36.55,487,17799.85
2020-04-24,8454,A,BUY,477.0,90,42930.0
2020-05-08,2910,A,SELL,31.75,2149,68230.75
2020-05-08,9919,A,BUY,36.6,1059,38759.4
2020-05-08,8034,A,BUY,27.25,1423,38776.75
2020-05-08,6531,A,BUY,197.0,9,1773.0
2020-05-08,8454,A,SELL,579.0,86,49794.0
2020-05-08,1762,A,BUY,55.6,697,38753.200000000004
2020-05-08,2505,A,BUY,23.1,475,10972.5
2020-05-08,5269,A,SELL,866.0,49,42434.0
2020-05-15,5269,A,SELL,1050.0,45,47250.0
2020-05-15,8454,A,SELL,489.5,67,32796.5
2020-05-15,9919,A,SELL,26.6,1059,28169.4
2020-05-15,2505,A,SELL,19.65,475,9333.75
2020-05-15,4736,A,BUY,289.0,107,30923.0
2020-05-15,5478,A,BUY,105.0,296,31080.0
2020-05-15,2614,A,BUY,15.75,1977,31137.75
2020-05-15,2421,A,BUY,49.5,629,31135.5
2020-05-15,6270,A,BUY,17.2,1811,31149.199999999997
2020-05-15,6531,A,BUY,238.0,17,4046.0
2020-05-15,8034,A,SELL,30.4,398,12099.199999999999
2020-05-15,5471,A,BUY,57.5,210,12075.0
2020-05-15,1325,A,SELL,113.0,994,112322.0
2020-05-15,2493,A,BUY,33.3,935,31135.499999999996
2020-05-15,1215,A,BUY,70.3,443,31142.899999999998
2020-05-15,1762,A,SELL,64.0,210,13440.0
2020-05-15,1615,A,BUY,22.2,1403,31146.6
2020-05-15,4133,A,SELL,53.7,1260,67662.0
2020-05-15,2020,A,BUY,17.7,1760,31152.0
2020-05-22,6531,A,SELL,207.0,26,5382.0
2020-05-22,1762,A,SELL,65.3,487,31801.1
2020-05-22,2614,A,SELL,15.55,1977,30742.350000000002
2020-05-22,5471,A,SELL,57.1,210,11991.0
2020-05-22,1615,A,SELL,21.9,1403,30725.699999999997
2020-05-22,2020,A,SELL,17.7,1760,31152.0
2020-05-22,1325,A,SELL,178.0,161,28658.0
2020-05-22,8034,A,SELL,41.7,536,22351.2
2020-05-22,5478,A,SELL,119.0,124,14756.0
2020-05-22,3533,A,BUY,396.5,51,20221.5
2020-05-22,3218,A,BUY,141.0,144,20304.0
2020-05-22,6270,A,SELL,18.4,704,12953.599999999999
2020-05-22,2421,A,SELL,51.4,232,11924.8
2020-05-22,6509,A,BUY,21.55,944,20343.2
2020-05-22,2493,A,SELL,34.6,346,11971.6
2020-05-22,5604,A,BUY,58.1,350,20335.0
2020-05-22,5269,A,BUY,1170.0,17,19890.0
2020-05-22,5465,A,BUY,15.9,1280,20352.0
2020-05-22,1215,A,SELL,71.5,158,11297.0
2020-05-22,4736,A,SELL,280.0,34,9520.0
2020-05-22,4133,A,SELL,67.7,280,18956.0
2020-05-22,1760,B,BUY,165.0,616,101640.0
2020-05-22,2368,B,BUY,33.35,3052,101784.2
2020-05-29,4133,A,SELL,70.8,301,21310.8
2020-05-29,4736,A,SELL,293.0,73,21389.0
2020-05-29,5478,A,SELL,107.0,172,18404.0
2020-05-29,6270,A,SELL,18.55,1107,20534.850000000002
2020-05-29,2493,A,SELL,34.65,589,20408.85
2020-05-29,1215,A,SELL,72.4,285,20634.0
2020-05-29,3533,A,SELL,403.0,51,20553.0
2020-05-29,6509,A,SELL,20.45,944,19304.8
2020-05-29,5269,A,SELL,1135.0,17,19295.0
2020-05-29,5465,A,SELL,15.55,1280,19904.0
2020-05-29,3325,A,BUY,18.3,1100,20130.0
2020-05-29,3416,A,BUY,61.5,327,20110.5
2020-05-29,3257,A,BUY,71.3,282,20106.6
2020-05-29,5439,A,BUY,49.95,403,20129.850000000002
2020-05-29,1526,A,BUY,33.35,603,20110.05
2020-05-29,1309,A,BUY,13.85,1454,20137.899999999998
2020-05-29,8933,A,BUY,8.98,2242,20133.16
2020-05-29,6561,A,BUY,408.5,49,20016.5
2020-05-29,2347,A,BUY,44.4,453,20113.2
2020-05-29,5306,A,BUY,118.0,170,20060.0
2020-05-29,8069,A,BUY,40.6,496,20137.600000000002
2020-06-05,1325,A,SELL,189.0,115,21735.0
2020-06-05,8034,A,SELL,22.5,489,11002.5
2020-06-05,2421,A,SELL,52.7,397,20921.9
2020-06-05,3218,A,SELL,156.0,144,22464.0
2020-06-05,5604,A,SELL,60.1,350,21035.0
2020-06-05,8933,A,SELL,8.73,2242,19572.66
2020-06-05,6561,A,SELL,391.5,49,19183.5
2020-06-05,2347,A,SELL,45.25,453,20498.25
2020-06-05,8069,A,SELL,40.8,496,20236.8
2020-06-05,1785,A,BUY,30.6,650,19890.0
2020-06-05,5403,A,BUY,52.5,379,19897.5
2020-06-05,2348,A,BUY,81.6,243,19828.8
2020-06-05,2480,A,BUY,74.2,268,19885.600000000002
2020-06-05,6270,A,BUY,19.7,1010,19897.0
2020-06-05,6531,A,BUY,271.5,73,19819.5
2020-06-05,2636,A,BUY,26.2,759,19885.8
2020-06-05,2467,A,BUY,33.0,603,19899.0
2020-06-12,3325,A,SELL,19.1,1100,21010.0
2020-06-12,3416,A,SELL,61.1,327,19979.7
2020-06-12,5439,A,SELL,49.75,403,20049.25
2020-06-12,1526,A,SELL,30.3,603,18270.9
2020-06-12,1309,A,SELL,14.55,1454,21155.7
2020-06-12,5403,A,SELL,53.0,379,20087.0
2020-06-12,2348,A,SELL,75.0,243,18225.0
2020-06-12,2480,A,SELL,71.3,268,19108.399999999998
2020-06-12,6270,A,SELL,18.75,1010,18937.5
2020-06-12,6531,A,SELL,298.0,73,21754.0
2020-06-12,2636,A,SELL,26.35,759,19999.65
2020-06-12,2467,A,SELL,27.15,603,16371.449999999999
2020-06-12,5604,A,BUY,69.5,275,19112.5
2020-06-12,3540,A,BUY,35.4,541,19151.399999999998
2020-06-12,2417,A,BUY,22.85,839,19171.15
2020-06-12,1434,A,BUY,38.4,499,19161.6
2020-06-12,3218,A,BUY,161.5,118,19057.0
2020-06-12,2458,A,BUY,126.5,151,19101.5
2020-06-12,2020,A,BUY,18.5,1036,19166.0
2020-06-12,4729,A,BUY,23.0,833,19159.0
2020-06-12,2616,A,BUY,31.05,617,19157.850000000002
2020-06-12,2347,A,BUY,46.05,416,19156.8
2020-06-12,5534,A,BUY,88.8,215,19092.0
2020-06-12,1760,B,SELL,126.0,235,29610.0
2020-06-12,3661,B,BUY,361.0,132,47652.0
2020-06-12,4133,B,BUY,70.0,420,29400.0
2020-06-12,2368,B,SELL,32.45,1574,51076.3
2020-06-19,5306,A,SELL,150.0,170,25500.0
2020-06-19,1434,A,SELL,39.95,499,19935.050000000003
2020-06-19,3218,A,SELL,173.5,118,20473.0
2020-06-19,2458,A,SELL,126.5,151,19101.5
2020-06-19,2020,A,SELL,16.3,1036,16886.8
2020-06-19,2616,A,SELL,31.0,617,19127.0
2020-06-19,2347,A,SELL,40.8,416,16972.8
2020-06-19,5534,A,SELL,86.2,215,18533.0
2020-06-19,8099,A,BUY,24.5,827,20261.5
2020-06-19,1474,A,BUY,20.85,972,20266.2
2020-06-19,6205,A,BUY,37.8,536,20260.8
2020-06-19,2390,A,BUY,17.65,1148,20262.199999999997
2020-06-19,1785,A,SELL,40.3,147,5924.099999999999
2020-06-19,4167,A,BUY,41.9,483,20237.7
2020-06-19,1604,A,BUY,21.6,938,20260.800000000003
2020-06-19,5609,A,BUY,38.7,523,20240.100000000002
2020-06-19,2636,A,BUY,27.5,737,20267.5
2020-07-03,1760,B,SELL,134.5,381,51244.5
2020-07-03,2368,B,SELL,34.5,1478,50991.0
2020-07-03,3257,A,SELL,84.6,282,23857.199999999997
2020-07-03,5604,A,SELL,60.0,275,16500.0
2020-07-03,4729,A,SELL,21.65,833,18034.449999999997
2020-07-03,4133,B,SELL,111.5,420,46830.0
2020-07-03,8099,A,SELL,23.1,827,19103.7
2020-07-03,1474,A,SELL,16.6,972,16135.2
2020-07-03,6205,A,SELL,38.2,536,20475.2
2020-07-03,2390,A,SELL,16.8,1148,19286.4
2020-07-03,4167,A,SELL,39.75,483,19199.25
2020-07-03,1604,A,SELL,20.75,938,19463.5
2020-07-03,5609,A,SELL,41.35,523,21626.05
2020-07-03,8933,A,BUY,16.0,1419,22704.0
2020-07-03,3231,A,BUY,37.2,610,22692.0
2020-07-03,3228,A,BUY,79.5,285,22657.5
2020-07-03,6414,A,BUY,284.5,79,22475.5
2020-07-03,3325,A,BUY,26.2,866,22689.2
2020-07-03,6104,A,BUY,67.0,339,22713.0
2020-07-03,3293,A,BUY,805.0,28,22540.0
2020-07-03,2454,A,BUY,585.0,38,22230.0
2020-07-03,2414,A,BUY,26.7,850,22695.0
2020-07-03,5306,A,BUY,150.0,151,22650.0
2020-07-03,1325,B,BUY,162.0,436,70632.0
2020-07-03,3374,B,BUY,119.5,591,70624.5
2020-07-10,1785,A,SELL,47.0,503,23641.0
2020-07-10,3540,A,SELL,40.0,541,21640.0
2020-07-10,2636,A,SELL,28.6,737,21078.2
2020-07-10,8933,A,SELL,14.55,1419,20646.45
2020-07-10,3231,A,SELL,32.55,610,19855.5
2020-07-10,3228,A,SELL,59.0,285,16815.0
2020-07-10,6414,A,SELL,272.5,79,21527.5
2020-07-10,3293,A,SELL,805.0,28,22540.0
2020-07-10,1325,B,SELL,162.0,436,70632.0
2020-07-10,8390,A,BUY,30.6,695,21267.0
2020-07-10,6477,A,BUY,28.7,741,21266.7
2020-07-10,6223,A,BUY,136.0,156,21216.0
2020-07-10,1598,A,BUY,68.0,313,21284.0
2020-07-10,4133,A,BUY,151.0,140,21140.0
2020-07-10,2417,A,SELL,35.3,236,8330.8
2020-07-10,3406,A,BUY,773.0,27,20871.0
2020-07-10,8103,A,BUY,31.0,686,21266.0
2020-07-10,2379,A,BUY,359.5,59,21210.5
2020-07-10,5410,A,BUY,22.9,929,21274.1
2020-07-10,6674,A,BUY,33.6,633,21268.8
2020-07-10,3374,B,BUY,128.0,240,30720.0
2020-07-10,3661,B,BUY,522.0,54,28188.0
2020-07-17,3661,B,SELL,480.0,186,89280.0
2020-07-17,3325,A,SELL,28.65,866,24810.899999999998
2020-07-17,6104,A,SELL,70.0,339,23730.0
2020-07-17,5306,A,SELL,168.0,151,25368.0
2020-07-17,8390,A,SELL,27.4,695,19043.0
2020-07-17,6223,A,SELL,122.0,156,19032.0
2020-07-17,1598,A,SELL,63.9,313,20000.7
2020-07-17,6674,A,SELL,32.3,633,20445.899999999998
2020-07-17,6156,A,BUY,17.2,1176,20227.2
2020-07-17,9914,A,BUY,250.0,80,20000.0
2020-07-17,1722,A,BUY,57.4,352,20204.8
2020-07-17,2382,A,BUY,78.0,259,20202.0
2020-07-17,2330,A,BUY,367.0,55,20185.0
2020-07-17,9921,A,BUY,305.5,66,20163.0
2020-07-17,3027,A,BUY,11.4,1775,20235.0
2020-07-17,1604,A,BUY,23.25,870,20227.5
2020-07-17,3406,B,BUY,725.0,42,30450.0
2020-07-17,2454,B,BUY,607.0,45,27315.0
2020-07-17,3374,B,SELL,121.5,414,50301.0
2020-07-17,3293,B,BUY,733.0,69,50577.0
2020-07-24,2417,A,SELL,36.95,603,22280.850000000002
2020-07-24,2414,A,SELL,27.3,850,23205.0
2020-07-24,4133,A,SELL,78.3,140,10962.0
2020-07-24,5410,A,SELL,21.75,929,20205.75
2020-07-24,9914,A,SELL,250.0,80,20000.0
2020-07-24,1722,A,SELL,56.8,352,19993.6
2020-07-24,9921,A,SELL,304.0,66,20064.0
2020-07-24,3027,A,SELL,11.5,1775,20412.5
2020-07-24,1604,A,SELL,22.9,870,19923.0
2020-07-24,3293,B,SELL,734.0,69,50646.0
2020-07-24,3540,A,BUY,64.7,312,20186.4
2020-07-24,3702,A,BUY,44.5,454,20203.0
2020-07-24,4755,A,BUY,71.2,283,20149.600000000002
2020-07-24,6477,A,SELL,35.0,163,5705.0
2020-07-24,6104,A,BUY,82.4,245,20188.0
2020-07-24,6257,A,BUY,46.4,435,20184.0
2020-07-24,1598,A,BUY,68.5,295,20207.5
2020-07-24,2441,A,BUY,51.5,392,20188.0
2020-07-24,2458,A,BUY,145.0,139,20155.0
2020-07-24,3661,B,BUY,529.0,95,50255.0
2020-07-31,8103,A,SELL,30.8,686,21128.8
2020-07-31,6104,A,SELL,77.4,245,18963.0
2020-07-31,6257,A,SELL,43.7,435,19009.5
2020-07-31,2458,A,SELL,157.0,139,21823.0
2020-07-31,3661,B,SELL,599.0,95,56905.0
2020-07-31,2303,A,BUY,22.35,942,21053.7
2020-07-31,2376,A,BUY,84.0,250,21000.0
2020-07-31,5347,A,BUY,95.2,221,21039.2
2020-07-31,2348,A,BUY,86.2,244,21032.8
2020-07-31,9914,A,BUY,270.5,77,20828.5
2020-07-31,3406,B,BUY,678.0,34,23052.0
2020-07-31,3374,B,BUY,126.0,140,17640.0
2020-08-07,3374,B,SELL,126.5,557,70460.5
2020-08-07,6477,A,SELL,37.25,578,21530.5
2020-08-07,6156,A,SELL,19.45,1176,22873.2
2020-08-07,2382,A,SELL,76.0,259,19684.0
2020-08-07,3540,A,SELL,70.1,312,21871.199999999997
2020-08-07,3702,A,SELL,39.95,454,18137.300000000003
2020-08-07,4755,A,SELL,75.8,283,21451.399999999998
2020-08-07,2441,A,SELL,52.6,392,20619.2
2020-08-07,2376,A,SELL,82.4,250,20600.0
2020-08-07,5347,A,SELL,89.7,221,19823.7
2020-08-07,2348,A,SELL,89.9,244,21935.600000000002
2020-08-07,9914,A,SELL,269.5,77,20751.5
2020-08-07,3669,A,BUY,76.0,298,22648.0
2020-08-07,3679,A,BUY,87.2,259,22584.8
2020-08-07,8046,A,BUY,113.5,199,22586.5
2020-08-07,1712,A,BUY,19.95,1136,22663.2
2020-08-07,1526,A,BUY,45.6,497,22663.2
2020-08-07,2417,A,BUY,43.25,524,22663.0
2020-08-07,2505,A,BUY,31.5,719,22648.5
2020-08-07,5609,A,BUY,46.0,492,22632.0
2020-08-07,3661,A,BUY,670.0,33,22110.0
2020-08-07,6179,A,BUY,43.1,525,22627.5
2020-08-07,2454,B,BUY,705.0,67,47235.0
2020-08-07,3406,B,BUY,661.0,57,37677.0
2020-08-14,2379,A,SELL,406.5,59,23983.5
2020-08-14,1526,A,SELL,43.35,497,21544.95
2020-08-14,3661,A,SELL,661.0,33,21813.0
2020-08-14,6179,A,SELL,39.8,525,20895.0
2020-08-14,1598,A,SELL,94.8,64,6067.2
2020-08-14,3669,A,SELL,93.0,63,5859.0
2020-08-14,5609,A,SELL,55.8,100,5580.0
2020-08-14,3416,A,BUY,68.4,319,21819.600000000002
2020-08-14,8046,A,SELL,144.0,47,6768.0
2020-08-14,2348,A,BUY,90.1,242,21804.199999999997
2020-08-14,3037,A,BUY,85.0,256,21760.0
2020-08-14,1541,A,BUY,53.3,409,21799.699999999997
2020-08-14,6414,A,BUY,300.5,72,21636.0
2020-08-21,2454,B,SELL,604.0,150,90600.0
2020-08-21,3406,B,SELL,613.0,160,98080.0
2020-08-21,1712,A,SELL,21.4,1136,24310.399999999998
2020-08-21,2505,A,SELL,29.95,719,21534.05
2020-08-21,3416,A,SELL,67.2,319,21436.8
2020-08-21,1541,A,SELL,54.3,409,22208.699999999997
2020-08-21,6414,A,SELL,305.5,72,21996.0
2020-08-21,2603,A,BUY,15.2,1397,21234.399999999998
2020-08-21,1586,A,BUY,46.75,454,21224.5
2020-08-21,3703,A,BUY,17.3,1227,21227.100000000002
2020-08-21,2540,A,BUY,41.65,509,21199.85
2020-08-21,5508,A,BUY,38.0,558,21204.0
2020-08-21,2417,A,SELL,56.4,147,8290.8
2020-08-21,1313,A,BUY,12.5,1698,21225.0
2020-08-21,8478,A,BUY,48.0,442,21216.0
2020-08-21,3218,A,BUY,240.0,88,21120.0
2020-08-21,2330,B,BUY,424.5,70,29715.0
2020-08-21,3037,B,BUY,80.6,402,32401.199999999997
2020-08-21,2303,B,BUY,21.8,1493,32547.4
2020-08-21,8046,B,BUY,140.5,225,31612.5
2020-08-28,3679,A,SELL,91.1,259,23594.899999999998
2020-08-28,2348,A,SELL,93.2,242,22554.4
2020-08-28,5508,A,SELL,37.8,558,21092.399999999998
2020-08-28,8478,A,SELL,50.9,442,22497.8
2020-08-28,3218,A,SELL,244.0,88,21472.0
2020-08-28,3669,A,SELL,143.0,81,11583.0
2020-08-28,6244,A,BUY,20.5,1067,21873.5
2020-08-28,1598,A,SELL,126.0,57,7182.0
2020-08-28,3055,A,BUY,44.3,493,21839.899999999998
2020-08-28,3540,A,BUY,87.2,250,21800.0
2020-08-28,3024,A,BUY,14.5,1508,21866.0
2020-08-28,1309,A,BUY,21.85,1001,21871.850000000002
2020-09-04,2303,B,SELL,21.45,2435,52230.75
2020-09-04,1586,A,SELL,44.0,454,19976.0
2020-09-04,1313,A,SELL,13.3,1698,22583.4
2020-09-04,3055,A,SELL,34.75,493,17131.75
2020-09-04,3540,A,SELL,79.8,250,19950.0
2020-09-04,3024,A,SELL,13.85,1508,20885.8
2020-09-04,1309,A,SELL,23.65,1001,23673.649999999998
2020-09-04,1513,A,BUY,46.6,490,22834.0
2020-09-04,2417,A,SELL,79.0,87,6873.0
2020-09-04,3416,A,BUY,77.5,294,22785.0
2020-09-04,6244,A,SELL,27.9,247,6891.299999999999
2020-09-04,2006,A,BUY,28.95,789,22841.55
2020-09-04,8478,A,BUY,59.2,386,22851.2
2020-09-04,3078,A,BUY,48.5,471,22843.5
2020-09-04,2460,A,BUY,13.25,1724,22843.0
2020-09-04,4933,A,BUY,31.45,726,22832.7
2020-09-04,3017,B,BUY,68.1,838,57067.799999999996
2020-09-11,1598,A,SELL,125.0,174,21750.0
2020-09-11,3669,A,SELL,105.0,154,16170.0
2020-09-11,2417,A,SELL,58.3,290,16907.0
2020-09-11,5609,A,SELL,60.0,392,23520.0
2020-09-11,2540,A,SELL,55.2,509,28096.800000000003
2020-09-11,6244,A,SELL,24.2,820,19844.0
2020-09-11,3416,A,SELL,72.9,294,21432.600000000002
2020-09-11,3078,A,SELL,43.95,471,20700.45
2020-09-11,2460,A,SELL,13.05,1724,22498.2
2020-09-11,4933,A,SELL,30.4,726,22070.399999999998
2020-09-11,3017,B,SELL,62.5,838,52375.0
2020-09-11,8924,A,BUY,61.2,350,21420.0
2020-09-11,1309,A,BUY,29.3,732,21447.600000000002
2020-09-11,1304,A,BUY,16.2,1325,21465.0
2020-09-11,8938,A,BUY,38.5,557,21444.5
2020-09-11,6194,A,BUY,34.85,616,21467.600000000002
2020-09-11,1612,A,BUY,15.2,1412,21462.399999999998
2020-09-11,3704,A,BUY,25.0,858,21450.0
2020-09-11,8111,A,BUY,16.8,1278,21470.4
2020-09-11,2032,A,BUY,10.15,2115,21467.25
2020-09-11,1313,A,BUY,13.2,1626,21463.199999999997
2020-09-11,2303,B,BUY,23.0,2333,53659.0
2020-09-18,2603,A,SELL,16.05,1397,22421.850000000002
2020-09-18,3703,A,SELL,20.25,1227,24846.75
2020-09-18,1309,A,SELL,31.0,732,22692.0
2020-09-18,8938,A,SELL,40.0,557,22280.0
2020-09-18,1612,A,SELL,15.05,1412,21250.600000000002
2020-09-18,3704,A,SELL,25.8,858,22136.4
2020-09-18,1313,A,SELL,13.65,1626,22194.9
2020-09-18,8478,A,SELL,74.9,86,6441.400000000001
2020-09-18,6233,A,BUY,25.1,894,22439.4
2020-09-18,2302,A,BUY,14.85,1512,22453.2
2020-09-18,4934,A,BUY,34.8,645,22445.999999999996
2020-09-18,2540,A,BUY,62.4,359,22401.6
2020-09-18,2010,A,BUY,11.3,1987,22453.100000000002
2020-09-18,2504,A,BUY,24.1,932,22461.2
2020-09-18,3416,A,BUY,77.6,289,22426.399999999998
2020-09-25,1513,A,SELL,42.65,490,20898.5
2020-09-25,2006,A,SELL,28.05,789,22131.45
2020-09-25,1304,A,SELL,15.6,1325,20670.0
2020-09-25,2032,A,SELL,9.34,2115,19754.1
2020-09-25,2010,A,SELL,10.4,1987,20664.8
2020-09-25,3416,A,SELL,72.9,289,21068.100000000002
2020-09-25,3027,A,BUY,20.45,1085,22188.25
2020-09-25,3228,A,BUY,92.0,241,22172.0
2020-09-25,6125,A,BUY,27.15,817,22181.55
2020-09-25,1609,A,BUY,16.1,1378,22185.800000000003
2020-10-16,8046,B,SELL,124.5,377,46936.5
2020-10-16,8478,A,SELL,55.8,300,16740.0
2020-10-16,8924,A,SELL,60.8,350,21280.0
2020-10-16,6194,A,SELL,33.25,616,20482.0
2020-10-16,4934,A,SELL,30.9,645,19930.5
2020-10-16,2540,A,SELL,56.3,359,20211.7
2020-10-16,2504,A,SELL,25.95,932,24185.399999999998
2020-10-16,3228,A,SELL,96.0,241,23136.0
2020-10-16,6283,A,BUY,39.5,661,26109.5
2020-10-16,1507,A,BUY,65.5,398,26069.0
2020-10-16,6443,A,BUY,35.05,745,26112.249999999996
2020-10-16,1519,A,BUY,50.4,518,26107.2
2020-10-16,1532,A,BUY,32.7,798,26094.600000000002
2020-10-16,3703,A,BUY,24.4,1070,26108.0
2020-10-16,2603,A,BUY,17.65,1479,26104.35
2020-10-16,2303,B,SELL,30.65,486,14895.9
2020-10-16,3708,B,BUY,166.0,340,56440.0
2020-10-23,8111,A,SELL,17.45,1278,22301.1
2020-10-23,6233,A,SELL,25.5,894,22797.0
2020-10-23,3027,A,SELL,23.2,1085,25172.0
2020-10-23,1532,A,SELL,34.3,798,27371.399999999998
2020-10-23,2908,A,BUY,26.0,1023,26598.0
2020-10-23,8936,A,BUY,21.9,1214,26586.6
2020-10-23,1304,A,BUY,17.15,1551,26599.649999999998
2020-10-23,3228,A,BUY,103.0,258,26574.0
2020-10-30,2330,B,SELL,432.0,125,54000.0
2020-10-30,3037,B,SELL,68.2,658,44875.6
2020-10-30,2302,A,SELL,17.1,1512,25855.2
2020-10-30,6283,A,SELL,34.1,661,22540.100000000002
2020-10-30,3703,A,SELL,24.35,1070,26054.5
2020-10-30,3708,B,SELL,158.0,340,53720.0
2020-10-30,3228,A,SELL,91.0,258,23478.0
2020-10-30,2108,A,BUY,77.2,475,36670.0
2020-10-30,3010,A,BUY,63.7,575,36627.5
2020-10-30,2908,A,BUY,25.15,435,10940.25
2020-10-30,1907,A,BUY,19.4,1891,36685.399999999994
2020-10-30,6558,A,BUY,50.5,726,36663.0
2020-10-30,2303,A,SELL,30.7,651,19985.7
2020-10-30,1304,A,BUY,17.65,527,9301.55
2020-10-30,8936,A,BUY,21.6,484,10454.400000000001
2020-10-30,1507,A,BUY,63.9,176,11246.4
2020-10-30,1519,A,BUY,50.8,204,10363.199999999999
2020-10-30,1513,A,BUY,48.15,761,36642.15
2020-11-06,1609,A,SELL,20.15,1378,27766.699999999997
2020-11-06,6443,A,SELL,35.0,745,26075.0
2020-11-06,8936,A,SELL,22.3,1698,37865.4
2020-11-06,2603,A,SELL,20.35,376,7651.6
2020-11-06,6125,A,SELL,36.15,196,7085.4
2020-11-06,1907,A,SELL,20.6,802,16521.2
2020-11-06,3010,A,SELL,63.8,223,14227.4
2020-11-06,2108,A,SELL,72.2,164,11840.800000000001
2020-11-06,6558,A,SELL,54.8,316,17316.8
2020-11-06,1507,A,SELL,65.1,229,14907.899999999998
2020-11-06,2908,A,SELL,26.35,606,15968.1
2020-11-06,2010,A,BUY,11.65,1925,22426.25
2020-11-06,1304,A,SELL,19.0,897,17043.0
2020-11-06,2302,A,BUY,18.85,1189,22412.65
2020-11-06,1313,A,BUY,13.7,1637,22426.899999999998
2020-11-06,2006,A,BUY,30.6,732,22399.2
2020-11-06,1612,A,BUY,14.7,1525,22417.5
2020-11-06,1519,A,SELL,51.1,283,14461.300000000001
2020-11-06,2303,B,BUY,30.5,1255,38277.5
2020-11-06,1513,B,BUY,50.0,734,36700.0
2020-11-06,3708,B,BUY,167.5,446,74705.0
2020-11-13,6125,A,SELL,36.5,621,22666.5
2020-11-13,1519,A,SELL,49.05,439,21532.949999999997
2020-11-13,2108,A,SELL,62.5,311,19437.5
2020-11-13,1907,A,SELL,22.35,1089,24339.15
2020-11-13,6558,A,SELL,52.0,410,21320.0
2020-11-13,2302,A,SELL,19.8,1189,23542.2
2020-11-13,2006,A,SELL,30.6,732,22399.2
2020-11-13,1612,A,SELL,15.35,1525,23408.75
2020-11-13,3708,B,SELL,168.0,446,74928.0
2020-11-13,3092,A,BUY,57.1,395,22554.5
2020-11-13,2727,A,BUY,99.8,226,22554.8
2020-11-13,2467,A,BUY,34.2,660,22572.000000000004
2020-11-13,6245,A,BUY,69.7,323,22513.100000000002
2020-11-13,3374,A,BUY,175.0,128,22400.0
2020-11-13,5871,A,BUY,159.0,141,22419.0
2020-11-13,4930,A,BUY,18.35,1230,22570.5
2020-11-13,1604,A,BUY,25.45,886,22548.7
2020-11-13,8938,A,BUY,42.9,526,22565.399999999998
2020-11-13,2603,B,BUY,20.1,2640,53064.00000000001
2020-11-20,2303,B,SELL,33.05,2451,81005.54999999999
2020-11-20,1507,A,SELL,66.2,345,22839.0
2020-11-20,2908,A,SELL,26.8,852,22833.600000000002
2020-11-20,1304,A,SELL,19.8,1181,23383.8
2020-11-20,1313,A,SELL,15.65,1637,25619.05
2020-11-20,6245,A,SELL,67.5,323,21802.5
2020-11-20,8938,A,SELL,43.75,526,23012.5
2020-11-20,2028,A,BUY,16.3,1449,23618.7
2020-11-20,5014,A,BUY,13.6,1736,23609.6
2020-11-20,2723,A,BUY,143.0,165,23595.0
2020-11-20,3048,A,BUY,21.6,1093,23608.800000000003
2020-11-20,4968,A,BUY,352.0,67,23584.0
2020-11-20,1104,A,BUY,23.25,1015,23598.75
2020-11-20,3017,B,BUY,76.5,1029,78718.5
2020-11-27,1513,B,SELL,56.7,1495,84766.5
2020-11-27,2010,A,SELL,13.45,1925,25891.25
2020-11-27,3092,A,SELL,55.5,395,21922.5
2020-11-27,2467,A,SELL,34.5,660,22770.0
2020-11-27,5871,A,SELL,160.5,141,22630.5
2020-11-27,4930,A,SELL,19.45,1230,23923.5
2020-11-27,2028,A,SELL,16.8,1449,24343.2
2020-11-27,5014,A,SELL,13.0,1736,22568.0
2020-11-27,2723,A,SELL,144.5,165,23842.5
2020-11-27,3017,B,SELL,75.0,1029,77175.0
2020-11-27,3530,A,BUY,135.0,180,24300.0
2020-11-27,6205,A,BUY,49.65,491,24378.149999999998
2020-11-27,3311,A,BUY,34.0,717,24378.0
2020-11-27,8255,A,BUY,100.0,244,24400.0
2020-11-27,3025,A,BUY,29.15,837,24398.55
2020-11-27,3622,A,BUY,32.0,762,24384.0
2020-11-27,2352,A,BUY,22.95,1063,24395.85
2020-11-27,1313,A,BUY,17.2,1419,24406.8
2020-11-27,3374,B,BUY,177.0,216,38232.0
2020-11-27,2603,B,SELL,25.1,1311,32906.1
2020-11-27,8046,B,BUY,171.0,356,60876.0
2020-11-27,4968,B,BUY,337.5,113,38137.5
2020-12-04,3010,A,SELL,76.4,352,26892.800000000003
2020-12-04,1604,A,SELL,26.4,886,23390.399999999998
2020-12-04,3048,A,SELL,22.95,1093,25084.35
2020-12-04,1104,A,SELL,22.4,1015,22736.0
2020-12-04,6205,A,SELL,48.95,491,24034.45
2020-12-04,3311,A,SELL,33.35,717,23911.95
2020-12-04,3622,A,SELL,31.65,762,24117.3
2020-12-04,1313,A,SELL,17.15,1419,24335.85
2020-12-04,6488,A,BUY,665.0,36,23940.0
2020-12-04,5483,A,BUY,160.0,152,24320.0
2020-12-04,5508,A,BUY,44.95,541,24317.95
2020-12-04,5498,A,BUY,14.15,1720,24338.0
2020-12-04,2727,A,SELL,139.5,51,7114.5
2020-12-04,2408,A,BUY,87.6,277,24265.199999999997
2020-12-04,5522,A,BUY,53.5,455,24342.5
2020-12-04,8927,A,BUY,19.9,1223,24337.699999999997
2020-12-04,2332,A,BUY,27.25,893,24334.25
2020-12-04,2375,A,BUY,71.6,340,24343.999999999996
2020-12-11,2727,A,SELL,137.0,175,23975.0
2020-12-11,4968,B,SELL,334.0,180,60120.0
2020-12-11,3530,A,SELL,133.0,180,23940.0
2020-12-11,8255,A,SELL,108.0,244,26352.0
2020-12-11,2352,A,SELL,26.0,1063,27638.0
2020-12-11,8046,B,SELL,173.5,356,61766.0
2020-12-11,6488,A,SELL,613.0,36,22068.0
2020-12-11,5508,A,SELL,41.45,541,22424.45
2020-12-11,5498,A,SELL,15.0,1720,25800.0
2020-12-11,2408,A,SELL,85.3,277,23628.1
2020-12-11,5522,A,SELL,54.2,455,24661.0
2020-12-11,8927,A,SELL,17.4,1223,21280.199999999997
2020-12-11,2375,A,SELL,69.7,340,23698.0
2020-12-11,4961,A,BUY,71.3,350,24955.0
2020-12-11,5864,A,BUY,11.9,2103,25025.7
2020-12-11,3025,A,SELL,40.0,211,8440.0
2020-12-11,6116,A,BUY,12.95,1932,25019.399999999998
2020-12-11,8112,A,BUY,34.6,723,25015.8
2020-12-11,2338,A,BUY,43.2,579,25012.800000000003
2020-12-11,3228,A,BUY,207.5,120,24900.0
2020-12-11,2327,A,BUY,518.0,48,24864.0
2020-12-11,3059,A,BUY,34.3,729,25004.699999999997
2020-12-11,2462,A,BUY,31.45,795,25002.75
2020-12-11,2020,A,BUY,18.5,1352,25012.0
2020-12-11,2030,A,BUY,13.0,1925,25025.0
2020-12-11,3484,A,BUY,62.0,403,24986.0
2020-12-11,3481,B,BUY,13.3,4704,62563.200000000004
2020-12-11,2344,B,BUY,24.0,2606,62544.0
2020-12-18,3374,B,SELL,171.5,344,58996.0
2020-12-18,3025,A,SELL,42.75,626,26761.5
2020-12-18,5483,A,SELL,161.5,152,24548.0
2020-12-18,5864,A,SELL,11.6,2103,24394.8
2020-12-18,6116,A,SELL,12.6,1932,24343.2
2020-12-18,8112,A,SELL,34.1,723,24654.3
2020-12-18,2338,A,SELL,40.65,579,23536.35
2020-12-18,3228,A,SELL,193.5,120,23220.0
2020-12-18,2327,A,SELL,485.5,48,23304.0
2020-12-18,3059,A,SELL,33.2,729,24202.800000000003
2020-12-18,3484,A,SELL,57.3,403,23091.899999999998
2020-12-18,2344,B,SELL,24.05,2606,62674.3
2020-12-18,4961,A,SELL,92.0,74,6808.0
2020-12-18,8255,A,BUY,112.5,225,25312.5
2020-12-18,1218,A,BUY,25.8,981,25309.8
2020-12-18,2608,A,BUY,43.7,579,25302.300000000003
2020-12-18,2352,A,BUY,27.25,929,25315.25
2020-12-18,2460,A,BUY,19.4,1305,25316.999999999996
2020-12-18,3144,A,BUY,35.75,708,25311.0
2020-12-18,2014,A,BUY,14.35,1765,25327.75
2020-12-18,2436,A,BUY,51.3,493,25290.899999999998
2020-12-18,2457,A,BUY,16.7,1516,25317.2
2020-12-18,2330,B,BUY,510.0,124,63240.0
2020-12-18,2303,B,BUY,45.85,1381,63318.85
2020-12-25,2332,A,SELL,28.2,893,25182.6
2020-12-25,2462,A,SELL,30.3,795,24088.5
2020-12-25,2020,A,SELL,19.25,1352,26026.0
2020-12-25,2030,A,SELL,14.0,1925,26950.0
2020-12-25,8255,A,SELL,112.5,225,25312.5
2020-12-25,2608,A,SELL,43.35,579,25099.65
2020-12-25,2352,A,SELL,27.85,929,25872.65
2020-12-25,2460,A,SELL,17.55,1305,22902.75
2020-12-25,2014,A,SELL,15.5,1765,27357.5
2020-12-25,2436,A,SELL,47.8,493,23565.399999999998
2020-12-25,2457,A,SELL,16.5,1516,25014.0
2020-12-25,2330,B,SELL,511.0,124,63364.0
2020-12-25,2038,A,BUY,23.35,1098,25638.300000000003
2020-12-25,2009,A,BUY,25.8,994,25645.2
2020-12-25,4566,A,BUY,51.5,498,25647.0
2020-12-25,2022,A,BUY,8.15,3147,25648.050000000003
2020-12-25,5820,A,BUY,12.55,2044,25652.2
2020-12-25,2375,A,BUY,84.8,302,25609.6
2020-12-25,1219,A,BUY,21.9,1171,25644.899999999998
2020-12-25,6112,A,BUY,43.8,585,25623.0
2020-12-25,3622,A,BUY,35.45,723,25630.350000000002
2020-12-25,2015,A,BUY,72.6,353,25627.8
2020-12-25,5864,A,BUY,12.25,2094,25651.5
2020-12-25,2603,B,SELL,33.45,514,17193.300000000003
2020-12-25,2344,B,BUY,26.7,2402,64133.4
2021-01-08,2603,B,SELL,40.3,1918,77295.4
2021-01-08,3481,B,SELL,13.35,4704,62798.4
2021-01-08,1218,A,SELL,28.2,981,27664.2
2021-01-08,3144,A,SELL,35.85,708,25381.8
2021-01-08,2038,A,SELL,20.6,1098,22618.800000000003
2021-01-08,2009,A,SELL,28.0,994,27832.0
2021-01-08,4566,A,SELL,53.0,498,26394.0
2021-01-08,2022,A,SELL,7.26,3147,22847.219999999998
2021-01-08,5820,A,SELL,12.55,2044,25652.2
2021-01-08,2375,A,SELL,95.2,302,28750.4
2021-01-08,1219,A,SELL,20.65,1171,24181.149999999998
2021-01-08,6112,A,SELL,43.85,585,25652.25
2021-01-08,3622,A,SELL,36.6,723,26461.8
2021-01-08,2015,A,SELL,70.8,353,24992.399999999998
2021-01-08,6015,A,BUY,14.45,1864,26934.8
2021-01-08,5864,A,SELL,16.3,441,7188.3
2021-01-08,6016,A,BUY,16.7,1613,26937.1
2021-01-08,2317,A,BUY,108.0,249,26892.0
2021-01-08,2308,A,BUY,310.0,86,26660.0
2021-01-08,4961,A,SELL,141.5,85,12027.5
2021-01-08,2855,A,BUY,21.35,1261,26922.350000000002
2021-01-08,5243,A,BUY,67.5,399,26932.5
2021-01-08,2328,A,BUY,32.3,834,26938.199999999997
2021-01-08,5283,A,BUY,132.5,203,26897.5
2021-01-08,6219,A,BUY,23.2,1161,26935.2
2021-01-08,3501,A,BUY,52.2,516,26935.2
2021-01-08,2415,A,BUY,31.55,853,26912.15
2021-01-08,2467,A,BUY,42.7,630,26901.0
2021-01-08,8099,A,BUY,32.3,834,26938.199999999997
2021-01-08,2330,B,BUY,580.0,154,89320.0
2021-01-08,2303,B,BUY,47.85,495,23685.75
2021-01-15,2303,B,SELL,48.75,1876,91455.0
2021-01-15,5864,A,SELL,15.2,1653,25125.6
2021-01-15,2344,B,SELL,27.5,2402,66055.0
2021-01-15,6015,A,SELL,14.0,1864,26096.0
2021-01-15,6016,A,SELL,14.9,1613,24033.7
2021-01-15,2308,A,SELL,299.5,86,25757.0
2021-01-15,2855,A,SELL,21.15,1261,26670.149999999998
2021-01-15,5243,A,SELL,68.1,399,27171.899999999998
2021-01-15,2328,A,SELL,40.0,834,33360.0
2021-01-15,5283,A,SELL,131.0,203,26593.0
2021-01-15,6219,A,SELL,20.5,1161,23800.5
2021-01-15,2467,A,SELL,41.05,630,25861.5
2021-01-15,8099,A,SELL,26.2,834,21850.8
2021-01-15,3296,A,BUY,22.9,1168,26747.199999999997
2021-01-15,2354,A,BUY,75.6,354,26762.399999999998
2021-01-15,6409,A,BUY,1240.0,21,26040.0
2021-01-15,3711,A,BUY,98.0,273,26754.0
2021-01-15,4976,A,BUY,94.9,282,26761.800000000003
2021-01-15,2049,A,BUY,434.0,61,26474.0
2021-01-15,8084,A,BUY,94.0,284,26696.0
2021-01-15,3023,A,BUY,257.5,103,26522.5
2021-01-15,4968,A,BUY,515.0,51,26265.0
2021-01-15,2458,A,BUY,163.0,164,26732.0
2021-01-15,8299,A,BUY,387.0,69,26703.0
2021-01-15,2603,B,BUY,34.25,2604,89187.0
2021-01-15,2327,B,BUY,602.0,148,89096.0
2021-01-22,4961,A,SELL,155.0,191,29605.0
2021-01-22,3501,A,SELL,50.9,516,26264.399999999998
2021-01-22,2415,A,SELL,32.2,853,27466.600000000002
2021-01-22,3296,A,SELL,22.7,1168,26513.6
2021-01-22,4976,A,SELL,88.6,282,24985.199999999997
2021-01-22,3023,A,SELL,257.0,103,26471.0
2021-01-22,2458,A,SELL,174.0,164,28536.0
2021-01-22,8299,A,SELL,414.0,69,28566.0
2021-01-22,2441,A,BUY,70.0,423,29610.0
2021-01-22,2460,A,BUY,24.55,1206,29607.3
2021-01-22,3105,A,BUY,457.5,64,29280.0
2021-01-22,3144,A,BUY,35.8,827,29606.6
2021-01-22,2327,A,SELL,608.0,99,60192.0
2021-01-22,2328,A,BUY,41.95,706,29616.7
2021-01-22,2303,B,BUY,56.5,1631,92151.5
2021-01-29,6409,A,SELL,1280.0,21,26880.0
2021-01-29,3711,A,SELL,92.0,273,25116.0
2021-01-29,2049,A,SELL,396.0,61,24156.0
2021-01-29,8084,A,SELL,83.8,284,23799.2
2021-01-29,2327,A,SELL,574.0,49,28126.0
2021-01-29,3105,A,SELL,414.0,64,26496.0
2021-01-29,2303,B,SELL,50.0,1631,81550.0
2021-01-29,4566,A,BUY,64.2,396,25423.2
2021-01-29,2476,A,BUY,25.3,1006,25451.8
2021-01-29,2415,A,BUY,32.65,779,25434.35
2021-01-29,3023,A,BUY,251.0,101,25351.0
2021-01-29,2379,A,BUY,451.5,56,25284.0
2021-01-29,3552,A,BUY,296.0,86,25456.0
2021-01-29,5439,A,BUY,54.4,468,25459.2
2021-01-29,6531,A,BUY,669.0,38,25422.0
2021-01-29,2454,B,BUY,875.0,96,84000.0
2021-02-05,2354,A,SELL,70.4,354,24921.600000000002
2021-02-05,4566,A,SELL,55.9,396,22136.399999999998
2021-02-05,3023,A,SELL,261.5,101,26411.5
2021-02-05,2379,A,SELL,495.0,56,27720.0
2021-02-05,5439,A,SELL,54.0,468,25272.0
2021-02-05,4961,A,BUY,172.5,163,28117.5
2021-02-05,2375,A,BUY,107.0,263,28141.0
2021-02-05,6409,A,BUY,1330.0,21,27930.0
2021-02-05,6112,A,BUY,44.0,641,28204.0
2021-02-05,2352,A,BUY,28.35,982,27839.7
2021-02-05,2330,B,SELL,632.0,49,30968.0
2021-02-05,2317,B,BUY,113.5,272,30872.0
2021-02-05,2603,B,SELL,33.7,648,21837.600000000002
2021-02-05,2454,B,SELL,950.0,26,24700.0
2021-02-19,2460,A,SELL,26.1,1206,31476.600000000002
2021-02-19,2328,A,SELL,40.0,706,28240.0
2021-02-19,6112,A,SELL,44.2,641,28332.2
2021-02-19,2352,A,SELL,28.45,982,27937.899999999998
2021-02-19,5604,A,BUY,74.7,398,29730.600000000002
2021-02-19,8070,A,BUY,40.7,731,29751.7
2021-02-19,3711,A,BUY,113.5,262,29737.0
2021-02-19,3228,A,BUY,317.5,93,29527.5
2021-02-26,4968,A,SELL,583.0,51,29733.0
2021-02-26,2603,B,SELL,37.95,1956,74230.20000000001
2021-02-26,2441,A,SELL,71.0,423,30033.0
2021-02-26,3144,A,SELL,35.95,827,29730.65
2021-02-26,2476,A,SELL,30.8,1006,30984.8
2021-02-26,3552,A,SELL,330.0,86,28380.0
2021-02-26,6531,A,SELL,662.0,38,25156.0
2021-02-26,4961,A,SELL,213.0,163,34719.0
2021-02-26,2375,A,SELL,130.0,263,34190.0
2021-02-26,6409,A,SELL,1155.0,21,24255.0
2021-02-26,8070,A,SELL,41.9,731,30628.899999999998
2021-02-26,3711,A,SELL,103.5,262,27117.0
2021-02-26,3228,A,SELL,361.0,93,33573.0
2021-02-26,2597,A,BUY,83.5,330,27555.0
2021-02-26,3512,A,BUY,37.95,726,27551.7
2021-02-26,8938,A,BUY,56.0,492,27552.0
2021-02-26,5706,A,BUY,40.95,673,27559.350000000002
2021-02-26,3078,A,BUY,57.0,484,27588.0
2021-02-26,8924,A,BUY,83.6,330,27587.999999999996
2021-02-26,8454,A,BUY,967.0,28,27076.0
2021-02-26,3211,A,BUY,109.0,253,27577.0
2021-02-26,4737,A,BUY,85.4,323,27584.2
2021-02-26,3006,A,BUY,91.4,301,27511.4
2021-02-26,6203,A,BUY,112.0,246,27552.0
2021-02-26,6134,A,BUY,26.05,1059,27586.95
2021-02-26,9942,A,BUY,88.9,310,27559.0
2021-02-26,2415,A,SELL,45.8,176,8060.799999999999
2021-02-26,2327,B,BUY,593.0,116,68788.0
2021-03-05,2415,A,SELL,42.2,603,25446.600000000002
2021-03-05,2597,A,SELL,81.7,330,26961.0
2021-03-05,5706,A,SELL,38.1,673,25641.3
2021-03-05,3078,A,SELL,52.2,484,25264.800000000003
2021-03-05,8454,A,SELL,878.0,28,24584.0
2021-03-05,4737,A,SELL,80.2,323,25904.600000000002
2021-03-05,3006,A,SELL,87.0,301,26187.0
2021-03-05,6203,A,SELL,95.0,246,23370.0
2021-03-05,6134,A,SELL,24.55,1059,25998.45
2021-03-05,9942,A,SELL,86.9,310,26939.0
2021-03-05,2327,B,SELL,564.0,116,65424.0
2021-03-05,2114,A,BUY,121.5,222,26973.0
2021-03-05,6281,A,BUY,80.6,335,27000.999999999996
2021-03-05,2013,A,BUY,41.0,658,26978.0
2021-03-05,3631,A,BUY,60.8,444,26995.199999999997
2021-03-05,3526,A,BUY,124.5,216,26892.0
2021-03-05,3501,A,BUY,56.6,477,26998.2
2021-03-05,3679,A,BUY,141.5,190,26885.0
2021-03-05,2020,A,BUY,21.15,1277,27008.55
2021-03-05,3228,A,BUY,380.0,71,26980.0
2021-03-05,5519,A,BUY,17.15,1575,27011.249999999996
2021-03-05,2409,B,BUY,18.5,3650,67525.0
2021-03-12,3512,A,SELL,37.0,726,26862.0
2021-03-12,8938,A,SELL,61.0,492,30012.0
2021-03-12,8924,A,SELL,87.0,330,28710.0
2021-03-12,3211,A,SELL,122.0,253,30866.0
2021-03-12,2114,A,SELL,121.0,222,26862.0
2021-03-12,3631,A,SELL,64.4,444,28593.600000000002
2021-03-12,3526,A,SELL,122.0,216,26352.0
2021-03-12,3501,A,SELL,56.0,477,26712.0
2021-03-12,3679,A,SELL,152.5,190,28975.0
2021-03-12,2020,A,SELL,21.5,1277,27455.5
2021-03-12,3228,A,SELL,451.0,71,32021.0
2021-03-12,5519,A,SELL,17.75,1575,27956.25
2021-03-12,2409,B,SELL,18.6,3650,67890.0
2021-03-12,5604,A,SELL,91.0,93,8463.0
2021-03-12,5007,A,BUY,59.5,465,27667.5
2021-03-12,8927,A,BUY,27.15,1020,27693.0
2021-03-12,5213,A,BUY,21.7,1276,27689.2
2021-03-12,3167,A,BUY,57.8,479,27686.199999999997
2021-03-12,8099,A,BUY,42.65,649,27679.85
2021-03-12,3005,A,BUY,61.0,454,27694.0
2021-03-12,2459,A,BUY,52.2,530,27666.0
2021-03-12,1783,A,BUY,28.6,968,27684.800000000003
2021-03-12,4401,A,BUY,34.5,802,27669.0
2021-03-12,3388,A,BUY,74.2,373,27676.600000000002
2021-03-12,1558,A,BUY,162.5,170,27625.0
2021-03-12,2062,A,BUY,30.9,896,27686.399999999998
2021-03-12,8046,B,BUY,292.0,237,69204.0
2021-03-19,6281,A,SELL,82.4,335,27604.000000000004
2021-03-19,2013,A,SELL,41.6,658,27372.8
2021-03-19,8927,A,SELL,27.6,1020,28152.0
2021-03-19,3167,A,SELL,57.9,479,27734.1
2021-03-19,8099,A,SELL,50.3,649,32644.699999999997
2021-03-19,2459,A,SELL,53.4,530,28302.0
2021-03-19,4401,A,SELL,34.6,802,27749.2
2021-03-19,3388,A,SELL,74.7,373,27863.100000000002
2021-03-19,1558,A,SELL,162.0,170,27540.0
2021-03-19,2062,A,SELL,29.9,896,26790.399999999998
2021-03-19,8046,B,SELL,307.0,237,72759.0
2021-03-19,5452,A,BUY,27.8,1008,28022.4
2021-03-19,2489,A,BUY,18.1,1548,28018.800000000003
2021-03-19,2535,A,BUY,31.0,904,28024.0
2021-03-19,3362,A,BUY,81.6,343,27988.8
2021-03-19,2430,A,BUY,24.5,1143,28003.5
2021-03-19,5403,A,BUY,68.3,410,28003.0
2021-03-19,5508,A,BUY,49.25,569,28023.25
2021-03-19,4930,A,BUY,25.85,1084,28021.4
2021-03-19,3028,A,BUY,26.5,1057,28010.5
2021-03-19,3228,A,BUY,477.5,58,27695.0
2021-03-19,2603,B,BUY,41.7,1680,70056.0
2021-03-26,2317,B,SELL,126.5,521,65906.5
2021-03-26,2330,B,SELL,590.0,105,61950.0
2021-03-26,2454,B,SELL,943.0,70,66010.0
2021-03-26,5213,A,SELL,22.5,1276,28710.0
2021-03-26,1783,A,SELL,30.9,968,29911.199999999997
2021-03-26,5452,A,SELL,26.0,1008,26208.0
2021-03-26,2489,A,SELL,16.6,1548,25696.800000000003
2021-03-26,2535,A,SELL,31.6,904,28566.4
2021-03-26,3362,A,SELL,82.5,343,28297.5
2021-03-26,5508,A,SELL,47.65,569,27112.85
2021-03-26,3228,A,SELL,515.0,58,29870.0
2021-03-26,2603,B,SELL,43.05,1680,72324.0
2021-03-26,1231,A,BUY,55.8,855,47709.0
2021-03-26,2453,A,BUY,24.4,1955,47702.0
2021-03-26,5007,A,BUY,61.5,310,19065.0
2021-03-26,3028,A,BUY,27.35,687,18789.45
2021-03-26,3402,A,BUY,34.9,1367,47708.299999999996
2021-03-26,8099,A,BUY,52.3,912,47697.6
2021-03-26,5403,A,BUY,70.3,268,18840.399999999998
2021-03-26,4930,A,BUY,31.8,416,13228.800000000001
2021-03-26,3388,A,BUY,76.3,625,47687.5
2021-03-26,3005,A,BUY,63.6,296,18825.600000000002
2021-03-26,2114,A,BUY,133.0,358,47614.0
2021-03-26,2430,A,BUY,25.1,757,19000.7
2021-03-26,2889,A,BUY,16.4,2909,47707.6
2021-03-26,1225,A,BUY,46.0,1037,47702.0
2021-03-26,5604,A,BUY,90.2,223,20114.600000000002
2021-04-09,5604,A,SELL,90.2,528,47625.6
2021-04-09,3005,A,SELL,58.5,750,43875.0
2021-04-09,2430,A,SELL,26.35,1900,50065.0
2021-04-09,5403,A,SELL,75.8,678,51392.4
2021-04-09,4930,A,SELL,35.45,1500,53175.00000000001
2021-04-09,3028,A,SELL,28.9,1744,50401.6
2021-04-09,1231,A,SELL,57.5,855,49162.5
2021-04-09,8099,A,SELL,50.6,912,46147.200000000004
2021-04-09,3388,A,SELL,78.0,625,48750.0
2021-04-09,2114,A,SELL,132.5,358,47435.0
2021-04-09,2889,A,SELL,17.0,2909,49453.0
2021-04-09,1225,A,SELL,50.2,1037,52057.4
2021-04-09,2597,A,BUY,146.0,340,49640.0
2021-04-09,1517,A,BUY,31.0,1604,49724.0
2021-04-09,3167,A,BUY,75.5,658,49679.0
2021-04-09,3362,A,BUY,124.5,399,49675.5
2021-04-09,2108,A,BUY,156.0,318,49608.0
2021-04-09,2457,A,BUY,37.8,1315,49706.99999999999
2021-04-09,9911,A,BUY,63.2,786,49675.200000000004
2021-04-09,1229,A,BUY,50.3,988,49696.399999999994
2021-04-09,5410,A,BUY,24.6,2021,49716.600000000006
2021-04-09,6161,A,BUY,23.2,2143,49717.6
2021-04-09,3311,A,BUY,46.85,1061,49707.85
2021-04-16,2453,A,SELL,26.2,1955,51221.0
2021-04-16,3402,A,SELL,43.0,1367,58781.0
2021-04-16,2597,A,SELL,148.0,340,50320.0
2021-04-16,3167,A,SELL,74.1,658,48757.799999999996
2021-04-16,3362,A,SELL,120.0,399,47880.0
2021-04-16,2108,A,SELL,144.0,318,45792.0
2021-04-16,2457,A,SELL,36.4,1315,47866.0
2021-04-16,9911,A,SELL,62.9,786,49439.4
2021-04-16,1229,A,SELL,51.9,988,51277.2
2021-04-16,5410,A,SELL,24.1,2021,48706.100000000006
2021-04-16,6161,A,SELL,23.0,2143,49289.0
2021-04-16,3311,A,SELL,46.2,1061,49018.200000000004
2021-04-16,1471,A,BUY,12.65,3889,49195.85
2021-04-16,2010,A,BUY,22.55,2181,49181.55
2021-04-16,2002,A,BUY,35.15,1399,49174.85
2021-04-16,1109,A,BUY,28.15,1747,49178.049999999996
2021-04-16,1103,A,BUY,23.85,2062,49178.700000000004
2021-04-16,1104,A,BUY,26.35,1867,49195.450000000004
2021-04-16,9939,A,BUY,75.7,649,49129.3
2021-04-16,8404,A,BUY,39.85,1234,49174.9
2021-04-16,6438,A,BUY,116.0,424,49184.0
2021-04-16,3014,A,BUY,119.5,411,49114.5
2021-04-16,1455,A,BUY,17.0,2893,49181.0
2021-04-16,3006,A,BUY,139.5,352,49104.0
2021-04-16,2535,A,BUY,34.45,1428,49194.600000000006
2021-04-23,5007,A,SELL,64.0,775,49600.0
2021-04-23,1517,A,SELL,29.75,1604,47719.0
2021-04-23,1471,A,SELL,13.2,3889,51334.799999999996
2021-04-23,1109,A,SELL,27.85,1747,48653.950000000004
2021-04-23,1104,A,SELL,26.5,1867,49475.5
2021-04-23,9939,A,SELL,79.9,649,51855.100000000006
2021-04-23,8404,A,SELL,45.35,1234,55961.9
2021-04-23,6438,A,SELL,110.0,424,46640.0
2021-04-23,3014,A,SELL,126.5,411,51991.5
2021-04-23,1455,A,SELL,17.35,2893,50193.55
2021-04-23,3006,A,SELL,150.0,352,52800.0
2021-04-23,2535,A,SELL,35.55,1428,50765.399999999994
2021-04-23,6015,A,BUY,21.2,2393,50731.6
2021-04-23,8927,A,BUY,42.25,1200,50700.0
2021-04-23,2606,A,BUY,61.8,821,50737.799999999996
2021-04-23,5864,A,BUY,23.0,2206,50738.0
2021-04-23,2637,A,BUY,58.6,865,50689.0
2021-04-23,1220,A,BUY,16.65,3047,50732.549999999996
2021-04-23,2617,A,BUY,34.9,1453,50709.7
2021-04-23,1608,A,BUY,25.7,1974,50731.799999999996
2021-04-23,6116,A,BUY,23.95,2118,50726.1
2021-04-23,1702,A,BUY,54.8,925,50690.0
2021-04-23,2031,A,BUY,60.5,838,50699.0
2021-04-23,6190,A,BUY,28.4,1786,50722.399999999994
2021-05-07,2010,A,SELL,24.15,2181,52671.149999999994
2021-05-07,1103,A,SELL,24.8,2062,51137.6
2021-05-07,6015,A,SELL,21.9,2393,52406.7
2021-05-07,8927,A,SELL,39.2,1200,47040.0
2021-05-07,2606,A,SELL,64.8,821,53200.799999999996
2021-05-07,5864,A,SELL,26.2,2206,57797.2
2021-05-07,1220,A,SELL,17.75,3047,54084.25
2021-05-07,6116,A,SELL,23.4,2118,49561.2
2021-05-07,1702,A,SELL,56.2,925,51985.0
2021-05-07,6190,A,SELL,27.2,1786,48579.2
2021-05-07,1459,A,BUY,15.2,3596,54659.2
2021-05-07,8404,A,BUY,50.2,1089,54667.8
2021-05-07,2617,A,SELL,48.65,329,16005.85
2021-05-07,2881,A,BUY,70.8,772,54657.6
2021-05-07,5007,A,BUY,64.6,846,54651.6
2021-05-07,1802,A,BUY,33.6,1627,54667.200000000004
2021-05-07,2009,A,BUY,64.8,843,54626.399999999994
2021-05-07,2855,A,BUY,29.65,1843,54644.95
2021-05-07,1609,A,BUY,33.4,1636,54642.399999999994
2021-05-07,1615,A,BUY,46.7,1170,54639.0
2021-05-07,1440,A,BUY,29.3,1865,54644.5
2021-05-14,2002,A,SELL,34.85,1399,48755.15
2021-05-14,2637,A,SELL,59.6,865,51554.0
2021-05-14,1608,A,SELL,23.6,1974,46586.4
2021-05-14,2031,A,SELL,56.6,838,47430.8
2021-05-14,5007,A,SELL,57.5,846,48645.0
2021-05-14,2855,A,SELL,26.1,1843,48102.3
2021-05-14,1609,A,SELL,24.55,1636,40163.8
2021-05-14,1615,A,SELL,34.45,1170,40306.5
2021-05-14,4106,A,BUY,38.6,1172,45239.200000000004
2021-05-14,2430,A,BUY,29.4,1539,45246.6
2021-05-14,8454,A,BUY,1075.0,42,45150.0
2021-05-14,2059,A,BUY,376.0,120,45120.0
2021-05-14,2609,A,BUY,74.0,611,45214.0
2021-05-14,2108,A,BUY,128.0,353,45184.0
2021-05-14,2023,A,BUY,20.2,2240,45248.0
2021-05-14,2357,A,BUY,380.0,119,45220.0
2021-05-14,2029,A,BUY,32.55,873,28416.149999999998
2021-05-21,2617,A,SELL,35.4,1124,39789.6
2021-05-21,8404,A,SELL,47.7,1089,51945.3
2021-05-21,1802,A,SELL,29.65,1627,48240.549999999996
2021-05-21,1440,A,SELL,25.85,1865,48210.25
2021-05-21,2430,A,SELL,29.5,1539,45400.5
2021-05-21,2108,A,SELL,128.0,353,45184.0
2021-05-21,2023,A,SELL,20.4,2240,45696.0
2021-05-21,2029,A,SELL,30.85,873,26932.050000000003
2021-05-21,2615,A,BUY,114.0,416,47424.0
2021-05-21,9911,A,BUY,64.2,740,47508.0
2021-05-21,5523,A,BUY,30.8,1543,47524.4
2021-05-21,1102,A,BUY,50.6,939,47513.4
2021-05-21,2637,A,BUY,67.7,702,47525.4
2021-05-21,2597,A,BUY,144.5,328,47396.0
2021-05-21,8927,A,BUY,37.6,1264,47526.4
2021-05-28,1459,A,SELL,14.25,3596,51243.0
2021-05-28,2357,A,SELL,391.5,119,46588.5
2021-05-28,5523,A,SELL,29.9,1543,46135.7
2021-05-28,2597,A,SELL,144.0,328,47232.0
2021-05-28,8927,A,SELL,37.4,1264,47273.6
2021-05-28,2615,A,SELL,154.5,90,13905.0
2021-05-28,2609,A,SELL,108.0,145,15660.0
2021-05-28,8924,A,BUY,145.0,346,50170.0
2021-05-28,1783,A,BUY,35.05,1435,50296.74999999999
2021-05-28,9941,A,BUY,136.5,368,50232.0
2021-06-04,2059,A,SELL,382.5,120,45900.0
2021-06-04,1102,A,SELL,51.4,939,48264.6
2021-06-04,1783,A,SELL,36.4,1435,52234.0
2021-06-04,9941,A,SELL,135.0,368,49680.0
2021-06-04,4121,A,BUY,32.5,1580,51350.0
2021-06-04,5475,A,BUY,26.25,1956,51345.0
2021-06-04,2636,A,BUY,133.0,386,51338.0
2021-06-04,4919,A,BUY,86.0,597,51342.0
2021-06-04,2204,A,BUY,71.8,715,51337.0
2021-06-04,1904,A,BUY,45.65,1125,51356.25
2021-06-11,2009,A,SELL,63.6,843,53614.8
2021-06-11,2637,A,SELL,70.5,702,49491.0
2021-06-11,1904,A,SELL,44.5,1125,50062.5
2021-06-11,6672,A,BUY,142.0,362,51404.0
2021-06-11,2059,A,BUY,393.0,130,51090.0
2021-06-11,2430,A,BUY,30.5,1687,51453.5
2021-06-18,2881,A,SELL,71.3,772,55043.6
2021-06-18,4106,A,SELL,41.45,1172,48579.4
2021-06-18,9911,A,SELL,68.5,740,50690.0
2021-06-18,4919,A,SELL,79.6,597,47521.2
2021-06-18,2430,A,SELL,31.7,1687,53477.9
2021-06-18,6154,A,BUY,18.2,3031,55164.2
2021-06-18,2636,A,SELL,189.5,94,17813.0
2021-06-18,2615,A,SELL,226.5,82,18573.0
2021-06-18,2609,A,SELL,149.5,96,14352.0
2021-06-18,9941,A,BUY,138.5,398,55123.0
2021-06-25,8454,A,SELL,1870.0,42,78540.0
2021-06-25,8924,A,SELL,163.5,346,56571.0
2021-06-25,4121,A,SELL,27.0,1580,42660.0
2021-06-25,2059,A,SELL,414.0,130,53820.0
2021-06-25,9941,A,SELL,138.0,398,54924.0
2021-06-25,8406,A,BUY,260.0,223,57980.0
2021-06-25,2614,A,BUY,38.25,1515,57948.75
2021-06-25,3529,A,BUY,1445.0,40,57800.0
2021-06-25,5608,A,BUY,59.4,976,57974.4
2021-06-25,5603,A,BUY,41.35,1402,57972.700000000004
2021-06-25,2108,A,BUY,166.0,349,57934.0
2021-06-25,2637,A,BUY,102.0,568,57936.0
2021-06-25,2641,A,BUY,33.0,1757,57981.0
2021-07-02,5475,A,SELL,37.45,1956,73252.20000000001
2021-07-02,2204,A,SELL,76.0,715,54340.0
2021-07-02,6672,A,SELL,160.5,362,58101.0
2021-07-02,6154,A,SELL,16.5,3031,50011.5
2021-07-02,8406,A,SELL,260.0,223,57980.0
2021-07-02,3529,A,SELL,1365.0,40,54600.0
2021-07-02,5608,A,SELL,67.5,976,65880.0
2021-07-02,5603,A,SELL,39.1,1402,54818.200000000004
2021-07-02,2108,A,SELL,138.0,349,48162.0
2021-07-02,2641,A,SELL,35.4,1757,62197.799999999996
2021-07-02,3051,A,BUY,13.0,2888,37544.0
2021-07-02,6170,A,BUY,41.6,902,37523.200000000004
2021-07-02,6405,A,BUY,46.7,804,37546.8
2021-07-02,2611,A,BUY,40.85,919,37541.15
2021-07-02,2636,A,SELL,307.0,169,51883.0
2021-07-02,3141,A,BUY,141.0,266,37506.0
2021-07-02,2603,A,BUY,206.5,181,37376.5
2021-07-02,2615,A,SELL,326.5,128,41792.0
2021-07-02,2614,A,SELL,46.75,711,33239.25
2021-07-02,2607,A,BUY,45.9,818,37546.2
2021-07-02,2605,A,BUY,54.0,695,37530.0
2021-07-02,2612,A,BUY,84.0,447,37548.0
2021-07-02,2030,A,BUY,37.5,1001,37537.5
2021-07-02,2601,A,BUY,24.2,1551,37534.2
2021-07-02,2609,B,BUY,191.0,613,117083.0
2021-07-02,2637,B,BUY,109.5,1146,125487.0
2021-07-09,2615,A,SELL,275.0,116,31900.0
2021-07-09,2637,B,SELL,95.0,1714,162830.0
2021-07-09,3051,A,SELL,11.4,2888,32923.200000000004
2021-07-09,6170,A,SELL,38.5,902,34727.0
2021-07-09,6405,A,SELL,42.2,804,33928.8
2021-07-09,2611,A,SELL,37.2,919,34186.8
2021-07-09,2603,A,SELL,187.0,181,33847.0
2021-07-09,2607,A,SELL,40.3,818,32965.399999999994
2021-07-09,2605,A,SELL,49.0,695,34055.0
2021-07-09,2612,A,SELL,71.8,447,32094.6
2021-07-09,2601,A,SELL,22.7,1551,35207.7
2021-07-09,3141,A,BUY,159.0,108,17172.0
2021-07-09,8255,A,BUY,211.5,281,59431.5
2021-07-09,2486,A,BUY,51.6,1153,59494.8
2021-07-09,3511,A,BUY,55.8,1066,59482.799999999996
2021-07-09,9941,A,BUY,159.5,373,59493.5
2021-07-09,9945,A,BUY,62.9,946,59503.4
2021-07-09,2636,A,BUY,280.0,89,24920.0
2021-07-09,5464,A,BUY,42.0,1417,59514.0
2021-07-09,2030,A,BUY,40.05,485,19424.25
2021-07-09,2609,A,SELL,195.5,678,132549.0
2021-07-09,6509,A,BUY,51.5,1156,59534.0
2021-07-09,6672,A,BUY,177.5,335,59462.5
2021-07-09,2025,A,BUY,6.73,8846,59533.58
2021-07-16,2609,A,SELL,188.0,305,57340.0
2021-07-16,2030,A,SELL,40.55,1486,60257.299999999996
2021-07-16,3511,A,SELL,50.8,1066,54152.799999999996
2021-07-16,5464,A,SELL,36.05,1417,51082.85
2021-07-16,2025,A,SELL,6.6,8846,58383.6
2021-07-16,9941,A,SELL,166.5,160,26640.0
2021-07-16,4919,A,BUY,137.0,257,35209.0
2021-07-16,5438,A,BUY,17.6,2007,35323.200000000004
2021-07-16,6509,A,SELL,59.1,558,32977.8
2021-07-16,3189,A,BUY,193.0,183,35319.0
2021-07-16,8255,A,SELL,223.5,122,27267.0
2021-07-16,6170,A,BUY,43.65,809,35312.85
2021-07-16,9945,A,SELL,65.6,407,26699.199999999997
2021-07-16,3035,A,BUY,109.0,324,35316.0
2021-07-16,6672,A,SELL,186.0,145,26970.0
2021-07-16,8069,A,BUY,83.0,425,35275.0
2021-07-16,2486,A,SELL,53.9,497,26788.3
2021-07-16,3141,A,SELL,156.0,147,22932.0
2021-07-16,3624,A,BUY,50.8,695,35306.0
2021-07-16,2881,A,BUY,82.9,426,35315.4
2021-07-16,2615,B,BUY,286.0,308,88088.0
2021-07-16,2636,B,BUY,244.0,149,36356.0
2021-07-16,2637,B,BUY,88.0,1003,88264.0
2021-07-16,2014,B,BUY,53.0,1666,88298.0
2021-07-23,2614,A,SELL,55.4,804,44541.6
2021-07-23,3141,A,SELL,168.5,227,38249.5
2021-07-23,9941,A,SELL,168.0,213,35784.0
2021-07-23,6672,A,SELL,176.5,190,33535.0
2021-07-23,6170,A,SELL,43.0,809,34787.0
2021-07-23,8069,A,SELL,87.2,425,37060.0
2021-07-23,3624,A,SELL,48.5,695,33707.5
2021-07-23,2637,B,SELL,81.6,1003,81844.79999999999
2021-07-23,2014,B,SELL,50.4,1666,83966.4
2021-07-23,6104,A,BUY,120.5,288,34704.0
2021-07-23,1742,A,BUY,22.6,1537,34736.200000000004
2021-07-23,4952,A,BUY,86.9,399,34673.100000000006
2021-07-23,2476,A,BUY,58.0,599,34742.0
2021-07-23,1795,A,BUY,146.0,237,34602.0
2021-07-23,2481,A,BUY,110.0,315,34650.0
2021-07-23,2027,B,BUY,55.2,1573,86829.6
2021-07-23,3006,B,BUY,197.0,440,86680.0
2021-07-30,2636,B,SELL,183.0,361,66063.0
2021-07-30,2486,A,SELL,56.4,656,36998.4
2021-07-30,9945,A,SELL,62.4,539,33633.6
2021-07-30,6509,A,SELL,53.1,598,31753.8
2021-07-30,4919,A,SELL,135.0,257,34695.0
2021-07-30,3035,A,SELL,112.5,324,36450.0
2021-07-30,2881,A,SELL,75.0,426,31950.0
2021-07-30,2615,B,SELL,223.5,308,68838.0
2021-07-30,4952,A,SELL,84.4,399,33675.600000000006
2021-07-30,2476,A,SELL,54.7,599,32765.300000000003
2021-07-30,2481,A,SELL,102.5,315,32287.5
2021-07-30,2027,B,SELL,52.0,1573,81796.0
2021-07-30,3006,B,SELL,180.5,440,79420.0
2021-07-30,5438,A,BUY,20.25,675,13668.75
2021-07-30,8436,A,BUY,327.0,166,54282.0
2021-07-30,5289,A,BUY,240.0,226,54240.0
2021-07-30,8261,A,BUY,122.5,443,54267.5
2021-07-30,6525,A,BUY,119.0,456,54264.0
2021-07-30,6104,A,BUY,133.0,120,15960.0
2021-07-30,5351,A,BUY,49.3,1101,54279.299999999996
2021-07-30,1795,A,BUY,146.5,133,19484.5
2021-07-30,6609,A,BUY,36.0,1508,54288.0
2021-07-30,3189,A,BUY,184.0,112,20608.0
2021-07-30,3141,A,BUY,160.5,338,54249.0
2021-07-30,8255,A,BUY,209.5,100,20950.0
2021-07-30,1742,A,BUY,21.0,1049,22029.0
2021-07-30,9962,A,BUY,22.5,2413,54292.5
2021-07-30,6672,A,BUY,169.5,320,54240.0
2021-08-06,8255,A,SELL,235.5,259,60994.5
2021-08-06,3189,A,SELL,181.5,295,53542.5
2021-08-06,1742,A,SELL,18.8,2586,48616.8
2021-08-06,1795,A,SELL,137.0,370,50690.0
2021-08-06,8261,A,SELL,119.5,443,52938.5
2021-08-06,6609,A,SELL,36.4,1508,54891.2
2021-08-06,3141,A,SELL,168.0,338,56784.0
2021-08-06,9962,A,SELL,21.15,2413,51034.95
2021-08-06,6672,A,SELL,164.0,320,52480.0
2021-08-06,3663,A,BUY,50.8,635,32258.0
2021-08-06,1783,A,BUY,73.4,440,32296.000000000004
2021-08-06,5438,A,SELL,21.05,1147,24144.350000000002
2021-08-06,1773,A,BUY,162.0,199,32238.0
2021-08-06,3056,A,BUY,44.7,722,32273.4
2021-08-06,5508,A,BUY,54.1,597,32297.7
2021-08-06,5351,A,SELL,50.3,458,23037.399999999998
2021-08-06,2486,A,BUY,62.5,516,32250.0
2021-08-06,6525,A,SELL,115.5,176,20328.0
2021-08-06,2542,A,BUY,49.45,653,32290.850000000002
2021-08-06,6104,A,SELL,129.0,157,20253.0
2021-08-06,5289,A,SELL,244.0,93,22692.0
2021-08-06,8374,A,BUY,35.45,911,32294.950000000004
2021-08-06,8436,A,SELL,323.5,66,21351.0
2021-08-06,2476,A,BUY,60.7,532,32292.4
2021-08-06,2615,B,BUY,231.0,349,80619.0
2021-08-06,2636,B,BUY,180.0,448,80640.0
2021-08-06,4919,B,BUY,150.0,538,80700.0
2021-08-06,2027,B,BUY,51.0,1583,80733.0
2021-08-13,6104,A,SELL,97.7,251,24522.7
2021-08-13,8436,A,SELL,277.5,100,27750.0
2021-08-13,6525,A,SELL,103.0,280,28840.0
2021-08-13,2486,A,SELL,49.5,516,25542.0
2021-08-13,8374,A,SELL,29.45,911,26828.95
2021-08-13,2476,A,SELL,53.3,532,28355.6
2021-08-13,2615,B,SELL,215.0,349,75035.0
2021-08-13,2636,B,SELL,175.0,448,78400.0
2021-08-13,4919,B,SELL,130.5,538,70209.0
2021-08-13,2027,B,SELL,52.3,1583,82790.9
2021-08-13,2538,A,BUY,12.1,4050,49005.0
2021-08-13,5438,A,BUY,21.15,782,16539.3
2021-08-13,1783,A,BUY,74.6,216,16113.599999999999
2021-08-13,8478,A,BUY,88.5,553,48940.5
2021-08-13,2542,A,BUY,48.9,349,17066.1
2021-08-13,1773,A,BUY,129.0,180,23220.0
2021-08-13,3663,A,BUY,37.5,671,25162.5
2021-08-13,5508,A,BUY,52.7,332,17496.4
2021-08-13,3056,A,BUY,42.95,419,17996.050000000003
2021-08-13,3162,A,BUY,52.6,931,48970.6
2021-08-13,2881,A,BUY,78.1,627,48968.7
2021-08-13,5289,A,BUY,223.0,86,19178.0
2021-08-13,1795,A,BUY,122.0,401,48922.0
2021-08-13,6509,A,BUY,54.0,907,48978.0
2021-08-13,5351,A,BUY,40.15,577,23166.55
2021-08-20,5351,A,SELL,41.25,1220,50325.0
2021-08-20,1773,A,SELL,122.0,379,46238.0
2021-08-20,3162,A,SELL,49.0,931,45619.0
2021-08-20,1795,A,SELL,100.5,401,40300.5
2021-08-20,6509,A,SELL,53.8,907,48796.6
2021-08-20,2024,A,BUY,26.3,1787,46998.1
2021-08-20,2481,A,BUY,105.0,447,46935.0
2021-08-20,6104,A,BUY,111.5,421,46941.5
2021-08-20,1742,A,BUY,18.8,2501,47018.8
2021-08-20,6525,A,BUY,109.0,431,46979.0
2021-08-27,5289,A,SELL,223.5,219,48946.5
2021-08-27,3056,A,SELL,38.0,1141,43358.0
2021-08-27,2542,A,SELL,47.45,1002,47544.9
2021-08-27,8478,A,SELL,82.5,553,45622.5
2021-08-27,2881,A,SELL,83.5,627,52354.5
2021-08-27,1742,A,SELL,19.1,2501,47769.100000000006
2021-08-27,2013,A,BUY,73.4,662,48590.8
2021-08-27,3189,A,BUY,202.0,240,48480.0
2021-08-27,8255,A,BUY,216.5,224,48496.0
2021-08-27,6509,A,BUY,59.9,811,48578.9
2021-08-27,2476,A,BUY,56.2,865,48613.0
2021-08-27,9962,A,BUY,20.6,2360,48616.0
2021-09-03,1783,A,SELL,60.3,656,39556.799999999996
2021-09-03,2024,A,SELL,25.15,1787,44943.049999999996
2021-09-03,2481,A,SELL,98.5,447,44029.5
2021-09-03,6525,A,SELL,106.0,431,45686.0
2021-09-03,8255,A,SELL,206.0,224,46144.0
2021-09-03,9962,A,SELL,20.6,2360,48616.0
2021-09-03,2887,A,BUY,19.05,2615,49815.75
2021-09-03,6104,A,SELL,160.0,109,17440.0
2021-09-03,2542,A,BUY,48.25,1032,49794.0
2021-09-03,2486,A,BUY,54.5,914,49813.0
2021-09-03,5289,A,BUY,223.5,222,49617.0
2021-09-03,5351,A,BUY,47.75,1043,49803.25
2021-09-03,8478,A,BUY,83.9,593,49752.700000000004
2021-09-10,5508,A,SELL,52.0,929,48308.0
2021-09-10,2542,A,SELL,47.95,1032,49484.4
2021-09-10,2486,A,SELL,53.4,914,48807.6
2021-09-10,5289,A,SELL,211.0,222,46842.0
2021-09-10,8121,A,BUY,31.1,922,28674.2
2021-09-10,3689,A,BUY,52.4,547,28662.8
2021-09-10,2013,A,SELL,70.4,254,17881.600000000002
2021-09-10,5438,A,SELL,24.55,1148,28183.4
2021-09-10,6104,A,SELL,145.5,114,16587.0
2021-09-10,2538,A,SELL,12.2,1698,20715.6
2021-09-10,3189,A,SELL,209.5,103,21578.5
2021-09-10,3663,A,SELL,42.25,627,26490.75
2021-09-10,2887,A,SELL,18.25,1043,19034.75
2021-09-10,6509,A,SELL,58.0,316,18328.0
2021-09-10,2476,A,SELL,59.4,382,22690.8
2021-09-10,8478,A,SELL,85.0,255,21675.0
2021-09-10,5351,A,SELL,44.4,396,17582.399999999998
2021-09-10,9962,A,BUY,20.2,1420,28684.0
2021-09-10,1783,A,BUY,58.0,494,28652.0
2021-09-10,4919,B,BUY,133.0,1078,143374.0
2021-09-10,4721,B,BUY,124.0,1156,143344.0
2021-09-17,2013,A,SELL,63.2,408,25785.600000000002
2021-09-17,6509,A,SELL,57.5,495,28462.5
2021-09-17,2476,A,SELL,56.8,483,27434.399999999998
2021-09-17,5351,A,SELL,44.6,647,28856.2
2021-09-17,8478,A,SELL,81.7,338,27614.600000000002
2021-09-17,9962,A,SELL,20.4,1420,28967.999999999996
2021-09-17,1783,A,SELL,56.4,494,27861.6
2021-09-17,4919,B,SELL,126.5,1078,136367.0
2021-09-17,4711,A,BUY,21.8,1298,28296.4
2021-09-17,1229,A,BUY,57.4,493,28298.2
2021-09-17,8121,A,SELL,41.8,244,10199.199999999999
2021-09-17,1727,A,BUY,31.75,891,28289.25
2021-09-17,2915,A,BUY,146.0,193,28178.0
2021-09-17,1711,A,BUY,24.7,1146,28306.2
2021-09-17,6227,A,BUY,40.0,707,28280.0
2021-09-17,9945,A,BUY,85.0,333,28305.0
2021-09-17,3089,A,BUY,32.0,884,28288.0
2021-09-17,3189,B,BUY,212.0,530,112360.0
2021-09-24,2887,A,SELL,18.05,1572,28374.600000000002
2021-09-24,4721,B,SELL,116.0,1156,134096.0
2021-09-24,9945,A,SELL,59.8,333,19913.399999999998
2021-09-24,8121,A,BUY,47.6,303,14422.800000000001
2021-09-24,3188,A,BUY,18.8,2483,46680.4
2021-09-24,1711,A,BUY,25.55,681,17399.55
2021-09-24,1727,A,BUY,30.4,645,19608.0
2021-09-24,3089,A,BUY,33.35,516,17208.600000000002
2021-09-24,6227,A,BUY,41.35,422,17449.7
2021-09-24,1229,A,BUY,56.0,340,19040.0
2021-09-24,2915,A,BUY,132.0,160,21120.0
2021-09-24,3689,A,BUY,51.0,368,18768.0
2021-09-24,4711,A,BUY,20.0,1036,20720.0
2021-09-24,6104,A,BUY,155.0,53,8215.0
2021-09-24,3189,A,SELL,217.0,451,97867.0
2021-09-24,5438,A,BUY,22.05,948,20903.4
2021-09-24,3663,A,BUY,47.0,314,14758.0
2021-09-24,2538,A,BUY,12.4,1413,17521.2
2021-10-01,5438,A,SELL,17.9,2117,37894.299999999996
2021-10-01,3189,A,SELL,200.5,216,43308.0
2021-10-01,3689,A,SELL,41.4,915,37881.0
2021-10-01,4711,A,SELL,18.3,2334,42712.200000000004
2021-10-01,1229,A,SELL,54.9,833,45731.7
2021-10-01,6409,A,BUY,1590.0,27,42930.0
2021-10-01,4513,A,BUY,11.75,3687,43322.25
2021-10-01,8422,A,BUY,182.0,238,43316.0
2021-10-01,5351,A,BUY,42.5,1019,43307.5
2021-10-01,2887,A,BUY,17.75,2440,43310.0
2021-10-08,6104,A,SELL,128.5,251,32253.5
2021-10-08,2915,A,SELL,90.6,353,31981.8
2021-10-08,6227,A,SELL,33.0,1129,37257.0
2021-10-08,5351,A,SELL,44.0,1019,44836.0
2021-10-08,4141,A,BUY,27.8,1534,42645.200000000004
2021-10-08,1722,A,BUY,69.9,610,42639.0
2021-10-08,1229,A,BUY,56.1,760,42636.0
2021-10-08,2013,A,BUY,60.4,706,42642.4
2021-10-15,3663,A,SELL,39.5,993,39223.5
2021-10-15,2013,A,SELL,58.4,706,41230.4
2021-10-15,1436,A,BUY,51.2,860,44032.0
2021-10-15,1727,A,SELL,39.6,423,16750.8
2021-10-15,3689,A,BUY,42.2,1043,44014.600000000006
2021-10-22,2538,A,SELL,14.45,3765,54404.25
2021-10-22,8121,A,SELL,40.0,981,39240.0
2021-10-22,3089,A,SELL,30.2,1400,42280.0
2021-10-22,3188,A,SELL,14.85,2483,36872.549999999996
2021-10-22,1229,A,SELL,55.2,760,41952.0
2021-10-22,3689,A,SELL,46.25,1043,48238.75
2021-10-22,6781,A,BUY,1165.0,37,43105.0
2021-10-22,1721,A,BUY,16.75,2599,43533.25
2021-10-22,6655,A,BUY,84.6,514,43484.399999999994
2021-10-22,6508,A,BUY,34.4,1265,43516.0
2021-10-22,1442,A,BUY,25.2,1728,43545.6
2021-10-22,6506,A,BUY,18.75,2322,43537.5
2021-10-29,1711,A,SELL,25.55,1827,46679.85
2021-10-29,6409,A,SELL,1625.0,27,43875.0
2021-10-29,2887,A,SELL,18.25,2440,44530.0
2021-10-29,1436,A,SELL,50.4,860,43344.0
2021-10-29,6506,A,SELL,18.1,2322,42028.200000000004
2021-10-29,3491,A,BUY,124.5,351,43699.5
2021-10-29,2362,A,BUY,34.45,1271,43785.950000000004
2021-10-29,6216,A,BUY,28.2,1553,43794.6
2021-10-29,2374,A,BUY,19.55,2240,43792.0
2021-10-29,1225,A,BUY,51.8,845,43771.0
2021-11-05,4513,A,SELL,13.65,3687,50327.55
2021-11-05,8422,A,SELL,214.0,238,50932.0
2021-11-05,4141,A,SELL,23.0,1534,35282.0
2021-11-05,1722,A,SELL,68.5,610,41785.0
2021-11-05,6655,A,SELL,85.1,514,43741.399999999994
2021-11-05,6508,A,SELL,34.85,1265,44085.25
2021-11-05,1442,A,SELL,24.95,1728,43113.6
2021-11-05,6216,A,SELL,28.8,1553,44726.4
2021-11-05,2374,A,SELL,19.1,2240,42784.0
2021-11-05,1225,A,SELL,49.4,845,41743.0
2021-11-05,4916,A,BUY,34.2,1314,44938.8
2021-11-05,8444,A,BUY,116.0,387,44892.0
2021-11-05,6208,A,BUY,48.0,936,44928.0
2021-11-05,5351,A,BUY,75.8,593,44949.4
2021-11-05,3305,A,BUY,78.0,576,44928.0
2021-11-05,3416,A,BUY,82.8,542,44877.6
2021-11-05,8114,A,BUY,90.8,495,44946.0
2021-11-05,5353,A,BUY,21.85,2057,44945.450000000004
2021-11-05,8121,A,BUY,51.8,867,44910.6
2021-11-05,1727,A,SELL,51.6,241,12435.6
2021-11-05,3089,A,BUY,33.55,1339,44923.45
2021-11-12,6781,A,SELL,1375.0,37,50875.0
2021-11-12,2362,A,SELL,33.1,1271,42070.1
2021-11-12,4916,A,SELL,31.15,1314,40931.1
2021-11-12,6208,A,SELL,46.65,936,43664.4
2021-11-12,3416,A,SELL,80.3,542,43522.6
2021-11-12,5353,A,SELL,21.5,2057,44225.5
2021-11-12,8121,A,SELL,45.1,867,39101.700000000004
2021-11-12,3089,A,SELL,33.0,1339,44187.0
2021-11-12,4303,A,BUY,24.4,1132,27620.8
2021-11-12,2618,A,BUY,26.4,1046,27614.399999999998
2021-11-12,1721,A,SELL,23.8,1437,34200.6
2021-11-12,3491,A,SELL,164.0,182,29848.0
2021-11-12,1436,A,BUY,54.9,503,27614.7
2021-11-12,5234,A,BUY,107.0,258,27606.0
2021-11-12,8444,A,SELL,119.5,155,18522.5
2021-11-12,2376,A,BUY,135.5,203,27506.5
2021-11-12,3305,A,SELL,77.6,219,16994.399999999998
2021-11-12,8422,A,BUY,232.0,119,27608.0
2021-11-12,3455,A,BUY,71.3,387,27593.1
2021-11-12,5351,A,SELL,81.5,253,20619.5
2021-11-12,1727,A,SELL,56.0,378,21168.0
2021-11-12,8114,A,SELL,101.0,221,22321.0
2021-11-12,3035,B,BUY,189.0,365,68985.0
2021-11-12,3707,B,BUY,149.0,463,68987.0
2021-11-12,3141,B,BUY,267.0,258,68886.0
2021-11-12,4721,B,BUY,164.0,421,69044.0
2021-11-19,1727,A,SELL,52.3,494,25836.199999999997
2021-11-19,1721,A,SELL,23.95,1162,27829.899999999998
2021-11-19,5351,A,SELL,97.8,340,33252.0
2021-11-19,3305,A,SELL,88.4,357,31558.800000000003
2021-11-19,1436,A,SELL,54.3,503,27312.899999999998
2021-11-19,5234,A,SELL,116.0,258,29928.0
2021-11-19,2376,A,SELL,141.0,203,28623.0
2021-11-19,8422,A,SELL,235.5,119,28024.5
2021-11-19,3455,A,SELL,73.7,387,28521.9
2021-11-19,3141,B,SELL,250.0,258,64500.0
2021-11-19,4721,B,SELL,166.5,421,70096.5
2021-11-19,2883,A,BUY,16.85,1684,28375.4
2021-11-19,2610,A,BUY,27.65,1026,28368.899999999998
2021-11-19,6152,A,BUY,11.0,2580,28380.0
2021-11-19,2459,A,BUY,60.2,471,28354.2
2021-11-19,5371,A,BUY,90.5,313,28326.5
2021-11-19,6205,A,BUY,50.3,564,28369.199999999997
2021-11-19,3062,A,BUY,35.05,809,28355.449999999997
2021-11-19,6118,A,BUY,28.8,985,28368.0
2021-11-19,3706,A,BUY,34.4,825,28380.0
2021-11-19,6412,A,BUY,78.4,362,28380.800000000003
2021-11-19,3035,B,BUY,190.5,379,72199.5
2021-11-19,3707,B,BUY,156.0,446,69576.0
2021-11-26,3491,A,SELL,170.0,169,28730.0
2021-11-26,8114,A,SELL,105.5,274,28907.0
2021-11-26,6152,A,SELL,10.7,2580,27605.999999999996
2021-11-26,2459,A,SELL,59.3,471,27930.3
2021-11-26,5371,A,SELL,83.2,313,26041.600000000002
2021-11-26,3062,A,SELL,32.7,809,26454.300000000003
2021-11-26,6118,A,SELL,25.6,985,25216.0
2021-11-26,3706,A,SELL,32.0,825,26400.0
2021-11-26,6412,A,SELL,74.3,362,26896.6
2021-11-26,2890,A,BUY,15.15,1801,27285.15
2021-11-26,3046,A,BUY,40.0,682,27280.0
2021-11-26,8478,A,BUY,109.0,250,27250.0
2021-11-26,3390,A,BUY,22.7,1202,27285.399999999998
2021-11-26,8069,A,BUY,116.5,234,27261.0
2021-11-26,2340,A,BUY,56.2,485,27257.0
2021-11-26,8183,A,BUY,64.5,423,27283.5
2021-11-26,1316,A,BUY,21.85,1248,27268.800000000003
2021-11-26,3016,A,BUY,140.0,194,27160.0
2021-11-26,2888,A,BUY,10.85,2514,27276.899999999998
2021-11-26,2618,B,BUY,25.85,137,3541.4500000000003
2021-11-26,3707,B,SELL,148.5,296,43956.0
2021-11-26,3035,B,SELL,182.0,244,44408.0
2021-12-03,8444,A,SELL,122.0,232,28304.0
2021-12-03,3707,B,SELL,155.0,613,95015.0
2021-12-03,2883,A,SELL,16.35,1684,27533.4
2021-12-03,2890,A,SELL,15.2,1801,27375.199999999997
2021-12-03,8478,A,SELL,113.5,250,28375.0
2021-12-03,8069,A,SELL,127.0,234,29718.0
2021-12-03,1316,A,SELL,20.3,1248,25334.4
2021-12-03,2888,A,SELL,10.55,2514,26522.7
2021-12-03,3066,A,BUY,31.35,894,28026.9
2021-12-03,3290,A,BUY,22.0,1274,28028.0
2021-12-03,2497,A,BUY,70.6,397,28028.199999999997
2021-12-03,3532,A,BUY,255.5,109,27849.5
2021-12-03,4303,A,SELL,32.1,258,8281.800000000001
2021-12-03,1721,A,BUY,28.6,980,28028.0
2021-12-03,3089,A,BUY,42.0,667,28014.0
2021-12-03,8114,A,BUY,108.5,258,27993.0
2021-12-03,6152,A,BUY,11.25,2492,28035.0
2021-12-03,2610,B,BUY,25.8,1690,43602.0
2021-12-03,2618,B,BUY,25.15,1604,40340.6
2021-12-03,3037,B,BUY,217.5,322,70035.0
2021-12-03,3035,B,SELL,190.0,131,24890.0
2021-12-10,4303,A,SELL,28.5,874,24909.0
2021-12-10,3035,B,SELL,187.5,369,69187.5
2021-12-10,3046,A,SELL,43.7,682,29803.4
2021-12-10,3390,A,SELL,22.5,1202,27045.0
2021-12-10,2340,A,SELL,59.2,485,28712.0
2021-12-10,8183,A,SELL,67.5,423,28552.5
2021-12-10,3016,A,SELL,137.0,194,26578.0
2021-12-10,3290,A,SELL,20.4,1274,25989.6
2021-12-10,1721,A,SELL,28.6,980,28028.0
2021-12-10,3089,A,SELL,41.85,667,27913.95
2021-12-10,6152,A,SELL,11.5,2492,28658.0
2021-12-10,5383,A,BUY,46.25,629,29091.25
2021-12-10,8444,A,BUY,142.5,204,29070.0
2021-12-10,6265,A,BUY,18.5,1573,29100.5
2021-12-10,3515,A,BUY,283.0,102,28866.0
2021-12-10,3455,A,BUY,81.0,359,29079.0
2021-12-10,1529,A,BUY,20.9,1392,29092.8
2021-12-10,2890,A,BUY,15.95,1824,29092.8
2021-12-10,5234,A,BUY,134.0,217,29078.0
2021-12-10,3169,B,BUY,276.5,263,72719.5
2021-12-17,2497,A,SELL,80.0,397,31760.0
2021-12-17,5383,A,SELL,43.1,629,27109.9
2021-12-17,8444,A,SELL,138.5,204,28254.0
2021-12-17,6265,A,SELL,17.1,1573,26898.300000000003
2021-12-17,3515,A,SELL,272.0,102,27744.0
2021-12-17,3455,A,SELL,74.2,359,26637.8
2021-12-17,1529,A,SELL,19.85,1392,27631.2
2021-12-17,2890,A,SELL,15.9,1824,29001.600000000002
2021-12-17,5234,A,SELL,126.0,217,27342.0
2021-12-17,3169,B,SELL,276.5,263,72719.5
2021-12-17,1611,A,BUY,20.4,1375,28049.999999999996
2021-12-17,6205,A,SELL,64.8,131,8488.8
2021-12-17,3390,A,BUY,26.3,1066,28035.8
2021-12-17,8478,A,BUY,171.0,164,28044.0
2021-12-17,8111,A,BUY,29.65,946,28048.899999999998
2021-12-17,2405,A,BUY,18.3,1532,28035.600000000002
2021-12-17,6235,A,BUY,31.45,892,28053.399999999998
2021-12-17,9906,A,BUY,67.5,415,28012.5
2021-12-17,5607,A,BUY,67.5,415,28012.5
2021-12-17,8069,A,BUY,143.0,196,28028.0
2021-12-17,6118,A,BUY,40.65,690,28048.5
2021-12-17,3035,B,BUY,225.5,311,70130.5
2021-12-24,2618,B,SELL,26.8,2787,74691.6
2021-12-24,3066,A,SELL,27.0,894,24138.0
2021-12-24,3532,A,SELL,304.0,109,33136.0
2021-12-24,8114,A,SELL,122.0,258,31476.0
2021-12-24,3390,A,SELL,27.35,1066,29155.100000000002
2021-12-24,9906,A,SELL,64.1,415,26601.499999999996
2021-12-24,5607,A,SELL,66.1,415,27431.499999999996
2021-12-24,8069,A,SELL,148.0,196,29008.0
2021-12-24,6118,A,SELL,44.6,690,30774.0
2021-12-24,6266,A,BUY,25.85,1114,28796.9
2021-12-24,1454,A,BUY,14.8,1945,28786.0
2021-12-24,8104,A,BUY,77.4,372,28792.800000000003
2021-12-24,2347,A,BUY,66.5,433,28794.5
2021-12-24,6167,A,BUY,15.6,1846,28797.6
2021-12-24,3167,A,BUY,104.0,276,28704.0
2021-12-24,5383,A,BUY,46.7,616,28767.2
2021-12-24,5351,B,BUY,92.4,779,71979.6
2022-01-07,6205,A,SELL,65.9,433,28534.7
2022-01-07,1611,A,SELL,19.7,1375,27087.5
2022-01-07,8478,A,SELL,134.0,164,21976.0
2022-01-07,8111,A,SELL,29.25,946,27670.5
2022-01-07,2405,A,SELL,16.6,1532,25431.2
2022-01-07,6235,A,SELL,33.0,892,29436.0
2022-01-07,2347,A,SELL,66.0,433,28578.0
2022-01-07,6167,A,SELL,14.8,1846,27320.800000000003
2022-01-07,3167,A,SELL,90.6,276,25005.6
2022-01-07,5383,A,SELL,42.4,616,26118.399999999998
2022-01-07,6266,A,SELL,35.0,332,11620.0
2022-01-07,4720,A,BUY,19.6,1395,27342.000000000004
2022-01-07,4939,A,BUY,27.6,991,27351.600000000002
2022-01-07,2323,A,BUY,13.05,2096,27352.800000000003
2022-01-07,3455,A,BUY,102.5,266,27265.0
2022-01-07,3036,A,BUY,76.9,355,27299.500000000004
2022-01-07,5434,A,BUY,167.0,163,27221.0
2022-01-07,6026,A,BUY,22.55,1213,27353.15
2022-01-07,2427,A,BUY,13.55,2018,27343.9
2022-01-07,4755,A,BUY,157.0,174,27318.0
2022-01-07,2890,A,BUY,16.55,1653,27357.15
2022-01-07,8069,A,BUY,150.0,182,27300.0
2022-01-07,4513,A,BUY,17.75,1541,27352.75
2022-01-14,6266,A,SELL,32.75,782,25610.5
2022-01-14,1454,A,SELL,14.3,1945,27813.5
2022-01-14,8104,A,SELL,71.8,372,26709.6
2022-01-14,5351,B,SELL,76.9,779,59905.100000000006
2022-01-14,4939,A,SELL,27.4,991,27153.399999999998
2022-01-14,2323,A,SELL,11.8,2096,24732.800000000003
2022-01-14,3455,A,SELL,97.1,266,25828.6
2022-01-14,5434,A,SELL,166.0,163,27058.0
2022-01-14,6026,A,SELL,21.6,1213,26200.800000000003
2022-01-14,2427,A,SELL,13.0,2018,26234.0
2022-01-14,4755,A,SELL,147.5,174,25665.0
2022-01-14,2890,A,SELL,16.7,1653,27605.1
2022-01-14,4513,A,SELL,13.7,1541,21111.699999999997
2022-01-14,2836,A,BUY,14.6,1806,26367.6
2022-01-14,2812,A,BUY,13.75,1917,26358.75
2022-01-14,2834,A,BUY,10.75,2452,26359.0
2022-01-14,5880,A,BUY,27.2,969,26356.8
2022-01-14,2480,A,BUY,80.0,329,26320.0
2022-01-14,6592,A,BUY,108.0,244,26352.0
2022-01-14,2838,A,BUY,14.8,1781,26358.800000000003
2022-01-14,2892,A,BUY,25.5,1034,26367.0
2022-01-14,2891,A,BUY,27.9,945,26365.5
2022-01-14,2884,A,BUY,29.5,893,26343.5
2022-01-14,2883,A,BUY,18.85,1398,26352.300000000003
2022-01-14,2888,A,BUY,11.8,2234,26361.2
2022-01-14,1225,A,BUY,54.7,482,26365.4
2022-01-14,8069,B,BUY,149.5,258,38571.0
2022-01-21,2610,B,SELL,23.95,2716,65048.2
2022-01-21,4720,A,SELL,15.95,1395,22250.25
2022-01-21,2836,A,SELL,13.4,1806,24200.4
2022-01-21,2834,A,SELL,10.35,2452,25378.2
2022-01-21,6592,A,SELL,105.0,244,25620.0
2022-01-21,2838,A,SELL,14.15,1781,25201.15
2022-01-21,2884,A,SELL,28.85,893,25763.050000000003
2022-01-21,2888,A,SELL,11.2,2234,25020.8
2022-01-21,1225,A,SELL,54.0,482,26028.0
2022-01-21,2385,A,BUY,90.3,283,25554.899999999998
2022-01-21,3455,A,BUY,102.5,249,25522.5
2022-01-21,2887,A,BUY,20.15,1269,25570.35
2022-01-21,1316,A,BUY,24.1,1061,25570.100000000002
2022-01-21,1436,A,BUY,56.5,452,25538.0
2022-01-21,2323,A,BUY,11.8,2167,25570.600000000002
2022-01-21,6205,A,BUY,76.2,335,25527.0
2022-01-21,2347,A,BUY,68.5,373,25550.5
2022-01-21,2340,B,BUY,59.8,1069,63926.2
2022-02-11,3037,B,SELL,222.0,322,71484.0
2022-02-11,3035,B,SELL,244.0,311,75884.0
2022-02-11,3036,A,SELL,90.5,355,32127.5
2022-02-11,2812,A,SELL,13.8,1917,26454.600000000002
2022-02-11,2480,A,SELL,82.8,329,27241.2
2022-02-11,3455,A,SELL,113.0,249,28137.0
2022-02-11,2887,A,SELL,20.55,1269,26077.95
2022-02-11,1316,A,SELL,24.2,1061,25676.2
2022-02-11,1436,A,SELL,57.8,452,26125.6
2022-02-11,2323,A,SELL,11.0,2167,23837.0
2022-02-11,2347,A,SELL,69.8,373,26035.399999999998
2022-02-11,2340,B,SELL,60.5,1069,64674.5
2022-02-11,3088,A,BUY,70.9,375,26587.500000000004
2022-02-11,8210,A,BUY,90.9,292,26542.800000000003
2022-02-11,1225,A,BUY,57.7,461,26599.7
2022-02-11,1215,A,BUY,84.1,316,26575.6
2022-02-11,8406,A,BUY,276.0,96,26496.0
2022-02-11,2884,A,BUY,30.4,875,26600.0
2022-02-11,2890,A,BUY,17.35,1533,26597.550000000003
2022-02-11,6592,A,BUY,110.0,241,26510.0
2022-02-11,2497,A,BUY,100.0,266,26600.0
2022-02-11,8069,B,BUY,148.5,1351,200623.5
2022-02-18,5880,A,SELL,27.35,969,26502.15
2022-02-18,2891,A,SELL,28.35,945,26790.75
2022-02-18,6205,A,SELL,89.8,335,30083.0
2022-02-18,3088,A,SELL,65.5,375,24562.5
2022-02-18,8210,A,SELL,86.8,292,25345.6
2022-02-18,2890,A,SELL,17.4,1533,26674.199999999997
2022-02-18,1712,A,BUY,34.65,765,26507.25
2022-02-18,1229,A,BUY,67.6,392,26499.199999999997
2022-02-18,9933,A,BUY,41.45,639,26486.550000000003
2022-02-18,2834,A,BUY,11.6,2286,26517.6
2022-02-18,2480,A,BUY,83.2,318,26457.600000000002
2022-02-18,2618,B,BUY,35.0,1665,58275.0
2022-02-18,8069,B,SELL,146.0,1185,173010.0
2022-02-25,8069,B,SELL,147.5,606,89385.0
2022-02-25,2892,A,SELL,25.7,1034,26573.8
2022-02-25,2883,A,SELL,18.95,1398,26492.1
2022-02-25,2385,A,SELL,89.6,283,25356.8
2022-02-25,1225,A,SELL,60.5,461,27890.5
2022-02-25,2884,A,SELL,29.45,875,25768.75
2022-02-25,1712,A,SELL,32.3,765,24709.499999999996
2022-02-25,9933,A,SELL,41.15,639,26294.85
2022-02-25,2834,A,SELL,11.1,2286,25374.6
2022-02-25,2618,B,SELL,32.25,1665,53696.25
2022-02-25,5706,A,BUY,61.8,706,43630.799999999996
2022-02-25,4904,A,BUY,69.3,629,43589.7
2022-02-25,2412,A,BUY,124.5,350,43575.0
2022-02-25,2707,A,BUY,177.5,245,43487.5
2022-02-25,1760,A,BUY,108.5,402,43617.0
2022-02-25,3209,A,BUY,33.95,1285,43625.75000000001
2022-02-25,8406,A,BUY,275.5,62,17081.0
2022-02-25,6592,A,BUY,123.5,112,13832.0
2022-02-25,3066,A,BUY,43.8,996,43624.799999999996
2022-02-25,1215,A,BUY,84.6,199,16835.399999999998
2022-02-25,2497,A,BUY,111.5,125,13937.5
2022-02-25,1229,A,BUY,67.0,259,17353.0
2022-02-25,9941,A,BUY,202.0,216,43632.0
2022-02-25,2480,A,BUY,85.4,192,16396.800000000003
2022-02-25,2347,A,BUY,71.9,606,43571.4
2022-03-04,1215,A,SELL,85.1,515,43826.5
2022-03-04,8406,A,SELL,275.0,158,43450.0
2022-03-04,6592,A,SELL,117.5,353,41477.5
2022-03-04,2497,A,SELL,106.5,391,41641.5
2022-03-04,2412,A,SELL,123.0,350,43050.0
2022-03-04,6469,A,BUY,291.0,151,43941.0
2022-03-04,8401,A,BUY,19.8,2225,44055.0
2022-03-04,4148,A,BUY,55.3,796,44018.799999999996
2022-03-04,1773,A,BUY,198.0,222,43956.0
2022-03-04,9933,A,BUY,41.5,1061,44031.5
2022-03-04,1225,A,BUY,59.8,468,27986.399999999998
2022-03-11,1229,A,SELL,63.6,651,41403.6
2022-03-11,2707,A,SELL,162.5,245,39812.5
2022-03-11,3066,A,SELL,37.5,996,37350.0
2022-03-11,2347,A,SELL,72.3,606,43813.799999999996
2022-03-11,1225,A,SELL,58.4,468,27331.2
2022-03-11,2613,A,BUY,39.5,1104,43608.0
2022-03-11,8406,A,BUY,277.0,157,43489.0
2022-03-11,4162,A,BUY,81.2,537,43604.4
2022-03-11,2024,A,BUY,26.1,1670,43587.0
2022-03-18,1760,A,SELL,98.0,402,39396.0
2022-03-18,6469,A,SELL,278.0,151,41978.0
2022-03-18,2613,A,SELL,36.85,1104,40682.4
2022-03-18,2024,A,SELL,25.3,1670,42251.0
2022-03-18,6122,A,BUY,14.95,2962,44281.9
2022-03-18,2812,A,BUY,14.75,3002,44279.5
2022-03-18,2412,A,BUY,126.5,350,44275.0
2022-03-18,6412,A,BUY,86.4,512,44236.8
2022-03-25,5706,A,SELL,66.7,706,47090.200000000004
2022-03-25,4904,A,SELL,73.5,629,46231.5
2022-03-25,8401,A,SELL,17.8,2225,39605.0
2022-03-25,9933,A,SELL,46.5,1061,49336.5
2022-03-25,6412,A,SELL,86.1,512,44083.2
2022-03-25,2540,A,BUY,133.5,335,44722.5
2022-03-25,4104,A,BUY,65.0,688,44720.0
2022-03-25,2834,A,BUY,12.6,3551,44742.6
2022-03-25,4755,A,BUY,197.5,226,44635.0
2022-03-25,2836,A,BUY,14.4,3107,44740.8
2022-04-01,2480,A,SELL,93.0,510,47430.0
2022-04-01,3209,A,SELL,38.3,1285,49215.49999999999
2022-04-01,4148,A,SELL,63.3,796,50386.799999999996
2022-04-01,4162,A,SELL,85.9,537,46128.3
2022-04-01,4755,A,SELL,192.5,226,43505.0
2022-04-01,2836,A,SELL,15.05,3107,46760.350000000006
2022-04-01,5603,A,BUY,50.7,880,44616.0
2022-04-01,2886,A,BUY,43.1,1035,44608.5
2022-04-01,3011,A,BUY,18.3,2438,44615.4
2022-04-01,9933,A,BUY,46.2,965,44583.0
2022-04-01,6189,A,BUY,45.4,982,44582.799999999996
2022-04-01,4904,A,BUY,73.1,610,44591.0
2022-04-08,1773,A,SELL,221.5,222,49173.0
2022-04-08,2540,A,SELL,120.5,335,40367.5
2022-04-08,9933,A,SELL,45.95,965,44341.75
2022-04-08,6189,A,SELL,44.6,982,43797.200000000004
2022-04-08,4904,A,SELL,74.6,610,45506.0
2022-04-08,1453,A,BUY,13.6,3396,46185.6
2022-04-08,2884,A,BUY,34.85,1325,46176.25
2022-04-08,2850,A,BUY,55.7,829,46175.3
2022-04-08,6122,A,SELL,19.6,605,11858.0
2022-04-08,8050,A,BUY,47.7,968,46173.600000000006
2022-04-08,2838,A,BUY,17.5,2639,46182.5
2022-04-15,8406,A,SELL,278.0,157,43646.0
2022-04-15,6122,A,SELL,19.0,2357,44783.0
2022-04-15,2812,A,SELL,15.15,3002,45480.3
2022-04-15,2834,A,SELL,13.1,3551,46518.1
2022-04-15,2886,A,SELL,42.85,1035,44349.75
2022-04-15,2884,A,SELL,33.3,1325,44122.49999999999
2022-04-15,2838,A,SELL,16.3,2639,43015.700000000004
2022-04-15,4736,A,BUY,294.5,155,45647.5
2022-04-15,8074,A,BUY,24.95,1833,45733.35
2022-04-15,4148,A,BUY,87.5,522,45675.0
2022-04-15,5210,A,BUY,24.7,1851,45719.7
2022-04-15,5706,A,BUY,71.9,636,45728.4
2022-04-15,2540,A,BUY,124.5,367,45691.5
2022-04-15,1760,A,BUY,136.0,336,45696.0
2022-04-22,5603,A,SELL,53.6,880,47168.0
2022-04-22,3011,A,SELL,24.05,2438,58633.9
2022-04-22,2850,A,SELL,56.6,829,46921.4
2022-04-22,8074,A,SELL,22.55,1833,41334.15
2022-04-22,4148,A,SELL,85.0,522,44370.0
2022-04-22,5210,A,SELL,24.45,1851,45256.95
2022-04-22,5706,A,SELL,67.9,636,43184.4
2022-04-22,2540,A,SELL,124.0,367,45508.0
2022-04-22,4106,A,BUY,40.7,1151,46845.700000000004
2022-04-22,1605,A,BUY,46.1,1016,46837.6
2022-04-22,1220,A,BUY,24.5,1912,46844.0
2022-04-22,1219,A,BUY,27.75,1688,46842.0
2022-04-22,4121,A,BUY,30.0,1562,46860.0
2022-04-22,1453,A,SELL,18.3,835,15280.5
2022-04-22,3313,A,BUY,13.8,3396,46864.8
2022-04-22,6581,A,BUY,109.0,429,46761.0
2022-04-22,4114,A,BUY,28.25,1658,46838.5
2022-04-29,9941,A,SELL,231.5,216,50004.0
2022-04-29,8050,A,SELL,50.3,968,48690.399999999994
2022-04-29,1760,A,SELL,139.5,336,46872.0
2022-04-29,4106,A,SELL,34.6,1151,39824.6
2022-04-29,3313,A,SELL,12.7,3396,43129.2
2022-04-29,1453,A,SELL,23.25,608,14136.0
2022-04-29,9802,A,BUY,154.5,293,45268.5
2022-04-29,4904,A,BUY,82.8,548,45374.4
2022-04-29,2634,A,BUY,33.2,1367,45384.4
2022-04-29,2545,A,BUY,55.7,815,45395.5
2022-05-06,2412,A,SELL,126.5,350,44275.0
2022-05-06,4104,A,SELL,67.9,688,46715.200000000004
2022-05-06,4736,A,SELL,247.0,155,38285.0
2022-05-06,1219,A,SELL,25.15,1688,42453.2
2022-05-06,4121,A,SELL,25.0,1562,39050.0
2022-05-06,6581,A,SELL,93.6,429,40154.399999999994
2022-05-06,4114,A,SELL,26.75,1658,44351.5
2022-05-06,2634,A,SELL,32.5,1367,44427.5
2022-05-06,8050,A,BUY,51.3,841,43143.299999999996
2022-05-06,9933,A,BUY,49.15,878,43153.7
2022-05-06,3209,A,BUY,39.05,1106,43189.299999999996
2022-05-06,5603,A,BUY,51.2,843,43161.600000000006
2022-05-06,3313,A,BUY,14.45,2989,43191.049999999996
2022-05-06,4148,A,BUY,80.9,533,43119.700000000004
2022-05-06,5706,A,BUY,71.0,608,43168.0
2022-05-06,2540,A,BUY,119.0,362,43078.0
2022-05-13,1220,A,SELL,18.1,1912,34607.200000000004
2022-05-13,8050,A,SELL,46.3,841,38938.299999999996
2022-05-13,5603,A,SELL,48.6,843,40969.8
2022-05-13,4148,A,SELL,65.1,533,34698.299999999996
2022-05-13,5706,A,SELL,64.0,608,38912.0
2022-05-13,2540,A,SELL,110.5,362,40001.0
2022-05-13,1524,A,BUY,14.1,2858,40297.799999999996
2022-05-13,3011,A,BUY,19.15,2104,40291.6
2022-05-13,6122,A,BUY,16.35,2465,40302.75
2022-05-13,2613,A,BUY,36.25,1111,40273.75
2022-05-13,2634,A,BUY,31.55,1277,40289.35
2022-05-13,4104,A,BUY,66.2,608,40249.6
2022-05-20,2545,A,SELL,53.1,815,43276.5
2022-05-20,9933,A,SELL,45.2,878,39685.600000000006
2022-05-20,2613,A,SELL,35.6,1111,39551.6
2022-05-20,1522,A,BUY,24.85,1732,43040.200000000004
2022-05-20,1524,A,SELL,19.35,632,12229.2
2022-05-20,1453,A,SELL,30.35,534,16206.900000000001
2022-05-20,2540,A,BUY,121.5,354,43011.0
2022-05-20,8050,A,BUY,47.9,898,43014.2
2022-05-27,3313,A,SELL,12.95,2989,38707.549999999996
2022-05-27,3011,A,SELL,17.45,2104,36714.799999999996
2022-05-27,4104,A,SELL,67.1,608,40796.799999999996
2022-05-27,1568,A,BUY,26.0,1679,43654.0
2022-05-27,6605,A,BUY,68.5,637,43634.5
2022-05-27,2482,A,BUY,20.8,2098,43638.4
2022-06-10,1605,A,SELL,43.15,1016,43840.4
2022-06-10,4904,A,SELL,80.7,548,44223.6
2022-06-10,2540,A,SELL,124.0,354,43896.0
2022-06-10,1539,A,BUY,33.6,1388,46636.8
2022-06-10,2482,A,SELL,28.4,455,12922.0
2022-06-10,1319,A,BUY,41.5,1123,46604.5
2022-06-10,2545,A,BUY,57.3,813,46584.899999999994
2022-06-17,1453,A,SELL,23.75,1419,33701.25
2022-06-17,3209,A,SELL,38.9,1106,43023.4
2022-06-17,6122,A,SELL,16.9,2465,41658.5
2022-06-17,2545,A,SELL,53.7,813,43658.100000000006
2022-06-17,5288,A,BUY,169.5,261,44239.5
2022-06-17,5353,A,BUY,23.8,1861,44291.8
2022-06-17,5258,A,BUY,59.3,746,44237.799999999996
2022-06-17,6715,A,BUY,130.0,340,44200.0
2022-06-17,4904,A,BUY,82.5,536,44220.0
2022-06-24,2634,A,SELL,31.75,1277,40544.75
2022-06-24,8050,A,SELL,53.5,898,48043.0
2022-06-24,4904,A,SELL,84.7,536,45399.200000000004
2022-06-24,6472,A,BUY,237.0,195,46215.0
2022-06-24,3531,A,BUY,23.15,2001,46323.149999999994
2022-07-08,1568,A,SELL,26.25,1679,44073.75
2022-07-08,1539,A,SELL,27.25,1388,37823.0
2022-07-08,5288,A,SELL,157.5,261,41107.5
2022-07-08,6472,A,BUY,216.0,87,18792.0
2022-07-08,5258,A,BUY,50.3,468,23540.399999999998
2022-07-08,3531,A,BUY,22.55,707,15942.85
2022-07-15,2482,A,BUY,26.25,722,18952.5
2022-07-15,6605,A,BUY,70.0,250,17500.0
2022-07-29,6133,A,BUY,23.5,2525,59337.5
2022-07-29,5258,A,SELL,64.4,292,18804.800000000003
2022-08-05,9802,A,SELL,162.5,293,47612.5
2022-08-05,2305,A,BUY,27.5,2032,55880.0
2022-08-05,5902,A,BUY,34.95,1032,36068.4
2022-08-05,3531,A,SELL,26.5,598,15847.0
2022-08-05,2482,A,SELL,29.65,479,14202.349999999999
2022-08-12,1522,A,SELL,30.45,1732,52739.4
2022-08-12,2482,A,SELL,25.95,1886,48941.7
2022-08-12,1319,A,SELL,47.55,1123,53398.649999999994
2022-08-12,6715,A,SELL,152.0,340,51680.0
2022-08-12,3432,A,BUY,23.7,2014,47731.799999999996
2022-08-12,3454,A,BUY,99.0,482,47718.0
2022-08-12,3617,A,BUY,84.5,565,47742.5
2022-08-12,5015,A,BUY,58.5,816,47736.0
2022-08-12,6146,A,BUY,233.0,193,44969.0
2022-08-12,1413,A,BUY,11.3,19,214.70000000000002
2022-08-12,6605,A,SELL,80.2,291,23338.2
2022-08-12,6472,A,SELL,268.0,103,27604.0
2022-08-12,5258,A,SELL,66.1,199,13153.9
2022-08-19,6605,A,SELL,79.4,596,47322.4
2022-08-19,5258,A,SELL,65.6,723,47428.799999999996
2022-08-19,3531,A,SELL,28.95,2110,61084.5
2022-08-19,1413,A,SELL,11.1,19,210.9
2022-08-19,2468,A,BUY,21.85,2333,50976.05
2022-08-19,3047,A,BUY,19.2,2655,50976.0
2022-08-19,9907,A,BUY,20.2,2524,50984.799999999996
2022-08-19,6133,A,SELL,26.8,622,16669.600000000002
2022-08-19,5902,A,BUY,34.85,431,15020.35
2022-08-19,2305,A,SELL,32.7,472,15434.400000000001
2022-08-19,1319,A,BUY,52.1,978,50953.8
2022-08-26,1524,A,SELL,29.25,2226,65110.5
2022-08-26,5353,A,SELL,37.4,1861,69601.4
2022-08-26,6133,A,SELL,28.95,1903,55091.85
2022-08-26,2305,A,SELL,32.65,1560,50934.0
2022-08-26,3432,A,SELL,26.2,2014,52766.799999999996
2022-08-26,3454,A,SELL,110.0,482,53020.0
2022-08-26,5015,A,SELL,57.2,816,46675.200000000004
2022-08-26,6146,A,SELL,234.5,193,45258.5
2022-08-26,9907,A,SELL,20.3,2524,51237.200000000004
2022-08-26,1319,A,SELL,52.8,978,51638.399999999994
2022-08-26,8349,A,BUY,72.7,740,53798.0
2022-08-26,4977,A,BUY,114.0,472,53808.0
2022-08-26,3043,A,BUY,7.52,7155,53805.6
2022-08-26,3022,A,BUY,72.2,745,53789.0
2022-08-26,4770,A,BUY,378.5,142,53747.0
2022-08-26,6221,A,BUY,53.5,1005,53767.5
2022-08-26,6117,A,BUY,20.35,2644,53805.4
2022-08-26,1712,A,BUY,45.1,1193,53804.3
2022-08-26,3520,A,BUY,25.1,2143,53789.3
2022-08-26,1336,A,BUY,27.75,1939,53807.25
2022-09-02,6472,A,SELL,309.0,179,55311.0
2022-09-02,3047,A,SELL,18.35,2655,48719.25000000001
2022-09-02,3043,A,SELL,7.4,7155,52947.0
2022-09-02,6221,A,SELL,54.8,1005,55074.0
2022-09-02,6117,A,SELL,18.85,2644,49839.4
2022-09-02,3520,A,SELL,24.35,2143,52182.05
2022-09-02,1336,A,SELL,26.15,1939,50704.85
2022-09-02,8933,A,BUY,19.7,2691,53012.7
2022-09-02,4743,A,BUY,290.0,182,52780.0
2022-09-02,2530,A,BUY,15.95,3324,53017.799999999996
2022-09-02,6589,A,BUY,129.5,409,52965.5
2022-09-02,1410,A,BUY,43.05,1231,52994.549999999996
2022-09-02,3284,A,BUY,17.0,3119,53023.0
2022-09-02,1442,A,BUY,26.7,1986,53026.2
2022-09-16,5902,A,SELL,40.35,1463,59032.05
2022-09-16,3617,A,SELL,102.5,565,57912.5
2022-09-16,2468,A,SELL,18.4,2333,42927.2
2022-09-16,8349,A,SELL,69.5,740,51430.0
2022-09-16,4770,A,SELL,385.0,142,54670.0
2022-09-16,1712,A,SELL,43.6,1193,52014.8
2022-09-16,4743,A,SELL,271.5,182,49413.0
2022-09-16,6589,A,SELL,116.0,409,47444.0
2022-09-16,1410,A,SELL,41.8,1231,51455.799999999996
2022-09-16,2483,A,BUY,31.8,1658,52724.4
2022-09-16,8109,A,BUY,91.2,578,52713.6
2022-09-16,8916,A,BUY,59.6,885,52746.0
2022-09-16,9942,A,BUY,102.0,517,52734.0
2022-09-16,2540,A,BUY,150.0,351,52650.0
2022-09-16,3454,A,BUY,139.5,378,52731.0
2022-09-16,5225,A,BUY,31.65,1666,52728.899999999994
2022-09-16,6146,A,BUY,245.0,215,52675.0
2022-09-16,5015,A,BUY,63.1,836,52751.6
2022-09-23,3022,A,SELL,58.1,745,43284.5
2022-09-23,3284,A,SELL,15.95,3119,49748.049999999996
2022-09-23,9942,A,SELL,99.0,517,51183.0
2022-09-23,2540,A,SELL,71.5,351,25096.5
2022-09-23,5015,A,SELL,59.5,836,49742.0
2022-09-23,8349,A,BUY,77.1,632,48727.2
2022-09-23,9939,A,BUY,82.8,589,48769.2
2022-09-23,5353,A,BUY,39.8,1225,48755.0
2022-09-23,4162,A,BUY,128.5,379,48701.5
2022-09-23,8932,A,BUY,32.6,1261,41108.6
2022-09-30,8933,A,SELL,19.0,2691,51129.0
2022-09-30,8109,A,SELL,85.3,578,49303.4
2022-09-30,4162,A,SELL,118.0,379,44722.0
2022-09-30,6472,A,BUY,327.5,145,47487.5
2022-09-30,4743,A,BUY,252.5,189,47722.5
2022-09-30,3617,A,BUY,95.0,502,47690.0
2022-10-07,4977,A,SELL,112.0,472,52864.0
2022-10-07,8916,A,SELL,55.8,885,49383.0
2022-10-07,6146,A,SELL,230.0,215,49450.0
2022-10-07,5353,A,SELL,40.55,1225,49673.75
2022-10-07,4743,A,SELL,257.0,189,48573.0
2022-10-07,3617,A,SELL,96.1,502,48242.2
2022-10-07,3046,A,BUY,54.3,880,47784.0
2022-10-07,2530,A,SELL,18.1,682,12344.2
2022-10-07,5225,A,SELL,36.1,341,12310.1
2022-10-07,1410,A,BUY,41.85,1142,47792.700000000004
2022-10-07,6589,A,BUY,114.0,419,47766.0
2022-10-07,8933,A,BUY,20.3,2354,47786.200000000004
2022-10-07,3043,A,BUY,7.7,6208,47801.6
2022-10-07,9942,A,BUY,99.9,478,47752.200000000004
2022-10-14,2483,A,SELL,23.8,1658,39460.4
2022-10-14,8349,A,SELL,63.7,632,40258.4
2022-10-14,1410,A,SELL,39.45,1142,45051.9
2022-10-14,5015,A,BUY,60.0,778,46680.0
2022-10-14,8916,A,BUY,55.1,848,46724.8
2022-10-14,4743,A,BUY,243.5,191,46508.5
2022-10-21,6472,A,SELL,258.5,145,37482.5
2022-10-21,3043,A,SELL,6.36,6208,39482.880000000005
2022-10-21,4743,A,SELL,215.0,191,41065.0
2022-10-21,1442,A,SELL,29.55,471,13918.050000000001
2022-10-21,1410,A,BUY,40.65,1101,44755.65
2022-10-21,8109,A,BUY,81.1,551,44686.1
2022-10-21,6117,A,BUY,11.95,3745,44752.75
2022-10-28,9939,A,SELL,84.9,589,50006.100000000006
2022-10-28,6589,A,SELL,98.3,419,41187.7
2022-10-28,8109,A,SELL,80.0,551,44080.0
2022-10-28,6117,A,SELL,12.75,3745,47748.75
2022-10-28,8932,A,BUY,32.8,586,19220.8
2022-10-28,1442,A,BUY,29.05,570,16558.5
2022-10-28,5225,A,BUY,31.7,586,18576.2
2022-10-28,3046,A,BUY,44.55,479,21339.449999999997
2022-10-28,1410,A,BUY,39.4,436,17178.399999999998
2022-11-04,2530,A,BUY,17.95,1056,18955.2
2022-11-11,8033,A,BUY,34.0,1808,61472.0
2022-11-11,5225,A,SELL,41.5,429,17803.5
2022-11-11,8933,A,BUY,18.7,933,17447.1
2022-11-18,8933,A,SELL,18.0,3287,59166.0
2022-11-18,8931,A,BUY,34.6,1698,58750.8
2022-11-18,8033,A,SELL,42.0,408,17136.0
2022-11-18,8249,A,BUY,27.5,1660,45650.0
2022-11-18,3046,A,SELL,60.8,392,23833.6
2022-11-25,8916,A,SELL,55.9,848,47403.2
2022-11-25,8931,A,SELL,38.05,379,14420.949999999999
2022-11-25,1810,A,BUY,19.65,2552,50146.799999999996
2022-11-25,6472,A,BUY,416.0,84,34944.0
2022-11-25,6245,A,BUY,87.1,3,261.29999999999995
2022-11-25,1442,A,SELL,34.6,635,21971.0
2022-11-25,8932,A,SELL,39.4,573,22576.2
2022-11-25,3454,A,SELL,174.0,89,15486.0
2022-11-25,2530,A,SELL,18.7,1015,18980.5
2022-11-25,1410,A,SELL,41.95,341,14304.95
2022-12-02,2530,A,SELL,18.45,2683,49501.35
2022-12-02,5225,A,SELL,38.0,1482,56316.0
2022-12-02,3046,A,SELL,56.6,967,54732.200000000004
2022-12-02,9942,A,SELL,113.0,478,54014.0
2022-12-02,1410,A,SELL,44.35,1196,53042.6
2022-12-02,8931,A,SELL,40.0,526,21040.0
2022-12-02,6245,A,BUY,104.0,301,31304.0
2022-12-02,1810,A,SELL,20.05,971,19468.55
2022-12-02,2201,A,BUY,66.7,475,31682.5
2022-12-02,1442,A,SELL,36.7,586,21506.2
2022-12-02,1417,A,BUY,14.65,2163,31687.95
2022-12-02,1795,A,BUY,245.5,129,31669.5
2022-12-02,8222,A,BUY,31.85,995,31690.75
2022-12-02,1584,A,BUY,24.0,1320,31680.0
2022-12-02,3454,A,SELL,213.5,140,29890.0
2022-12-02,8033,A,SELL,41.0,626,25666.0
2022-12-02,8249,A,SELL,27.85,521,14509.85
2022-12-02,8932,A,SELL,42.85,534,22881.9
2022-12-02,5015,A,SELL,74.5,352,26224.0
2022-12-02,8996,B,BUY,165.0,1921,316965.0
2022-12-09,5015,A,SELL,59.2,426,25219.2
2022-12-09,8033,A,SELL,44.05,774,34094.7
2022-12-09,8249,A,SELL,26.5,1139,30183.5
2022-12-09,6472,A,SELL,394.5,84,33138.0
2022-12-09,1584,A,SELL,24.25,1320,32010.0
2022-12-09,6234,A,BUY,22.2,1432,31790.399999999998
2022-12-09,1342,A,BUY,136.0,233,31688.0
2022-12-09,1707,A,BUY,161.0,197,31717.0
2022-12-09,2723,A,BUY,139.5,228,31806.0
2022-12-09,2707,A,BUY,257.5,123,31672.5
2022-12-09,6223,A,BUY,116.5,252,29358.0
2022-12-09,8996,B,SELL,171.0,1300,222300.0
2022-12-16,1442,A,SELL,36.2,864,31276.800000000003
2022-12-16,8932,A,SELL,48.1,740,35594.0
2022-12-16,1810,A,SELL,21.3,1581,33675.3
2022-12-16,6245,A,SELL,100.5,304,30552.0
2022-12-16,1417,A,SELL,14.4,2163,31147.2
2022-12-16,8222,A,SELL,32.65,995,32486.75
2022-12-16,6234,A,SELL,23.35,1432,33437.200000000004
2022-12-16,1707,A,SELL,155.5,197,30633.5
2022-12-16,6223,A,SELL,117.0,252,29484.0
2022-12-16,1701,A,BUY,31.1,1020,31722.0
2022-12-16,4129,A,BUY,49.55,640,31712.0
2022-12-16,4130,A,BUY,38.05,833,31695.649999999998
2022-12-16,3013,A,BUY,21.7,1462,31725.399999999998
2022-12-16,2444,A,BUY,19.2,1652,31718.399999999998
2022-12-16,1720,A,BUY,58.5,542,31707.0
2022-12-16,2929,A,BUY,16.9,1877,31721.299999999996
2022-12-16,3498,A,BUY,35.95,882,31707.9
2022-12-16,4114,A,BUY,50.2,632,31726.4
2022-12-16,4153,A,BUY,32.55,974,31703.699999999997
2022-12-16,1752,A,BUY,51.1,620,31682.0
2022-12-16,1795,B,BUY,234.5,209,49010.5
2022-12-16,2201,B,BUY,64.1,762,48844.2
2022-12-16,3454,B,BUY,214.0,221,47294.0
2022-12-16,8996,B,SELL,169.0,151,25519.0
2022-12-23,8931,A,SELL,39.95,793,31680.350000000002
2022-12-23,1707,A,BUY,160.5,199,31939.5
2022-12-30,1342,A,SELL,131.0,233,30523.0
2022-12-30,4130,A,SELL,32.5,833,27072.5
2022-12-30,3013,A,SELL,17.25,1462,25219.5
2022-12-30,2444,A,SELL,16.55,1652,27340.600000000002
2022-12-30,2597,A,BUY,125.5,273,34261.5
2022-12-30,8931,A,BUY,41.6,825,34320.0
2022-12-30,6234,A,BUY,23.6,1455,34338.0
2023-01-06,2707,A,SELL,233.0,123,28659.0
2023-01-06,4114,A,SELL,44.8,632,28313.6
2023-01-06,6234,A,SELL,22.25,1455,32373.75
2023-01-06,8249,A,BUY,28.2,1191,33586.2
2023-01-06,8033,A,BUY,41.9,801,33561.9
2023-01-06,6223,A,BUY,118.5,283,33535.5
2023-01-13,1701,A,SELL,27.1,1020,27642.0
2023-01-13,4129,A,SELL,45.1,640,28864.0
2023-01-13,1720,A,SELL,55.2,542,29918.4
2023-01-13,4153,A,SELL,33.6,974,32726.4
2023-01-13,1707,A,SELL,162.0,199,32238.0
2023-01-13,8033,A,SELL,39.35,801,31519.350000000002
2023-01-13,6223,A,SELL,114.0,283,32262.0
2023-01-13,5340,A,BUY,40.25,811,32642.75
2023-01-13,2493,A,BUY,46.0,709,32614.0
2023-01-13,1443,A,BUY,28.9,1129,32628.1
2023-01-13,4763,A,BUY,254.5,128,32576.0
2023-01-13,6245,A,BUY,94.6,345,32636.999999999996
2023-01-13,1584,A,BUY,24.0,1360,32640.0
2023-01-13,2444,A,BUY,17.8,1834,32645.2
2023-02-03,3454,B,SELL,209.0,370,77330.0
2023-02-03,2723,A,SELL,147.5,228,33630.0
2023-02-03,2929,A,SELL,16.7,1877,31345.899999999998
2023-02-03,3498,A,SELL,38.0,882,33516.0
2023-02-03,1752,A,SELL,56.6,620,35092.0
2023-02-03,8249,A,SELL,29.4,1191,35015.4
2023-02-03,6245,A,SELL,101.0,345,34845.0
2023-02-03,1584,A,SELL,25.5,1360,34680.0
2023-02-03,2444,A,SELL,17.85,1834,32736.9
2023-02-03,2897,A,BUY,9.74,3634,35395.16
2023-02-03,6180,A,BUY,81.9,432,35380.8
2023-02-03,5439,A,BUY,55.7,635,35369.5
2023-02-03,8210,A,BUY,86.5,409,35378.5
2023-02-03,1707,A,BUY,173.5,204,35394.0
2023-02-03,4153,A,BUY,39.4,898,35381.2
2023-02-03,4106,A,BUY,31.3,1130,35369.0
2023-02-03,6223,A,BUY,124.5,284,35358.0
2023-02-10,2597,A,SELL,126.5,273,34534.5
2023-02-10,8931,A,SELL,51.1,825,42157.5
2023-02-10,1443,A,SELL,27.95,1129,31555.55
2023-02-10,8210,A,SELL,84.6,409,34601.399999999994
2023-02-10,1707,A,SELL,171.5,204,34986.0
2023-02-10,4153,A,SELL,38.6,898,34662.8
2023-02-10,4106,A,SELL,30.9,1130,34917.0
2023-02-10,6223,A,SELL,120.5,284,34222.0
2023-02-10,2482,A,BUY,40.7,826,33618.200000000004
2023-02-10,3029,A,BUY,46.0,730,33580.0
2023-02-10,6188,A,BUY,47.0,715,33605.0
2023-02-10,4155,A,BUY,33.45,1005,33617.25
2023-02-10,1104,A,BUY,23.95,1403,33601.85
2023-02-10,2852,A,BUY,16.65,2019,33616.35
2023-02-10,8476,A,BUY,67.6,497,33597.2
2023-02-10,1432,A,BUY,15.9,2114,33612.6
2023-02-10,6282,A,BUY,37.8,889,33604.2
2023-02-10,4164,A,BUY,53.2,632,33622.4
2023-02-10,8996,B,SELL,229.0,102,23358.0
2023-02-10,4763,B,BUY,286.0,165,47190.0
2023-02-17,5340,A,SELL,50.7,811,41117.700000000004
2023-02-17,2493,A,SELL,48.55,709,34421.95
2023-02-17,6180,A,SELL,82.5,432,35640.0
2023-02-17,5439,A,SELL,59.0,635,37465.0
2023-02-17,6188,A,SELL,47.75,715,34141.25
2023-02-17,4155,A,SELL,32.85,1005,33014.25
2023-02-17,1104,A,SELL,23.9,1403,33531.7
2023-02-17,2852,A,SELL,16.9,2019,34121.1
2023-02-17,8476,A,SELL,69.4,497,34491.8
2023-02-17,6282,A,SELL,37.85,889,33648.65
2023-02-17,4164,A,SELL,61.0,632,38552.0
2023-02-17,2453,A,BUY,43.0,810,34830.0
2023-02-17,6128,A,BUY,33.35,1044,34817.4
2023-02-17,4960,A,BUY,12.45,2798,34835.1
2023-02-17,2017,A,BUY,18.6,1873,34837.8
2023-02-17,6290,A,BUY,70.3,495,34798.5
2023-02-17,3209,A,BUY,41.8,833,34819.399999999994
2023-02-17,5315,A,BUY,20.45,1703,34826.35
2023-02-17,2727,A,BUY,251.5,138,34707.0
2023-02-17,1473,A,BUY,24.35,1430,34820.5
2023-02-17,6605,A,BUY,86.7,401,34766.700000000004
2023-02-17,6266,A,BUY,31.8,1095,34821.0
2023-02-24,2201,B,SELL,81.3,1237,100568.09999999999
2023-02-24,4763,B,SELL,339.0,293,99327.0
2023-02-24,2897,A,SELL,9.71,3634,35286.14000000001
2023-02-24,2482,A,SELL,47.85,826,39524.1
2023-02-24,3029,A,SELL,48.65,730,35514.5
2023-02-24,6128,A,SELL,34.15,1044,35652.6
2023-02-24,4960,A,SELL,12.5,2798,34975.0
2023-02-24,2017,A,SELL,19.1,1873,35774.3
2023-02-24,3209,A,SELL,43.7,833,36402.100000000006
2023-02-24,6605,A,SELL,87.5,401,35087.5
2023-02-24,6266,A,SELL,33.5,1095,36682.5
2023-02-24,1108,A,BUY,14.15,2534,35856.1
2023-02-24,8936,A,BUY,30.75,1166,35854.5
2023-02-24,1437,A,BUY,30.9,1160,35844.0
2023-02-24,1506,A,BUY,22.1,1622,35846.200000000004
2023-02-24,4526,A,BUY,16.65,2154,35864.1
2023-02-24,1103,A,BUY,20.4,1758,35863.2
2023-02-24,3594,A,BUY,45.0,796,35820.0
2023-02-24,2748,A,BUY,98.2,365,35843.0
2023-02-24,6188,A,BUY,48.85,734,35855.9
2023-02-24,3443,B,BUY,1160.0,77,89320.0
2023-02-24,1513,B,BUY,94.9,944,89585.6
2023-03-03,8996,B,SELL,234.0,368,86112.0
2023-03-03,1432,A,SELL,17.9,2114,37840.6
2023-03-03,6290,A,SELL,72.0,495,35640.0
2023-03-03,1108,A,SELL,13.6,2534,34462.4
2023-03-03,1437,A,SELL,30.15,1160,34974.0
2023-03-03,1506,A,SELL,22.2,1622,36008.4
2023-03-03,4526,A,SELL,16.8,2154,36187.200000000004
2023-03-03,1103,A,SELL,19.75,1758,34720.5
2023-03-03,3594,A,SELL,45.15,796,35939.4
2023-03-03,2748,A,SELL,94.4,365,34456.0
2023-03-03,6188,A,SELL,52.5,734,38535.0
2023-03-03,5452,A,BUY,21.45,1661,35628.45
2023-03-03,3652,A,BUY,31.45,1133,35632.85
2023-03-03,5464,A,BUY,35.8,995,35621.0
2023-03-03,1535,A,BUY,49.05,726,35610.299999999996
2023-03-03,6128,A,BUY,34.85,1022,35616.700000000004
2023-03-03,6561,A,BUY,357.0,99,35343.0
2023-03-03,8927,A,BUY,45.2,788,35617.600000000006
2023-03-03,3055,A,BUY,33.05,1078,35627.899999999994
2023-03-03,3416,A,BUY,99.6,357,35557.2
2023-03-03,3209,A,BUY,44.65,798,35630.7
2023-03-03,4763,B,BUY,338.0,263,88894.0
2023-03-10,2727,A,SELL,261.0,138,36018.0
2023-03-10,1473,A,SELL,25.75,1430,36822.5
2023-03-10,8936,A,SELL,29.55,1166,34455.3
2023-03-10,5452,A,SELL,20.6,1661,34216.600000000006
2023-03-10,3652,A,SELL,28.15,1133,31893.949999999997
2023-03-10,5464,A,SELL,32.15,995,31989.25
2023-03-10,1535,A,SELL,48.0,726,34848.0
2023-03-10,6128,A,SELL,34.15,1022,34901.299999999996
2023-03-10,8927,A,SELL,41.75,788,32899.0
2023-03-10,3055,A,SELL,29.05,1078,31315.9
2023-03-10,3416,A,SELL,95.6,357,34129.2
2023-03-10,3209,A,SELL,40.5,798,32319.0
2023-03-10,2453,A,SELL,60.0,235,14100.0
2023-03-10,2449,A,BUY,46.95,734,34461.3
2023-03-10,8111,A,BUY,22.95,1502,34470.9
2023-03-10,5403,A,BUY,85.6,402,34411.2
2023-03-10,6743,A,BUY,53.2,648,34473.6
2023-03-10,3005,A,BUY,57.4,600,34440.0
2023-03-10,3362,A,BUY,108.5,317,34394.5
2023-03-10,3029,A,BUY,54.6,631,34452.6
2023-03-10,8131,A,BUY,44.05,782,34447.1
2023-03-10,2535,A,BUY,33.2,1038,34461.600000000006
2023-03-10,2722,A,BUY,50.3,685,34455.5
2023-03-10,6147,A,BUY,70.1,491,34419.1
2023-03-10,6235,A,BUY,65.9,523,34465.700000000004
2023-03-17,1795,B,SELL,247.5,338,83655.0
2023-03-17,2453,A,SELL,59.8,575,34385.0
2023-03-17,5315,A,SELL,23.55,1703,40105.65
2023-03-17,6561,A,SELL,358.5,99,35491.5
2023-03-17,6743,A,SELL,51.3,648,33242.4
2023-03-17,3362,A,SELL,114.5,317,36296.5
2023-03-17,3029,A,SELL,52.6,631,33190.6
2023-03-17,8131,A,SELL,43.4,782,33938.799999999996
2023-03-17,2722,A,SELL,49.75,685,34078.75
2023-03-17,6147,A,SELL,70.0,491,34370.0
2023-03-17,2457,A,BUY,59.1,579,34218.9
2023-03-17,3594,A,BUY,46.35,738,34206.3
2023-03-17,8049,A,BUY,39.4,869,34238.6
2023-03-17,3088,A,BUY,78.1,438,34207.799999999996
2023-03-17,4155,A,BUY,36.85,929,34233.65
2023-03-17,6122,A,BUY,23.0,1488,34224.0
2023-03-17,5452,A,BUY,21.15,1619,34241.85
2023-03-17,4126,A,BUY,83.7,409,34233.3
2023-03-17,3046,A,BUY,67.1,510,34221.0
2023-03-17,3454,B,BUY,266.5,321,85546.5
2023-03-24,2449,A,SELL,49.2,734,36112.8
2023-03-24,8111,A,SELL,22.65,1502,34020.299999999996
2023-03-24,5403,A,SELL,86.1,402,34612.2
2023-03-24,3005,A,SELL,56.8,600,34080.0
2023-03-24,2535,A,SELL,33.7,1038,34980.600000000006
2023-03-24,6235,A,SELL,67.4,523,35250.200000000004
2023-03-24,3594,A,SELL,49.35,738,36420.3
2023-03-24,8049,A,SELL,38.6,869,33543.4
2023-03-24,3088,A,SELL,78.9,438,34558.200000000004
2023-03-24,4155,A,SELL,36.45,929,33862.05
2023-03-24,5452,A,SELL,20.8,1619,33675.200000000004
2023-03-24,4126,A,SELL,83.9,409,34315.100000000006
2023-03-24,3046,A,SELL,70.1,510,35751.0
2023-03-24,3454,B,SELL,274.0,321,87954.0
2023-03-24,2546,A,BUY,67.5,516,34830.0
2023-03-24,3231,A,BUY,40.0,871,34840.0
2023-03-24,3056,A,BUY,43.5,801,34843.5
2023-03-24,2402,A,BUY,28.0,1245,34860.0
2023-03-24,6449,A,BUY,56.2,620,34844.0
2023-03-24,2356,A,BUY,30.75,1133,34839.75
2023-03-24,6776,A,BUY,49.5,704,34848.0
2023-03-24,5289,A,BUY,301.5,115,34672.5
2023-03-24,8926,A,BUY,43.9,794,34856.6
2023-03-24,2727,A,BUY,311.5,111,34576.5
2023-03-24,3032,A,BUY,37.5,929,34837.5
2023-03-24,2423,A,BUY,31.85,1094,34843.9
2023-03-24,6189,A,BUY,41.6,838,34860.8
2023-03-24,2457,B,BUY,60.0,873,52380.0
2023-03-31,1513,B,SELL,94.6,944,89302.4
2023-03-31,2402,A,SELL,26.65,1245,33179.25
2023-03-31,8926,A,SELL,42.55,794,33784.7
2023-03-31,2727,A,SELL,311.5,111,34576.5
2023-03-31,2423,A,SELL,32.0,1094,35008.0
2023-03-31,6189,A,SELL,41.8,838,35028.399999999994
2023-03-31,3078,A,BUY,44.3,803,35572.899999999994
2023-03-31,2382,A,BUY,89.1,399,35550.899999999994
2023-03-31,2353,A,BUY,28.15,1263,35553.45
2023-03-31,6168,A,BUY,25.85,1376,35569.6
2023-03-31,6160,A,BUY,28.15,1263,35553.45
2023-03-31,4973,A,BUY,29.05,1224,35557.200000000004
2023-03-31,6472,B,BUY,740.0,120,88800.0
2023-04-07,4763,B,SELL,400.0,263,105200.0
2023-04-07,6122,A,SELL,28.15,1488,41887.2
2023-04-07,6449,A,SELL,54.2,620,33604.0
2023-04-07,6776,A,SELL,51.0,704,35904.0
2023-04-07,2353,A,SELL,28.35,1263,35806.05
2023-04-07,6160,A,SELL,30.0,1263,37890.0
2023-04-07,4973,A,SELL,28.7,1224,35128.799999999996
2023-04-07,2423,A,BUY,33.7,1079,36362.3
2023-04-07,3324,A,BUY,230.0,158,36340.0
2023-04-07,3025,A,BUY,31.5,1154,36351.0
2023-04-07,6024,A,BUY,43.45,836,36324.200000000004
2023-04-07,6235,A,BUY,80.4,452,36340.8
2023-04-07,2421,A,BUY,51.7,703,36345.1
2023-04-07,3443,B,BUY,1080.0,35,37800.0
2023-04-07,2457,B,BUY,62.5,487,30437.5
2023-04-14,3443,B,SELL,1085.0,112,121520.0
2023-04-14,2546,A,SELL,68.8,516,35500.799999999996
2023-04-14,3231,A,SELL,43.95,871,38280.450000000004
2023-04-14,2356,A,SELL,31.6,1133,35802.8
2023-04-14,5289,A,SELL,315.0,115,36225.0
2023-04-14,3032,A,SELL,53.7,929,49887.3
2023-04-14,3078,A,SELL,49.35,803,39628.05
2023-04-14,2382,A,SELL,81.8,399,32638.199999999997
2023-04-14,6168,A,SELL,25.85,1376,35569.6
2023-04-14,6472,B,SELL,773.0,120,92760.0
2023-04-14,6024,A,SELL,44.1,836,36867.6
2023-04-14,6235,A,SELL,94.9,452,42894.8
2023-04-14,2421,A,SELL,52.9,703,37188.7
2023-04-14,2515,A,BUY,10.8,5807,62715.600000000006
2023-04-14,6248,A,BUY,35.1,1786,62688.600000000006
2023-04-14,2247,A,BUY,285.5,219,62524.5
2023-04-14,3025,A,BUY,33.0,746,24618.0
2023-04-14,6203,A,BUY,73.5,853,62695.5
2023-04-14,3518,A,BUY,30.5,2056,62708.0
2023-04-14,3011,A,BUY,29.5,2126,62717.0
2023-04-14,3056,A,BUY,48.5,492,23862.0
2023-04-14,6263,A,BUY,122.0,514,62708.0
2023-04-14,2457,A,SELL,69.0,1029,71001.0
2023-04-14,3324,A,BUY,247.5,95,23512.5
2023-04-14,6209,A,BUY,33.45,1875,62718.75000000001
2023-04-14,2423,A,BUY,33.95,768,26073.600000000002
2023-04-14,4129,A,BUY,66.2,947,62691.4
2023-04-14,6122,A,BUY,33.0,1900,62700.0
2023-04-21,3056,A,SELL,48.3,1293,62451.899999999994
2023-04-21,2423,A,SELL,34.45,1847,63629.15000000001
2023-04-21,3324,A,SELL,231.5,253,58569.5
2023-04-21,3025,A,SELL,30.85,1900,58615.0
2023-04-21,2515,A,SELL,10.15,5807,58941.05
2023-04-21,6248,A,SELL,32.3,1786,57687.799999999996
2023-04-21,2247,A,SELL,283.0,219,61977.0
2023-04-21,6203,A,SELL,68.2,853,58174.600000000006
2023-04-21,6263,A,SELL,118.0,514,60652.0
2023-04-21,6209,A,SELL,31.25,1875,58593.75
2023-04-21,4129,A,SELL,59.3,947,56157.1
2023-04-21,6122,A,SELL,29.95,1900,56905.0
2023-04-21,6218,A,BUY,25.45,2370,60316.5
2023-04-21,6163,A,BUY,25.3,2384,60315.200000000004
2023-04-21,3363,A,BUY,31.25,1930,60312.5
2023-04-21,3038,A,BUY,27.8,2169,60298.200000000004
2023-04-21,1519,A,BUY,95.4,632,60292.8
2023-04-21,6186,A,BUY,44.0,1371,60324.0
2023-04-21,6743,A,BUY,60.3,1000,60300.0
2023-04-21,6167,A,BUY,17.05,3538,60322.9
2023-04-21,3078,A,BUY,51.5,1171,60306.5
2023-04-21,2353,A,BUY,29.9,2017,60308.299999999996
2023-04-21,3231,A,BUY,44.5,1355,60297.5
2023-04-21,5213,A,BUY,26.75,2255,60321.25
2023-04-28,3518,A,SELL,32.15,2056,66100.4
2023-04-28,3011,A,SELL,30.55,2126,64949.3
2023-04-28,6163,A,SELL,24.5,2384,58408.0
2023-04-28,3363,A,SELL,38.8,1930,74884.0
2023-04-28,1519,A,SELL,94.9,632,59976.8
2023-04-28,6743,A,SELL,59.3,1000,59300.0
2023-04-28,3078,A,SELL,54.4,1171,63702.4
2023-04-28,2353,A,SELL,30.25,2017,61014.25
2023-04-28,3231,A,SELL,46.5,1355,63007.5
2023-04-28,1727,A,BUY,40.8,1524,62179.2
2023-04-28,1905,A,BUY,24.5,2538,62181.0
2023-04-28,3056,A,BUY,49.45,1257,62158.65
2023-04-28,6263,A,BUY,127.5,487,62092.5
2023-04-28,2634,A,BUY,58.0,1072,62176.0
2023-04-28,1529,A,BUY,42.0,1480,62160.0
2023-04-28,2247,A,BUY,297.0,209,62073.0
2023-04-28,6266,A,BUY,41.85,1485,62147.25
2023-04-28,1584,A,BUY,42.5,1463,62177.5
2023-05-05,2457,A,SELL,71.2,910,64792.0
2023-05-05,3038,A,SELL,30.15,2169,65395.35
2023-05-05,6167,A,SELL,18.25,3538,64568.5
2023-05-05,5213,A,SELL,27.1,2255,61110.5
2023-05-05,3056,A,SELL,48.9,1257,61467.299999999996
2023-05-05,6263,A,SELL,128.0,487,62336.0
2023-05-05,2634,A,SELL,56.4,1072,60460.799999999996
2023-05-05,2247,A,SELL,289.5,209,60505.5
2023-05-05,6266,A,SELL,41.75,1485,61998.75
2023-05-05,1584,A,SELL,40.5,1463,59251.5
2023-05-05,4121,A,BUY,34.75,1785,62028.75
2023-05-05,1731,A,BUY,22.4,2770,62047.99999999999
2023-05-05,5489,A,BUY,42.5,1459,62007.5
2023-05-05,3528,A,BUY,69.3,895,62023.5
2023-05-05,2352,A,BUY,34.2,1814,62038.8
2023-05-05,2630,A,BUY,33.5,1852,62042.0
2023-05-05,6803,A,BUY,306.5,202,61913.0
2023-05-05,4104,A,BUY,93.5,663,61990.5
2023-05-05,1104,A,BUY,29.65,2092,62027.799999999996
2023-05-05,2704,A,BUY,41.45,1496,62009.200000000004
2023-05-12,6218,A,SELL,27.8,2370,65886.0
2023-05-12,6186,A,SELL,44.15,1371,60529.65
2023-05-12,1727,A,SELL,37.3,1524,56845.2
2023-05-12,1905,A,SELL,24.05,2538,61038.9
2023-05-12,1529,A,SELL,37.1,1480,54908.0
2023-05-12,4121,A,SELL,29.45,1785,52568.25
2023-05-12,5489,A,SELL,39.75,1459,57995.25
2023-05-12,3528,A,SELL,60.1,895,53789.5
2023-05-12,2352,A,SELL,35.9,1814,65122.6
2023-05-12,4104,A,SELL,91.5,663,60664.5
2023-05-12,8085,A,BUY,37.7,1590,59943.00000000001
2023-05-12,2887,A,BUY,18.25,3286,59969.5
2023-05-12,5864,A,BUY,17.95,3341,59970.95
2023-05-12,6214,A,BUY,90.4,663,59935.200000000004
2023-05-12,6112,A,BUY,63.9,938,59938.2
2023-05-12,2493,A,BUY,57.3,1046,59935.799999999996
2023-05-12,2421,A,BUY,65.0,922,59930.0
2023-05-12,6111,A,BUY,88.1,680,59907.99999999999
2023-05-12,2812,A,BUY,14.55,4121,59960.55
2023-05-12,6203,A,BUY,80.0,749,59920.0
2023-05-19,1731,A,SELL,22.85,2770,63294.50000000001
2023-05-19,2630,A,SELL,33.1,1852,61301.200000000004
2023-05-19,6803,A,SELL,322.0,202,65044.0
2023-05-19,1104,A,SELL,27.25,2092,57007.0
2023-05-19,2421,A,SELL,71.7,922,66107.40000000001
2023-05-19,6111,A,SELL,85.3,680,58004.0
2023-05-19,2812,A,SELL,14.7,4121,60578.7
2023-05-19,6203,A,SELL,80.4,749,60219.600000000006
2023-05-19,9943,A,BUY,80.8,757,61165.6
2023-05-19,6139,A,BUY,63.9,957,61152.299999999996
2023-05-19,5356,A,BUY,27.2,2249,61172.799999999996
2023-05-19,8422,A,BUY,204.0,299,60996.0
2023-05-19,6235,A,BUY,113.0,541,61133.0
2023-05-19,2480,A,BUY,113.0,541,61133.0
2023-05-19,2382,A,BUY,109.0,561,61149.0
2023-05-19,2247,A,BUY,304.5,200,60900.0
2023-05-26,8085,A,SELL,38.1,1590,60579.0
2023-05-26,2887,A,SELL,18.35,3286,60298.100000000006
2023-05-26,6214,A,SELL,98.0,663,64974.0
2023-05-26,6112,A,SELL,70.0,938,65660.0
2023-05-26,2493,A,SELL,63.0,1046,65898.0
2023-05-26,5356,A,SELL,27.65,2249,62184.85
2023-05-26,8422,A,SELL,204.0,299,60996.0
2023-05-26,6235,A,SELL,112.5,541,60862.5
2023-05-26,2480,A,SELL,115.5,541,62485.5
2023-05-26,2382,A,SELL,115.5,561,64795.5
2023-05-26,2247,A,SELL,284.5,200,56900.0
2023-05-26,2323,A,BUY,10.85,5742,62300.7
2023-05-26,5243,A,BUY,82.6,754,62280.399999999994
2023-05-26,2421,A,BUY,84.5,737,62276.5
2023-05-26,3617,A,BUY,193.5,321,62113.5
2023-05-26,2427,A,BUY,24.35,2558,62287.3
2023-05-26,2399,A,BUY,20.65,3017,62301.049999999996
2023-05-26,2722,A,BUY,68.1,914,62243.399999999994
2023-05-26,3014,A,BUY,110.5,563,62211.5
2023-05-26,3231,A,BUY,65.0,958,62270.0
2023-05-26,8905,A,BUY,28.85,2159,62287.15
2023-05-26,2206,A,BUY,70.2,887,62267.4
2023-06-02,2704,A,SELL,48.65,1496,72780.4
2023-06-02,9943,A,SELL,93.2,757,70552.40000000001
2023-06-02,6139,A,SELL,60.8,957,58185.6
2023-06-02,5243,A,SELL,89.6,754,67558.4
2023-06-02,3617,A,SELL,191.5,321,61471.5
2023-06-02,2399,A,SELL,20.6,3017,62150.200000000004
2023-06-02,2722,A,SELL,71.5,914,65351.0
2023-06-02,3014,A,SELL,113.0,563,63619.0
2023-06-02,1525,A,BUY,110.5,363,40111.5
2023-06-02,6579,A,BUY,137.5,291,40012.5
2023-06-02,2323,A,SELL,12.25,2465,30196.25
2023-06-02,2618,A,BUY,36.45,1101,40131.450000000004
2023-06-02,5508,A,BUY,70.1,572,40097.2
2023-06-02,2427,A,SELL,29.5,1197,35311.5
2023-06-02,5864,A,SELL,22.5,1556,35010.0
2023-06-02,8905,A,SELL,32.25,914,29476.5
2023-06-02,6124,A,BUY,35.05,1145,40132.25
2023-06-02,2206,A,SELL,88.1,431,37971.1
2023-06-02,2352,A,BUY,42.4,946,40110.4
2023-06-02,2421,A,SELL,87.9,280,24612.0
2023-06-02,3231,A,SELL,71.1,393,27942.3
2023-06-02,2376,A,BUY,203.0,197,39991.0
2023-06-02,8422,A,BUY,207.5,193,40047.5
2023-06-02,3443,B,BUY,1425.0,93,132525.0
2023-06-02,2382,B,BUY,118.0,1133,133694.0
2023-06-02,1519,B,BUY,158.0,846,133668.0
2023-06-09,2421,A,SELL,91.2,457,41678.4
2023-06-09,2427,A,SELL,25.8,1361,35113.8
2023-06-09,8905,A,SELL,33.2,1245,41334.0
2023-06-09,1525,A,SELL,110.5,363,40111.5
2023-06-09,6579,A,SELL,135.5,291,39430.5
2023-06-09,2618,A,SELL,35.85,1101,39470.85
2023-06-09,6124,A,SELL,36.8,1145,42136.0
2023-06-09,8422,A,SELL,208.5,193,40240.5
2023-06-09,1519,B,SELL,153.5,846,129861.0
2023-06-09,6187,A,BUY,90.6,455,41223.0
2023-06-09,2486,A,BUY,43.5,949,41281.5
2023-06-09,9943,A,BUY,101.0,408,41208.0
2023-06-09,2704,A,BUY,52.3,789,41264.7
2023-06-09,3515,A,BUY,201.0,205,41205.0
2023-06-09,2630,A,BUY,61.4,672,41260.799999999996
2023-06-09,8112,A,BUY,49.45,834,41241.3
2023-06-09,6016,A,BUY,13.3,3104,41283.200000000004
2023-06-09,6125,A,BUY,44.7,923,41258.100000000006
2023-06-09,3231,B,BUY,73.0,1320,96360.0
2023-06-16,2206,A,SELL,91.8,456,41860.799999999996
2023-06-16,5508,A,SELL,71.6,572,40955.2
2023-06-16,6187,A,SELL,89.0,455,40495.0
2023-06-16,9943,A,SELL,104.0,408,42432.0
2023-06-16,2704,A,SELL,53.2,789,41974.8
2023-06-16,3515,A,SELL,217.5,205,44587.5
2023-06-16,2630,A,SELL,60.4,672,40588.799999999996
2023-06-16,8112,A,SELL,48.9,834,40782.6
2023-06-16,6125,A,SELL,47.85,923,44165.55
2023-06-16,4533,A,BUY,25.15,1870,47030.5
2023-06-16,1449,A,BUY,21.8,2157,47022.6
2023-06-16,4979,A,BUY,92.1,510,46971.0
2023-06-16,6189,A,BUY,44.25,1063,47037.75
2023-06-16,2618,A,BUY,40.2,1170,47034.0
2023-06-16,6235,A,BUY,167.5,280,46900.0
2023-06-16,2425,A,BUY,40.4,1164,47025.6
2023-06-16,2383,A,BUY,244.0,192,46848.0
2023-06-30,5864,A,SELL,26.2,1785,46767.0
2023-06-30,2323,A,SELL,14.1,3277,46205.7
2023-06-30,2352,A,SELL,45.9,946,43421.4
2023-06-30,3443,B,SELL,1605.0,93,149265.0
2023-06-30,6016,A,SELL,14.05,3104,43611.200000000004
2023-06-30,1449,A,SELL,21.5,2157,46375.5
2023-06-30,6189,A,SELL,44.5,1063,47303.5
2023-06-30,6235,A,SELL,155.0,280,43400.0
2023-06-30,2425,A,SELL,40.65,1164,47316.6
2023-06-30,2383,A,SELL,243.5,192,46752.0
2023-06-30,2059,A,BUY,663.0,72,47736.0
2023-06-30,3089,A,BUY,120.5,400,48200.0
2023-06-30,2371,A,BUY,54.3,888,48218.399999999994
2023-06-30,4106,A,BUY,38.35,1257,48205.950000000004
2023-06-30,8085,A,BUY,50.2,960,48192.0
2023-06-30,5356,A,BUY,31.7,1521,48215.7
2023-06-30,6191,A,BUY,45.9,1050,48195.0
2023-06-30,1522,A,BUY,37.15,1298,48220.7
2023-06-30,6124,A,BUY,46.35,1040,48204.0
2023-06-30,2886,A,BUY,38.2,1262,48208.4
2023-06-30,3231,B,SELL,90.8,645,58566.0
2023-06-30,2618,B,BUY,39.8,1658,65988.4
2023-06-30,2382,B,SELL,152.0,392,59584.0
2023-06-30,2376,B,BUY,243.5,265,64527.5
2023-07-07,2486,A,SELL,45.7,949,43369.3
2023-07-07,2059,A,SELL,690.0,72,49680.0
2023-07-07,2371,A,SELL,54.6,888,48484.8
2023-07-07,4106,A,SELL,35.0,1257,43995.0
2023-07-07,8085,A,SELL,48.55,960,46608.0
2023-07-07,5356,A,SELL,31.55,1521,47987.55
2023-07-07,1522,A,SELL,36.15,1298,46922.7
2023-07-07,6124,A,SELL,47.1,1040,48984.0
2023-07-07,2886,A,SELL,37.3,1262,47072.6
2023-07-07,4979,A,SELL,139.5,147,20506.5
2023-07-07,6451,A,BUY,122.5,413,50592.5
2023-07-07,6125,A,BUY,83.0,609,50547.0
2023-07-07,5864,A,BUY,30.5,1659,50599.5
2023-07-07,3035,A,BUY,244.5,207,50611.5
2023-07-07,3289,A,BUY,114.0,443,50502.0
2023-07-07,1603,A,BUY,36.85,1373,50595.05
2023-07-07,4533,A,SELL,35.95,462,16608.9
2023-07-07,4583,A,BUY,263.5,192,50592.0
2023-07-07,4207,A,BUY,17.15,2951,50609.649999999994
2023-07-07,6187,A,BUY,109.0,464,50576.0
2023-07-07,8050,A,BUY,97.1,521,50589.1
2023-07-14,4533,A,SELL,31.2,1408,43929.6
2023-07-14,6191,A,SELL,49.45,1050,51922.5
2023-07-14,6125,A,SELL,79.9,609,48659.100000000006
2023-07-14,5864,A,SELL,25.85,1659,42885.15
2023-07-14,1603,A,SELL,36.05,1373,49496.649999999994
2023-07-14,4583,A,SELL,258.0,192,49536.0
2023-07-14,4207,A,SELL,17.9,2951,52822.899999999994
2023-07-14,6187,A,SELL,118.5,464,54984.0
2023-07-14,8050,A,SELL,103.5,521,53923.5
2023-07-14,3284,A,BUY,20.55,2830,58156.5
2023-07-14,2059,A,BUY,800.0,72,57600.0
2023-07-14,5234,A,BUY,143.5,405,58117.5
2023-07-14,2383,A,BUY,306.5,189,57928.5
2023-07-14,1535,A,BUY,62.6,929,58155.4
2023-07-14,6139,A,BUY,81.4,714,58119.600000000006
2023-07-14,2539,A,BUY,45.9,1267,58155.299999999996
2023-07-14,1229,A,BUY,71.1,818,58159.799999999996
2023-07-14,3231,B,SELL,142.0,352,49984.0
2023-07-21,2618,B,SELL,37.1,2828,104918.8
2023-07-21,3089,A,SELL,0.0,400,0.0
2023-07-21,6451,A,SELL,120.0,413,49560.0
2023-07-21,3289,A,SELL,108.0,443,47844.0
2023-07-21,3284,A,SELL,19.75,2830,55892.5
2023-07-21,5234,A,SELL,145.0,405,58725.0
2023-07-21,1535,A,SELL,56.4,929,52395.6
2023-07-21,6139,A,SELL,78.4,714,55977.600000000006
2023-07-21,1229,A,SELL,69.6,818,56932.799999999996
2023-07-21,3035,A,SELL,379.5,62,23529.0
2023-07-21,3483,A,BUY,151.5,361,54691.5
2023-07-21,6187,A,BUY,131.0,417,54627.0
2023-07-21,6579,A,BUY,191.0,286,54626.0
2023-07-21,3013,A,BUY,56.8,963,54698.399999999994
2023-07-21,8210,A,BUY,225.5,242,54571.0
2023-07-21,2356,A,BUY,67.0,816,54672.0
2023-07-21,6442,A,BUY,75.1,728,54672.799999999996
2023-07-21,4908,A,BUY,57.9,945,54715.5
2023-07-28,3035,A,SELL,319.5,145,46327.5
2023-07-28,3013,A,SELL,48.6,963,46801.8
2023-07-28,8210,A,SELL,219.0,242,52998.0
2023-07-28,2356,A,SELL,69.9,816,57038.4
2023-07-28,6442,A,SELL,76.4,728,55619.200000000004
2023-07-28,4908,A,SELL,60.1,945,56794.5
2023-07-28,1587,A,BUY,27.4,1977,54169.799999999996
2023-07-28,2383,A,SELL,418.0,59,24662.0
2023-07-28,4763,A,BUY,950.0,57,54150.0
2023-07-28,2851,A,BUY,24.4,2220,54168.0
2023-07-28,4953,A,BUY,167.0,324,54108.0
2023-07-28,3014,A,BUY,158.0,342,54036.0
2023-07-28,4979,A,SELL,198.5,90,17865.0
2023-07-28,3017,A,BUY,352.0,153,53856.0
2023-07-28,2382,B,SELL,264.5,228,60306.0
2023-08-04,2059,A,SELL,817.0,72,58824.0
2023-08-04,3483,A,SELL,143.5,361,51803.5
2023-08-04,6187,A,SELL,123.0,417,51291.0
2023-08-04,1587,A,SELL,23.35,1977,46162.950000000004
2023-08-04,4953,A,SELL,142.5,324,46170.0
2023-08-04,6186,A,BUY,49.65,968,48061.2
2023-08-04,2539,A,SELL,49.35,292,14410.2
2023-08-04,2329,A,BUY,47.0,1022,48034.0
2023-08-04,5508,A,BUY,75.8,634,48057.2
2023-08-04,3363,A,BUY,68.1,705,48010.49999999999
2023-08-04,2425,A,BUY,51.6,931,48039.6
2023-08-04,2886,A,BUY,39.6,1213,48034.8
2023-08-04,1535,A,BUY,58.5,821,48028.5
2023-08-04,3583,A,BUY,223.5,215,48052.5
2023-08-04,2301,B,BUY,140.0,858,120120.0
2023-08-11,3231,B,SELL,115.0,888,102120.0
2023-08-11,2376,B,SELL,300.5,462,138831.0
2023-08-11,2382,B,SELL,223.5,513,114655.5
2023-08-11,4979,A,SELL,141.0,273,38493.0
2023-08-11,6579,A,SELL,165.5,286,47333.0
2023-08-11,4763,A,SELL,772.0,57,44004.0
2023-08-11,6186,A,SELL,49.15,968,47577.2
2023-08-11,5508,A,SELL,71.3,634,45204.2
2023-08-11,3363,A,SELL,54.3,705,38281.5
2023-08-11,2886,A,SELL,37.65,1213,45669.45
2023-08-11,1535,A,SELL,57.2,821,46961.200000000004
2023-08-11,2488,A,BUY,36.2,2145,77649.0
2023-08-11,8930,A,BUY,29.85,2601,77639.85
2023-08-11,2851,A,BUY,25.0,886,22150.0
2023-08-11,2383,A,BUY,405.0,61,24705.0
2023-08-11,3483,A,BUY,146.5,530,77645.0
2023-08-11,6191,A,BUY,52.1,1490,77629.0
2023-08-11,2539,A,BUY,47.6,656,31225.600000000002
2023-08-11,2329,A,BUY,45.4,688,31235.2
2023-08-11,3583,A,BUY,218.0,141,30738.0
2023-08-11,2425,A,BUY,53.5,520,27820.0
2023-08-11,1477,A,BUY,308.0,252,77616.0
2023-08-11,2301,A,SELL,137.0,291,39867.0
2023-08-11,3017,A,BUY,321.0,88,28248.0
2023-08-11,6535,A,BUY,62.2,1248,77625.6
2023-08-11,3014,A,BUY,137.0,224,30688.0
2023-08-18,2539,A,SELL,45.5,1631,74210.5
2023-08-18,2851,A,SELL,23.3,3106,72369.8
2023-08-18,3014,A,SELL,134.5,566,76127.0
2023-08-18,3483,A,SELL,143.0,530,75790.0
2023-08-18,1477,A,SELL,298.0,252,75096.0
2023-08-18,6535,A,SELL,58.5,1248,73008.0
2023-08-18,2363,A,BUY,26.4,2963,78223.2
2023-08-18,2368,A,BUY,203.5,384,78144.0
2023-08-18,6139,A,BUY,90.0,869,78210.0
2023-08-18,2059,A,BUY,906.0,86,77916.0
2023-08-18,3035,A,BUY,328.0,238,78064.0
2023-08-25,2425,A,SELL,50.1,1451,72695.1
2023-08-25,3583,A,SELL,226.0,356,80456.0
2023-08-25,8930,A,SELL,27.55,2601,71657.55
2023-08-25,2059,A,SELL,893.0,86,76798.0
2023-08-25,3035,A,SELL,334.0,238,79492.0
2023-08-25,2363,A,SELL,33.7,615,20725.5
2023-08-25,2516,A,BUY,7.8,10140,79092.0
2023-08-25,1477,A,BUY,337.0,234,78858.0
2023-08-25,2538,A,BUY,15.0,5273,79095.0
2023-08-25,2360,A,BUY,281.5,280,78820.0
2023-08-25,2376,A,BUY,342.5,230,78775.0
2023-08-25,8210,A,BUY,226.5,349,79048.5
2023-09-01,3017,A,SELL,329.0,241,79289.0
2023-09-01,2301,A,SELL,134.5,567,76261.5
2023-09-01,2488,A,SELL,39.6,2145,84942.0
2023-09-01,2538,A,SELL,14.65,5273,77249.45
2023-09-01,2360,A,SELL,272.0,280,76160.0
2023-09-01,2376,A,SELL,323.0,230,74290.0
2023-09-01,8210,A,SELL,216.5,349,75558.5
2023-09-01,8927,A,BUY,65.0,1201,78065.0
2023-09-01,3311,A,BUY,42.6,1833,78085.8
2023-09-01,3715,A,BUY,56.9,1372,78066.8
2023-09-01,2331,A,BUY,40.25,1940,78085.0
2023-09-01,2816,A,BUY,27.0,2892,78084.0
2023-09-01,4763,A,BUY,990.0,78,77220.0
2023-09-01,8930,A,BUY,29.0,2692,78068.0
2023-09-08,2383,A,SELL,446.5,191,85281.5
2023-09-08,2329,A,SELL,44.25,1710,75667.5
2023-09-08,2368,A,SELL,208.5,384,80064.0
2023-09-08,6139,A,SELL,93.0,869,80817.0
2023-09-08,1477,A,SELL,344.0,234,80496.0
2023-09-08,2331,A,SELL,34.65,1940,67221.0
2023-09-08,3548,A,BUY,118.5,681,80698.5
2023-09-08,6165,A,BUY,39.0,2071,80769.0
2023-09-08,2485,A,BUY,28.25,2859,80766.75
2023-09-08,6173,A,BUY,49.75,1623,80744.25
2023-09-08,4908,A,BUY,60.3,1339,80741.7
2023-09-08,3014,A,BUY,162.5,497,80762.5
2023-09-15,2516,A,SELL,7.61,10140,77165.40000000001
2023-09-15,8927,A,SELL,60.2,1201,72300.2
2023-09-15,8930,A,SELL,32.1,2692,86413.2
2023-09-15,6165,A,SELL,34.05,2071,70517.54999999999
2023-09-15,2485,A,SELL,26.65,2859,76192.34999999999
2023-09-15,6173,A,SELL,49.15,1623,79770.45
2023-09-15,8068,A,BUY,42.7,1944,83008.8
2023-09-15,8081,A,BUY,277.5,299,82972.5
2023-09-15,2025,A,BUY,7.47,11113,83014.11
2023-09-15,1319,A,BUY,74.1,1120,82992.0
2023-09-15,8016,A,BUY,302.5,274,82885.0
2023-09-15,1582,A,BUY,65.0,1078,70070.0
2023-09-22,6191,A,SELL,59.6,1490,88804.0
2023-09-22,2363,A,SELL,37.55,2348,88167.4
2023-09-22,3311,A,SELL,42.05,1833,77077.65
2023-09-22,3715,A,SELL,67.3,1372,92335.59999999999
2023-09-22,4763,A,SELL,1090.0,78,85020.0
2023-09-22,3014,A,SELL,164.5,497,81756.5
2023-09-22,8016,A,SELL,285.0,274,78090.0
2023-09-22,1582,A,SELL,64.2,1078,69207.6
2023-09-22,3036,A,BUY,96.0,843,80928.0
2023-09-22,3709,A,BUY,34.55,2342,80916.09999999999
2023-09-22,1522,A,BUY,43.5,1860,80910.0
2023-09-22,3090,A,BUY,60.4,1340,80936.0
2023-09-22,1339,A,BUY,55.6,1455,80898.0
2023-09-22,9929,A,BUY,15.25,5307,80931.75
2023-09-22,5533,A,BUY,19.25,4204,80927.0
2023-09-22,9930,A,BUY,59.3,1364,80885.2
2023-10-06,2816,A,SELL,29.25,2892,84591.0
2023-10-06,8068,A,SELL,36.7,1944,71344.8
2023-10-06,3090,A,SELL,59.3,1340,79462.0
2023-10-06,9929,A,SELL,16.15,5307,85708.04999999999
2023-10-06,2417,A,BUY,34.25,2395,82028.75
2023-10-06,3715,A,BUY,93.0,882,82026.0
2023-10-06,2543,A,BUY,14.8,5544,82051.2
2023-10-06,2363,A,BUY,37.2,2205,82026.0
2023-10-13,8081,A,SELL,264.0,299,78936.0
2023-10-13,3709,A,SELL,30.2,2342,70728.4
2023-10-13,1522,A,SELL,42.3,1860,78678.0
2023-10-13,9930,A,SELL,57.3,1364,78157.2
2023-10-13,2363,A,SELL,47.7,450,21465.0
2023-10-13,1477,A,BUY,360.0,232,83520.0
2023-10-13,4908,A,SELL,81.0,305,24705.0
2023-10-13,3051,A,BUY,31.3,2673,83664.90000000001
2023-10-13,3090,A,BUY,59.5,1406,83657.0
2023-10-13,2368,A,BUY,223.0,375,83625.0
2023-10-20,3548,A,SELL,141.5,681,96361.5
2023-10-20,2025,A,SELL,7.57,11113,84125.41
2023-10-20,5533,A,SELL,19.55,4204,82188.2
2023-10-20,2417,A,SELL,28.75,2395,68856.25
2023-10-20,3051,A,SELL,32.0,2673,85536.0
2023-10-20,3090,A,SELL,57.2,1406,80423.2
2023-10-20,2368,A,SELL,192.5,375,72187.5
2023-10-20,2233,A,BUY,140.5,588,82614.0
2023-10-20,3702,A,BUY,67.8,1218,82580.4
2023-10-20,9946,A,BUY,17.3,4775,82607.5
2023-10-20,3679,A,BUY,102.5,806,82615.0
2023-10-20,2516,A,BUY,9.1,9078,82609.8
2023-10-20,3276,A,BUY,23.35,3538,82612.3
2023-10-20,2816,A,BUY,34.15,2419,82608.84999999999
2023-10-27,1319,A,SELL,76.4,1120,85568.0
2023-10-27,1339,A,SELL,62.1,1455,90355.5
2023-10-27,3715,A,SELL,81.9,882,72235.8
2023-10-27,1477,A,SELL,355.5,232,82476.0
2023-10-27,5521,A,BUY,9.36,8907,83369.51999999999
2023-10-27,1582,A,BUY,67.0,1244,83348.0
2023-10-27,3548,A,BUY,139.5,597,83281.5
2023-10-27,3051,A,BUY,31.8,2621,83347.8
2023-11-03,3679,A,SELL,97.5,806,78585.0
2023-11-03,3276,A,SELL,22.25,3538,78720.5
2023-11-03,3051,A,SELL,32.6,2621,85444.6
2023-11-03,5508,A,BUY,85.0,1002,85170.0
2023-11-03,2543,A,SELL,19.3,1126,21731.8
2023-11-03,2417,A,BUY,34.8,2449,85225.2
2023-11-03,8016,A,BUY,283.0,301,85183.0
2023-11-10,4908,A,SELL,89.7,1034,92749.8
2023-11-10,2233,A,SELL,137.0,588,80556.0
2023-11-10,2516,A,SELL,8.91,9078,80884.98
2023-11-10,2816,A,SELL,36.25,2419,87688.75
2023-11-10,5521,A,SELL,8.67,8907,77223.69
2023-11-10,2417,A,SELL,33.25,2449,81429.25
2023-11-10,8016,A,SELL,284.5,301,85634.5
2023-11-10,3376,A,BUY,112.0,457,51184.0
2023-11-10,5519,A,BUY,27.2,1885,51272.0
2023-11-10,5508,A,SELL,86.2,407,35083.4
2023-11-10,9924,A,BUY,48.15,1064,51231.6
2023-11-10,1713,A,BUY,41.25,1243,51273.75
2023-11-10,2385,A,BUY,146.0,351,51246.0
2023-11-10,9946,A,SELL,18.6,2018,37534.8
2023-11-10,8163,A,BUY,51.4,997,51245.799999999996
2023-11-10,1582,A,SELL,72.8,539,39239.2
2023-11-10,3036,A,SELL,138.5,472,65372.0
2023-11-10,2850,A,BUY,71.0,722,51262.0
2023-11-10,2543,A,SELL,21.3,2010,42813.0
2023-11-10,3702,A,SELL,72.2,507,36605.4
2023-11-10,3548,A,SELL,179.0,310,55490.0
2023-11-10,4967,A,BUY,87.1,588,51214.799999999996
2023-11-10,3661,B,BUY,3200.0,53,169600.0
2023-11-10,3715,B,BUY,80.7,2118,170922.6
2023-11-10,2363,B,BUY,45.1,2034,91733.40000000001
2023-11-17,3036,A,SELL,114.0,371,42294.0
2023-11-17,3702,A,SELL,71.2,711,50623.200000000004
2023-11-17,3548,A,SELL,199.0,287,57113.0
2023-11-17,8163,A,SELL,51.6,997,51445.200000000004
2023-11-17,2850,A,SELL,69.5,722,50179.0
2023-11-17,4967,A,SELL,90.2,588,53037.6
2023-11-17,3661,B,SELL,3230.0,53,171190.0
2023-11-17,2543,A,SELL,33.4,765,25551.0
2023-11-17,3402,A,BUY,59.0,929,54811.0
2023-11-17,5213,A,BUY,29.9,1835,54866.5
2023-11-17,2439,A,BUY,107.0,512,54784.0
2023-11-17,6122,A,BUY,72.6,755,54812.99999999999
2023-11-17,2387,A,BUY,58.2,942,54824.4
2023-11-17,4129,A,BUY,82.7,663,54830.1
2023-11-17,2363,B,BUY,49.0,1809,88641.0
2023-11-17,3715,B,BUY,93.4,819,76494.6
2023-11-24,5508,A,SELL,91.2,595,54264.0
2023-11-24,3376,A,SELL,123.0,457,56211.0
2023-11-24,5519,A,SELL,28.8,1885,54288.0
2023-11-24,1713,A,SELL,41.35,1243,51398.05
2023-11-24,2385,A,SELL,155.5,351,54580.5
2023-11-24,6122,A,SELL,67.8,755,51189.0
2023-11-24,2387,A,SELL,56.0,942,52752.0
2023-11-24,3545,A,BUY,125.0,437,54625.0
2023-11-24,5533,A,BUY,23.65,2313,54702.45
2023-11-24,2547,A,BUY,9.75,5610,54697.5
2023-11-24,1515,A,BUY,60.3,907,54692.1
2023-11-24,2029,A,BUY,28.2,1939,54679.799999999996
2023-11-24,2539,A,BUY,49.85,1097,54685.450000000004
2023-11-24,2355,A,BUY,49.8,1098,54680.399999999994
2023-12-01,2543,A,SELL,36.9,1643,60626.7
2023-12-01,9946,A,SELL,21.5,2757,59275.5
2023-12-01,9924,A,SELL,50.0,1064,53200.0
2023-12-01,4129,A,SELL,88.2,663,58476.6
2023-12-01,5533,A,SELL,23.3,2313,53892.9
2023-12-01,2547,A,SELL,9.67,5610,54248.7
2023-12-01,1515,A,SELL,58.0,907,52606.0
2023-12-01,2029,A,SELL,28.45,1939,55164.549999999996
2023-12-01,2539,A,SELL,49.1,1097,53862.700000000004
2023-12-01,2355,A,SELL,51.2,1098,56217.600000000006
2023-12-01,3437,A,BUY,32.85,1752,57553.200000000004
2023-12-01,5478,A,BUY,174.5,329,57410.5
2023-12-01,2467,A,BUY,61.0,943,57523.0
2023-12-01,1616,A,BUY,13.65,4217,57562.05
2023-12-01,6186,A,BUY,59.9,961,57563.9
2023-12-01,1733,A,BUY,29.15,1975,57571.25
2023-12-01,3266,A,BUY,17.45,3299,57567.549999999996
2023-12-01,2313,A,BUY,72.1,798,57535.799999999996
2023-12-08,2363,B,SELL,44.85,5598,251070.30000000002
2023-12-08,1582,A,SELL,91.7,705,64648.5
2023-12-08,3715,B,SELL,92.0,2937,270204.0
2023-12-08,3402,A,SELL,69.7,929,64751.3
2023-12-08,2439,A,SELL,115.0,512,58880.0
2023-12-08,3545,A,SELL,121.5,437,53095.5
2023-12-08,6186,A,SELL,58.5,961,56218.5
2023-12-08,1733,A,SELL,30.3,1975,59842.5
2023-12-08,4939,A,BUY,21.4,2596,55554.399999999994
2023-12-08,2211,A,BUY,89.1,623,55509.299999999996
2023-12-08,1514,A,BUY,87.6,634,55538.399999999994
2023-12-08,2385,A,BUY,176.0,315,55440.0
2023-12-08,2476,A,BUY,68.8,807,55521.6
2023-12-08,3390,A,BUY,26.2,2120,55544.0
2023-12-08,6121,A,BUY,418.0,132,55176.0
2023-12-08,2612,A,BUY,57.4,968,55563.2
2023-12-08,2472,A,BUY,70.4,789,55545.600000000006
2023-12-08,3661,B,BUY,3335.0,41,136735.0
2023-12-08,1519,B,BUY,367.0,378,138726.0
2023-12-08,2313,B,BUY,69.0,1215,83835.0
2023-12-08,2329,B,BUY,60.6,2292,138895.2
2023-12-15,5213,A,SELL,33.1,1835,60738.5
2023-12-15,3437,A,SELL,31.0,1752,54312.0
2023-12-15,5478,A,SELL,179.0,329,58891.0
2023-12-15,2467,A,SELL,62.8,943,59220.399999999994
2023-12-15,1616,A,SELL,14.65,4217,61779.05
2023-12-15,3266,A,SELL,19.6,3299,64660.4
2023-12-15,2612,A,SELL,55.0,968,53240.0
2023-12-15,2329,B,SELL,58.5,2292,134082.0
2023-12-15,6239,A,BUY,152.5,365,55662.5
2023-12-15,5515,A,BUY,18.0,3097,55746.0
2023-12-15,8930,A,BUY,41.0,1359,55719.0
2023-12-15,8112,A,BUY,68.0,819,55692.0
2023-12-15,3293,A,BUY,800.0,69,55200.0
2023-12-15,5521,A,BUY,14.5,3845,55752.5
2023-12-15,5426,A,BUY,27.4,2034,55731.6
2023-12-15,3715,B,BUY,90.0,1548,139320.0
2023-12-22,4939,A,SELL,20.85,2596,54126.600000000006
2023-12-22,1514,A,SELL,79.9,634,50656.600000000006
2023-12-22,2385,A,SELL,174.5,315,54967.5
2023-12-22,2476,A,SELL,71.1,807,57377.7
2023-12-22,3390,A,SELL,25.8,2120,54696.0
2023-12-22,6121,A,SELL,407.0,132,53724.0
2023-12-22,2472,A,SELL,70.9,789,55940.100000000006
2023-12-22,3661,B,SELL,3370.0,41,138170.0
2023-12-22,5515,A,SELL,17.8,3097,55126.600000000006
2023-12-22,8112,A,SELL,59.9,819,49058.1
2023-12-22,3293,A,SELL,729.0,69,50301.0
2023-12-22,3715,B,SELL,86.8,1548,134366.4
2023-12-22,2505,A,BUY,22.4,2401,53782.399999999994
2023-12-22,1733,A,BUY,36.35,1480,53798.0
2023-12-22,2031,A,BUY,60.6,887,53752.200000000004
2023-12-22,3296,A,BUY,19.75,2724,53799.0
2023-12-22,2636,A,BUY,95.1,565,53731.5
2023-12-22,5213,A,BUY,35.85,1500,53775.0
2023-12-22,3211,A,BUY,98.9,544,53801.600000000006
2023-12-22,4109,A,BUY,17.1,3146,53796.600000000006
2023-12-22,3008,A,BUY,2650.0,20,53000.0
2023-12-22,1104,A,BUY,29.8,1805,53789.0
2023-12-22,1519,B,BUY,321.0,180,57780.0
2023-12-22,2329,B,BUY,55.2,3248,179289.6
2023-12-29,6239,A,SELL,141.0,365,51465.0
2023-12-29,8930,A,SELL,38.25,1359,51981.75
2023-12-29,5521,A,SELL,14.7,3845,56521.5
2023-12-29,2031,A,SELL,57.7,887,51179.9
2023-12-29,2636,A,SELL,86.7,565,48985.5
2023-12-29,3211,A,SELL,89.9,544,48905.600000000006
2023-12-29,1104,A,SELL,29.7,1805,53608.5
2023-12-29,2353,A,BUY,53.8,994,53477.2
2023-12-29,2357,A,BUY,489.5,109,53355.5
2023-12-29,9935,A,BUY,22.25,2405,53511.25
2023-12-29,8039,A,BUY,49.05,1091,53513.549999999996
2023-12-29,6873,A,BUY,130.5,410,53505.0
2023-12-29,3390,A,BUY,29.4,1820,53508.0
2023-12-29,5403,A,BUY,114.5,467,53471.5
2024-01-05,5426,A,SELL,24.4,2034,49629.6
2024-01-05,1733,A,SELL,37.05,1480,54833.99999999999
2024-01-05,3296,A,SELL,20.7,2724,56386.799999999996
2024-01-05,5213,A,SELL,34.55,1500,51824.99999999999
2024-01-05,3008,A,SELL,2595.0,20,51900.0
2024-01-05,2357,A,SELL,454.0,109,49486.0
2024-01-05,8039,A,SELL,46.35,1091,50567.85
2024-01-05,5244,A,BUY,44.25,1189,52613.25
2024-01-05,2611,A,BUY,18.35,2868,52627.8
2024-01-05,1615,A,BUY,45.6,1154,52622.4
2024-01-05,1325,A,BUY,43.0,1224,52632.0
2024-01-05,8103,A,BUY,45.7,1151,52600.700000000004
2024-01-05,3402,A,BUY,73.1,720,52631.99999999999
2024-01-05,2548,A,BUY,96.6,544,52550.399999999994
2024-01-12,4109,A,SELL,16.6,3146,52223.600000000006
2024-01-12,9935,A,SELL,21.55,2405,51827.75
2024-01-12,3390,A,SELL,28.2,1820,51324.0
2024-01-12,2611,A,SELL,17.5,2868,50190.0
2024-01-12,1325,A,SELL,42.7,1224,52264.8
2024-01-12,8103,A,SELL,43.95,1151,50586.450000000004
2024-01-12,3402,A,SELL,71.9,720,51768.00000000001
2024-01-12,2548,A,SELL,95.4,544,51897.600000000006
2024-01-12,6219,A,BUY,32.7,1612,52712.4
2024-01-12,6416,A,BUY,111.0,475,52725.0
2024-01-12,5426,A,BUY,28.95,1821,52717.95
2024-01-12,6186,A,BUY,59.8,881,52683.799999999996
2024-01-12,2348,A,BUY,93.7,562,52659.4
2024-01-12,3293,A,BUY,767.0,68,52156.0
2024-01-12,2527,A,BUY,27.5,1917,52717.5
2024-01-12,2467,A,BUY,68.0,775,52700.0
2024-01-12,9939,A,BUY,125.5,420,52710.0
2024-01-12,2353,B,BUY,47.0,140,6580.0
2024-01-12,1519,B,SELL,370.0,201,74370.0
2024-01-12,2329,B,SELL,57.4,951,54587.4
2024-01-19,2313,B,SELL,67.4,2013,135676.2
2024-01-19,2505,A,SELL,21.5,2401,51621.5
2024-01-19,6186,A,SELL,59.4,881,52331.4
2024-01-19,2348,A,SELL,95.4,562,53614.8
2024-01-19,2527,A,SELL,27.05,1917,51854.85
2024-01-19,2467,A,SELL,69.3,775,53707.5
2024-01-19,6120,A,BUY,16.9,3203,54130.7
2024-01-19,4109,A,BUY,20.15,2686,54122.899999999994
2024-01-19,5426,A,SELL,37.75,386,14571.5
2024-01-19,3702,A,BUY,86.7,624,54100.8
2024-01-19,3296,A,BUY,21.25,2547,54123.75
2024-01-19,1514,A,BUY,80.0,676,54080.0
2024-01-19,1519,B,BUY,354.5,152,53884.0
2024-01-19,2353,B,BUY,45.95,2793,128338.35
2024-01-26,6416,A,SELL,108.5,475,51537.5
2024-01-26,3293,A,SELL,799.0,68,54332.0
2024-01-26,9939,A,SELL,131.5,420,55230.0
2024-01-26,6120,A,SELL,15.8,3203,50607.4
2024-01-26,1514,A,SELL,83.0,676,56108.0
2024-01-26,6869,A,BUY,121.0,456,55176.0
2024-01-26,8027,A,BUY,87.0,635,55245.0
2024-01-26,3265,A,BUY,118.0,468,55224.0
2024-01-26,4129,A,BUY,100.5,549,55174.5
2024-01-26,2527,A,BUY,29.3,1885,55230.5
2024-02-02,5244,A,SELL,49.3,1189,58617.7
2024-02-02,5426,A,SELL,37.6,1435,53956.0
2024-02-02,4109,A,SELL,19.95,2686,53585.7
2024-02-02,3702,A,SELL,88.5,624,55224.0
2024-02-02,3296,A,SELL,21.8,2547,55524.6
2024-02-02,6869,A,SELL,110.0,456,50160.0
2024-02-02,4129,A,SELL,93.9,549,51551.100000000006
2024-02-02,3535,A,BUY,25.25,2269,57292.25
2024-02-02,6265,A,BUY,15.7,3650,57305.0
2024-02-02,3605,A,BUY,38.3,1496,57296.799999999996
2024-02-02,1713,A,BUY,48.7,1176,57271.200000000004
2024-02-02,3376,A,BUY,174.5,328,57236.0
2024-02-02,2467,A,BUY,86.8,660,57288.0
2024-02-02,3293,A,BUY,838.0,68,56984.0
2024-02-02,3017,B,BUY,478.0,116,55448.0
2024-02-02,1519,B,SELL,488.5,215,105027.5
2024-02-02,2353,B,SELL,45.95,809,37173.55
2024-02-16,2211,A,SELL,105.0,623,65415.0
2024-02-16,2329,B,SELL,77.4,2297,177787.80000000002
2024-02-16,2353,B,SELL,48.65,3118,151690.69999999998
2024-02-16,5403,A,SELL,132.0,467,61644.0
2024-02-16,1615,A,SELL,47.3,1154,54584.2
2024-02-16,2527,A,SELL,29.95,1885,56455.75
2024-02-16,3535,A,SELL,24.1,2269,54682.9
2024-02-16,6265,A,SELL,15.65,3650,57122.5
2024-02-16,3605,A,SELL,37.9,1496,56698.4
2024-02-16,1713,A,SELL,42.0,1176,49392.0
2024-02-16,3293,A,SELL,835.0,68,56780.0
2024-02-16,6584,A,BUY,175.0,391,68425.0
2024-02-16,3289,A,BUY,131.5,521,68511.5
2024-02-16,6442,A,BUY,112.0,611,68432.0
2024-02-16,6187,A,BUY,228.0,300,68400.0
2024-02-16,6201,A,BUY,64.0,1070,68480.0
2024-02-16,2330,A,BUY,683.0,100,68300.0
2024-02-16,3402,A,BUY,92.0,744,68448.0
2024-02-16,3017,B,BUY,510.0,175,89250.0
2024-02-16,3661,B,BUY,4185.0,35,146475.0
2024-02-16,3036,B,BUY,163.0,911,148493.0
2024-02-23,6873,A,SELL,150.0,410,61500.0
2024-02-23,6219,A,SELL,36.2,1612,58354.4
2024-02-23,8027,A,SELL,98.9,635,62801.5
2024-02-23,3265,A,SELL,131.5,468,61542.0
2024-02-23,3376,A,SELL,166.0,328,54448.0
2024-02-23,6584,A,SELL,168.0,391,65688.0
2024-02-23,3289,A,SELL,130.5,521,67990.5
2024-02-23,6201,A,SELL,61.3,1070,65591.0
2024-02-23,2330,A,SELL,697.0,100,69700.0
2024-02-23,3402,A,SELL,97.5,744,72540.0
2024-02-23,3036,B,SELL,169.5,911,154414.5
2024-02-23,6442,A,SELL,145.5,160,23280.0
2024-02-23,8064,A,BUY,29.45,2225,65526.25
2024-02-23,5443,A,BUY,50.0,1310,65500.0
2024-02-23,8182,A,BUY,38.3,1711,65531.299999999996
2024-02-23,3362,A,BUY,261.5,250,65375.0
2024-02-23,2539,A,BUY,62.0,1057,65534.0
2024-02-23,2467,A,SELL,136.0,178,24208.0
2024-02-23,3663,A,BUY,47.15,1390,65538.5
2024-02-23,6189,A,BUY,82.0,799,65518.0
2024-02-23,6290,A,BUY,88.8,738,65534.4
2024-02-23,5225,A,BUY,91.1,719,65500.899999999994
2024-02-23,4994,A,BUY,77.1,850,65534.99999999999
2024-02-23,2329,B,BUY,77.1,1983,152889.3
2024-03-01,1519,B,SELL,538.0,294,158172.0
2024-03-01,2467,A,SELL,124.5,482,60009.0
2024-03-01,6187,A,SELL,252.0,300,75600.0
2024-03-01,5443,A,SELL,49.85,1310,65303.5
2024-03-01,8182,A,SELL,37.3,1711,63820.299999999996
2024-03-01,3362,A,SELL,279.5,250,69875.0
2024-03-01,2539,A,SELL,61.1,1057,64582.700000000004
2024-03-01,3663,A,SELL,46.9,1390,65191.0
2024-03-01,6189,A,SELL,78.5,799,62721.5
2024-03-01,5225,A,SELL,95.9,719,68952.1
2024-03-01,2329,B,SELL,71.4,1983,141586.2
2024-03-01,3312,A,BUY,42.15,1473,62086.95
2024-03-01,6208,A,BUY,62.9,987,62082.299999999996
2024-03-01,3363,A,BUY,120.5,515,62057.5
2024-03-01,6227,A,BUY,59.9,1037,62116.299999999996
2024-03-01,1445,A,BUY,25.85,2403,62117.55
2024-03-01,4303,A,BUY,46.0,1350,62100.0
2024-03-01,6584,A,BUY,191.0,325,62075.0
2024-03-01,8931,A,BUY,59.8,1038,62072.399999999994
2024-03-01,1513,A,BUY,171.0,363,62073.0
2024-03-01,6165,A,BUY,49.55,1253,62086.149999999994
2024-03-01,6776,A,BUY,68.6,905,62082.99999999999
2024-03-01,2454,B,BUY,1105.0,187,206635.0
2024-03-01,3661,B,BUY,4340.0,12,52080.0
2024-03-08,6442,A,SELL,132.0,451,59532.0
2024-03-08,3661,B,SELL,3825.0,47,179775.0
2024-03-08,8064,A,SELL,26.6,2225,59185.0
2024-03-08,6290,A,SELL,86.8,738,64058.4
2024-03-08,6208,A,SELL,57.1,987,56357.700000000004
2024-03-08,1445,A,SELL,25.1,2403,60315.3
2024-03-08,8931,A,SELL,54.3,1038,56363.399999999994
2024-03-08,6165,A,SELL,50.3,1253,63025.899999999994
2024-03-08,4994,A,SELL,97.4,218,21233.2
2024-03-08,2809,A,BUY,47.85,1286,61535.1
2024-03-08,2504,A,BUY,36.4,1690,61516.0
2024-03-08,5443,A,BUY,53.2,1156,61499.200000000004
2024-03-08,4707,A,BUY,13.7,4491,61526.7
2024-03-08,5234,A,BUY,151.0,407,61457.0
2024-03-08,8099,A,BUY,60.0,1025,61500.0
2024-03-08,2417,A,BUY,50.9,1208,61487.2
2024-03-08,2845,A,BUY,13.95,4411,61533.45
2024-03-08,5225,A,BUY,103.5,594,61479.0
2024-03-08,2330,B,BUY,784.0,196,153664.0
2024-03-08,2454,B,SELL,1230.0,61,75030.0
2024-03-08,1513,B,BUY,161.5,539,87048.5
2024-03-15,3312,A,SELL,36.15,1473,53248.95
2024-03-15,3363,A,SELL,118.0,515,60770.0
2024-03-15,6227,A,SELL,51.3,1037,53198.1
2024-03-15,4303,A,SELL,42.9,1350,57915.0
2024-03-15,6584,A,SELL,201.0,325,65325.0
2024-03-15,6776,A,SELL,65.9,905,59639.50000000001
2024-03-15,2504,A,SELL,36.15,1690,61093.5
2024-03-15,5443,A,SELL,49.65,1156,57395.4
2024-03-15,4707,A,SELL,13.8,4491,61975.8
2024-03-15,5234,A,SELL,140.0,407,56980.0
2024-03-15,2417,A,SELL,46.55,1208,56232.399999999994
2024-03-15,5225,A,SELL,117.0,594,69498.0
2024-03-15,4994,A,SELL,120.5,127,15303.5
2024-03-15,2834,A,BUY,16.35,3718,60789.3
2024-03-15,2527,A,BUY,35.05,1734,60776.7
2024-03-15,2109,A,BUY,16.45,3695,60782.75
2024-03-15,6023,A,BUY,71.9,845,60755.50000000001
2024-03-15,2548,A,BUY,106.5,570,60705.0
2024-03-15,3188,A,BUY,23.85,2549,60793.65
2024-03-15,2883,A,BUY,14.15,4296,60788.4
2024-03-15,6026,A,BUY,15.6,3897,60793.2
2024-03-15,2850,A,BUY,81.8,743,60777.4
2024-03-15,6005,A,BUY,18.6,3268,60784.8
2024-03-15,2597,A,BUY,150.0,405,60750.0
2024-03-22,3017,B,SELL,589.0,291,171399.0
2024-03-22,2845,A,SELL,14.2,4411,62636.2
2024-03-22,2834,A,SELL,15.75,3718,58558.5
2024-03-22,2527,A,SELL,37.2,1734,64504.8
2024-03-22,2109,A,SELL,17.3,3695,63923.5
2024-03-22,3188,A,SELL,26.0,2549,66274.0
2024-03-22,2883,A,SELL,14.05,4296,60358.8
2024-03-22,6026,A,SELL,15.7,3897,61182.899999999994
2024-03-22,2850,A,SELL,82.3,743,61148.9
2024-03-22,6005,A,SELL,19.1,3268,62418.8
2024-03-22,2597,A,SELL,150.0,405,60750.0
2024-03-22,2317,A,BUY,145.5,429,62419.5
2024-03-22,6128,A,BUY,39.15,1597,62522.549999999996
2024-03-22,6605,A,BUY,200.0,312,62400.0
2024-03-22,5312,A,BUY,106.0,590,62540.0
2024-03-22,1503,A,BUY,274.0,228,62472.0
2024-03-22,2611,A,BUY,24.2,2584,62532.799999999996
2024-03-22,4938,A,BUY,102.0,613,62526.0
2024-03-22,4915,A,BUY,84.5,740,62530.0
2024-03-22,6239,A,BUY,195.0,320,62400.0
2024-03-22,3498,A,BUY,39.65,1577,62528.049999999996
2024-03-22,2330,B,BUY,785.0,69,54165.0
2024-03-22,2454,B,BUY,1125.0,59,66375.0
2024-03-29,4994,A,SELL,115.0,505,58075.0
2024-03-29,2454,B,SELL,1195.0,185,221075.0
2024-03-29,2809,A,SELL,51.6,1286,66357.6
2024-03-29,6605,A,SELL,219.5,312,68484.0
2024-03-29,5312,A,SELL,105.0,590,61950.0
2024-03-29,1503,A,SELL,292.0,228,66576.0
2024-03-29,2611,A,SELL,23.45,2584,60594.799999999996
2024-03-29,4938,A,SELL,102.0,613,62526.0
2024-03-29,4915,A,SELL,83.7,740,61938.0
2024-03-29,6239,A,SELL,200.5,320,64160.0
2024-03-29,3498,A,SELL,39.85,1577,62843.450000000004
2024-03-29,2359,A,BUY,72.5,876,63510.0
2024-03-29,6177,A,BUY,41.6,1526,63481.6
2024-03-29,1442,A,BUY,45.0,1411,63495.0
2024-03-29,3188,A,BUY,28.2,2252,63506.4
2024-03-29,1608,A,BUY,29.85,2127,63490.950000000004
2024-03-29,2505,A,BUY,27.65,2297,63512.049999999996
2024-03-29,8099,A,SELL,78.1,211,16479.1
2024-03-29,5534,A,BUY,88.4,718,63471.200000000004
2024-03-29,4513,A,BUY,27.95,2272,63502.4
2024-03-29,9911,A,BUY,84.0,756,63504.0
2024-03-29,2903,A,BUY,29.6,2145,63492.0
2024-03-29,3017,B,BUY,546.0,387,211302.0
2024-04-12,8099,A,SELL,71.8,814,58445.2
2024-04-12,6023,A,SELL,80.0,845,67600.0
2024-04-12,6128,A,SELL,42.55,1597,67952.34999999999
2024-04-12,6177,A,SELL,46.5,1526,70959.0
2024-04-12,3188,A,SELL,23.65,2252,53259.799999999996
2024-04-12,1608,A,SELL,38.0,2127,80826.0
2024-04-12,2505,A,SELL,27.8,2297,63856.6
2024-04-12,9911,A,SELL,89.3,756,67510.8
2024-04-12,2903,A,SELL,30.95,2145,66387.75
2024-04-12,4513,A,SELL,42.45,625,26531.25
2024-04-12,2359,A,SELL,103.5,200,20700.0
2024-04-12,2504,A,BUY,43.4,1610,69874.0
2024-04-12,6005,A,BUY,21.75,3212,69861.0
2024-04-12,5371,A,BUY,98.1,712,69847.2
2024-04-12,3703,A,BUY,32.55,2146,69852.29999999999
2024-04-12,2393,A,BUY,60.7,1151,69865.7
2024-04-12,2809,A,BUY,55.2,1265,69828.0
2024-04-12,2855,A,BUY,26.85,2602,69863.7
2024-04-12,9946,A,BUY,29.9,2336,69846.4
2024-04-12,1514,A,BUY,168.0,415,69720.0
2024-04-12,2317,B,BUY,150.5,731,110015.5
2024-04-12,3017,B,SELL,628.0,108,67824.0
2024-04-19,2548,A,SELL,149.5,570,85215.0
2024-04-19,2359,A,SELL,91.2,676,61651.200000000004
2024-04-19,4513,A,SELL,37.9,1647,62421.299999999996
2024-04-19,5371,A,SELL,95.7,712,68138.40000000001
2024-04-19,2809,A,SELL,54.0,1265,68310.0
2024-04-19,2855,A,SELL,26.65,2602,69343.3
2024-04-19,9946,A,SELL,30.95,2336,72299.2
2024-04-19,1514,A,SELL,165.0,415,68475.0
2024-04-19,5534,A,SELL,123.0,151,18573.0
2024-04-19,4935,A,BUY,60.6,1150,69690.0
2024-04-19,1612,A,BUY,41.1,1696,69705.6
2024-04-19,6186,A,BUY,79.0,882,69678.0
2024-04-19,1608,A,BUY,42.45,1642,69702.90000000001
2024-04-19,2374,A,BUY,41.6,1676,69721.6
2024-04-19,3501,A,BUY,60.0,1162,69720.0
2024-04-19,6873,A,BUY,197.0,353,69541.0
2024-04-19,5508,A,BUY,163.0,427,69601.0
2024-04-26,3017,B,SELL,642.0,279,179118.0
2024-04-26,2504,A,SELL,46.95,1610,75589.5
2024-04-26,6005,A,SELL,23.9,3212,76766.79999999999
2024-04-26,2393,A,SELL,61.2,1151,70441.2
2024-04-26,1612,A,SELL,37.3,1696,63260.799999999996
2024-04-26,1608,A,SELL,37.1,1642,60918.200000000004
2024-04-26,2374,A,SELL,39.5,1676,66202.0
2024-04-26,3501,A,SELL,59.5,1162,69139.0
2024-04-26,6873,A,SELL,181.0,353,63893.0
2024-04-26,5508,A,SELL,181.0,427,77287.0
2024-04-26,2101,A,BUY,59.5,1178,70091.0
2024-04-26,6177,A,BUY,56.0,1252,70112.0
2024-04-26,9946,A,BUY,37.5,1870,70125.0
2024-04-26,2536,A,BUY,39.05,1796,70133.79999999999
2024-04-26,2501,A,BUY,37.8,1855,70119.0
2024-04-26,2545,A,BUY,57.2,1226,70127.2
2024-04-26,2534,A,BUY,25.85,2713,70131.05
2024-04-26,1457,A,BUY,23.55,2978,70131.90000000001
2024-04-26,2903,A,BUY,33.45,2096,70111.20000000001
2024-04-26,2546,A,BUY,108.0,649,70092.0
2024-04-26,2371,B,BUY,67.5,2597,175297.5
2024-05-03,3703,A,SELL,39.6,2146,84981.6
2024-05-03,2536,A,SELL,39.85,1796,71570.6
2024-05-03,2501,A,SELL,40.5,1855,75127.5
2024-05-03,1457,A,SELL,24.7,2978,73556.59999999999
2024-05-03,2903,A,SELL,34.35,2096,71997.6
2024-05-03,2546,A,SELL,116.5,649,75608.5
2024-05-03,2371,B,SELL,63.8,2597,165688.6
2024-05-03,5508,A,BUY,229.5,316,72522.0
2024-05-03,1532,A,BUY,55.5,1308,72594.0
2024-05-03,3512,A,BUY,47.3,1535,72605.5
2024-05-03,3679,A,BUY,146.5,495,72517.5
2024-05-03,2520,A,BUY,61.0,1190,72590.0
2024-05-03,3017,B,BUY,662.0,274,181388.0
2024-05-10,1513,B,SELL,178.0,902,160556.0
2024-05-10,1442,A,SELL,54.6,1411,77040.6
2024-05-10,5534,A,SELL,117.5,567,66622.5
2024-05-10,2101,A,SELL,54.9,1178,64672.2
2024-05-10,9946,A,SELL,36.9,1870,69003.0
2024-05-10,2545,A,SELL,57.2,1226,70127.2
2024-05-10,2534,A,SELL,26.3,2713,71351.90000000001
2024-05-10,5508,A,SELL,203.5,316,64306.0
2024-05-10,1532,A,SELL,48.65,1308,63634.2
2024-05-10,3512,A,SELL,44.5,1535,68307.5
2024-05-10,2520,A,SELL,56.9,1190,67711.0
2024-05-10,1614,A,BUY,49.6,1410,69936.0
2024-05-10,2540,A,BUY,164.0,426,69864.0
2024-05-10,2852,A,BUY,25.05,2792,69939.6
2024-05-10,3491,A,BUY,213.0,328,69864.0
2024-05-10,6768,A,BUY,91.8,761,69859.8
2024-05-10,3501,A,BUY,63.0,1110,69930.0
2024-05-10,1446,A,BUY,51.8,1350,69930.0
2024-05-10,3030,A,BUY,123.5,566,69901.0
2024-05-10,5522,A,BUY,80.0,874,69920.0
2024-05-10,6024,A,BUY,60.0,1165,69900.0
2024-05-10,3188,A,BUY,33.0,2119,69927.0
2024-05-10,2371,B,BUY,64.1,2728,174864.8
2024-05-17,4935,A,SELL,66.8,1150,76820.0
2024-05-17,6186,A,SELL,92.5,882,81585.0
2024-05-17,6177,A,SELL,61.0,1252,76372.0
2024-05-17,3679,A,SELL,142.0,495,70290.0
2024-05-17,1614,A,SELL,48.65,1410,68596.5
2024-05-17,5522,A,SELL,81.2,874,70968.8
2024-05-17,6024,A,SELL,61.2,1165,71298.0
2024-05-17,3188,A,SELL,30.85,2119,65371.15
2024-05-17,2371,B,SELL,60.1,2728,163952.80000000002
2024-05-17,2609,A,BUY,71.0,995,70645.0
2024-05-17,4903,A,BUY,22.55,3133,70649.15000000001
2024-05-17,3303,A,BUY,42.7,1655,70668.5
2024-05-17,2905,A,BUY,16.6,4257,70666.20000000001
2024-05-17,2613,A,BUY,28.95,2441,70666.95
2024-05-17,2374,A,BUY,57.6,1226,70617.6
2024-05-17,2611,A,BUY,31.2,2265,70668.0
2024-05-17,6023,A,BUY,89.8,786,70582.8
2024-05-17,2330,B,SELL,835.0,53,44255.0
2024-05-17,1519,B,BUY,741.0,238,176358.0
2024-05-24,2540,A,SELL,152.0,426,64752.0
2024-05-24,2852,A,SELL,24.55,2792,68543.6
2024-05-24,6768,A,SELL,96.4,761,73360.40000000001
2024-05-24,3501,A,SELL,67.2,1110,74592.0
2024-05-24,1446,A,SELL,50.7,1350,68445.0
2024-05-24,4903,A,SELL,21.3,3133,66732.90000000001
2024-05-24,2905,A,SELL,15.9,4257,67686.3
2024-05-24,2611,A,SELL,30.85,2265,69875.25
2024-05-24,6023,A,SELL,90.6,786,71211.59999999999
2024-05-24,1519,B,SELL,704.0,238,167552.0
2024-05-24,2392,A,BUY,72.2,1003,72416.6
2024-05-24,3491,A,SELL,290.0,78,22620.0
2024-05-24,3030,A,SELL,170.5,140,23870.0
2024-05-24,6609,A,BUY,43.75,1656,72450.0
2024-05-24,2359,A,BUY,171.5,422,72373.0
2024-05-24,2451,A,BUY,112.0,647,72464.0
2024-05-24,2362,A,BUY,61.6,1176,72441.6
2024-05-24,2367,A,BUY,37.35,1940,72459.0
2024-05-24,6446,A,BUY,424.0,170,72080.0
2024-05-24,2867,A,BUY,7.04,10295,72476.8
2024-05-24,1227,A,BUY,41.7,1738,72474.6
2024-05-31,3491,A,SELL,287.0,250,71750.0
2024-05-31,3303,A,SELL,44.0,1655,72820.0
2024-05-31,2374,A,SELL,58.5,1226,71721.0
2024-05-31,2362,A,SELL,61.5,1176,72324.0
2024-05-31,2367,A,SELL,36.65,1940,71101.0
2024-05-31,6446,A,SELL,417.0,170,70890.0
2024-05-31,2867,A,SELL,7.6,10295,78242.0
2024-05-31,1227,A,SELL,41.9,1738,72822.2
2024-05-31,8374,A,BUY,65.7,1127,74043.90000000001
2024-05-31,2615,A,BUY,79.7,929,74041.3
2024-05-31,3312,A,BUY,67.4,1098,74005.20000000001
2024-05-31,6160,A,BUY,30.5,2428,74054.0
2024-05-31,6161,A,BUY,58.5,1265,74002.5
2024-05-31,2365,A,BUY,35.7,2074,74041.8
2024-05-31,2613,A,SELL,40.35,605,24411.75
2024-05-31,9946,A,BUY,45.0,1645,74025.0
2024-05-31,2330,B,BUY,821.0,88,72248.0
2024-06-07,3030,A,SELL,168.0,426,71568.0
2024-06-07,2392,A,SELL,70.5,1003,70711.5
2024-06-07,2359,A,SELL,166.5,422,70263.0
2024-06-07,2451,A,SELL,122.0,647,78934.0
2024-06-07,3312,A,SELL,66.9,1098,73456.20000000001
2024-06-07,6160,A,SELL,28.4,2428,68955.2
2024-06-07,2365,A,SELL,33.85,2074,70204.90000000001
2024-06-07,9946,A,SELL,49.55,1645,81509.75
2024-06-07,4566,A,BUY,81.2,916,74379.2
2024-06-07,1110,A,BUY,24.25,3067,74374.75
2024-06-07,3491,A,BUY,278.5,267,74359.5
2024-06-07,1446,A,BUY,60.4,1231,74352.4
2024-06-07,6442,A,BUY,246.5,301,74196.5
2024-06-07,3048,A,BUY,32.3,2302,74354.59999999999
2024-06-07,6446,A,BUY,484.0,153,74052.0
2024-06-07,2540,A,BUY,182.0,408,74256.0
2024-06-07,3017,B,BUY,620.0,125,77500.0
2024-06-14,3017,B,SELL,739.0,399,294861.0
2024-06-14,2613,A,SELL,46.8,1836,85924.79999999999
2024-06-14,6609,A,SELL,44.25,1656,73278.0
2024-06-14,2615,A,SELL,92.8,929,86211.2
2024-06-14,6161,A,SELL,63.4,1265,80201.0
2024-06-14,1110,A,SELL,21.75,3067,66707.25
2024-06-14,1446,A,SELL,56.2,1231,69182.2
2024-06-14,6442,A,SELL,282.5,301,85032.5
2024-06-14,3048,A,SELL,37.5,2302,86325.0
2024-06-14,2540,A,SELL,196.0,408,79968.0
2024-06-14,3374,A,BUY,175.5,446,78273.0
2024-06-14,4967,A,BUY,179.0,438,78402.0
2024-06-14,5263,A,BUY,161.0,487,78407.0
2024-06-14,8114,A,BUY,159.0,493,78387.0
2024-06-14,4534,A,BUY,16.4,4782,78424.79999999999
2024-06-14,3501,A,BUY,74.0,1059,78366.0
2024-06-14,4938,A,BUY,115.5,679,78424.5
2024-06-14,2393,A,BUY,75.2,1042,78358.40000000001
2024-06-14,4915,A,BUY,110.0,712,78320.0
2024-06-14,2392,A,BUY,79.7,984,78424.8
2024-06-14,6223,A,BUY,537.0,146,78402.0
2024-06-14,2330,B,SELL,922.0,87,80214.0
2024-06-14,2609,B,BUY,75.4,1605,121017.00000000001
2024-06-14,2359,B,BUY,169.5,1156,195942.0
2024-06-21,8374,A,SELL,84.0,1127,94668.0
2024-06-21,3491,A,SELL,291.0,267,77697.0
2024-06-21,6446,A,SELL,482.5,153,73822.5
2024-06-21,4967,A,SELL,148.0,438,64824.0
2024-06-21,8114,A,SELL,160.0,493,78880.0
2024-06-21,3501,A,SELL,75.3,1059,79742.7
2024-06-21,2393,A,SELL,78.9,1042,82213.8
2024-06-21,4915,A,SELL,96.0,712,68352.0
2024-06-21,2392,A,SELL,77.7,984,76456.8
2024-06-21,6223,A,SELL,528.0,146,77088.0
2024-06-21,2359,B,SELL,159.5,1156,184382.0
2024-06-21,3591,A,BUY,31.45,2708,85166.59999999999
2024-06-21,3450,A,BUY,122.0,698,85156.0
2024-06-21,1231,A,BUY,108.5,785,85172.5
2024-06-21,8028,A,BUY,85.3,998,85129.4
2024-06-21,3048,A,BUY,41.1,2072,85159.2
2024-06-21,3406,A,BUY,645.0,132,85140.0
2024-06-21,4545,A,BUY,61.5,1385,85177.5
2024-06-21,2451,A,BUY,132.0,645,85140.0
2024-06-21,2542,A,BUY,52.8,1613,85166.4
2024-06-21,2454,B,BUY,1490.0,133,198170.0
2024-06-28,4566,A,SELL,97.5,916,89310.0
2024-06-28,3374,A,SELL,180.0,446,80280.0
2024-06-28,5263,A,SELL,162.0,487,78894.0
2024-06-28,4534,A,SELL,19.2,4782,91814.4
2024-06-28,4938,A,SELL,104.5,679,70955.5
2024-06-28,3591,A,SELL,28.8,2708,77990.40000000001
2024-06-28,3048,A,SELL,40.2,2072,83294.40000000001
2024-06-28,4545,A,SELL,58.1,1385,80468.5
2024-06-28,2451,A,SELL,115.0,645,74175.0
2024-06-28,2454,B,SELL,1400.0,133,186200.0
2024-06-28,8114,A,BUY,174.5,446,77827.0
2024-06-28,8099,A,BUY,117.5,663,77902.5
2024-06-28,6446,A,BUY,560.0,139,77840.0
2024-06-28,6442,A,BUY,336.5,231,77731.5
2024-06-28,2449,A,BUY,119.0,654,77826.0
2024-06-28,3652,A,BUY,48.15,1618,77906.7
2024-06-28,4707,A,BUY,15.5,5026,77903.0
2024-06-28,1785,A,BUY,65.3,1193,77902.9
2024-06-28,3501,A,BUY,80.3,970,77891.0
2024-06-28,2845,A,BUY,16.6,4693,77903.8
2024-06-28,2317,B,SELL,214.0,249,53286.0
2024-06-28,2615,B,BUY,88.6,2198,194742.8
2024-07-05,2330,B,SELL,1005.0,213,214065.0
2024-07-05,3450,A,SELL,143.5,698,100163.0
2024-07-05,1231,A,SELL,114.5,785,89882.5
2024-07-05,3406,A,SELL,611.0,132,80652.0
2024-07-05,2542,A,SELL,55.3,1613,89198.9
2024-07-05,8099,A,SELL,122.0,663,80886.0
2024-07-05,6446,A,SELL,567.0,139,78813.0
2024-07-05,2449,A,SELL,121.0,654,79134.0
2024-07-05,4707,A,SELL,16.05,5026,80667.3
2024-07-05,1785,A,SELL,75.3,1193,89832.9
2024-07-05,3501,A,SELL,78.6,970,76242.0
2024-07-05,2845,A,SELL,17.2,4693,80719.59999999999
2024-07-05,8104,A,BUY,57.9,1403,81233.7
2024-07-05,4534,A,BUY,30.35,2677,81246.95
2024-07-05,8028,A,SELL,121.5,329,39973.5
2024-07-05,8390,A,BUY,78.8,1031,81242.8
2024-07-05,5443,A,BUY,109.0,745,81205.0
2024-07-05,4722,A,BUY,52.5,1547,81217.5
2024-07-05,3029,A,BUY,106.0,766,81196.0
2024-07-05,8374,A,BUY,131.0,620,81220.0
2024-07-05,6261,A,BUY,84.0,967,81228.0
2024-07-05,4720,A,BUY,24.4,3330,81252.0
2024-07-05,1423,A,BUY,45.5,1785,81217.5
2024-07-05,2359,B,BUY,175.5,1157,203053.5
2024-07-12,2317,B,SELL,216.0,911,196776.0
2024-07-12,2609,B,SELL,64.0,2600,166400.0
2024-07-12,3652,A,SELL,47.1,1618,76207.8
2024-07-12,8104,A,SELL,53.0,1403,74359.0
2024-07-12,4534,A,SELL,28.0,2677,74956.0
2024-07-12,5443,A,SELL,94.6,745,70477.0
2024-07-12,4722,A,SELL,51.9,1547,80289.3
2024-07-12,8374,A,SELL,103.5,620,64170.0
2024-07-12,6261,A,SELL,79.4,967,76779.8
2024-07-12,4720,A,SELL,22.55,3330,75091.5
2024-07-12,1423,A,SELL,44.8,1785,79968.0
2024-07-12,4510,A,BUY,29.6,2636,78025.6
2024-07-12,2881,A,BUY,91.9,849,78023.1
2024-07-12,2312,A,BUY,27.55,2832,78021.6
2024-07-12,3019,A,BUY,90.1,866,78026.59999999999
2024-07-12,6133,A,BUY,22.25,3506,78008.5
2024-07-12,3374,A,BUY,216.0,361,77976.0
2024-07-12,1569,A,BUY,32.15,2427,78028.05
2024-07-12,3008,A,BUY,3065.0,25,76625.0
2024-07-12,2542,A,BUY,60.7,1285,77999.5
2024-07-12,4109,A,BUY,32.95,2368,78025.6
2024-07-12,6442,A,SELL,474.5,66,31317.0
2024-07-12,2615,B,BUY,76.4,2908,222171.2
2024-07-12,2359,B,BUY,164.0,1221,200244.0
2024-07-19,8028,A,SELL,114.5,669,76600.5
2024-07-19,8114,A,SELL,195.0,446,86970.0
2024-07-19,2615,B,SELL,71.1,5106,363036.6
2024-07-19,8390,A,SELL,74.1,1031,76397.09999999999
2024-07-19,3029,A,SELL,114.0,766,87324.0
2024-07-19,2881,A,SELL,86.1,849,73098.9
2024-07-19,6133,A,SELL,22.2,3506,77833.2
2024-07-19,3374,A,SELL,207.5,361,74907.5
2024-07-19,1569,A,SELL,30.25,2427,73416.75
2024-07-19,3008,A,SELL,2900.0,25,72500.0
2024-07-19,2477,A,BUY,28.3,2668,75504.40000000001
2024-07-19,2243,A,BUY,31.35,2408,75490.8
2024-07-19,6873,A,BUY,288.0,262,75456.0
2024-07-19,2365,A,BUY,63.8,1183,75475.4
2024-07-19,6446,A,BUY,648.0,116,75168.0
2024-07-19,4907,A,BUY,91.0,829,75439.0
2024-07-19,5263,A,BUY,181.0,417,75477.0
2024-07-19,2524,A,BUY,75.2,1004,75500.8
2024-07-19,6186,A,BUY,111.0,680,75480.0
2024-07-19,2317,B,BUY,204.0,1233,251532.0
2024-07-19,3450,B,BUY,137.0,1463,200431.0
2024-07-19,2359,B,SELL,157.0,774,121518.0
2024-07-26,6442,A,SELL,430.0,165,70950.0
2024-07-26,2312,A,SELL,23.4,2832,66268.8
2024-07-26,3019,A,SELL,85.6,866,74129.59999999999
2024-07-26,2477,A,SELL,27.7,2668,73903.59999999999
2024-07-26,5263,A,SELL,174.0,417,72558.0
2024-07-26,6186,A,SELL,108.5,680,73780.0
2024-07-26,2317,B,SELL,192.0,1233,236736.0
2024-07-26,2467,A,BUY,205.0,356,72980.0
2024-07-26,3029,A,BUY,109.0,670,73030.0
2024-07-26,8374,A,BUY,122.5,596,73010.0
2024-07-26,6561,A,BUY,431.0,169,72839.0
2024-07-26,3189,A,BUY,120.0,608,72960.0
2024-07-26,6133,A,BUY,20.25,3608,73062.0
2024-07-26,3450,B,BUY,125.0,1459,182375.0
2024-07-26,2359,B,BUY,163.0,637,103831.0
2024-08-02,2359,B,SELL,159.5,2241,357439.5
2024-08-02,4109,A,SELL,30.65,2368,72579.2
2024-08-02,6873,A,SELL,225.0,262,58950.0
2024-08-02,2524,A,SELL,115.5,1004,115962.0
2024-08-02,2467,A,SELL,180.5,356,64258.0
2024-08-02,3029,A,SELL,98.1,670,65727.0
2024-08-02,8374,A,SELL,122.0,596,72712.0
2024-08-02,3189,A,SELL,104.5,608,63536.0
2024-08-02,6133,A,SELL,19.7,3608,71077.59999999999
2024-08-02,3188,A,BUY,50.3,1443,72582.9
2024-08-02,3522,A,BUY,23.3,3116,72602.8
2024-08-02,4510,A,SELL,38.25,737,28190.25
2024-08-02,3019,A,BUY,88.4,821,72576.40000000001
2024-08-02,3374,A,BUY,225.0,322,72450.0
2024-08-02,2905,A,BUY,19.95,3639,72598.05
2024-08-02,1110,A,BUY,23.6,3076,72593.6
2024-08-02,5263,A,BUY,182.0,398,72436.0
2024-08-02,4720,A,BUY,23.4,3103,72610.2
2024-08-02,3450,B,BUY,118.5,3205,379792.5
2024-08-09,2542,A,SELL,52.9,1285,67976.5
2024-08-09,4907,A,SELL,90.5,829,75024.5
2024-08-09,3450,B,SELL,122.5,6127,750557.5
2024-08-09,3188,A,SELL,43.1,1443,62193.3
2024-08-09,1110,A,SELL,22.6,3076,69517.6
2024-08-09,5263,A,SELL,178.5,398,71043.0
2024-08-09,4720,A,SELL,22.3,3103,69196.90000000001
2024-08-09,1540,A,BUY,40.6,2971,120622.6
2024-08-09,4510,A,BUY,38.35,1246,47784.1
2024-08-09,6561,A,BUY,488.5,77,37614.5
2024-08-09,3522,A,BUY,25.55,1605,41007.75
2024-08-09,3019,A,BUY,95.4,443,42262.200000000004
2024-08-09,6446,A,BUY,688.0,59,40592.0
2024-08-09,2243,A,BUY,27.4,1995,54663.0
2024-08-09,2365,A,BUY,62.9,735,46231.5
2024-08-09,2905,A,BUY,19.7,2485,48954.5
2024-08-09,4534,A,BUY,26.65,4526,120617.9
2024-08-09,4109,A,BUY,30.2,3994,120618.8
2024-08-09,2349,A,BUY,15.3,7885,120640.5
2024-08-09,8028,A,BUY,113.0,1067,120571.0
2024-08-09,3374,A,BUY,208.0,258,53664.0
2024-08-16,2243,A,SELL,28.25,4403,124384.75
2024-08-16,3374,A,SELL,250.5,580,145290.0
2024-08-16,4534,A,SELL,29.25,4526,132385.5
2024-08-16,4109,A,SELL,30.65,3994,122416.09999999999
2024-08-16,2349,A,SELL,15.25,7885,120246.25
2024-08-16,8043,A,BUY,46.4,2763,128203.2
2024-08-16,6754,A,BUY,87.6,1463,128158.79999999999
2024-08-16,8374,A,BUY,153.0,837,128061.0
2024-08-16,5263,A,BUY,201.0,637,128037.0
2024-08-16,3188,A,BUY,49.9,2569,128193.09999999999
2024-08-16,5443,A,BUY,110.0,1165,128150.0
2024-08-23,2365,A,SELL,61.9,1918,118724.2
2024-08-23,2905,A,SELL,20.5,6124,125542.0
2024-08-23,5263,A,SELL,202.0,637,128674.0
2024-08-23,3188,A,SELL,42.8,2569,109953.2
2024-08-23,3230,A,BUY,41.0,3129,128289.0
2024-08-23,2888,A,BUY,12.45,10305,128297.24999999999
2024-08-23,3374,A,BUY,260.0,493,128180.0
2024-08-23,1423,A,BUY,44.35,2893,128304.55
2024-08-30,3522,A,SELL,26.5,4721,125106.5
2024-08-30,8374,A,SELL,138.0,837,115506.0
2024-08-30,1423,A,SELL,44.7,2893,129317.1
2024-08-30,6609,A,BUY,73.7,1809,133323.30000000002
2024-08-30,1776,A,BUY,22.2,6008,133377.6
2024-08-30,5443,A,SELL,151.0,281,42431.0
2024-08-30,2905,A,BUY,20.4,6538,133375.19999999998
2024-09-06,6446,A,SELL,690.0,175,120750.0
2024-09-06,8028,A,SELL,118.5,1067,126439.5
2024-09-06,3374,A,SELL,229.5,493,113143.5
2024-09-06,2905,A,SELL,19.7,6538,128798.59999999999
2024-09-06,4583,A,BUY,600.0,214,128400.0
2024-09-06,1539,A,BUY,33.6,3821,128385.6
2024-09-06,4510,A,SELL,52.0,675,35100.0
2024-09-06,1423,A,BUY,44.5,2885,128382.5
2024-09-06,8374,A,BUY,139.0,923,128297.0
2024-09-13,6561,A,SELL,481.0,246,118326.0
2024-09-13,8043,A,SELL,41.3,2763,114111.9
2024-09-13,6754,A,SELL,76.5,1463,111919.5
2024-09-13,1776,A,SELL,20.4,6008,122563.2
2024-09-13,6446,A,BUY,682.0,189,128898.0
2024-09-13,6606,A,BUY,30.9,4186,129347.4
2024-09-13,3374,A,BUY,241.0,536,129176.0
2024-09-20,6609,A,SELL,89.9,1809,162629.1
2024-09-20,8374,A,SELL,142.5,923,131527.5
2024-09-20,6446,A,SELL,734.0,189,138726.0
2024-09-20,6606,A,SELL,30.15,4186,126207.9
2024-09-20,3374,A,SELL,237.0,536,127032.0
2024-09-20,8249,A,BUY,56.4,2347,132370.8
2024-09-20,8074,A,BUY,27.8,4761,132355.80000000002
2024-09-20,5234,A,BUY,238.0,556,132328.0
2024-09-20,3230,A,SELL,54.3,691,37521.299999999996
2024-09-20,4974,A,BUY,108.5,1220,132370.0
2024-09-20,8028,A,BUY,128.5,1030,132355.0
2024-09-27,2888,A,SELL,12.0,10305,123660.0
2024-09-27,1776,A,BUY,23.6,5524,130366.40000000001
2024-09-27,6606,A,BUY,30.0,4346,130380.0
2024-10-04,4510,A,SELL,43.85,2470,108309.5
2024-10-04,3019,A,SELL,113.0,1264,142832.0
2024-10-04,6606,A,SELL,29.2,4346,126903.2
2024-10-04,3167,A,BUY,143.0,875,125125.0
2024-10-04,2033,A,BUY,22.9,5465,125148.49999999999
2024-10-04,4527,A,BUY,57.4,2180,125132.0
2024-10-11,1540,A,SELL,39.85,2971,118394.35
2024-10-11,1539,A,SELL,26.85,3821,102593.85
2024-10-11,1423,A,SELL,43.1,2885,124343.5
2024-10-11,1776,A,SELL,20.3,5524,112137.2
2024-10-11,8404,A,BUY,29.05,2400,69720.0
2024-10-11,6438,A,BUY,182.5,382,69715.0
2024-10-11,3167,A,SELL,158.5,435,68947.5
2024-10-11,5234,A,SELL,238.5,263,62725.5
2024-10-11,4583,A,SELL,727.0,118,85786.0
2024-10-11,8429,A,BUY,11.2,6226,69731.2
2024-10-11,3230,A,SELL,53.6,1136,60889.6
2024-10-11,8074,A,SELL,26.0,2078,54028.0
2024-10-11,4527,A,SELL,59.1,1000,59100.0
2024-10-11,2033,A,SELL,20.05,1986,39819.3
2024-10-11,8028,A,SELL,133.5,507,67684.5
2024-10-11,5443,A,SELL,138.5,380,52630.0
2024-10-11,4974,A,SELL,96.8,499,48303.2
2024-10-11,2888,A,BUY,11.9,5860,69734.0
2024-10-11,4909,B,BUY,149.5,1166,174317.0
2024-10-11,3363,B,BUY,246.0,708,174168.0
2024-10-11,3450,B,BUY,207.5,840,174300.0
2024-10-11,6187,B,BUY,490.0,355,173950.0
2024-10-18,8028,A,SELL,134.5,523,70343.5
2024-10-18,2888,A,SELL,11.6,5860,67976.0
2024-10-18,6187,B,SELL,450.0,355,159750.0
2024-10-18,3709,A,BUY,30.85,2266,69906.1
2024-10-18,1776,A,BUY,21.7,3222,69917.4
2024-10-18,3013,B,BUY,159.0,1099,174741.0
2024-10-25,5443,A,SELL,121.5,504,61236.0
2024-10-25,3230,A,SELL,48.9,1302,63667.799999999996
2024-10-25,4974,A,SELL,101.5,721,73181.5
2024-10-25,3167,A,SELL,147.0,440,64680.0
2024-10-25,8429,A,SELL,11.1,6226,69108.59999999999
2024-10-25,1776,A,SELL,21.5,3222,69273.0
2024-10-25,6165,A,BUY,50.2,1525,76555.0
2024-10-25,8240,A,BUY,48.5,1579,76581.5
2024-10-25,1528,A,BUY,20.9,3664,76577.59999999999
2024-10-25,4956,A,BUY,42.0,1823,76566.0
2024-10-25,4576,A,BUY,145.0,528,76560.0
2024-10-25,3257,A,BUY,70.6,1084,76530.4
2024-10-25,8249,A,SELL,67.6,1213,81998.79999999999
2024-11-01,5234,A,SELL,226.5,293,66364.5
2024-11-01,4527,A,SELL,60.3,1180,71154.0
2024-11-01,4909,B,SELL,129.0,1166,150414.0
2024-11-01,6535,A,BUY,361.5,204,73746.0
2024-11-01,3167,A,BUY,145.5,508,73914.0
2024-11-01,6223,B,BUY,789.0,234,184626.0
2024-11-08,8074,A,SELL,25.05,2683,67209.15000000001
2024-11-08,8404,A,SELL,28.6,2400,68640.0
2024-11-08,3363,B,SELL,213.0,708,150804.0
2024-11-08,4956,A,SELL,36.2,1823,65992.6
2024-11-08,3257,A,SELL,60.8,1084,65907.2
2024-11-08,6223,B,SELL,841.0,234,196794.0
2024-11-08,8937,A,BUY,120.0,621,74520.0
2024-11-08,2354,A,BUY,97.3,766,74531.8
2024-11-08,5234,A,BUY,245.5,303,74386.5
2024-11-08,3230,A,BUY,54.8,1360,74528.0
2024-11-08,3013,B,BUY,157.5,478,75285.0
2024-11-08,6187,B,BUY,467.5,531,248242.5
2024-11-15,3450,B,SELL,230.0,840,193200.0
2024-11-15,3709,A,SELL,29.3,2266,66393.8
2024-11-15,1528,A,SELL,18.7,3664,68516.8
2024-11-15,3167,A,SELL,130.5,508,66294.0
2024-11-15,5234,A,SELL,229.0,303,69387.0
2024-11-15,3230,A,SELL,51.0,1360,69360.0
2024-11-15,3706,A,BUY,68.4,1053,72025.20000000001
2024-11-15,6781,A,BUY,772.0,93,71796.0
2024-11-15,3211,A,BUY,150.0,480,72000.0
2024-11-15,1449,A,BUY,23.55,3060,72063.0
2024-11-15,8404,A,BUY,27.55,2616,72070.8
2024-11-15,3363,B,BUY,203.5,1180,240130.0
2024-11-22,4583,A,SELL,741.0,96,71136.0
2024-11-22,8249,A,SELL,58.3,1134,66112.2
2024-11-22,4576,A,SELL,129.0,528,68112.0
2024-11-22,6187,B,SELL,473.0,531,251163.0
2024-11-22,3363,B,SELL,206.0,1180,243080.0
2024-11-22,8937,A,SELL,150.0,130,19500.0
2024-11-22,8429,A,BUY,12.2,6029,73553.8
2024-11-22,3230,A,BUY,55.8,1318,73544.4
2024-11-22,5234,A,BUY,235.0,313,73555.0
2024-11-22,4956,A,BUY,36.3,2026,73543.79999999999
2024-11-22,2354,B,BUY,82.2,3708,304797.60000000003
2024-11-22,3013,B,BUY,154.0,811,124894.0
2024-11-29,2033,A,SELL,23.15,3479,80538.84999999999
2024-11-29,6438,A,SELL,212.0,382,80984.0
2024-11-29,3013,B,SELL,146.0,2388,348648.0
2024-11-29,6165,A,SELL,45.65,1525,69616.25
2024-11-29,8240,A,SELL,46.7,1579,73739.3
2024-11-29,2354,B,SELL,80.4,4474,359709.60000000003
2024-11-29,3230,A,SELL,56.4,1318,74335.2
2024-11-29,5234,A,SELL,204.5,313,64008.5
2024-11-29,4956,A,SELL,36.55,2026,74050.29999999999
2024-11-29,8042,A,BUY,45.8,2520,115416.0
2024-11-29,4931,A,BUY,60.5,1908,115434.0
2024-11-29,2404,A,BUY,428.5,269,115266.5
2024-11-29,6558,A,BUY,38.3,3014,115436.2
2024-11-29,6199,A,BUY,92.6,1246,115379.59999999999
2024-11-29,8937,A,BUY,145.0,305,44225.0
2024-11-29,3712,A,BUY,69.9,1651,115404.90000000001
2024-11-29,8429,A,BUY,12.9,2920,37668.0
2024-11-29,2545,A,BUY,75.9,1521,115443.90000000001
2024-11-29,1449,A,BUY,23.75,1801,42773.75
2024-11-29,8404,A,BUY,29.75,1264,37604.0
2024-12-06,6535,A,SELL,214.0,204,43656.0
2024-12-06,1449,A,SELL,26.5,4861,128816.5
2024-12-06,8404,A,SELL,30.9,3880,119892.0
2024-12-06,2545,A,SELL,74.5,1521,113314.5
2024-12-06,8042,A,SELL,56.9,1179,67085.09999999999
2024-12-06,3211,A,SELL,227.0,143,32461.0
2024-12-06,6558,A,SELL,45.2,1326,59935.200000000004
2024-12-06,4931,A,SELL,71.5,841,60131.5
2024-12-06,2404,A,SELL,456.5,101,46106.5
2024-12-06,4979,A,BUY,210.0,363,76230.0
2024-12-06,8114,A,BUY,335.0,227,76045.0
2024-12-06,5244,A,BUY,55.0,1387,76285.0
2024-12-06,2610,A,BUY,26.3,2900,76270.0
2024-12-06,6199,A,SELL,115.0,582,66930.0
2024-12-06,8937,A,SELL,133.5,224,29904.0
2024-12-06,8429,A,SELL,13.3,3212,42719.600000000006
2024-12-06,3712,A,SELL,68.0,529,35972.0
2024-12-06,2354,B,BUY,87.2,4374,381412.8
2024-12-06,3450,B,BUY,251.0,1519,381269.0
2024-12-13,8937,A,SELL,124.0,572,70928.0
2024-12-13,4931,A,SELL,57.5,1067,61352.5
2024-12-13,3029,A,BUY,154.0,462,71148.0
2024-12-13,3230,A,BUY,56.0,1272,71232.0
2024-12-20,8429,A,SELL,11.75,5737,67409.75
2024-12-20,8042,A,SELL,41.3,1341,55383.299999999996
2024-12-20,3712,A,SELL,63.0,1122,70686.0
2024-12-20,2354,B,SELL,76.7,4374,335485.8
2024-12-20,3230,A,SELL,57.3,1272,72885.59999999999
2024-12-20,6691,A,BUY,399.5,175,69912.5
2024-12-20,6781,A,SELL,979.0,21,20559.0
2024-12-20,4931,A,BUY,63.7,1100,70070.0
2024-12-20,8937,A,BUY,130.5,537,70078.5
2024-12-20,8249,A,BUY,56.0,1252,70112.0
2024-12-20,3450,B,BUY,255.5,1225,312987.5
2024-12-27,4979,A,SELL,180.5,363,65521.5
2024-12-27,5244,A,SELL,49.55,1387,68725.84999999999
2024-12-27,3029,A,SELL,141.5,462,65373.0
2024-12-27,3019,A,BUY,182.0,416,75712.0
2024-12-27,8482,A,BUY,90.1,840,75684.0
2024-12-27,2233,A,BUY,264.5,286,75647.0
2024-12-27,2049,A,BUY,316.0,170,53720.0
2024-12-27,3450,B,SELL,291.0,1442,419622.0
2025-01-03,6558,A,SELL,37.3,1688,62962.399999999994
2025-01-03,3450,B,SELL,283.5,1302,369117.0
2025-01-03,8249,A,SELL,58.3,1252,72991.59999999999
2025-01-03,4126,A,BUY,96.2,778,74843.6
2025-01-03,4974,A,BUY,131.0,571,74801.0
2025-01-03,2049,A,BUY,303.0,77,23331.0
2025-01-03,3706,B,BUY,67.1,10108,678246.7999999999
2025-01-10,2610,A,SELL,25.7,2900,74530.0
2025-01-10,2049,A,SELL,285.0,247,70395.0
2025-01-10,4974,A,SELL,112.5,571,64237.5
2025-01-10,3645,A,BUY,64.4,1164,74961.6
2025-01-10,6558,A,BUY,48.2,1556,74999.20000000001
2025-01-10,6215,A,BUY,99.4,754,74947.6
2025-01-10,4979,A,BUY,205.0,265,54325.0
2025-01-10,3706,B,SELL,70.0,7588,531160.0
2025-01-17,3706,B,SELL,66.0,3573,235818.0
2025-01-17,8114,A,SELL,334.5,227,75931.5
2025-01-17,2233,A,SELL,220.0,286,62920.0
2025-01-17,4126,A,SELL,93.5,778,72743.0
2025-01-17,6890,A,BUY,474.0,169,80106.0
2025-01-17,4979,A,BUY,198.0,141,27918.0
2025-01-17,2049,A,BUY,288.5,279,80491.5
2025-01-17,6535,A,BUY,237.5,339,80512.5
2025-01-17,3019,B,BUY,155.0,2008,311240.0
2025-01-17,3211,B,BUY,182.5,1722,314265.0
2025-02-07,3211,B,SELL,182.0,2059,374738.0
2025-02-07,4931,A,SELL,69.4,1100,76340.0
2025-02-07,5312,A,BUY,125.5,696,87348.0
2025-02-07,5536,A,BUY,439.5,198,87021.0
2025-02-07,3019,B,SELL,186.0,962,178932.0
2025-02-07,6781,B,BUY,1080.0,179,193320.0
2025-02-07,4991,B,BUY,145.0,1875,271875.0
2025-02-14,6781,B,SELL,1040.0,251,261040.0
2025-02-14,2404,A,SELL,448.0,168,75264.0
2025-02-14,6199,A,SELL,117.0,664,77688.0
2025-02-14,6691,A,SELL,423.5,175,74112.5
2025-02-14,8937,A,SELL,178.5,537,95854.5
2025-02-14,4979,A,SELL,222.0,406,90132.0
2025-02-14,6890,A,SELL,441.5,169,74613.5
2025-02-14,6535,A,SELL,246.0,339,83394.0
2025-02-14,6206,A,BUY,133.0,640,85120.0
2025-02-14,4722,A,BUY,60.9,1397,85077.3
2025-02-14,1817,A,BUY,49.3,1726,85091.79999999999
2025-02-14,5203,A,BUY,125.0,680,85000.0
2025-02-14,5403,A,BUY,132.5,642,85065.0
2025-02-14,2516,A,BUY,20.85,4082,85109.70000000001
2025-02-14,3450,B,BUY,300.5,881,264740.5
2025-02-21,6558,A,SELL,58.7,1556,91337.20000000001
2025-02-21,5536,A,SELL,425.5,198,84249.0
2025-02-21,2516,A,SELL,20.95,4082,85517.9
2025-02-21,3450,B,SELL,297.0,881,261657.0
2025-02-21,6206,A,SELL,172.5,128,22080.0
2025-02-21,8096,A,BUY,74.4,1185,88164.0
2025-02-21,4916,A,BUY,51.4,1716,88202.4
2025-02-21,8234,A,BUY,96.0,918,88128.0
2025-02-21,2032,A,BUY,18.5,4768,88208.0
2025-02-21,4164,A,BUY,57.0,1547,88179.0
2025-02-21,6215,B,BUY,131.5,1333,175289.5
2025-03-07,3019,B,SELL,175.0,1462,255850.0
2025-03-07,8482,A,SELL,112.5,840,94500.0
2025-03-07,3645,A,SELL,68.3,1164,79501.2
2025-03-07,6215,B,SELL,107.5,2087,224352.5
2025-03-07,2049,A,SELL,299.0,279,83421.0
2025-03-07,4991,B,SELL,123.0,1875,230625.0
2025-03-07,6206,A,SELL,139.0,512,71168.0
2025-03-07,8096,A,SELL,67.6,1185,80106.0
2025-03-07,8234,A,SELL,90.6,918,83170.79999999999
2025-03-07,4164,A,SELL,52.6,1547,81372.2
2025-03-07,4916,A,BUY,49.3,802,39538.6
2025-03-07,1463,A,BUY,28.4,4371,124136.4
2025-03-07,4417,A,BUY,45.2,2746,124119.20000000001
2025-03-07,2852,A,BUY,28.15,4410,124141.5
2025-03-07,2641,A,BUY,23.5,5283,124150.5
2025-03-07,1307,A,BUY,50.8,2444,124155.2
2025-03-07,5403,A,BUY,134.0,284,38056.0
2025-03-07,3022,A,BUY,104.0,1193,124072.0
2025-03-07,1459,A,BUY,12.3,10094,124156.20000000001
2025-03-07,1817,A,BUY,48.25,847,40867.75
2025-03-07,5203,A,BUY,117.0,381,44577.0
2025-03-07,2516,A,BUY,24.55,5057,124149.35
2025-03-14,4722,A,SELL,62.1,1397,86753.7
2025-03-14,1817,A,SELL,49.0,2573,126077.0
2025-03-14,5203,A,SELL,123.0,1061,130503.0
2025-03-14,5403,A,SELL,129.5,926,119917.0
2025-03-14,4916,A,SELL,44.15,2518,111169.7
2025-03-14,1463,A,SELL,28.4,4371,124136.4
2025-03-14,4417,A,SELL,45.6,2746,125217.6
2025-03-14,2641,A,SELL,23.05,5283,121773.15000000001
2025-03-14,1307,A,SELL,46.5,2444,113646.0
2025-03-14,3022,A,SELL,98.7,1193,117749.1
2025-03-14,2832,A,BUY,32.45,3747,121590.15000000001
2025-03-14,2838,A,BUY,17.15,7090,121593.49999999999
2025-03-14,9907,A,BUY,17.95,6774,121593.29999999999
2025-03-14,8930,A,BUY,40.9,2973,121595.7
2025-03-14,2851,A,BUY,28.4,4281,121580.4
2025-03-14,2812,A,BUY,20.6,5903,121601.8
2025-03-14,2535,A,BUY,60.7,2003,121582.1
2025-03-14,4763,A,BUY,959.0,126,120834.0
2025-03-14,2247,A,BUY,319.5,380,121410.0
2025-03-14,8234,A,BUY,91.8,1324,121543.2
2025-03-21,5312,A,SELL,139.0,696,96744.0
2025-03-21,2032,A,SELL,19.25,4768,91784.0
2025-03-21,1459,A,SELL,12.5,10094,126175.0
2025-03-21,2516,A,SELL,24.25,5057,122632.25
2025-03-21,4763,A,SELL,950.0,126,119700.0
2025-03-21,2247,A,SELL,315.0,380,119700.0
2025-03-21,8234,A,SELL,90.1,1324,119292.4
2025-03-21,5530,A,BUY,80.2,1519,121823.8
2025-03-21,1451,A,BUY,22.2,5488,121833.59999999999
2025-03-21,6227,A,BUY,137.0,889,121793.0
2025-03-21,1466,A,BUY,17.3,7043,121843.90000000001
2025-03-21,4303,A,BUY,91.0,1339,121849.0
2025-03-21,2547,A,BUY,13.7,8894,121847.79999999999
2025-03-21,8436,A,BUY,154.5,788,121746.0
2025-03-28,8930,A,SELL,37.35,2973,111041.55
2025-03-28,2851,A,SELL,27.7,4281,118583.7
2025-03-28,2535,A,SELL,59.0,2003,118177.0
2025-03-28,5530,A,SELL,76.3,1519,115899.7
2025-03-28,6227,A,SELL,109.0,889,96901.0
2025-03-28,1466,A,SELL,16.85,7043,118674.55
2025-03-28,2468,A,BUY,57.5,2050,117875.0
2025-03-28,2539,A,BUY,65.7,1794,117865.8
2025-03-28,9927,A,BUY,75.3,1565,117844.5
2025-03-28,8422,A,BUY,194.0,607,117758.0
2025-03-28,5439,A,BUY,187.5,628,117750.0
2025-03-28,5312,A,BUY,143.5,821,117813.5
2025-04-11,2852,A,SELL,27.0,4410,119070.0
2025-04-11,2832,A,SELL,31.9,3747,119529.29999999999
2025-04-11,2838,A,SELL,16.2,7090,114858.0
2025-04-11,9907,A,SELL,16.35,6774,110754.90000000001
2025-04-11,2812,A,SELL,19.1,5903,112747.3
2025-04-11,1451,A,SELL,18.65,5488,102351.2
2025-04-11,4303,A,SELL,64.8,1339,86767.2
2025-04-11,2547,A,SELL,12.1,8894,107617.4
2025-04-11,8436,A,SELL,138.5,788,109138.0
2025-04-11,2539,A,SELL,59.9,1794,107460.59999999999
2025-04-11,9927,A,SELL,69.0,1565,107985.0
2025-04-11,8422,A,SELL,185.0,607,112295.0
2025-04-11,5312,A,SELL,123.0,821,100983.0
2025-04-11,2468,A,BUY,51.2,13265,679168.0
2025-04-11,5439,A,BUY,149.0,4634,690466.0
2025-04-18,5439,A,SELL,133.5,5262,702477.0
2025-04-18,2468,A,BUY,61.0,11428,697108.0
2025-05-23,2615,A,BUY,126.5,679,85893.5
2025-05-23,2468,A,SELL,67.1,17868,1198942.7999999998
2025-06-06,1419,A,BUY,70.9,6099,432419.10000000003
2025-06-06,6191,A,BUY,79.1,5466,432360.6
2025-06-06,2615,A,BUY,101.5,3256,330484.0
2025-06-06,2468,A,SELL,62.7,1978,124020.6
2025-06-13,2468,A,SELL,67.4,6897,464857.80000000005
2025-06-13,8932,A,BUY,137.5,1786,245575.0
2025-06-13,5234,A,BUY,264.5,928,245456.0
2025-06-13,6274,A,BUY,211.5,454,96021.0
2025-06-13,1419,A,SELL,64.1,2266,145250.59999999998
2025-06-13,6191,A,SELL,79.5,2375,188812.5
2025-06-13,2615,A,SELL,101.0,1502,151702.0
2025-06-20,8210,A,BUY,474.0,355,168270.0
2025-06-20,1616,A,BUY,42.65,3948,168382.19999999998
2025-06-20,5234,A,SELL,264.0,290,76560.0
2025-06-20,6274,A,BUY,208.0,355,73840.0
2025-06-20,3017,A,BUY,734.0,204,149736.0
2025-06-20,8932,A,SELL,127.0,459,58293.0
2025-06-20,6191,A,SELL,80.7,1004,81022.8
2025-06-20,1419,A,SELL,60.0,1026,61560.0
2025-06-20,2615,A,SELL,99.7,743,74077.1
2025-06-27,2615,A,SELL,92.0,1690,155480.0
2025-06-27,8021,A,BUY,41.85,3411,142750.35
2025-06-27,3040,A,BUY,65.4,2182,142702.80000000002
2025-06-27,6139,A,BUY,309.5,461,142679.5
2025-06-27,6274,A,SELL,222.0,165,36630.0
2025-06-27,2383,A,BUY,866.0,43,37238.0
2025-06-27,1419,A,SELL,66.3,653,43293.9
2025-06-27,6191,A,SELL,88.6,475,42085.0
2025-07-04,8021,A,SELL,49.75,944,46964.0
2025-07-04,3577,A,BUY,84.8,1447,122705.59999999999
2025-07-04,8210,A,SELL,487.5,103,50212.5
2025-07-04,2383,A,BUY,923.0,65,59995.0
2025-07-04,3017,A,SELL,777.0,46,35742.0
2025-07-04,8932,A,SELL,132.5,400,53000.0
2025-07-04,5234,A,SELL,254.5,155,39447.5
2025-07-11,1616,A,SELL,32.8,3948,129494.4
2025-07-11,3543,A,BUY,28.3,4135,117020.5
2025-07-11,2884,A,BUY,34.8,3363,117032.4
2025-07-11,6274,A,SELL,253.0,181,45793.0
2025-07-11,2360,A,BUY,429.5,159,68290.5
2025-07-11,6191,A,SELL,93.0,353,32829.0
2025-07-18,1419,A,SELL,59.2,2154,127516.8
2025-07-18,6191,A,SELL,91.5,1259,115198.5
2025-07-18,5234,A,SELL,245.0,483,118335.0
2025-07-18,2801,A,BUY,20.6,5941,122384.6
2025-07-18,8358,A,BUY,83.6,1464,122390.4
2025-07-18,2404,A,BUY,759.0,161,122199.0
2025-07-18,6139,A,SELL,345.0,106,36570.0
2025-07-18,2360,A,BUY,434.5,122,53009.0
2025-07-25,6274,A,SELL,253.5,463,117370.5
2025-07-25,2884,A,SELL,32.55,3363,109465.65
2025-07-25,2360,A,SELL,405.0,281,113805.0
2025-07-25,2316,A,BUY,70.5,1745,123022.5
2025-07-25,2308,A,BUY,517.0,238,123046.0
2025-07-25,6191,A,BUY,110.0,937,103070.0
2025-08-01,8210,A,SELL,529.0,252,133308.0
2025-08-01,3040,A,SELL,68.5,2182,149467.0
2025-08-01,6139,A,SELL,329.0,355,116795.0
2025-08-01,3577,A,SELL,101.0,1447,146147.0
2025-08-01,2801,A,SELL,18.7,5941,111096.7
2025-08-01,6191,A,SELL,115.5,937,108223.5
2025-08-01,8358,A,SELL,113.0,762,86106.0
2025-08-01,3715,A,BUY,85.9,923,79285.70000000001
2025-08-01,8033,A,BUY,97.1,816,79233.59999999999
2025-08-01,2308,A,SELL,588.0,103,60564.0
2025-08-01,2316,A,SELL,80.7,762,61493.4
2025-08-01,3708,A,BUY,124.0,639,79236.0
2025-08-01,6928,A,BUY,71.0,1117,79307.0
2025-08-01,3543,A,SELL,39.45,2124,83791.8
2025-08-01,8021,A,SELL,66.0,1265,83490.0
2025-08-01,2383,A,SELL,1120.0,37,41440.0
2025-08-01,8932,A,SELL,166.5,450,74925.0
2025-08-01,2404,A,SELL,820.0,64,52480.0
2025-08-01,3032,A,BUY,117.0,677,79209.0
2025-08-01,3017,A,SELL,919.0,71,65249.0
2025-08-01,8046,A,BUY,176.0,450,79200.0
2025-08-01,1815,B,BUY,54.8,14475,793230.0
2025-08-08,3543,A,SELL,36.2,2011,72798.20000000001
2025-08-08,2316,A,SELL,74.7,983,73430.1
2025-08-08,6928,A,SELL,66.8,1117,74615.59999999999
2025-08-08,3032,A,SELL,108.5,677,73454.5
2025-08-08,8046,A,SELL,168.5,450,75825.0
2025-08-08,5371,A,BUY,91.3,962,87830.59999999999
2025-08-08,4916,A,BUY,62.2,1412,87826.40000000001
2025-08-08,2645,A,BUY,151.0,581,87731.0
2025-08-08,2360,A,BUY,502.0,174,87348.0
2025-08-15,8932,A,SELL,190.5,477,90868.5
2025-08-15,8033,A,SELL,119.5,816,97512.0
2025-08-15,3708,A,SELL,123.0,639,78597.0
2025-08-15,5371,A,SELL,91.6,962,88119.2
2025-08-15,4916,A,SELL,62.7,1412,88532.40000000001
2025-08-15,2360,A,SELL,521.0,174,90654.0
2025-08-15,2368,A,BUY,465.5,227,105668.5
2025-08-15,3694,A,BUY,87.1,1214,105739.4
2025-08-15,2059,A,BUY,3130.0,33,103290.0
2025-08-15,8074,A,BUY,37.0,2859,105783.0
2025-08-15,2630,A,BUY,61.0,1734,105774.0
2025-08-15,2316,A,BUY,92.8,1140,105792.0
2025-08-15,6805,A,BUY,1060.0,19,20140.0
2025-08-15,1815,B,SELL,78.9,8217,648321.3
2025-08-15,3017,B,BUY,1070.0,374,400180.0
2025-08-22,8021,A,SELL,89.2,1202,107218.40000000001
2025-08-22,2383,A,SELL,1205.0,71,85555.0
2025-08-22,3715,A,SELL,103.5,923,95530.5
2025-08-22,2368,A,SELL,459.0,227,104193.0
2025-08-22,3694,A,SELL,96.1,1214,116665.4
2025-08-22,2059,A,SELL,2955.0,33,97515.0
2025-08-22,8074,A,SELL,31.9,2859,91202.09999999999
2025-08-22,2630,A,SELL,56.0,1734,97104.0
2025-08-22,6805,A,SELL,1040.0,19,19760.0
2025-08-22,1717,A,BUY,40.05,2373,95038.65
2025-08-22,2402,A,BUY,61.1,1556,95071.6
2025-08-22,3211,A,BUY,345.0,275,94875.0
2025-08-22,2423,A,BUY,56.2,1691,95034.20000000001
2025-08-22,4722,A,BUY,117.0,812,95004.0
2025-08-22,5371,A,BUY,103.0,923,95069.0
2025-08-22,5536,A,BUY,749.0,126,94374.0
2025-08-22,2316,A,SELL,107.5,255,27412.5
2025-08-22,3630,A,BUY,33.75,2816,95040.0
2025-08-22,8932,A,BUY,207.0,459,95013.0
2025-08-22,3625,A,BUY,22.1,4301,95052.1
2025-08-22,2233,A,BUY,240.5,395,94997.5
2025-08-22,5309,A,BUY,56.2,744,41812.8
2025-08-22,1815,B,SELL,66.8,2699,180293.19999999998
2025-08-22,8358,B,BUY,180.5,614,110827.0
2025-08-22,3017,B,SELL,1030.0,230,236900.0
2025-08-29,3017,B,SELL,1010.0,231,233310.0
2025-08-29,8358,B,SELL,217.5,1316,286230.0
2025-08-29,2645,A,SELL,185.0,581,107485.0
2025-08-29,2316,A,SELL,114.0,885,100890.0
2025-08-29,1717,A,SELL,43.8,2373,103937.4
2025-08-29,5371,A,SELL,123.0,923,113529.0
2025-08-29,3630,A,SELL,39.4,2816,110950.4
2025-08-29,8932,A,SELL,229.5,459,105340.5
2025-08-29,3625,A,SELL,23.95,4301,103008.95
2025-08-29,2233,A,SELL,255.0,395,100725.0
2025-08-29,5309,A,SELL,56.2,744,41812.8
2025-08-29,8109,A,BUY,107.0,964,103148.0
2025-08-29,3219,A,BUY,108.0,955,103140.0
2025-08-29,6209,A,BUY,39.05,2643,103209.15
2025-08-29,3162,A,BUY,67.7,1524,103174.8
2025-08-29,8033,A,BUY,170.0,607,103190.0
2025-08-29,3005,A,BUY,153.0,674,103122.0
2025-08-29,4958,A,BUY,196.5,525,103162.5
2025-08-29,5234,A,BUY,382.0,270,103140.0
2025-08-29,2328,A,BUY,58.8,1755,103194.0
2025-08-29,2308,B,BUY,711.0,227,161397.0
2025-08-29,3706,B,BUY,97.1,2657,257994.69999999998
2025-08-29,6274,B,BUY,368.0,701,257968.0
2025-09-05,2404,A,SELL,1035.0,97,100395.0
2025-09-05,1815,B,SELL,61.0,3559,217099.0
2025-09-05,2402,A,SELL,56.7,1556,88225.20000000001
2025-09-05,2423,A,SELL,57.4,1691,97063.4
2025-09-05,6209,A,SELL,37.85,2643,100037.55
2025-09-05,3162,A,SELL,60.1,1524,91592.40000000001
2025-09-05,4958,A,SELL,174.0,525,91350.0
2025-09-05,2328,A,SELL,54.5,1755,95647.5
2025-09-05,6525,A,BUY,80.6,1209,97445.4
2025-09-05,6456,A,BUY,65.9,1479,97466.1
2025-09-05,6753,A,BUY,180.5,540,97470.0
2025-09-05,5371,A,BUY,125.5,776,97388.0
2025-09-05,6442,A,BUY,934.0,104,97136.0
2025-09-05,2645,A,BUY,193.0,505,97465.0
2025-09-05,2630,A,BUY,67.8,1437,97428.59999999999
2025-09-12,4722,A,SELL,123.5,812,100282.0
2025-09-12,5536,A,SELL,904.0,126,113904.0
2025-09-12,8109,A,SELL,104.0,964,100256.0
2025-09-12,3219,A,SELL,98.6,955,94163.0
2025-09-12,3005,A,SELL,158.5,674,106829.0
2025-09-12,5234,A,SELL,412.5,270,111375.0
2025-09-12,3706,B,SELL,87.9,2657,233550.30000000002
2025-09-12,6456,A,SELL,63.1,1479,93324.90000000001
2025-09-12,6753,A,SELL,184.0,540,99360.0
2025-09-12,5371,A,SELL,119.5,776,92732.0
2025-09-12,6442,A,SELL,901.0,104,93704.0
2025-09-12,2645,A,SELL,185.5,505,93677.5
2025-09-12,2630,A,SELL,63.0,1437,90531.0
2025-09-12,2614,A,BUY,22.2,4680,103896.0
2025-09-12,1504,A,BUY,89.4,1162,103882.8
2025-09-12,5309,A,BUY,71.8,1447,103894.59999999999
2025-09-12,2476,A,BUY,112.5,923,103837.5
2025-09-12,5289,A,BUY,340.5,305,103852.5
2025-09-12,5490,A,BUY,36.35,2858,103888.3
2025-09-12,3653,A,BUY,2310.0,44,101640.0
2025-09-12,3630,A,BUY,39.95,2600,103870.00000000001
2025-09-12,8358,A,BUY,233.5,444,103674.0
2025-09-12,6143,A,BUY,146.0,711,103806.0
2025-09-12,2374,A,BUY,95.3,1090,103877.0
2025-09-12,6274,B,BUY,313.0,331,103603.0
2025-09-12,3017,B,BUY,1050.0,307,322350.0
2025-09-19,3211,A,SELL,353.5,275,97212.5
2025-09-19,8033,A,SELL,140.0,607,84980.0
2025-09-19,5309,A,SELL,65.8,1447,95212.59999999999
2025-09-19,2476,A,SELL,110.0,923,101530.0
2025-09-19,5490,A,SELL,32.9,2858,94028.2
2025-09-19,3630,A,SELL,36.15,2600,93990.0
2025-09-19,6143,A,SELL,147.0,711,104517.0
2025-09-19,2374,A,SELL,84.5,1090,92105.0
2025-09-19,3260,A,BUY,139.0,720,100080.0
2025-09-19,8299,A,BUY,722.0,138,99636.0
2025-09-19,2360,A,BUY,598.0,167,99866.0
2025-09-19,6449,A,BUY,190.0,527,100130.0
2025-09-19,6209,A,BUY,39.95,2506,100114.70000000001
2025-09-19,4966,A,BUY,780.0,128,99840.0
2025-09-19,3005,A,BUY,159.0,629,100011.0
2025-09-19,2059,A,BUY,3335.0,30,100050.0
2025-09-19,2317,A,BUY,214.0,467,99938.0
2025-09-19,2308,B,SELL,888.0,98,87024.0
2025-09-19,8358,B,BUY,230.5,438,100959.0
2025-09-19,3017,B,SELL,1040.0,82,85280.0
2025-09-19,6274,B,SELL,292.0,231,67452.0
2025-09-26,6274,B,SELL,298.0,801,238698.0
2025-09-26,3653,A,SELL,2195.0,44,96580.0
2025-09-26,2360,A,SELL,564.0,167,94188.0
2025-09-26,6449,A,SELL,186.5,527,98285.5
2025-09-26,6209,A,SELL,35.75,2506,89589.5
2025-09-26,4966,A,SELL,749.0,128,95872.0
2025-09-26,3005,A,SELL,153.0,629,96237.0
2025-09-26,2059,A,SELL,3100.0,30,93000.0
2025-09-26,4722,A,BUY,175.0,552,96600.0
2025-09-26,6488,A,BUY,458.0,211,96638.0
2025-09-26,3625,A,BUY,24.25,3989,96733.25
2025-09-26,3026,A,BUY,94.0,1029,96726.0
2025-09-26,4749,A,BUY,902.0,107,96514.0
2025-09-26,2850,A,BUY,119.0,812,96628.0
2025-09-26,8046,A,BUY,219.0,441,96579.0
2025-09-26,2301,B,BUY,163.5,1380,225630.0
2025-10-03,2614,A,SELL,20.8,4680,97344.0
2025-10-03,5289,A,SELL,339.5,305,103547.5
2025-10-03,3017,B,SELL,1165.0,225,262125.0
2025-10-03,2317,A,SELL,226.5,467,105775.5
2025-10-03,4749,A,SELL,893.0,107,95551.0
2025-10-03,2850,A,SELL,119.5,812,97034.0
2025-10-03,8046,A,SELL,254.0,441,112014.0
2025-10-03,3231,A,BUY,153.5,696,106836.0
2025-10-03,4130,A,BUY,23.4,4571,106961.4
2025-10-03,6138,A,BUY,222.0,481,106782.0
2025-10-03,8021,A,BUY,120.0,891,106920.0
2025-10-03,2360,A,BUY,639.0,167,106713.0
2025-10-03,3653,A,BUY,2380.0,44,104720.0
2025-10-03,3706,B,BUY,90.4,2760,249504.00000000003
2025-10-17,6525,A,SELL,77.9,1209,94181.1
2025-10-17,1504,A,SELL,109.0,1162,126658.0
2025-10-17,8299,A,SELL,850.0,138,117300.0
2025-10-17,6488,A,SELL,490.0,211,103390.0
2025-10-17,3625,A,SELL,29.85,3989,119071.65000000001
2025-10-17,2301,B,SELL,165.5,1380,228390.0
2025-10-17,3231,A,SELL,136.5,696,95004.0
2025-10-17,4130,A,SELL,19.95,4571,91191.45
2025-10-17,6138,A,SELL,218.5,481,105098.5
2025-10-17,8021,A,SELL,99.9,891,89010.90000000001
2025-10-17,3653,A,SELL,2235.0,44,98340.0
2025-10-17,8271,A,BUY,113.5,919,104306.5
2025-10-17,3260,A,SELL,188.0,165,31020.0
2025-10-17,4967,A,BUY,128.0,814,104192.0
2025-10-17,2211,A,BUY,112.0,931,104272.0
2025-10-17,1795,A,BUY,299.5,348,104226.0
2025-10-17,2838,A,BUY,19.6,5322,104311.20000000001
2025-10-17,2059,A,BUY,3760.0,27,101520.0
2025-10-17,5289,A,BUY,413.0,252,104076.0
2025-10-17,8046,A,BUY,280.5,371,104065.5
2025-10-17,6139,A,BUY,429.0,243,104247.0
2025-10-17,2330,B,BUY,1450.0,167,242150.0
2025-10-31,8358,B,SELL,234.5,882,206829.0
2025-10-31,4722,A,SELL,181.0,552,99912.0
2025-10-31,3026,A,SELL,114.0,1029,117306.0
2025-10-31,2360,A,SELL,819.0,167,136773.0
2025-10-31,3706,B,SELL,100.0,2760,276000.0
2025-10-31,8271,A,SELL,103.5,919,95116.5
2025-10-31,4967,A,SELL,135.0,814,109890.0
2025-10-31,2211,A,SELL,106.5,931,99151.5
2025-10-31,1795,A,SELL,295.5,348,102834.0
2025-10-31,2838,A,SELL,18.55,5322,98723.1
2025-10-31,5289,A,SELL,431.0,252,108612.0
2025-10-31,8046,A,SELL,290.5,371,107775.5
2025-10-31,6139,A,SELL,478.5,243,116275.5
2025-10-31,2515,A,BUY,15.35,6569,100834.15
2025-10-31,8210,A,BUY,927.0,108,100116.0
2025-10-31,6290,A,BUY,188.0,536,100768.0
2025-10-31,2327,A,BUY,249.0,405,100845.0
2025-10-31,8299,A,BUY,1065.0,94,100110.0
2025-10-31,8996,A,BUY,624.0,161,100464.0
2025-10-31,6411,A,BUY,99.9,1009,100799.1
2025-10-31,4764,A,BUY,73.5,1372,100842.0
2025-10-31,8112,A,BUY,66.0,1528,100848.0
2025-10-31,3543,A,BUY,48.0,2101,100848.0
2025-10-31,2317,A,BUY,257.5,391,100682.5
2025-10-31,8103,A,BUY,82.0,1229,100778.0
2025-10-31,2472,A,BUY,109.0,925,100825.0
2025-10-31,3017,B,BUY,1425.0,176,250800.0
2025-10-31,6669,B,BUY,4365.0,57,248805.0
2025-11-07,3260,A,SELL,195.0,555,108225.0
2025-11-07,8210,A,SELL,1010.0,108,109080.0
2025-11-07,6411,A,SELL,81.9,1009,82637.1
2025-11-07,3543,A,SELL,49.3,2101,103579.29999999999
2025-11-07,2317,A,SELL,244.0,391,95404.0
2025-11-07,2472,A,SELL,99.1,925,91667.5
2025-11-07,3711,A,BUY,228.5,434,99169.0
2025-11-07,2211,A,BUY,113.0,877,99101.0
2025-11-07,5289,A,BUY,456.0,217,98952.0
2025-11-07,3026,A,BUY,108.0,918,99144.0
2025-11-07,4967,A,BUY,137.0,724,99188.0
2025-11-14,2059,A,SELL,3715.0,27,100305.0
2025-11-14,4764,A,SELL,70.7,1372,97000.40000000001
2025-11-14,6669,B,SELL,4280.0,57,243960.0
2025-11-14,2211,A,SELL,109.0,877,95593.0
2025-11-14,3026,A,SELL,105.5,918,96849.0
2025-11-14,2451,A,BUY,196.0,502,98392.0
2025-11-14,6021,A,BUY,26.85,3669,98512.65000000001
2025-11-14,3260,A,BUY,213.5,461,98423.5
2025-11-14,1815,A,BUY,89.0,1106,98434.0
2025-11-14,3709,A,BUY,60.8,1620,98496.0
2025-11-14,8271,A,BUY,114.0,864,98496.0
2025-11-14,2330,B,BUY,1430.0,62,88660.0
2025-11-14,2308,B,BUY,922.0,92,84824.0
2025-11-21,2515,A,SELL,14.75,6569,96892.75
2025-11-21,8112,A,SELL,68.2,1528,104209.6
2025-11-21,8103,A,SELL,72.3,1229,88856.7
2025-11-21,4967,A,SELL,126.0,724,91224.0
2025-11-21,6021,A,SELL,25.2,3669,92458.8
2025-11-21,3260,A,SELL,173.5,461,79983.5
2025-11-21,8271,A,SELL,95.8,864,82771.2
2025-11-21,6023,A,BUY,93.9,967,90801.3
2025-11-21,6209,A,BUY,55.4,1639,90800.59999999999
2025-11-21,1303,A,BUY,52.5,1729,90772.5
2025-11-21,5515,A,BUY,30.95,2934,90807.3
2025-11-21,3622,A,BUY,67.5,1345,90787.5
2025-11-21,6265,A,BUY,16.25,5588,90805.0
2025-11-21,2375,A,BUY,93.2,974,90776.8
2025-11-21,2330,B,SELL,1385.0,65,90025.0
2025-11-21,2408,B,BUY,140.0,1150,161000.0
2025-11-21,2308,B,SELL,895.0,102,91290.0
2025-11-28,2308,B,SELL,932.0,254,236728.0
2025-11-28,8996,A,SELL,515.0,161,82915.0
2025-11-28,5289,A,SELL,493.5,217,107089.5
2025-11-28,1815,A,SELL,81.7,1106,90360.2
2025-11-28,3709,A,SELL,54.6,1620,88452.0
2025-11-28,2375,A,SELL,93.6,974,91166.4
2025-11-28,8390,A,BUY,86.5,1096,94804.0
2025-11-28,1795,A,BUY,312.0,304,94848.0
2025-11-28,2211,A,BUY,118.0,804,94872.0
2025-11-28,2838,A,BUY,19.75,4804,94879.0
2025-11-28,2472,A,BUY,106.5,890,94785.0
2025-11-28,2408,B,BUY,146.0,474,69204.0
2025-11-28,8299,B,BUY,1120.0,117,131040.0
2025-12-05,6290,A,SELL,169.5,536,90852.0
2025-12-05,8299,B,SELL,1080.0,211,227880.0
2025-12-05,3017,B,SELL,1385.0,176,243760.0
2025-12-05,2451,A,SELL,176.5,502,88603.0
2025-12-05,3622,A,SELL,64.0,1345,86080.0
2025-12-05,1795,A,SELL,297.5,304,90440.0
2025-12-05,2838,A,SELL,19.5,4804,93678.0
2025-12-05,2472,A,SELL,103.5,890,92115.0
2025-12-05,2491,A,BUY,19.8,4775,94545.0
2025-12-05,6163,A,BUY,43.45,2176,94547.20000000001
2025-12-05,6220,A,BUY,26.05,3629,94535.45
2025-12-05,3709,A,BUY,54.1,1747,94512.7
2025-12-05,3002,A,BUY,26.4,3581,94538.4
2025-12-05,6021,A,BUY,25.7,3679,94550.3
2025-12-05,2344,B,BUY,61.8,5099,315118.2
2025-12-12,2211,A,SELL,113.0,804,90852.0
2025-12-12,3709,A,SELL,56.6,1747,98880.2
2025-12-12,6021,A,SELL,25.05,3679,92158.95
2025-12-12,3163,A,BUY,399.0,249,99351.0
2025-12-12,3090,A,BUY,104.5,951,99379.5
2025-12-12,6290,A,BUY,183.5,541,99273.5
2025-12-12,2330,B,BUY,1480.0,59,87320.0
2025-12-19,2330,B,SELL,1430.0,223,318890.0
2025-12-19,2327,A,SELL,222.0,405,89910.0
2025-12-19,3711,A,SELL,229.5,434,99603.0
2025-12-19,6209,A,SELL,62.8,1639,102929.2
2025-12-19,1303,A,SELL,59.9,1729,103567.09999999999
2025-12-19,2408,B,SELL,174.5,1624,283388.0
2025-12-19,2344,B,SELL,71.3,5099,363558.7
2025-12-19,3090,A,SELL,94.6,951,89964.59999999999
2025-12-19,6290,A,SELL,182.0,541,98462.0
2025-12-19,6603,A,BUY,28.6,5708,163248.80000000002
2025-12-19,1437,A,BUY,34.75,4698,163255.5
2025-12-19,2491,A,BUY,22.8,2385,54378.0
2025-12-19,6903,A,BUY,230.0,709,163070.0
2025-12-19,5521,A,BUY,20.85,7830,163255.5
2025-12-19,5515,A,BUY,36.15,1582,57189.299999999996
2025-12-19,6220,A,BUY,26.05,2638,68719.90000000001
2025-12-19,6163,A,BUY,47.1,1290,60759.0
2025-12-19,8390,A,BUY,86.1,800,68880.0
2025-12-19,6023,A,BUY,95.9,735,70486.5
2025-12-19,6265,A,BUY,20.55,2356,48415.8
2025-12-19,3163,A,BUY,354.0,212,75048.0
2025-12-19,2451,A,BUY,175.5,930,163215.0
2025-12-19,3260,A,BUY,188.5,866,163241.0
2025-12-19,3002,A,BUY,26.6,2556,67989.6
2025-12-26,6023,A,SELL,94.1,1702,160158.19999999998
2025-12-26,6265,A,SELL,24.2,7944,192244.8
2025-12-26,8390,A,SELL,91.3,1896,173104.8
2025-12-26,2491,A,SELL,21.15,7160,151434.0
2025-12-26,3002,A,SELL,27.9,6137,171222.3
2025-12-26,2451,A,SELL,179.0,930,166470.0
2025-12-26,5521,A,SELL,25.3,3754,94976.2
2025-12-26,5522,A,BUY,80.8,1276,103100.8
2025-12-26,2891,A,BUY,49.8,2070,103086.0
2025-12-26,6163,A,SELL,59.6,1736,103465.6
2025-12-26,2882,A,BUY,74.8,1378,103074.4
2025-12-26,6603,A,SELL,27.2,1917,52142.4
2025-12-26,1437,A,SELL,34.5,1709,58960.5
2025-12-26,6903,A,SELL,223.5,247,55204.5
2025-12-26,3163,A,SELL,391.0,197,77027.0
2025-12-26,3260,A,SELL,221.5,400,88600.0
2025-12-26,4967,A,BUY,159.5,646,103037.0
2025-12-26,5515,A,SELL,35.05,1574,55168.7
2025-12-26,6220,A,SELL,25.75,2262,58246.5
2025-12-26,8299,A,BUY,1310.0,78,102180.0
2025-12-26,2344,B,BUY,76.5,4492,343638.0
2025-12-26,2408,B,BUY,189.0,1818,343602.0
2025-12-26,1303,B,BUY,57.5,5977,343677.5
2026-01-02,5515,A,SELL,36.05,2942,106059.09999999999
2026-01-02,6163,A,SELL,55.3,1730,95669.0
2026-01-02,6220,A,SELL,26.05,4005,104330.25
2026-01-02,3163,A,SELL,418.5,264,110484.0
2026-01-02,6603,A,SELL,26.8,3791,101598.8
2026-01-02,5522,A,SELL,74.1,1276,94551.59999999999
2026-01-02,1303,B,SELL,57.0,5977,340689.0
2026-01-02,6205,A,BUY,61.0,1785,108885.0
2026-01-02,1528,A,BUY,22.8,4775,108870.0
2026-01-02,6265,A,BUY,33.45,3255,108879.75000000001
2026-01-02,8422,A,BUY,32.5,3350,108875.0
2026-01-02,5498,A,BUY,53.0,2054,108862.0
2026-01-02,2413,A,BUY,46.1,2361,108842.1
2026-01-02,8021,B,BUY,189.5,1915,362892.5
2026-01-09,1437,A,SELL,32.9,2989,98338.09999999999
2026-01-09,6903,A,SELL,229.0,462,105798.0
2026-01-09,5521,A,SELL,24.25,4076,98843.0
2026-01-09,2891,A,SELL,49.7,2070,102879.0
2026-01-09,2882,A,SELL,75.9,1378,104590.20000000001
2026-01-09,6205,A,SELL,60.2,1785,107457.0
2026-01-09,1528,A,SELL,21.95,4775,104811.25
2026-01-09,5498,A,SELL,51.2,2054,105164.8
2026-01-09,2413,A,SELL,43.0,2361,101523.0
2026-01-09,8021,B,SELL,215.5,1915,412682.5
2026-01-09,8438,A,BUY,50.8,2559,129997.2
2026-01-09,6116,A,BUY,10.5,12381,130000.5
2026-01-09,3006,A,BUY,136.0,955,129880.0
2026-01-09,4720,A,BUY,17.6,7386,129993.6
2026-01-09,3491,A,BUY,780.0,166,129480.0
2026-01-09,2451,A,BUY,241.5,538,129927.0
2026-01-09,6603,A,BUY,33.45,3886,129986.70000000001
2026-01-09,8110,A,BUY,71.4,1820,129948.00000000001
2026-01-09,2330,B,BUY,1680.0,223,374640.0
2026-01-16,3260,A,SELL,294.5,466,137237.0
2026-01-16,4967,A,SELL,203.5,646,131461.0
2026-01-16,6116,A,SELL,9.83,12381,121705.23
2026-01-16,3006,A,SELL,154.5,955,147547.5
2026-01-16,4720,A,SELL,17.75,7386,131101.5
2026-01-16,2451,A,SELL,254.0,538,136652.0
2026-01-16,6603,A,SELL,30.95,3886,120271.7
2026-01-16,1789,A,BUY,26.25,4681,122876.25
2026-01-16,5498,A,BUY,70.0,1755,122850.0
2026-01-16,6239,A,BUY,263.0,467,122821.0
2026-01-16,6265,A,SELL,47.9,689,33003.1
2026-01-16,1717,A,BUY,67.3,1825,122822.5
2026-01-16,3481,A,BUY,26.6,4619,122865.40000000001
2026-01-16,3711,A,BUY,303.5,404,122614.0
2026-01-16,6016,A,BUY,15.95,7704,122878.79999999999
2026-01-16,6163,A,BUY,71.8,1711,122849.79999999999
2026-01-16,3669,A,BUY,40.4,1724,69649.59999999999
2026-01-16,2330,B,SELL,1740.0,46,80040.0
2026-01-16,2344,B,SELL,106.5,1607,171145.5
2026-01-16,2408,B,SELL,250.0,589,147250.0
2026-01-16,8299,B,BUY,1890.0,84,158760.0
2026-01-23,8299,B,SELL,2000.0,162,324000.0
2026-01-23,8422,A,SELL,40.4,3350,135340.0
2026-01-23,8110,A,SELL,75.5,1820,137410.0
2026-01-23,1789,A,SELL,25.5,4681,119365.5
2026-01-23,5498,A,SELL,62.2,1755,109161.0
2026-01-23,6239,A,SELL,246.5,467,115115.5
2026-01-23,1717,A,SELL,63.8,1825,116435.0
2026-01-23,3481,A,SELL,24.0,4619,110856.0
2026-01-23,3711,A,SELL,307.5,404,124230.0
2026-01-23,6163,A,SELL,68.0,1711,116348.0
2026-01-23,3669,A,SELL,38.2,1724,65856.8
2026-01-23,3491,A,SELL,1080.0,51,55080.0
2026-01-23,8438,A,SELL,69.3,772,53499.6
2026-01-23,3037,A,BUY,339.0,365,123735.0
2026-01-23,5347,A,BUY,146.5,845,123792.5
2026-01-23,5864,A,BUY,21.8,5679,123802.2
2026-01-23,8436,A,BUY,155.5,796,123778.0
2026-01-23,1503,A,BUY,226.0,547,123622.0
2026-01-23,2303,A,BUY,64.8,1910,123768.0
2026-01-23,1519,A,BUY,1030.0,120,123600.0
2026-01-23,6021,A,BUY,30.25,4092,123783.0
2026-01-23,5340,A,BUY,94.5,1310,123795.0
2026-01-23,5289,A,BUY,745.0,166,123670.0
2026-01-23,2344,B,BUY,103.0,1121,115463.0
2026-01-30,6265,A,SELL,46.05,2566,118164.29999999999
2026-01-30,5347,A,SELL,143.5,845,121257.5
2026-01-30,1503,A,SELL,229.0,547,125263.0
2026-01-30,1519,A,SELL,970.0,120,116400.0
2026-01-30,5340,A,SELL,94.5,1310,123795.0
2026-01-30,5289,A,SELL,794.0,166,131804.0
2026-01-30,4534,A,BUY,23.85,5463,130292.55
2026-01-30,6285,A,BUY,185.0,704,130240.0
2026-01-30,3081,A,BUY,1000.0,130,130000.0
2026-01-30,2367,A,BUY,51.8,2515,130277.0
2026-01-30,8299,A,BUY,2380.0,54,128520.0
2026-01-30,2313,A,BUY,169.0,771,130299.0
2026-01-30,4533,A,BUY,36.8,3541,130308.79999999999
2026-01-30,2454,A,BUY,1760.0,74,130240.0
2026-01-30,6026,A,BUY,15.05,8658,130302.90000000001
2026-01-30,2303,B,BUY,62.4,442,27580.8
2026-01-30,2344,B,SELL,128.5,1470,188895.0
2026-02-06,2344,B,SELL,97.8,2536,248020.8
2026-02-06,8438,A,SELL,52.7,1787,94174.90000000001
2026-02-06,6016,A,SELL,15.75,7704,121338.0
2026-02-06,8436,A,SELL,141.5,796,112634.0
2026-02-06,4534,A,SELL,21.4,5463,116908.2
2026-02-06,8299,A,SELL,1895.0,54,102330.0
2026-02-06,4533,A,SELL,32.85,3541,116321.85
2026-02-06,6026,A,SELL,14.45,8658,125108.09999999999
2026-02-06,1590,A,BUY,1195.0,100,119500.0
2026-02-06,6220,A,BUY,30.05,4016,120680.8
2026-02-06,5340,A,BUY,102.0,1183,120666.0
2026-02-06,6446,A,BUY,723.0,166,120018.0
2026-02-06,5289,A,BUY,711.0,169,120159.0
2026-02-06,8046,A,BUY,379.0,318,120522.0
2026-02-06,2303,B,BUY,61.9,4147,256699.3
2026-03-06,3491,A,SELL,1310.0,115,150650.0
2026-03-06,2330,B,SELL,1890.0,177,334530.0
2026-03-06,2303,B,SELL,62.0,6499,402938.0
2026-03-06,6021,A,SELL,32.5,4092,132990.0
2026-03-06,6285,A,SELL,166.0,704,116864.0
2026-03-06,2454,A,SELL,1765.0,74,130610.0
2026-03-06,1590,A,SELL,1040.0,100,104000.0
2026-03-06,5340,A,SELL,114.0,1183,134862.0
2026-03-06,6446,A,SELL,698.0,166,115868.0
2026-03-06,5289,A,SELL,805.0,169,136045.0
2026-03-06,8046,A,SELL,469.5,318,149301.0
2026-03-06,6220,A,SELL,41.95,911,38216.450000000004
2026-03-06,6187,A,BUY,590.0,220,129800.0
2026-03-06,2367,A,SELL,69.0,627,43263.0
2026-03-06,3081,A,SELL,1500.0,43,64500.0
2026-03-06,3163,A,BUY,723.0,180,130140.0
2026-03-06,2897,A,BUY,9.83,13250,130247.5
2026-03-06,4534,A,BUY,29.0,4491,130239.0
2026-03-06,3363,A,BUY,592.0,220,130240.0
2026-03-06,5475,A,BUY,204.5,636,130062.0
2026-03-06,4991,A,BUY,343.0,379,129997.0
2026-03-06,6202,A,BUY,59.1,2203,130197.3
2026-03-06,2408,B,BUY,233.0,1566,364878.0
2026-03-06,2344,B,BUY,106.5,6115,651247.5
2026-03-13,2408,B,SELL,238.0,2795,665210.0
2026-03-13,5864,A,SELL,23.7,5679,134592.3
2026-03-13,2313,A,SELL,211.5,771,163066.5
2026-03-13,3363,A,SELL,624.0,220,137280.0
2026-03-13,4991,A,SELL,331.5,379,125638.5
2026-03-13,6202,A,SELL,53.9,2203,118741.7
2026-03-13,3036,A,BUY,235.5,569,133999.5
2026-03-13,1582,A,BUY,90.3,1485,134095.5
2026-03-13,6217,A,BUY,136.0,986,134096.0
2026-03-13,3481,A,BUY,29.7,4515,134095.5
2026-03-13,5289,A,BUY,1015.0,132,133980.0
2026-03-13,2006,A,BUY,77.7,1726,134110.2
2026-03-13,3037,A,SELL,508.0,100,50800.0
2026-03-13,2330,B,BUY,1865.0,359,669535.0
2026-03-20,3081,A,SELL,1640.0,87,142680.0
2026-03-20,2367,A,SELL,73.0,1888,137824.0
2026-03-20,6220,A,SELL,33.5,3105,104017.5
2026-03-20,2897,A,SELL,9.86,13250,130644.99999999999
2026-03-20,4534,A,SELL,28.6,4491,128442.6
2026-03-20,5475,A,SELL,206.5,636,131334.0
2026-03-20,2006,A,SELL,70.5,1726,121683.0
2026-03-20,3702,A,BUY,91.4,1501,137191.4
2026-03-20,6217,A,SELL,190.0,263,49970.0
2026-03-20,4973,A,BUY,88.4,1552,137196.80000000002
2026-03-20,2243,A,BUY,19.5,7037,137221.5
2026-03-20,1785,A,BUY,95.6,1435,137186.0
2026-03-20,3066,A,BUY,22.6,6071,137204.6
2026-03-20,2485,A,BUY,73.9,1856,137158.40000000002
2026-03-20,6187,A,SELL,819.0,52,42588.0
2026-03-20,3006,A,BUY,195.5,701,137045.5
2026-03-20,2330,B,SELL,1840.0,172,316480.0
2026-03-20,3481,B,BUY,26.25,8554,224542.5
2026-03-20,2344,B,SELL,110.0,2996,329560.0
2026-03-20,2313,B,BUY,222.0,1545,342990.0
2026-03-27,3037,A,SELL,505.0,265,133825.0
2026-03-27,3163,A,SELL,854.0,180,153720.0
2026-03-27,2344,B,SELL,92.4,3119,288195.60000000003
2026-03-27,5289,A,SELL,960.0,132,126720.0
2026-03-27,4973,A,SELL,61.2,1552,94982.40000000001
2026-03-27,3066,A,SELL,19.9,6071,120812.9
2026-03-27,3006,A,SELL,172.0,701,120572.0
2026-03-27,4991,A,BUY,446.0,321,143166.0
2026-03-27,2897,A,BUY,10.1,14199,143409.9
2026-03-27,2367,A,BUY,78.2,1833,143340.6
2026-03-27,3081,A,BUY,1720.0,83,142760.0
2026-03-27,8046,A,BUY,561.0,255,143055.0
2026-03-27,5475,A,BUY,213.5,671,143258.5
2026-03-27,3017,B,BUY,2195.0,152,333640.0
2026-04-10,6187,A,SELL,974.0,168,163632.0
2026-04-10,3036,A,SELL,225.5,569,128309.5
2026-04-10,1582,A,SELL,97.2,1485,144342.0
2026-04-10,3481,B,SELL,26.0,13069,339794.0
2026-04-10,2330,B,SELL,2000.0,187,374000.0
2026-04-10,2485,A,SELL,73.5,1856,136416.0
2026-04-10,2367,A,SELL,75.0,1833,137475.0
2026-04-10,3017,B,SELL,2265.0,152,344280.0
2026-04-10,3163,A,BUY,1260.0,123,154980.0
2026-04-10,6208,A,BUY,55.0,2823,155265.0
2026-04-10,5475,A,SELL,292.0,139,40588.0
2026-04-10,6285,A,BUY,225.5,688,155144.0
2026-04-10,3105,B,BUY,464.0,1041,483024.0
2026-04-10,3037,B,BUY,638.0,757,482966.0
2026-04-17,6217,A,SELL,244.0,723,176412.0
2026-04-17,3702,A,SELL,98.8,1501,148298.8
2026-04-17,2243,A,SELL,23.6,7037,166073.2
2026-04-17,4991,A,SELL,660.0,321,211860.0
2026-04-17,2897,A,SELL,10.2,14199,144829.8
2026-04-17,3081,A,SELL,2600.0,83,215800.0
2026-04-17,3163,A,SELL,1225.0,123,150675.0
2026-04-17,6285,A,SELL,264.5,688,181976.0
2026-04-17,3037,B,SELL,643.0,757,486751.0
2026-04-17,6208,A,SELL,75.0,731,54825.0
2026-04-17,6278,A,BUY,157.0,999,156843.0
2026-04-17,3026,A,BUY,233.5,671,156678.5
2026-04-17,3042,A,BUY,151.5,1035,156802.5
2026-04-17,4707,A,BUY,15.05,10424,156881.2
2026-04-17,8383,A,BUY,62.4,2514,156873.6
2026-04-17,3673,A,BUY,72.1,2175,156817.5
2026-04-17,3583,A,BUY,760.0,206,156560.0
2026-04-17,4576,A,BUY,196.0,800,156800.0
2026-04-17,6274,A,BUY,946.0,165,156090.0
2026-04-17,1785,A,SELL,156.0,429,66924.0
2026-04-17,6451,A,BUY,505.0,310,156550.0
2026-04-17,3167,A,BUY,685.0,229,156865.0
2026-04-17,5243,A,BUY,124.0,1265,156860.0
2026-04-17,2330,B,BUY,2030.0,193,391790.0
2026-04-17,3105,B,SELL,539.0,313,168707.0
2026-04-17,8046,B,BUY,724.0,286,207064.0
2026-04-24,1785,A,SELL,146.0,1006,146876.0
2026-04-24,5475,A,SELL,335.5,532,178486.0
2026-04-24,3105,B,SELL,547.0,728,398216.0
2026-04-24,6278,A,SELL,145.0,999,144855.0
2026-04-24,3026,A,SELL,216.0,671,144936.0
2026-04-24,3673,A,SELL,58.9,2175,128107.5
2026-04-24,4576,A,SELL,179.0,800,143200.0
2026-04-24,3167,A,SELL,702.0,229,160758.0
2026-04-24,1568,A,BUY,27.8,5580,155124.0
2026-04-24,3081,A,BUY,2820.0,55,155100.0
2026-04-24,3229,A,BUY,37.2,4170,155124.0
2026-04-24,6147,A,BUY,145.0,1069,155005.0
2026-04-24,6217,A,BUY,295.0,525,154875.0
2026-04-24,6213,A,BUY,276.0,562,155112.0
2026-04-24,8046,A,SELL,874.0,363,317262.0
2026-04-24,2308,B,BUY,2075.0,186,385950.0
2026-05-08,8046,A,SELL,854.0,178,152012.0
2026-05-08,6208,A,SELL,72.4,2092,151460.80000000002
2026-05-08,3042,A,SELL,154.0,1035,159390.0
2026-05-08,4707,A,SELL,15.4,10424,160529.6
2026-05-08,8383,A,SELL,60.1,2514,151091.4
2026-05-08,3583,A,SELL,788.0,206,162328.0
2026-05-08,5243,A,SELL,107.0,1265,135355.0
2026-05-08,1568,A,SELL,28.9,5580,161262.0
2026-05-08,3081,A,SELL,2620.0,55,144100.0
2026-05-08,3229,A,SELL,40.75,4170,169927.5
2026-05-08,6217,A,SELL,266.0,525,139650.0
2026-05-08,6213,A,SELL,287.5,562,161575.0
2026-05-08,2454,A,BUY,3630.0,44,159720.0
2026-05-08,6274,A,SELL,1370.0,46,63020.0
2026-05-08,1597,A,BUY,173.0,935,161755.0
2026-05-08,3443,A,BUY,5210.0,31,161510.0
2026-05-08,3016,A,BUY,117.0,1383,161811.0
2026-05-08,3528,A,BUY,91.0,1778,161798.0
2026-05-08,3088,A,BUY,124.5,1299,161725.5
2026-05-08,6234,A,BUY,57.8,2799,161782.19999999998
2026-05-08,7750,A,BUY,2545.0,63,160335.0
2026-05-08,5864,A,BUY,34.9,4637,161831.3
2026-05-08,6147,A,SELL,198.0,251,49698.0
2026-05-08,4576,A,BUY,228.0,709,161652.0
2026-05-08,6016,A,BUY,21.9,7389,161819.09999999998
2026-05-08,4958,A,BUY,401.0,403,161603.0
2026-05-08,6414,A,BUY,346.5,467,161815.5
2026-05-08,2313,B,BUY,253.5,583,147790.5
2026-05-15,2313,B,SELL,235.5,2128,501144.0
2026-05-15,6451,A,SELL,577.0,310,178870.0
2026-05-15,2330,B,SELL,2265.0,193,437145.0
2026-05-15,6147,A,SELL,205.0,818,167690.0
2026-05-15,2308,B,SELL,2075.0,186,385950.0
2026-05-15,1597,A,SELL,179.5,935,167832.5
2026-05-15,3443,A,SELL,4845.0,31,150195.0
2026-05-15,3528,A,SELL,86.6,1778,153974.8
2026-05-15,6234,A,SELL,52.5,2799,146947.5
2026-05-15,7750,A,SELL,2555.0,63,160965.0
2026-05-15,5864,A,SELL,30.2,4637,140037.4
2026-05-15,4576,A,SELL,265.5,709,188239.5
2026-05-15,6016,A,SELL,22.1,7389,163296.90000000002
2026-05-15,6173,A,BUY,155.0,1023,158565.0
2026-05-15,8042,A,BUY,98.1,1616,158529.59999999998
2026-05-15,8027,A,BUY,247.0,642,158574.0
2026-05-15,6166,A,BUY,112.0,1416,158592.0
2026-05-15,3026,A,BUY,327.0,485,158595.0
2026-05-15,3033,A,BUY,47.9,3311,158596.9
2026-05-15,3135,A,BUY,216.0,734,158544.0
2026-05-15,2049,A,BUY,392.5,404,158570.0
2026-05-15,5285,A,BUY,74.2,2137,158565.4
2026-05-15,2472,A,BUY,217.0,730,158410.0
2026-05-15,6278,A,BUY,220.5,719,158539.5
2026-05-15,6206,A,BUY,130.0,1220,158600.0
2026-05-15,2454,B,BUY,3260.0,77,251020.0
2026-05-15,2303,B,BUY,110.0,3604,396440.0
2026-05-15,4958,B,BUY,401.0,585,234585.0
2026-05-15,3037,B,BUY,821.0,482,395722.0
2026-05-22,6274,A,SELL,1455.0,119,173145.0
2026-05-22,3016,A,SELL,121.0,1383,167343.0
2026-05-22,4958,B,SELL,516.0,988,509808.0
2026-05-22,6414,A,SELL,350.5,467,163683.5
2026-05-22,8027,A,SELL,244.5,642,156969.0
2026-05-22,3135,A,SELL,211.5,734,155241.0
2026-05-22,2049,A,SELL,376.5,404,152106.0
2026-05-22,6278,A,SELL,245.0,719,176155.0
2026-05-22,6206,A,SELL,140.0,1220,170800.0
2026-05-22,3090,A,BUY,215.0,840,180600.0
2026-05-22,3577,A,BUY,145.5,1241,180565.5
2026-05-22,3048,A,BUY,74.5,2424,180588.0
2026-05-22,3209,A,BUY,78.0,2315,180570.0
2026-05-22,3624,A,BUY,91.5,1974,180621.0
2026-05-22,3026,A,SELL,476.5,105,50032.5
2026-05-22,6147,A,BUY,215.5,838,180589.0
2026-05-22,2303,B,BUY,114.0,1677,191178.0
2026-05-29,3088,A,SELL,141.0,1299,183159.0
2026-05-29,6173,A,SELL,237.0,1023,242451.0
2026-05-29,6166,A,SELL,132.0,1416,186912.0
2026-05-29,3033,A,SELL,50.3,3311,166543.3
2026-05-29,2303,B,SELL,144.5,5281,763104.5
2026-05-29,3037,B,SELL,1055.0,482,508510.0
2026-05-29,3090,A,SELL,229.0,840,192360.0
2026-05-29,3577,A,SELL,157.5,1241,195457.5
2026-05-29,3048,A,SELL,72.0,2424,174528.0
2026-05-29,3209,A,SELL,76.1,2315,176171.5
2026-05-29,2492,A,BUY,394.0,519,204486.0
2026-05-29,2428,A,BUY,292.0,701,204692.0
2026-05-29,3479,A,BUY,135.0,1516,204660.0
2026-05-29,2472,A,SELL,371.0,178,66038.0
2026-05-29,6182,A,BUY,99.5,2057,204671.5
2026-05-29,6175,A,BUY,103.0,1987,204661.0
2026-05-29,2327,A,BUY,738.0,277,204426.0
2026-05-29,6449,A,BUY,395.0,518,204610.0
2026-05-29,2375,A,BUY,166.5,1229,204628.5
2026-05-29,6147,A,SELL,305.5,167,51018.5
2026-05-29,4958,B,BUY,515.0,1324,681860.0
2026-06-05,8042,A,SELL,145.5,1616,235128.0
2026-06-05,2472,A,SELL,363.5,552,200652.0
2026-06-05,3624,A,SELL,108.0,1974,213192.0
2026-06-05,6147,A,SELL,270.0,671,181170.0
2026-06-05,2492,A,SELL,416.0,519,215904.0
2026-06-05,2428,A,SELL,283.0,701,198383.0
2026-06-05,3479,A,SELL,129.0,1516,195564.0
2026-06-05,6182,A,SELL,85.5,2057,175873.5
2026-06-05,6175,A,SELL,96.6,1987,191944.19999999998
2026-06-05,6449,A,SELL,371.0,518,192178.0
2026-06-05,2375,A,SELL,156.0,1229,191724.0
2026-06-05,4958,B,SELL,504.0,1324,667296.0
2026-06-05,6207,A,BUY,144.5,1381,199554.5
2026-06-05,6016,A,BUY,36.0,5543,199548.0
2026-06-05,5864,A,BUY,53.6,3723,199552.80000000002
2026-06-05,2855,A,BUY,59.1,3376,199521.6
2026-06-05,3528,A,BUY,138.0,1446,199548.0
2026-06-05,6015,A,BUY,22.6,8830,199558.0
2026-06-05,4973,A,BUY,171.5,1163,199454.5
2026-06-05,2883,A,BUY,27.6,7230,199548.0
2026-06-05,2881,A,BUY,118.0,1691,199538.0
2026-06-05,1563,A,BUY,65.3,3056,199556.8
2026-06-05,2885,A,BUY,65.3,3056,199556.8
2026-06-05,3481,B,BUY,53.7,9290,498873.0
2026-06-05,2327,B,BUY,769.0,371,285299.0
2026-06-05,6770,B,BUY,74.6,6687,498850.19999999995
2026-06-12,5285,A,SELL,89.7,2137,191688.9
2026-06-12,6207,A,SELL,124.0,1381,171244.0
2026-06-12,6016,A,SELL,28.45,5543,157698.35
2026-06-12,5864,A,SELL,47.2,3723,175725.6
2026-06-12,2855,A,SELL,50.5,3376,170488.0
2026-06-12,3528,A,SELL,119.5,1446,172797.0
2026-06-12,6015,A,SELL,18.5,8830,163355.0
2026-06-12,2883,A,SELL,27.45,7230,198463.5
2026-06-12,1563,A,SELL,60.1,3056,183665.6
2026-06-12,2885,A,SELL,63.9,3056,195278.4
2026-06-12,6770,B,SELL,67.2,6687,449366.4
2026-06-12,6890,A,BUY,256.0,804,205824.0
2026-06-12,2478,A,BUY,171.5,1201,205971.5
2026-06-12,2414,A,BUY,61.2,3365,205938.0
2026-06-12,3026,A,SELL,764.0,110,84040.0
2026-06-12,6585,A,BUY,136.0,1514,205904.0
2026-06-12,8454,A,BUY,356.5,577,205700.5
2026-06-12,5410,A,BUY,45.65,4512,205972.8
2026-06-12,5426,A,BUY,32.4,6357,205966.8
2026-06-12,8163,A,BUY,42.85,4806,205937.1
2026-06-12,8926,A,BUY,74.2,2775,205905.0
2026-06-12,2303,B,BUY,133.5,3600,480600.0
2026-06-26,3026,A,SELL,729.0,270,196830.0
2026-06-26,4973,A,SELL,180.0,1163,209340.0
2026-06-26,3481,B,SELL,65.0,9290,603850.0
2026-06-26,6890,A,SELL,223.5,804,179694.0
2026-06-26,2414,A,SELL,58.7,3365,197525.5
2026-06-26,6585,A,SELL,129.0,1514,195306.0
2026-06-26,8454,A,SELL,325.5,577,187813.5
2026-06-26,5410,A,SELL,44.3,4512,199881.59999999998
2026-06-26,5426,A,SELL,32.55,6357,206920.34999999998
2026-06-26,8163,A,SELL,40.8,4806,196084.8
2026-06-26,8926,A,SELL,76.2,2775,211455.0
2026-06-26,2305,A,BUY,35.1,6220,218322.0
2026-06-26,3284,A,BUY,29.35,7438,218305.30000000002
2026-06-26,4716,A,BUY,23.6,9251,218323.6
2026-06-26,4551,A,BUY,225.0,970,218250.0
2026-06-26,2483,A,BUY,55.7,3919,218288.30000000002
2026-06-26,2493,A,BUY,272.0,802,218144.0
2026-06-26,2243,A,BUY,53.0,4119,218307.0
2026-06-26,6834,A,BUY,121.0,1804,218284.0
2026-06-26,3114,A,BUY,52.0,4198,218296.0
2026-06-26,5328,A,BUY,70.2,3110,218322.0
2026-06-26,1303,A,BUY,148.0,1475,218300.0
2026-06-26,2492,A,BUY,540.0,404,218160.0
2026-06-26,2327,B,SELL,1015.0,146,148190.0
2026-06-26,6770,B,BUY,78.3,6506,509419.8
2026-07-03,2881,A,SELL,121.0,1691,204611.0
2026-07-03,2478,A,SELL,238.0,1201,285838.0
2026-07-03,2305,A,SELL,38.8,6220,241335.99999999997
2026-07-03,4716,A,SELL,22.6,9251,209072.6
2026-07-03,4551,A,SELL,265.0,970,257050.0
2026-07-03,6834,A,SELL,132.0,1804,238128.0
2026-07-03,3114,A,SELL,47.9,4198,201084.19999999998
2026-07-03,2492,A,SELL,563.0,404,227452.0
2026-07-03,6770,B,SELL,73.4,6506,477540.4
2026-07-03,6226,A,BUY,24.0,9046,217104.0
2026-07-03,1515,A,BUY,42.0,5169,217098.0
2026-07-03,1444,A,BUY,9.95,21821,217118.94999999998
2026-07-03,6446,A,BUY,1395.0,155,216225.0
2026-07-03,1303,A,SELL,197.0,372,73284.0
2026-07-03,2415,A,BUY,37.9,5728,217091.19999999998
2026-07-03,2243,A,SELL,65.9,824,54301.600000000006
2026-07-03,8261,A,BUY,320.0,678,216960.0
2026-07-03,8476,A,BUY,24.45,8880,217116.0
2026-07-03,1617,A,BUY,24.5,8862,217119.0
2026-07-03,2302,A,BUY,52.0,4175,217100.0
2026-07-03,2344,B,BUY,184.5,2942,542799.0
2026-07-17,2454,B,SELL,3370.0,121,407770.0
2026-07-17,3284,A,SELL,23.8,7438,177024.4
2026-07-17,2493,A,SELL,211.5,802,169623.0
2026-07-17,2243,A,SELL,52.0,3295,171340.0
2026-07-17,1444,A,SELL,8.12,21821,177186.52
2026-07-17,6446,A,SELL,1195.0,155,185225.0
2026-07-17,2415,A,SELL,32.75,5728,187592.0
2026-07-17,8261,A,SELL,251.0,678,170178.0
2026-07-17,8476,A,SELL,23.85,8880,211788.0
2026-07-17,2302,A,SELL,40.3,4175,168252.5
2026-07-17,2344,B,SELL,155.0,2942,456010.0
2026-07-17,2466,A,BUY,122.0,1454,177388.0
2026-07-17,4707,A,BUY,40.5,4381,177430.5
2026-07-17,1709,A,BUY,26.05,6812,177452.6
2026-07-17,2887,A,BUY,35.55,4991,177430.05
2026-07-17,8383,A,BUY,89.0,1993,177377.0
2026-07-17,8033,A,BUY,219.0,810,177390.0
2026-07-17,1718,A,BUY,13.65,13000,177450.0
2026-07-17,6182,A,BUY,149.5,1187,177456.5
2026-07-17,3033,A,BUY,48.8,3636,177436.8
2026-07-17,3532,A,BUY,424.0,418,177232.0
2026-07-17,8050,A,BUY,57.2,3102,177434.40000000002
2026-07-17,3481,B,BUY,52.6,8434,443628.4
2026-07-17,4958,B,BUY,521.0,424,220904.0
2026-07-24,2327,B,SELL,642.0,502,322284.0
2026-07-24,2483,A,SELL,40.15,3919,157347.85
2026-07-24,5328,A,SELL,61.1,3110,190021.0
2026-07-24,6226,A,SELL,18.8,9046,170064.80000000002
2026-07-24,1515,A,SELL,33.95,5169,175487.55000000002
2026-07-24,1617,A,SELL,18.15,8862,160845.3
2026-07-24,4707,A,SELL,35.3,4381,154649.3
2026-07-24,8033,A,SELL,187.0,810,151470.0
2026-07-24,1718,A,SELL,11.0,13000,143000.0
2026-07-24,6182,A,SELL,114.0,1187,135318.0
2026-07-24,3033,A,SELL,50.0,3636,181800.0
2026-07-24,4958,B,SELL,482.0,424,204368.0
2026-07-24,6505,A,BUY,85.8,1871,160531.8
2026-07-24,6414,A,BUY,500.0,321,160500.0
2026-07-24,2395,A,BUY,581.0,276,160356.0
2026-07-24,8476,A,BUY,23.25,6906,160564.5
2026-07-24,3577,A,BUY,146.5,1096,160564.0
2026-07-24,3479,A,BUY,156.5,1026,160569.0
2026-07-24,2377,A,BUY,146.5,1096,160564.0
2026-07-24,4939,A,BUY,62.7,2561,160574.7
2026-07-24,2881,A,BUY,127.5,1259,160522.5
2026-07-24,8046,B,BUY,1110.0,361,400710.0
2026-07-24,3711,B,BUY,613.0,481,294853.0
2026-07-31,2303,B,SELL,121.0,3600,435600.0
2026-07-31,8383,A,SELL,68.5,1993,136520.5
2026-07-31,3532,A,SELL,271.5,418,113487.0
2026-07-31,8050,A,SELL,54.6,3102,169369.2
2026-07-31,3481,B,SELL,45.5,8434,383747.0
2026-07-31,8476,A,SELL,19.35,6906,133631.1
2026-07-31,3577,A,SELL,117.0,1096,128232.0
2026-07-31,3479,A,SELL,130.5,1026,133893.0
2026-07-31,4939,A,SELL,50.8,2561,130098.79999999999
2026-07-31,8046,B,SELL,920.0,361,332120.0
2026-07-31,3711,B,SELL,555.0,481,266955.0
2026-07-31,2546,A,BUY,101.5,2499,253648.5
2026-07-31,2466,A,BUY,91.1,1331,121254.09999999999
2026-07-31,2395,A,BUY,563.0,174,97962.0
2026-07-31,6505,A,BUY,70.8,1712,121209.59999999999
2026-07-31,2887,A,BUY,35.95,2067,74308.65000000001
2026-07-31,6226,A,BUY,19.6,12945,253722.00000000003
2026-07-31,2881,A,BUY,130.0,692,89960.0
2026-07-31,6414,A,BUY,405.0,305,123525.0
2026-07-31,5328,A,BUY,63.8,3977,253732.59999999998
2026-07-31,2882,A,BUY,101.5,2499,253648.5
2026-07-31,2535,A,BUY,88.2,2876,253663.2
2026-07-31,2377,A,BUY,142.0,690,97980.0
2026-07-31,1709,A,BUY,23.1,4172,96373.20000000001
2026-08-14,2546,A,SELL,99.8,2499,249400.19999999998
2026-08-14,2535,A,SELL,88.3,2876,253950.8
2026-08-14,1303,A,BUY,207.5,410,85075.0
2026-08-21,6414,A,SELL,395.0,626,247270.0
2026-08-21,2377,A,SELL,141.5,1786,252719.0
2026-08-21,2882,A,SELL,100.5,2499,251149.5
2026-08-21,2615,A,BUY,124.5,2171,270289.5
2026-08-21,6108,A,BUY,25.95,10418,270347.1
2026-08-21,2059,A,BUY,13385.0,20,267700.0
2026-08-21,2915,A,BUY,61.1,4424,270306.4
2026-08-21,1709,A,SELL,33.3,2865,95404.49999999999
2026-08-21,3605,A,BUY,108.5,2491,270273.5
2026-08-28,2059,A,SELL,14300.0,7,100100.0
2026-08-28,6226,A,SELL,34.0,7837,266458.0
2026-08-28,2615,A,SELL,111.5,613,68349.5
2026-08-28,6108,A,SELL,25.7,3661,94087.7
2026-08-28,1303,A,SELL,220.5,725,159862.5
2026-08-28,2881,A,SELL,144.0,745,107280.0
2026-08-28,1709,A,SELL,36.15,3315,119837.25
2026-08-28,2915,A,SELL,57.3,1393,79818.9
2026-08-28,2395,A,SELL,669.0,190,127110.0
2026-08-28,3605,A,SELL,131.0,1165,152615.0
2026-08-28,2466,A,SELL,104.5,1123,117353.5
2026-08-28,2887,A,SELL,37.5,2427,91012.5
2026-08-28,6505,A,SELL,71.4,1151,82181.40000000001
2026-08-28,5328,A,SELL,63.0,1220,76860.0
2026-08-28,3008,B,BUY,7065.0,229,1617885.0
2026-09-04,2395,A,SELL,711.0,260,184860.0
2026-09-04,5328,A,SELL,61.0,2757,168177.0
2026-09-04,3406,A,BUY,1055.0,179,188845.0
2026-09-11,2884,A,BUY,46.3,3657,169319.09999999998
2026-09-18,6226,A,SELL,45.7,1288,58861.600000000006
2026-10-02,2887,A,SELL,40.55,4631,187787.05
2026-10-02,6505,A,SELL,100.0,2432,243200.0
2026-10-02,2881,A,SELL,150.5,1206,181503.0
2026-10-02,2615,A,SELL,113.0,1558,176054.0
2026-10-02,6108,A,SELL,25.7,6757,173654.9
2026-10-02,2059,A,SELL,12145.0,13,157885.0
2026-10-02,2915,A,SELL,57.5,3031,174282.5
2026-10-02,3406,A,SELL,961.0,179,172019.0
2026-10-02,2884,A,SELL,45.35,3657,165844.95
2026-10-02,6122,A,BUY,63.9,2641,168759.9
2026-10-02,6199,A,BUY,132.0,1278,168696.0
2026-10-02,2020,A,BUY,26.9,6274,168770.59999999998
2026-10-02,3219,A,BUY,128.5,1313,168720.5
2026-10-02,5465,A,BUY,33.1,5099,168776.9
2026-10-02,6168,A,BUY,46.0,3669,168774.0
2026-10-02,3016,A,BUY,180.5,935,168767.5
2026-10-02,2305,A,BUY,60.2,2803,168740.6
2026-10-02,1709,A,SELL,58.5,1918,112203.0
2026-10-02,6218,A,BUY,64.4,2620,168728.00000000003
2026-10-02,3605,A,SELL,170.5,336,57288.0
2026-10-02,2466,A,SELL,141.0,464,65424.0
2026-10-02,3443,A,BUY,7900.0,21,165900.0
2026-10-02,1303,B,BUY,260.0,1643,427180.0
2026-10-02,3008,B,SELL,6290.0,94,591260.0
