date,code,pool,side,price,shares,amount
2014-12-31,4417,A,BUY,30.8,280,8624.0
2014-12-31,3532,A,BUY,53.0,162,8586.0
2014-12-31,2305,A,BUY,10.45,826,8631.699999999999
2014-12-31,3217,A,BUY,18.25,473,8632.25
2014-12-31,2527,A,BUY,20.8,415,8632.0
2014-12-31,2636,A,BUY,36.5,236,8614.0
2014-12-31,2368,A,BUY,17.9,482,8627.8
2014-12-31,2543,A,BUY,11.5,750,8625.0
2014-12-31,2610,A,BUY,14.5,595,8627.5
2014-12-31,8085,A,BUY,9.09,950,8635.5
2014-12-31,3533,A,BUY,146.5,58,8497.0
2015-01-09,3532,A,SELL,60.1,36,2163.6
2015-01-09,2611,A,BUY,13.05,568,7412.400000000001
2015-01-09,2610,A,SELL,16.0,124,1984.0
2015-01-09,2483,A,BUY,24.95,79,1971.05
2015-01-16,2543,A,SELL,10.8,750,8100.000000000001
2015-01-16,8085,A,SELL,9.83,950,9338.5
2015-01-16,3533,A,SELL,137.0,58,7946.0
2015-01-16,3051,A,BUY,10.0,641,6410.0
2015-01-16,3227,A,BUY,85.5,75,6412.5
2015-01-16,2514,A,BUY,22.9,280,6412.0
2015-01-16,1522,A,BUY,22.35,272,6079.200000000001
2015-01-16,2368,A,SELL,21.15,178,3764.7
2015-01-16,4417,A,SELL,29.8,64,1907.2
2015-01-16,2636,A,SELL,37.55,65,2440.75
2015-01-16,2305,A,SELL,10.55,217,2289.3500000000004
2015-01-16,4729,A,BUY,23.3,275,6407.5
2015-01-16,2527,A,SELL,20.7,105,2173.5
2015-01-16,2483,A,BUY,23.75,191,4536.25
2015-01-16,3217,A,SELL,17.65,109,1923.85
2015-01-23,2527,A,SELL,20.3,310,6293.0
2015-01-23,2611,A,SELL,12.1,568,6872.8
2015-01-23,4729,A,SELL,22.6,275,6215.0
2015-01-23,3051,A,SELL,13.5,346,4671.0
2015-01-23,3152,A,BUY,157.0,25,3925.0
2015-01-23,3631,A,BUY,63.6,62,3943.2000000000003
2015-01-23,3227,A,SELL,89.0,30,2670.0
2015-01-23,2368,A,SELL,22.25,125,2781.25
2015-01-23,8085,A,BUY,10.7,371,3969.7
2015-01-23,1522,A,SELL,22.7,96,2179.2
2015-01-23,2514,A,SELL,22.9,106,2427.3999999999996
2015-01-23,2610,A,SELL,16.1,223,3590.3
2015-01-23,2636,A,SELL,37.65,65,2447.25
2015-01-23,2483,A,SELL,25.6,114,2918.4
2015-01-23,2305,A,SELL,10.6,233,2469.7999999999997
2015-01-23,4417,A,SELL,29.55,81,2393.55
2015-01-23,3532,A,SELL,54.5,52,2834.0
2015-01-23,3217,A,SELL,18.0,142,2556.0
2015-01-23,2618,B,BUY,24.3,1637,39779.1
2015-01-30,4417,A,SELL,28.6,135,3861.0
2015-01-30,3532,A,SELL,55.3,74,4092.2
2015-01-30,2305,A,SELL,10.35,376,3891.6
2015-01-30,3217,A,SELL,17.1,222,3796.2000000000003
2015-01-30,2636,A,SELL,36.6,106,3879.6000000000004
2015-01-30,2610,A,SELL,15.9,248,3943.2000000000003
2015-01-30,2483,A,SELL,24.2,156,3775.2
2015-01-30,8085,A,SELL,10.45,371,3876.95
2015-01-30,4426,A,BUY,44.8,87,3897.6
2015-01-30,1307,A,BUY,33.7,116,3909.2000000000003
2015-01-30,8016,A,BUY,104.0,37,3848.0
2015-01-30,5102,A,BUY,18.55,211,3914.05
2015-01-30,9910,A,BUY,118.5,33,3910.5
2015-01-30,9924,A,BUY,35.1,111,3896.1000000000004
2015-01-30,5469,A,BUY,16.0,245,3920.0
2015-01-30,2527,A,BUY,20.35,192,3907.2000000000003
2015-01-30,4938,B,BUY,85.0,57,4845.0
2015-01-30,2618,B,SELL,24.2,826,19989.2
2015-02-06,2368,A,SELL,21.25,179,3803.75
2015-02-06,3152,A,SELL,153.0,25,3825.0
2015-02-06,3631,A,SELL,59.6,62,3695.2000000000003
2015-02-06,2325,A,BUY,54.4,70,3808.0
2015-02-06,2456,A,BUY,43.6,88,3836.8
2015-02-06,3532,A,BUY,63.3,60,3798.0
2015-02-06,4938,B,BUY,79.9,183,14621.7
2015-02-13,2514,A,SELL,22.85,174,3975.9
2015-02-13,1522,A,SELL,21.5,176,3784.0
2015-02-13,2618,B,SELL,22.45,811,18206.95
2015-02-13,5102,A,SELL,16.8,211,3544.8
2015-02-13,2492,A,BUY,14.3,273,3903.9
2015-02-13,9938,A,BUY,57.0,68,3876.0
2015-02-13,3631,A,BUY,58.7,66,3874.2000000000003
2015-02-13,4938,B,BUY,84.8,221,18740.8
2015-02-26,3051,A,SELL,14.0,295,4130.0
2015-02-26,5469,A,SELL,15.75,245,3858.75
2015-02-26,3631,A,SELL,54.8,66,3616.7999999999997
2015-02-26,2414,A,BUY,19.6,206,4037.6000000000004
2015-02-26,8085,A,BUY,10.6,380,4028.0
2015-02-26,2483,A,BUY,26.65,151,4024.1499999999996
2015-03-06,3227,A,SELL,112.0,45,5040.0
2015-03-06,4426,A,SELL,57.7,87,5019.900000000001
2015-03-06,9910,A,SELL,137.5,33,4537.5
2015-03-06,2325,A,SELL,55.5,70,3885.0
2015-03-06,3532,A,SELL,69.1,60,4146.0
2015-03-06,2492,A,SELL,14.85,273,4054.0499999999997
2015-03-06,2414,A,SELL,19.5,206,4017.0
2015-03-06,8085,A,SELL,11.3,380,4294.0
2015-03-06,2483,A,SELL,27.05,151,4084.55
2015-03-06,5498,A,BUY,11.2,374,4188.8
2015-03-06,1452,A,BUY,18.1,231,4181.1
2015-03-06,5306,A,BUY,153.0,27,4131.0
2015-03-06,9937,A,BUY,39.5,106,4187.0
2015-03-06,3484,A,BUY,56.6,74,4188.400000000001
2015-03-06,9802,A,BUY,60.5,69,4174.5
2015-03-06,1539,A,BUY,22.9,183,4190.7
2015-03-06,6177,A,BUY,44.6,94,4192.400000000001
2015-03-06,1464,A,BUY,16.1,260,4186.0
2015-03-13,8016,A,SELL,113.0,37,4181.0
2015-03-13,9924,A,SELL,39.2,111,4351.200000000001
2015-03-13,2527,A,SELL,22.25,192,4272.0
2015-03-13,2456,A,SELL,51.0,88,4488.0
2015-03-13,9938,A,SELL,63.9,68,4345.2
2015-03-13,5306,A,SELL,153.0,27,4131.0
2015-03-13,1539,A,SELL,22.9,183,4190.7
2015-03-13,6177,A,SELL,44.1,94,4145.400000000001
2015-03-13,6187,A,BUY,57.6,73,4204.8
2015-03-13,4426,A,BUY,68.6,61,4184.599999999999
2015-03-13,2355,A,BUY,61.0,69,4209.0
2015-03-13,1589,A,BUY,170.0,24,4080.0
2015-03-13,9910,A,BUY,158.0,26,4108.0
2015-03-13,4528,A,BUY,48.0,88,4224.0
2015-03-13,4733,A,BUY,188.0,22,4136.0
2015-03-13,8299,A,BUY,262.0,16,4192.0
2015-03-20,1307,A,SELL,39.9,116,4628.4
2015-03-20,5498,A,SELL,11.6,374,4338.4
2015-03-20,9937,A,SELL,39.05,106,4139.299999999999
2015-03-20,1464,A,SELL,16.05,260,4173.0
2015-03-20,6187,A,SELL,57.4,73,4190.2
2015-03-20,2355,A,SELL,60.2,69,4153.8
2015-03-20,9910,A,SELL,163.0,26,4238.0
2015-03-20,8299,A,SELL,260.5,16,4168.0
2015-03-20,2731,A,BUY,113.5,38,4313.0
2015-03-20,9943,A,BUY,43.65,100,4365.0
2015-03-20,6196,A,BUY,29.6,147,4351.2
2015-03-20,5317,A,BUY,14.9,293,4365.7
2015-03-20,2493,A,BUY,31.15,140,4361.0
2015-03-20,1521,A,BUY,83.9,52,4362.8
2015-03-20,2383,A,BUY,54.0,80,4320.0
2015-03-20,4930,A,BUY,30.4,143,4347.2
2015-03-27,9802,A,SELL,73.5,69,5071.5
2015-03-27,4426,A,SELL,71.5,61,4361.5
2015-03-27,1589,A,SELL,169.5,24,4068.0
2015-03-27,4528,A,SELL,49.5,88,4356.0
2015-03-27,2731,A,SELL,108.5,38,4123.0
2015-03-27,6196,A,SELL,29.15,147,4285.05
2015-03-27,5317,A,SELL,14.5,293,4248.5
2015-03-27,5015,A,BUY,28.3,150,4245.0
2015-03-27,2527,A,BUY,23.95,178,4263.099999999999
2015-03-27,1815,A,BUY,14.6,292,4263.2
2015-03-27,9910,A,BUY,180.5,23,4151.5
2015-03-27,5498,A,BUY,12.8,333,4262.400000000001
2015-03-27,2833,A,BUY,25.15,169,4250.349999999999
2015-03-27,8086,A,BUY,62.2,68,4229.6
2015-04-02,4938,B,SELL,85.6,461,39461.6
2015-04-02,9943,A,SELL,43.35,100,4335.0
2015-04-02,2383,A,SELL,54.7,80,4376.0
2015-04-02,4930,A,SELL,30.7,143,4390.099999999999
2015-04-02,5015,A,SELL,27.8,150,4170.0
2015-04-02,2527,A,SELL,22.35,178,3978.3
2015-04-02,1815,A,SELL,14.9,292,4350.8
2015-04-02,5498,A,SELL,11.45,333,3812.85
2015-04-02,8086,A,SELL,68.6,68,4664.799999999999
2015-04-02,2316,A,BUY,18.45,389,7177.049999999999
2015-04-02,4426,A,BUY,93.0,77,7161.0
2015-04-02,9910,A,BUY,199.5,13,2593.5
2015-04-02,2833,A,BUY,27.0,97,2619.0
2015-04-02,1459,A,BUY,13.15,546,7179.900000000001
2015-04-02,4528,A,BUY,59.5,120,7140.0
2015-04-02,4733,A,BUY,238.0,8,1904.0
2015-04-02,3028,A,BUY,19.05,377,7181.85
2015-04-02,3484,A,BUY,72.4,25,1810.0000000000002
2015-04-02,9938,A,BUY,76.5,94,7191.0
2015-04-02,2331,A,BUY,32.7,219,7161.3
2015-04-02,1589,A,BUY,193.5,37,7159.5
2015-04-02,1521,A,BUY,89.3,28,2500.4
2015-04-02,2493,A,BUY,31.75,86,2730.5
2015-04-10,1452,A,SELL,24.65,231,5694.15
2015-04-10,3484,A,SELL,73.2,99,7246.8
2015-04-10,4733,A,SELL,242.5,30,7275.0
2015-04-10,1521,A,SELL,88.4,80,7072.0
2015-04-10,9910,A,SELL,172.5,36,6210.0
2015-04-10,2833,A,SELL,26.65,266,7088.9
2015-04-10,4528,A,SELL,57.5,120,6900.0
2015-04-10,9938,A,SELL,69.6,94,6542.4
2015-04-10,2331,A,SELL,30.85,219,6756.150000000001
2015-04-10,1589,A,SELL,184.0,37,6808.0
2015-04-10,5315,A,BUY,14.85,475,7053.75
2015-04-10,6269,A,BUY,96.0,73,7008.0
2015-04-10,3685,A,BUY,41.9,168,7039.2
2015-04-10,8050,A,BUY,68.6,103,7065.799999999999
2015-04-10,2542,A,BUY,78.5,90,7065.0
2015-04-10,1707,A,BUY,159.0,44,6996.0
2015-04-10,9930,A,BUY,81.0,87,7047.0
2015-04-10,3455,A,BUY,44.25,159,7035.75
2015-04-10,1702,A,BUY,68.1,103,7014.299999999999
2015-04-10,3315,A,BUY,22.8,310,7068.0
2015-04-17,2493,A,SELL,32.0,226,7232.0
2015-04-17,1459,A,SELL,13.05,546,7125.3
2015-04-17,3028,A,SELL,19.15,377,7219.549999999999
2015-04-17,2542,A,SELL,79.5,90,7155.0
2015-04-17,9930,A,SELL,80.7,87,7020.900000000001
2015-04-17,3455,A,SELL,39.75,159,6320.25
2015-04-17,1702,A,SELL,67.9,103,6993.700000000001
2015-04-17,3315,A,SELL,22.45,310,6959.5
2015-04-17,5315,A,SELL,18.2,230,4186.0
2015-04-17,2316,A,SELL,22.3,189,4214.7
2015-04-17,6269,A,SELL,109.0,32,3488.0
2015-04-17,6167,A,BUY,6.94,642,4455.4800000000005
2015-04-17,2442,A,BUY,9.91,449,4449.59
2015-04-17,4426,A,SELL,123.0,40,4920.0
2015-04-17,9943,A,BUY,49.7,89,4423.3
2015-04-17,1808,A,BUY,37.0,120,4440.0
2015-04-17,3685,A,SELL,46.8,72,3369.6
2015-04-17,2108,A,BUY,19.45,229,4454.05
2015-04-17,1707,A,SELL,168.0,17,2856.0
2015-04-17,8050,A,SELL,68.5,37,2534.5
2015-04-17,3030,A,BUY,62.5,71,4437.5
2015-04-17,2731,A,BUY,128.5,34,4369.0
2015-04-17,1452,A,BUY,28.05,158,4431.900000000001
2015-04-17,4938,B,BUY,87.2,255,22236.0
2015-04-17,8086,B,BUY,63.0,353,22239.0
2015-04-24,5315,A,SELL,15.6,245,3822.0
2015-04-24,8050,A,SELL,65.0,66,4290.0
2015-04-24,6167,A,SELL,5.95,642,3819.9
2015-04-24,2442,A,SELL,9.93,449,4458.57
2015-04-24,2108,A,SELL,19.0,229,4351.0
2015-04-24,3030,A,SELL,60.7,71,4309.7
2015-04-24,4938,B,SELL,93.9,255,23944.5
2015-04-24,8086,B,SELL,60.2,353,21250.600000000002
2015-04-24,2316,A,BUY,23.6,117,2761.2000000000003
2015-04-24,2823,A,BUY,32.15,232,7458.799999999999
2015-04-24,9917,A,BUY,92.4,80,7392.0
2015-04-24,2834,A,BUY,10.1,740,7474.0
2015-04-24,4426,A,BUY,134.0,18,2412.0
2015-04-24,3685,A,BUY,53.3,44,2345.2
2015-04-24,6269,A,BUY,116.0,23,2668.0
2015-04-24,9943,A,BUY,54.6,48,2620.8
2015-04-24,2833,A,BUY,28.35,263,7456.05
2015-04-24,1452,A,BUY,29.0,100,2900.0
2015-04-24,1707,A,BUY,167.0,17,2839.0
2015-04-24,2731,A,BUY,128.0,24,3072.0
2015-04-24,2542,A,BUY,80.8,92,7433.599999999999
2015-04-24,1808,A,BUY,36.85,83,3058.55
2015-04-24,6187,A,BUY,63.9,117,7476.3
2015-04-30,2316,A,SELL,23.0,317,7291.0
2015-04-30,6269,A,SELL,109.0,64,6976.0
2015-04-30,1707,A,SELL,167.0,44,7348.0
2015-04-30,2731,A,SELL,132.5,58,7685.0
2015-04-30,9917,A,SELL,92.2,80,7376.0
2015-04-30,2834,A,SELL,10.1,740,7474.0
2015-04-30,2833,A,SELL,28.9,263,7600.7
2015-04-30,6187,A,SELL,66.2,117,7745.400000000001
2015-04-30,3685,A,SELL,69.6,29,2018.3999999999999
2015-04-30,1307,A,BUY,55.7,137,7630.900000000001
2015-04-30,2855,A,BUY,18.35,417,7651.950000000001
2015-04-30,2888,A,BUY,9.95,770,7661.499999999999
2015-04-30,2108,A,BUY,21.85,350,7647.500000000001
2015-04-30,1464,A,BUY,23.6,324,7646.400000000001
2015-04-30,2891,A,BUY,23.9,320,7648.0
2015-04-30,1905,A,BUY,11.0,697,7667.0
2015-04-30,3028,A,BUY,19.85,386,7662.1
2015-05-08,4426,A,SELL,120.0,55,6600.0
2015-05-08,3685,A,SELL,50.7,111,5627.700000000001
2015-05-08,1452,A,SELL,25.3,258,6527.400000000001
2015-05-08,2823,A,SELL,32.0,232,7424.0
2015-05-08,2542,A,SELL,78.9,92,7258.8
2015-05-08,1307,A,SELL,48.2,137,6603.400000000001
2015-05-08,2855,A,SELL,17.4,417,7255.799999999999
2015-05-08,2888,A,SELL,9.78,770,7530.599999999999
2015-05-08,2891,A,SELL,22.85,320,7312.0
2015-05-08,1905,A,SELL,10.5,697,7318.5
2015-05-08,3028,A,SELL,19.55,386,7546.3
2015-05-08,2923,A,BUY,42.7,168,7173.6
2015-05-08,2731,A,BUY,151.5,47,7120.5
2015-05-08,4930,A,BUY,36.25,198,7177.5
2015-05-08,1541,A,BUY,24.1,298,7181.8
2015-05-08,9917,A,BUY,91.5,78,7137.0
2015-05-08,8086,A,BUY,75.1,95,7134.499999999999
2015-05-08,9930,A,BUY,83.5,86,7181.0
2015-05-08,6269,A,BUY,107.5,66,7095.0
2015-05-08,2833,A,BUY,30.0,239,7170.0
2015-05-08,1707,A,BUY,170.5,42,7161.0
2015-05-08,2456,A,BUY,68.0,105,7140.0
2015-05-15,1808,A,SELL,32.65,203,6627.95
2015-05-15,4930,A,SELL,29.65,198,5870.7
2015-05-15,1541,A,SELL,21.45,298,6392.099999999999
2015-05-15,9917,A,SELL,90.0,78,7020.0
2015-05-15,9930,A,SELL,79.8,86,6862.8
2015-05-15,6269,A,SELL,102.5,66,6765.0
2015-05-15,1707,A,SELL,169.5,42,7119.0
2015-05-15,1539,A,BUY,30.2,233,7036.599999999999
2015-05-15,2316,A,BUY,25.0,282,7050.0
2015-05-15,8070,A,BUY,94.9,74,7022.6
2015-05-15,4426,A,BUY,129.0,54,6966.0
2015-05-15,2442,A,BUY,10.8,652,7041.6
2015-05-15,5490,A,BUY,77.8,90,7002.0
2015-05-15,4528,A,BUY,66.5,106,7049.0
2015-05-22,9943,A,SELL,60.8,137,8329.6
2015-05-22,2923,A,SELL,32.2,168,5409.6
2015-05-22,1539,A,SELL,28.0,233,6524.0
2015-05-22,8070,A,SELL,93.0,74,6882.0
2015-05-22,4426,A,SELL,125.0,54,6750.0
2015-05-22,2442,A,SELL,9.41,652,6135.32
2015-05-22,6506,A,BUY,25.6,277,7091.200000000001
2015-05-22,3030,A,BUY,66.5,106,7049.0
2015-05-22,3234,A,BUY,69.7,101,7039.700000000001
2015-05-22,1452,A,BUY,32.8,216,7084.799999999999
2015-05-22,3685,A,BUY,58.6,121,7090.6
2015-05-22,4979,A,BUY,87.1,76,6619.599999999999
2015-05-29,1464,A,SELL,24.3,324,7873.2
2015-05-29,2731,A,SELL,162.0,47,7614.0
2015-05-29,2833,A,SELL,32.15,239,7683.849999999999
2015-05-29,2456,A,SELL,69.4,105,7287.000000000001
2015-05-29,3030,A,SELL,67.6,106,7165.599999999999
2015-05-29,1452,A,SELL,34.35,216,7419.6
2015-05-29,3685,A,SELL,56.6,121,6848.6
2015-05-29,4979,A,SELL,93.1,76,7075.599999999999
2015-05-29,4506,A,BUY,24.85,306,7604.1
2015-05-29,4417,A,BUY,47.2,161,7599.200000000001
2015-05-29,6414,A,BUY,388.0,19,7372.0
2015-05-29,3706,A,BUY,29.0,262,7598.0
2015-05-29,8086,A,SELL,107.0,23,2461.0
2015-05-29,2354,A,BUY,108.0,70,7560.0
2015-05-29,6214,A,BUY,78.3,97,7595.099999999999
2015-05-29,1539,A,BUY,34.2,222,7592.400000000001
2015-05-29,2108,A,SELL,27.4,72,1972.8
2015-05-29,2397,A,BUY,50.7,150,7605.0
2015-06-05,2108,A,SELL,27.1,278,7533.8
2015-06-05,5490,A,SELL,94.8,90,8532.0
2015-06-05,4528,A,SELL,79.8,106,8458.8
2015-06-05,3234,A,SELL,78.0,101,7878.0
2015-06-05,4506,A,SELL,24.05,306,7359.3
2015-06-05,6214,A,SELL,78.5,97,7614.5
2015-06-05,3152,A,BUY,209.0,35,7315.0
2015-06-05,3529,A,BUY,437.0,17,7429.0
2015-06-05,8070,A,BUY,103.0,72,7416.0
2015-06-05,2833,A,BUY,32.1,234,7511.400000000001
2015-06-05,4107,A,BUY,99.5,75,7462.5
2015-06-05,3030,A,BUY,69.3,108,7484.4
2015-06-12,2316,A,SELL,28.7,282,8093.4
2015-06-12,6414,A,SELL,355.0,19,6745.0
2015-06-12,2354,A,SELL,104.0,70,7280.0
2015-06-12,2397,A,SELL,48.55,150,7282.5
2015-06-12,4107,A,SELL,99.0,75,7425.0
2015-06-12,3030,A,SELL,68.8,108,7430.4
2015-06-12,3234,A,BUY,84.1,90,7568.999999999999
2015-06-12,1537,A,BUY,161.5,47,7590.5
2015-06-12,6269,A,BUY,122.0,62,7564.0
2015-06-12,4506,A,BUY,25.15,302,7595.299999999999
2015-06-12,6224,A,BUY,79.7,95,7571.5
2015-06-12,6214,A,BUY,79.8,95,7581.0
2015-06-18,6506,A,SELL,26.4,277,7312.799999999999
2015-06-18,8070,A,SELL,103.5,72,7452.0
2015-06-18,1537,A,SELL,158.5,47,7449.5
2015-06-18,6269,A,SELL,120.0,62,7440.0
2015-06-18,4506,A,SELL,25.65,302,7746.299999999999
2015-06-18,6224,A,SELL,79.5,95,7552.5
2015-06-18,2455,A,BUY,48.3,161,7776.299999999999
2015-06-18,1464,A,BUY,29.15,267,7783.049999999999
2015-06-18,3685,A,BUY,60.3,129,7778.7
2015-06-18,1452,A,BUY,37.55,207,7772.849999999999
2015-06-18,1707,A,BUY,189.0,41,7749.0
2015-06-26,1539,A,SELL,41.8,222,9279.599999999999
2015-06-26,3529,A,SELL,441.0,17,7497.0
2015-06-26,6214,A,SELL,71.6,95,6801.999999999999
2015-06-26,3685,A,SELL,59.0,129,7611.0
2015-06-26,1452,A,SELL,38.5,207,7969.5
2015-06-26,1707,A,SELL,197.5,41,8097.5
2015-06-26,3029,A,BUY,29.55,270,7978.5
2015-06-26,5490,A,BUY,112.0,71,7952.0
2015-06-26,4733,A,BUY,320.5,24,7692.0
2015-06-26,4506,A,BUY,26.9,296,7962.4
2015-06-26,2506,A,BUY,17.4,458,7969.199999999999
2015-06-26,2731,A,BUY,169.0,47,7943.0
2015-06-26,6269,A,BUY,127.0,62,7874.0
2015-07-03,4417,A,SELL,53.4,161,8597.4
2015-07-03,3706,A,SELL,32.5,262,8515.0
2015-07-03,2833,A,SELL,33.6,234,7862.400000000001
2015-07-03,1464,A,SELL,29.25,267,7809.75
2015-07-03,2354,A,BUY,118.5,67,7939.5
2015-07-03,4107,A,BUY,110.0,72,7920.0
2015-07-03,6414,A,BUY,372.0,21,7812.0
2015-07-03,1707,A,BUY,198.0,40,7920.0
2015-07-09,8086,A,SELL,102.0,72,7344.0
2015-07-09,3152,A,SELL,235.0,35,8225.0
2015-07-09,2455,A,SELL,52.9,161,8516.9
2015-07-09,4733,A,SELL,268.5,24,6444.0
2015-07-09,6414,A,SELL,339.5,21,7129.5
2015-07-09,4417,A,BUY,49.9,149,7435.099999999999
2015-07-09,2108,A,BUY,25.95,287,7447.65
2015-07-09,2891,A,BUY,23.5,317,7449.5
2015-07-09,3030,A,BUY,65.6,113,7412.799999999999
2015-07-09,3685,A,BUY,54.7,136,7439.200000000001
2015-07-17,5490,A,SELL,89.0,71,6319.0
2015-07-17,2731,A,SELL,181.0,47,8507.0
2015-07-17,3030,A,SELL,57.3,113,6474.9
2015-07-17,3685,A,SELL,59.0,136,8024.0
2015-07-17,1707,A,SELL,246.0,9,2214.0
2015-07-17,8086,A,BUY,102.5,73,7482.5
2015-07-17,6414,A,BUY,360.0,20,7200.0
2015-07-17,3529,A,BUY,414.0,18,7452.0
2015-07-17,3152,A,BUY,216.5,34,7361.0
2015-07-24,3234,A,SELL,66.2,90,5958.0
2015-07-24,4506,A,SELL,24.1,296,7133.6
2015-07-24,6269,A,SELL,113.0,62,7006.0
2015-07-24,2354,A,SELL,97.1,67,6505.7
2015-07-24,4417,A,SELL,42.5,149,6332.5
2015-07-24,2108,A,SELL,25.0,287,7175.0
2015-07-24,8086,A,SELL,94.5,73,6898.5
2015-07-24,6414,A,SELL,312.0,20,6240.0
2015-07-24,3529,A,SELL,385.5,18,6939.0
2015-07-24,1707,A,BUY,223.0,45,10035.0
2015-07-24,2506,A,BUY,17.75,506,8981.5
2015-07-24,4107,A,BUY,99.0,100,9900.0
2015-07-24,2891,A,BUY,23.7,405,9598.5
2015-07-24,3152,A,BUY,211.0,47,9917.0
2015-07-24,3029,A,BUY,22.9,477,10923.3
2015-07-31,3029,A,SELL,21.8,747,16284.6
2015-07-31,4107,A,SELL,101.0,172,17372.0
2015-07-31,2891,A,SELL,22.9,722,16533.8
2015-07-31,3152,A,SELL,209.5,81,16969.5
2015-07-31,1707,A,BUY,212.0,158,33496.0
2015-07-31,2506,A,BUY,16.35,2073,33893.55
2015-08-07,1707,A,SELL,189.0,234,44226.0
2015-08-07,2506,A,BUY,16.9,2623,44328.7
2015-08-21,2506,A,SELL,15.85,5660,89711.0
2015-09-04,1541,A,BUY,32.45,2766,89756.70000000001
2015-10-08,3324,A,BUY,22.2,213,4728.599999999999
2015-10-08,1541,A,SELL,48.05,1858,89276.9
2015-10-16,8105,A,BUY,13.2,1416,18691.2
2015-10-16,4935,A,BUY,54.0,346,18684.0
2015-10-16,1527,A,BUY,58.6,319,18693.4
2015-10-16,5315,A,BUY,20.9,894,18684.6
2015-10-16,3324,A,BUY,21.4,660,14123.999999999998
2015-10-16,8916,A,BUY,48.95,2,97.9
2015-10-16,1541,A,SELL,48.7,524,25518.800000000003
2015-10-23,4935,A,SELL,59.1,86,5082.6
2015-10-23,2345,A,BUY,19.0,808,15352.0
2015-10-23,5315,A,SELL,23.4,237,5545.799999999999
2015-10-23,1704,A,BUY,26.95,570,15361.5
2015-10-23,1541,A,SELL,56.8,113,6418.4
2015-10-23,3324,A,SELL,22.6,193,4361.8
2015-10-23,8916,A,BUY,50.3,303,15240.9
2015-10-30,3617,A,BUY,101.0,8,808.0
2015-10-30,4935,A,SELL,65.6,67,4395.2
2015-10-30,2345,A,SELL,20.4,187,3814.7999999999997
2015-10-30,8105,A,SELL,14.05,515,7235.75
2015-10-30,3324,A,SELL,24.2,157,3799.4
2015-10-30,1704,A,SELL,28.95,132,3821.4
2015-10-30,1541,A,SELL,62.7,69,4326.3
2015-11-06,8105,A,SELL,17.4,258,4489.2
2015-11-06,3324,A,SELL,26.75,105,2808.75
2015-11-06,3617,A,BUY,101.0,102,10302.0
2015-11-06,2345,A,SELL,22.95,133,3052.35
2015-11-06,8404,A,BUY,38.7,288,11145.6
2015-11-06,8096,A,BUY,28.15,397,11175.55
2015-11-06,5315,A,SELL,25.2,213,5367.599999999999
2015-11-06,8916,A,SELL,46.0,62,2852.0
2015-11-13,6274,A,BUY,29.15,387,11281.05
2015-11-13,1527,A,SELL,54.5,111,6049.5
2015-11-27,1541,A,SELL,49.6,202,10019.2
2015-11-27,1527,A,SELL,63.1,208,13124.800000000001
2015-11-27,5315,A,SELL,23.35,444,10367.400000000001
2015-11-27,8404,A,SELL,35.6,288,10252.800000000001
2015-11-27,8096,A,SELL,22.55,397,8952.35
2015-11-27,6237,A,BUY,35.6,303,10786.800000000001
2015-11-27,3324,A,SELL,35.35,112,3959.2000000000003
2015-11-27,3479,A,BUY,68.2,158,10775.6
2015-11-27,2481,A,BUY,15.15,713,10801.95
2015-11-27,1704,A,SELL,34.2,122,4172.400000000001
2015-11-27,4935,A,SELL,75.5,49,3699.5
2015-11-27,1817,A,BUY,41.4,260,10764.0
2015-11-27,3038,A,BUY,10.05,1074,10793.7
2015-11-27,2377,A,BUY,41.3,261,10779.3
2015-11-27,8916,A,SELL,59.1,60,3546.0
2015-11-27,8105,A,SELL,21.9,149,3263.1
2015-11-27,3050,A,BUY,8.8,1227,10797.6
2015-12-04,8105,A,SELL,20.4,494,10077.599999999999
2015-12-04,3617,A,SELL,120.5,110,13255.0
2015-12-04,6274,A,SELL,28.55,387,11048.85
2015-12-04,1817,A,SELL,40.8,260,10608.0
2015-12-04,3050,A,SELL,8.7,1227,10674.9
2015-12-04,4736,A,BUY,113.0,98,11074.0
2015-12-04,2406,A,BUY,38.8,288,11174.4
2015-12-04,4746,A,BUY,69.2,161,11141.2
2015-12-04,1762,A,BUY,41.5,269,11163.5
2015-12-04,4119,A,BUY,102.5,109,11172.5
2015-12-11,4935,A,SELL,72.3,144,10411.199999999999
2015-12-11,6237,A,SELL,32.75,303,9923.25
2015-12-11,4736,A,SELL,105.0,98,10290.0
2015-12-11,4119,A,SELL,88.3,109,9624.699999999999
2015-12-11,6230,A,BUY,114.5,90,10305.0
2015-12-11,2428,A,BUY,52.3,197,10303.099999999999
2015-12-11,2345,A,SELL,27.85,117,3258.4500000000003
2015-12-11,6290,A,BUY,29.5,349,10295.5
2015-12-11,4919,A,BUY,33.0,312,10296.0
2015-12-18,3479,A,SELL,65.0,158,10270.0
2015-12-18,4919,A,SELL,31.6,312,9859.2
2015-12-18,6158,A,BUY,15.3,713,10908.9
2015-12-18,4935,A,BUY,77.2,141,10885.2
2015-12-25,4746,A,SELL,67.9,161,10931.900000000001
2015-12-25,1762,A,SELL,39.5,269,10625.5
2015-12-25,6290,A,SELL,29.9,349,10435.1
2015-12-25,2464,A,BUY,36.25,297,10766.25
2015-12-25,6237,A,BUY,35.65,302,10766.3
2015-12-25,4919,A,BUY,32.1,336,10785.6
2015-12-31,1704,A,SELL,33.25,316,10507.0
2015-12-31,2481,A,SELL,14.7,713,10481.1
2015-12-31,4935,A,SELL,74.5,141,10504.5
2015-12-31,4919,A,SELL,30.75,336,10332.0
2015-12-31,1310,A,BUY,17.05,632,10775.6
2015-12-31,6158,A,SELL,19.55,161,3147.55
2015-12-31,1817,A,BUY,40.7,264,10744.800000000001
2015-12-31,3479,A,BUY,63.5,169,10731.5
2015-12-31,6290,A,BUY,29.05,371,10777.550000000001
2016-01-08,8916,A,SELL,57.9,183,10595.699999999999
2016-01-08,3038,A,SELL,9.09,1074,9762.66
2016-01-08,3479,A,SELL,61.0,169,10309.0
2016-01-08,6290,A,SELL,27.35,371,10146.85
2016-01-08,1737,A,BUY,35.75,317,11332.75
2016-01-08,3324,A,SELL,47.5,66,3135.0
2016-01-08,2481,A,BUY,14.35,791,11350.85
2016-01-08,1527,A,BUY,59.4,191,11345.4
2016-01-15,2406,A,SELL,30.8,288,8870.4
2016-01-15,2428,A,SELL,46.9,197,9239.3
2016-01-15,6237,A,SELL,30.2,302,9120.4
2016-01-15,2481,A,SELL,12.75,791,10085.25
2016-01-15,1737,A,BUY,32.2,151,4862.200000000001
2016-01-15,6158,A,BUY,18.4,267,4912.799999999999
2016-01-15,1310,A,BUY,17.6,225,3960.0000000000005
2016-01-15,6230,A,BUY,125.0,30,3750.0
2016-01-15,2345,A,BUY,29.25,144,4212.0
2016-01-15,1817,A,BUY,39.5,117,4621.5
2016-01-15,2377,A,BUY,40.5,111,4495.5
2016-01-15,2464,A,BUY,31.8,177,5628.6
2016-01-15,1527,A,BUY,57.9,69,3995.1
2016-01-22,2377,A,SELL,42.0,372,15624.0
2016-01-22,2464,A,SELL,32.65,474,15476.099999999999
2016-01-22,3324,A,BUY,49.2,158,7773.6
2016-01-22,1310,A,BUY,16.8,310,5208.0
2016-01-22,1737,A,BUY,30.55,174,5315.7
2016-01-29,2419,A,BUY,21.2,840,17808.0
2016-02-03,3324,A,SELL,51.1,398,20337.8
2016-02-03,1527,A,SELL,63.4,260,16484.0
2016-02-03,1817,A,BUY,44.15,144,6357.599999999999
2016-02-03,6158,A,BUY,18.5,434,8029.0
2016-02-03,2345,A,BUY,33.25,182,6051.5
2016-02-19,2419,A,SELL,22.85,356,8134.6
2016-02-19,3526,A,BUY,29.0,381,11049.0
2016-02-19,6230,A,SELL,157.5,49,7717.5
2016-02-19,6158,A,SELL,21.75,744,16182.0
2016-02-19,1310,A,SELL,18.15,558,10127.699999999999
2016-02-19,2345,A,SELL,32.95,361,11894.95
2016-02-19,1737,A,SELL,31.4,290,9106.0
2016-02-19,1817,A,SELL,41.55,259,10761.449999999999
2016-02-19,3552,B,BUY,414.0,160,66240.0
2016-02-26,2345,A,SELL,32.35,336,10869.6
2016-02-26,6230,A,SELL,151.5,71,10756.5
2016-02-26,6158,A,SELL,18.85,509,9594.650000000001
2016-02-26,1310,A,SELL,18.3,609,11144.7
2016-02-26,1817,A,SELL,41.55,266,11052.3
2016-02-26,1737,A,SELL,31.0,352,10912.0
2016-02-26,6227,A,BUY,30.0,221,6630.0
2016-02-26,6139,A,BUY,26.8,247,6619.6
2016-02-26,3202,A,BUY,9.2,721,6633.2
2016-02-26,6213,A,BUY,26.6,249,6623.400000000001
2016-02-26,8049,A,BUY,14.35,462,6629.7
2016-02-26,2404,A,BUY,49.65,133,6603.45
2016-02-26,6024,A,BUY,32.65,203,6627.95
2016-02-26,3293,A,BUY,238.5,27,6439.5
2016-02-26,6189,A,BUY,34.1,194,6615.400000000001
2016-02-26,3324,A,BUY,69.0,96,6624.0
2016-02-26,2013,A,BUY,25.65,258,6617.7
2016-02-26,2419,A,SELL,23.8,205,4879.0
2016-02-26,3526,A,SELL,34.6,189,6539.400000000001
2016-02-26,8109,A,BUY,70.5,94,6627.0
2016-02-26,3605,A,BUY,38.95,170,6621.500000000001
2016-02-26,3293,B,BUY,238.5,37,8824.5
2016-02-26,3552,B,SELL,415.0,80,33200.0
2016-03-04,2419,A,SELL,24.75,279,6905.25
2016-03-04,6213,A,SELL,26.3,249,6548.7
2016-03-04,2013,A,SELL,25.7,258,6630.599999999999
2016-03-04,8109,A,SELL,71.9,94,6758.6
2016-03-04,3605,A,SELL,39.6,170,6732.0
2016-03-04,6266,A,BUY,15.45,436,6736.2
2016-03-04,3443,A,BUY,87.5,77,6737.5
2016-03-04,3293,A,SELL,247.5,36,8910.0
2016-03-04,8081,A,BUY,79.7,84,6694.8
2016-03-04,2449,A,BUY,27.1,249,6747.900000000001
2016-03-04,8996,A,BUY,61.5,109,6703.5
2016-03-04,3293,B,BUY,247.5,108,26730.0
2016-03-11,3526,A,SELL,34.5,192,6624.0
2016-03-11,6139,A,SELL,32.15,247,7941.049999999999
2016-03-11,8049,A,SELL,15.4,462,7114.8
2016-03-11,3293,A,SELL,243.0,136,33048.0
2016-03-11,6189,A,SELL,34.05,194,6605.7
2016-03-11,3324,A,SELL,81.8,96,7852.799999999999
2016-03-11,6266,A,SELL,15.7,436,6845.2
2016-03-11,3443,A,SELL,88.0,77,6776.0
2016-03-11,8081,A,SELL,77.9,84,6543.6
2016-03-11,8996,A,SELL,59.4,109,6474.599999999999
2016-03-11,4534,A,BUY,15.2,459,6976.799999999999
2016-03-11,1218,A,BUY,13.9,501,6963.900000000001
2016-03-11,5452,A,BUY,13.1,532,6969.2
2016-03-11,2481,A,BUY,19.4,359,6964.599999999999
2016-03-11,3038,A,BUY,13.6,513,6976.8
2016-03-11,2488,A,BUY,34.95,199,6955.05
2016-03-11,1611,A,BUY,10.15,687,6973.05
2016-03-11,3032,A,BUY,31.0,225,6975.0
2016-03-11,2373,A,BUY,56.0,124,6944.0
2016-03-11,5438,A,BUY,15.1,462,6976.2
2016-03-11,3293,B,BUY,243.0,143,34749.0
2016-03-18,2404,A,SELL,52.0,133,6916.0
2016-03-18,6024,A,SELL,37.25,203,7561.75
2016-03-18,2449,A,SELL,27.3,249,6797.7
2016-03-18,1218,A,SELL,13.15,501,6588.150000000001
2016-03-18,2481,A,SELL,18.5,359,6641.5
2016-03-18,2488,A,SELL,35.1,199,6984.900000000001
2016-03-18,1611,A,SELL,10.35,687,7110.45
2016-03-18,5438,A,SELL,14.7,462,6791.4
2016-03-18,6227,A,SELL,41.5,47,1950.5
2016-03-18,1735,A,BUY,14.7,490,7203.0
2016-03-18,6139,A,BUY,39.85,181,7212.85
2016-03-18,5015,A,BUY,21.85,330,7210.500000000001
2016-03-18,4533,A,BUY,17.2,419,7206.799999999999
2016-03-18,3310,A,BUY,15.3,471,7206.3
2016-03-18,2017,A,BUY,7.83,921,7211.43
2016-03-18,1235,A,BUY,24.35,296,7207.6
2016-03-18,1323,A,BUY,33.6,214,7190.400000000001
2016-03-25,6227,A,SELL,40.0,174,6960.0
2016-03-25,2373,A,SELL,56.0,124,6944.0
2016-03-25,1735,A,SELL,13.7,490,6713.0
2016-03-25,4533,A,SELL,16.7,419,6997.299999999999
2016-03-25,3310,A,SELL,14.6,471,6876.599999999999
2016-03-25,2017,A,SELL,7.49,921,6898.29
2016-03-25,1323,A,SELL,33.0,214,7062.0
2016-03-25,6234,A,BUY,29.1,249,7245.900000000001
2016-03-25,3032,A,SELL,40.6,46,1867.6000000000001
2016-03-25,6128,A,BUY,39.9,181,7221.9
2016-03-25,8064,A,BUY,20.8,348,7238.400000000001
2016-03-25,5403,A,BUY,27.5,263,7232.5
2016-03-25,3535,A,BUY,12.75,568,7242.0
2016-03-25,6213,A,BUY,27.95,259,7239.05
2016-03-25,3016,A,BUY,24.9,291,7245.9
2016-04-01,3202,A,SELL,9.51,721,6856.71
2016-04-01,5452,A,SELL,12.6,532,6703.2
2016-04-01,3038,A,SELL,13.4,513,6874.2
2016-04-01,6139,A,SELL,34.0,181,6154.0
2016-04-01,5015,A,SELL,21.95,330,7243.5
2016-04-01,1235,A,SELL,22.95,296,6793.2
2016-04-01,6160,A,BUY,23.9,308,7361.2
2016-04-01,4916,A,BUY,40.1,183,7338.3
2016-04-01,2511,A,BUY,12.05,612,7374.6
2016-04-01,2449,A,BUY,27.6,267,7369.200000000001
2016-04-01,3050,A,BUY,10.2,723,7374.599999999999
2016-04-01,2488,A,BUY,36.3,203,7368.9
2016-04-08,8064,A,SELL,19.2,348,6681.599999999999
2016-04-08,6213,A,SELL,28.1,259,7277.900000000001
2016-04-08,3016,A,SELL,26.95,291,7842.45
2016-04-08,2449,A,SELL,27.65,267,7382.549999999999
2016-04-08,1909,A,BUY,13.25,578,7658.5
2016-04-08,1604,A,BUY,13.85,553,7659.05
2016-04-08,6227,A,BUY,48.3,158,7631.4
2016-04-08,3293,A,SELL,297.0,117,34749.0
2016-04-08,3293,B,BUY,297.0,103,30591.0
2016-04-15,3032,A,SELL,41.25,179,7383.75
2016-04-15,6234,A,SELL,27.5,249,6847.5
2016-04-15,6128,A,SELL,39.6,181,7167.6
2016-04-15,3535,A,SELL,15.05,568,8548.4
2016-04-15,3050,A,SELL,10.05,723,7266.150000000001
2016-04-15,6227,A,SELL,43.0,158,6794.0
2016-04-15,4706,A,BUY,21.8,351,7651.8
2016-04-15,2444,A,BUY,16.25,470,7637.5
2016-04-15,6803,A,BUY,182.0,42,7644.0
2016-04-15,6266,A,BUY,18.3,418,7649.400000000001
2016-04-15,2373,A,BUY,56.6,135,7641.0
2016-04-15,5015,A,BUY,24.15,316,7631.4
2016-04-15,3202,A,BUY,11.0,695,7645.0
2016-04-22,5403,A,SELL,27.75,263,7298.25
2016-04-22,2511,A,SELL,11.75,612,7191.0
2016-04-22,4706,A,SELL,19.4,351,6809.4
2016-04-22,6803,A,SELL,175.5,42,7371.0
2016-04-22,2373,A,SELL,56.8,135,7668.0
2016-04-22,5015,A,SELL,24.45,316,7726.2
2016-04-22,3202,A,SELL,11.2,695,7783.999999999999
2016-04-22,4534,A,SELL,25.95,154,3996.2999999999997
2016-04-22,4721,A,BUY,39.95,198,7910.1
2016-04-22,2015,A,BUY,46.25,171,7908.75
2016-04-22,8210,A,BUY,52.8,149,7867.2
2016-04-22,1532,A,BUY,37.5,211,7912.5
2016-04-22,3526,A,BUY,45.35,174,7890.900000000001
2016-04-22,2010,A,BUY,10.95,722,7905.9
2016-04-22,3293,A,SELL,317.0,104,32968.0
2016-04-22,6213,A,BUY,29.55,267,7889.85
2016-04-22,3293,B,BUY,317.0,99,31383.0
2016-04-29,3552,B,SELL,577.0,80,46160.0
2016-04-29,3293,B,SELL,275.0,124,34100.0
2016-04-29,2444,A,SELL,15.3,470,7191.0
2016-04-29,2010,A,SELL,10.8,722,7797.6
2016-04-29,1532,A,BUY,38.15,120,4578.0
2016-04-29,4534,A,BUY,26.75,167,4467.25
2016-04-29,8210,A,BUY,52.4,92,4820.8
2016-04-29,6213,A,BUY,29.85,156,4656.6
2016-04-29,2015,A,BUY,45.5,106,4823.0
2016-04-29,6160,A,BUY,26.7,165,4405.5
2016-04-29,1909,A,BUY,13.5,358,4833.0
2016-04-29,2488,A,BUY,40.7,107,4354.900000000001
2016-04-29,1604,A,BUY,13.5,383,5170.5
2016-04-29,4916,A,BUY,43.2,109,4708.8
2016-04-29,3028,A,BUY,18.3,690,12627.0
2016-04-29,2449,A,BUY,28.5,443,12625.5
2016-04-29,4721,A,BUY,36.0,153,5508.0
2016-04-29,2511,A,BUY,11.8,1071,12637.800000000001
2016-04-29,3526,A,BUY,41.9,127,5321.3
2016-05-06,1604,A,SELL,13.4,936,12542.4
2016-05-06,6266,A,SELL,15.4,418,6437.2
2016-05-06,2015,A,SELL,44.75,277,12395.75
2016-05-06,3028,A,SELL,18.2,690,12558.0
2016-05-06,2449,A,SELL,27.9,443,12359.699999999999
2016-05-06,2511,A,SELL,11.35,1071,12155.85
2016-05-06,9911,A,BUY,23.0,547,12581.0
2016-05-06,3293,A,BUY,281.5,44,12386.0
2016-05-06,8996,A,BUY,61.3,205,12566.5
2016-05-06,3202,A,BUY,11.2,1124,12588.8
2016-05-06,5403,A,BUY,29.1,432,12571.2
2016-05-13,4916,A,SELL,39.95,292,11665.400000000001
2016-05-13,4721,A,SELL,32.85,351,11530.35
2016-05-13,8210,A,SELL,51.0,241,12291.0
2016-05-13,3526,A,SELL,34.2,301,10294.2
2016-05-13,3293,A,SELL,256.5,44,11286.0
2016-05-13,8996,A,SELL,63.6,205,13038.0
2016-05-13,5403,A,SELL,26.55,432,11469.6
2016-05-13,4736,A,BUY,147.5,80,11800.0
2016-05-13,1604,A,BUY,13.5,881,11893.5
2016-05-13,1235,A,BUY,23.5,506,11891.0
2016-05-13,2449,A,BUY,29.15,408,11893.199999999999
2016-05-13,3535,A,BUY,13.95,853,11899.349999999999
2016-05-13,6803,A,BUY,173.5,68,11798.0
2016-05-13,2351,A,BUY,33.75,352,11880.0
2016-05-20,1909,A,SELL,13.1,936,12261.6
2016-05-20,2449,A,SELL,27.8,408,11342.4
2016-05-20,3535,A,SELL,13.5,853,11515.5
2016-05-20,6803,A,SELL,173.0,68,11764.0
2016-05-20,8996,A,BUY,67.0,180,12060.0
2016-05-20,1225,A,BUY,32.45,373,12103.85
2016-05-20,8210,A,BUY,53.3,227,12099.099999999999
2016-05-20,2492,A,BUY,27.8,435,12093.0
2016-05-27,1532,A,SELL,37.75,331,12495.25
2016-05-27,1235,A,SELL,23.7,506,11992.199999999999
2016-05-27,3028,A,BUY,18.35,698,12808.300000000001
2016-05-27,4721,A,BUY,38.25,334,12775.5
2016-06-03,6213,A,SELL,30.3,423,12816.9
2016-06-03,1604,A,SELL,13.8,881,12157.800000000001
2016-06-03,2351,A,SELL,35.3,352,12425.599999999999
2016-06-03,8996,A,SELL,67.6,180,12167.999999999998
2016-06-03,8210,A,SELL,54.4,227,12348.8
2016-06-03,4721,A,SELL,35.6,334,11890.4
2016-06-03,5439,A,BUY,24.85,521,12946.85
2016-06-03,4973,A,BUY,23.1,561,12959.1
2016-06-03,1235,A,BUY,24.15,536,12944.4
2016-06-03,1323,A,BUY,34.25,378,12946.5
2016-06-03,2449,A,BUY,29.6,437,12935.2
2016-06-03,1532,A,BUY,36.95,350,12932.500000000002
2016-06-08,4736,A,SELL,149.5,80,11960.0
2016-06-08,3028,A,SELL,18.5,698,12913.0
2016-06-08,1235,A,SELL,24.1,536,12917.6
2016-06-08,1323,A,SELL,33.65,378,12719.699999999999
2016-06-08,1532,A,SELL,37.0,350,12950.0
2016-06-08,1215,A,BUY,32.7,402,13145.400000000001
2016-06-08,4916,A,BUY,52.3,251,13127.3
2016-06-08,8210,A,BUY,58.9,223,13134.699999999999
2016-06-08,6274,A,BUY,34.6,380,13148.0
2016-06-08,6213,A,BUY,31.0,364,11284.0
2016-06-17,6160,A,SELL,30.0,473,14190.0
2016-06-17,2488,A,SELL,49.55,310,15360.5
2016-06-17,2492,A,SELL,30.6,435,13311.0
2016-06-17,2449,A,SELL,29.7,437,12978.9
2016-06-17,3669,A,BUY,21.0,630,13230.0
2016-06-17,5426,A,BUY,12.6,1050,13230.0
2016-06-17,1909,A,BUY,14.6,906,13227.6
2016-06-17,5015,A,BUY,23.9,553,13216.699999999999
2016-06-24,3202,A,SELL,13.2,1124,14836.8
2016-06-24,5439,A,SELL,25.3,521,13181.300000000001
2016-06-24,4916,A,SELL,47.05,251,11809.55
2016-06-24,6213,A,SELL,31.8,364,11575.2
2016-06-24,5015,A,SELL,23.7,553,13106.1
2016-06-24,1210,A,BUY,28.85,449,12953.650000000001
2016-06-24,3092,A,BUY,25.8,502,12951.6
2016-06-24,4207,A,BUY,10.95,1183,12953.849999999999
2016-06-24,4551,A,BUY,113.5,114,12939.0
2016-06-24,2488,A,BUY,48.5,267,12949.5
2016-07-01,8210,A,SELL,58.6,223,13067.800000000001
2016-07-01,6274,A,SELL,33.95,380,12901.000000000002
2016-07-01,2488,A,SELL,53.2,267,14204.400000000001
2016-07-01,4534,A,SELL,37.0,101,3737.0
2016-07-01,5439,A,BUY,27.85,492,13702.2
2016-07-01,1532,A,BUY,39.8,344,13691.199999999999
2016-07-07,4534,A,SELL,37.0,371,13727.0
2016-07-07,4973,A,SELL,23.45,561,13155.449999999999
2016-07-07,4551,A,SELL,115.5,114,13167.0
2016-07-07,3555,A,BUY,38.0,219,8322.0
2016-07-07,3669,A,SELL,24.15,284,6858.599999999999
2016-07-07,6271,A,BUY,118.0,70,8260.0
2016-07-07,5013,A,BUY,23.2,360,8352.0
2016-07-07,1225,A,SELL,45.75,190,8692.5
2016-07-07,3092,A,SELL,34.3,258,8849.4
2016-07-07,9911,A,SELL,28.85,257,7414.450000000001
2016-07-07,3028,A,BUY,17.2,485,8342.0
2016-07-07,1909,A,SELL,15.3,360,5508.0
2016-07-07,4207,A,SELL,11.75,472,5546.0
2016-07-07,5439,A,SELL,28.0,193,5404.0
2016-07-07,5426,A,SELL,12.55,384,4819.200000000001
2016-07-07,1532,A,SELL,37.3,120,4476.0
2016-07-07,1210,A,SELL,29.4,164,4821.599999999999
2016-07-07,1215,A,SELL,37.55,179,6721.45
2016-07-07,2412,B,BUY,118.0,707,83426.0
2016-07-15,1215,A,SELL,36.15,223,8061.45
2016-07-15,3669,A,SELL,21.15,346,7317.9
2016-07-15,1210,A,SELL,28.4,285,8094.0
2016-07-15,4207,A,SELL,11.55,711,8212.050000000001
2016-07-15,5439,A,SELL,27.7,299,8282.3
2016-07-15,1532,A,SELL,33.6,224,7526.400000000001
2016-07-15,3028,A,SELL,17.0,485,8245.0
2016-07-15,2450,A,BUY,52.0,164,8528.0
2016-07-15,5484,A,BUY,7.17,1190,8532.3
2016-07-15,1717,A,BUY,35.35,241,8519.35
2016-07-15,6190,A,BUY,7.97,1070,8527.9
2016-07-15,6803,A,BUY,187.5,45,8437.5
2016-07-15,6274,A,BUY,40.2,212,8522.400000000001
2016-07-15,4916,A,BUY,53.0,161,8533.0
2016-07-22,1225,A,SELL,51.2,183,9369.6
2016-07-22,1909,A,SELL,15.7,546,8572.199999999999
2016-07-22,3092,A,SELL,36.7,244,8954.800000000001
2016-07-22,6271,A,SELL,117.5,70,8225.0
2016-07-22,5013,A,SELL,25.5,360,9180.0
2016-07-22,1717,A,SELL,33.3,241,8025.299999999999
2016-07-22,6274,A,SELL,42.4,212,8988.8
2016-07-22,4916,A,SELL,52.2,161,8404.2
2016-07-22,1604,A,BUY,15.95,529,8437.55
2016-07-22,5403,A,BUY,30.8,274,8439.2
2016-07-22,8358,A,BUY,24.05,351,8441.550000000001
2016-07-22,6127,A,BUY,12.2,692,8442.4
2016-07-22,1515,A,BUY,15.55,543,8443.65
2016-07-22,9925,A,BUY,42.05,200,8410.0
2016-07-22,6218,A,BUY,23.6,357,8425.2
2016-07-22,2427,A,BUY,7.63,1107,8446.41
2016-07-29,6190,A,SELL,8.18,1070,8752.6
2016-07-29,6803,A,SELL,181.5,45,8167.5
2016-07-29,8358,A,SELL,23.1,351,8108.1
2016-07-29,9925,A,SELL,41.7,200,8340.0
2016-07-29,6218,A,SELL,21.75,357,7764.75
2016-07-29,2427,A,SELL,7.51,1107,8313.57
2016-07-29,3559,A,BUY,23.55,349,8218.95
2016-07-29,5013,A,BUY,26.5,310,8215.0
2016-07-29,3702,A,BUY,40.6,202,8201.2
2016-07-29,3167,A,BUY,33.5,245,8207.5
2016-07-29,3050,A,BUY,12.0,686,8232.0
2016-07-29,8074,A,BUY,32.4,254,8229.6
2016-08-05,9911,A,SELL,33.6,290,9744.0
2016-08-05,5426,A,SELL,13.3,666,8857.800000000001
2016-08-05,3555,A,SELL,37.7,219,8256.300000000001
2016-08-05,2412,B,SELL,115.0,707,81305.0
2016-08-05,2450,A,SELL,53.5,164,8774.0
2016-08-05,5484,A,SELL,7.2,1190,8568.0
2016-08-05,1604,A,SELL,17.9,529,9469.099999999999
2016-08-05,6127,A,SELL,11.8,692,8165.6
2016-08-05,1515,A,SELL,14.45,543,7846.349999999999
2016-08-05,3702,A,SELL,39.05,202,7888.099999999999
2016-08-05,3167,A,SELL,29.8,245,7301.0
2016-08-05,8074,A,SELL,33.1,254,8407.4
2016-08-05,5434,A,BUY,83.5,164,13694.0
2016-08-05,3559,A,BUY,23.65,232,5486.799999999999
2016-08-05,1522,A,BUY,34.6,397,13736.2
2016-08-05,6191,A,BUY,8.9,1545,13750.5
2016-08-05,3706,A,BUY,28.8,477,13737.6
2016-08-05,8070,A,BUY,113.0,121,13673.0
2016-08-05,4999,A,BUY,56.5,243,13729.5
2016-08-05,3050,A,BUY,13.2,356,4699.2
2016-08-05,5403,A,BUY,31.85,157,5000.45
2016-08-05,2328,A,BUY,16.5,833,13744.5
2016-08-05,2421,A,BUY,27.55,499,13747.45
2016-08-05,5013,A,BUY,26.55,208,5522.400000000001
2016-08-05,5439,A,BUY,31.35,438,13731.300000000001
2016-08-05,6190,A,BUY,8.48,1622,13754.560000000001
2016-08-05,8358,A,BUY,24.45,562,13740.9
2016-08-12,5403,A,SELL,30.85,431,13296.35
2016-08-12,5013,A,SELL,26.1,518,13519.800000000001
2016-08-12,3050,A,SELL,12.55,1042,13077.1
2016-08-12,5434,A,SELL,80.1,164,13136.4
2016-08-12,1522,A,SELL,33.4,397,13259.8
2016-08-12,6191,A,SELL,8.66,1545,13379.7
2016-08-12,8070,A,SELL,115.0,121,13915.0
2016-08-12,2421,A,SELL,26.4,499,13173.599999999999
2016-08-12,5439,A,SELL,31.0,438,13578.0
2016-08-12,6451,A,BUY,135.0,61,8235.0
2016-08-12,2439,A,BUY,115.5,71,8200.5
2016-08-12,3706,A,SELL,29.4,196,5762.4
2016-08-12,3324,A,BUY,106.0,77,8162.0
2016-08-12,3559,A,SELL,23.65,231,5463.15
2016-08-12,6190,A,SELL,9.45,747,7059.15
2016-08-12,2328,A,SELL,17.4,358,6229.2
2016-08-12,2809,A,BUY,26.55,311,8257.050000000001
2016-08-12,3526,A,BUY,66.6,124,8258.4
2016-08-12,9911,A,BUY,37.4,220,8228.0
2016-08-12,8358,A,SELL,26.95,255,6872.25
2016-08-12,4532,A,BUY,31.5,262,8253.0
2016-08-12,3653,A,BUY,59.3,139,8242.699999999999
2016-08-12,2415,A,BUY,17.6,469,8254.400000000001
2016-08-12,4999,A,SELL,55.4,93,5152.2
2016-08-12,2439,B,BUY,115.5,644,74382.0
2016-08-19,3324,A,SELL,97.0,77,7469.0
2016-08-19,9911,A,SELL,36.25,220,7975.0
2016-08-19,3653,A,SELL,58.3,139,8103.7
2016-08-19,2415,A,SELL,17.7,469,8301.3
2016-08-19,6124,A,BUY,34.25,245,8391.25
2016-08-19,1569,A,BUY,19.55,430,8406.5
2016-08-19,1522,A,BUY,35.9,234,8400.6
2016-08-19,2439,A,SELL,116.5,642,74793.0
2016-08-19,2029,A,BUY,25.7,327,8403.9
2016-08-19,2439,B,BUY,116.5,649,75608.5
2016-08-26,4999,A,SELL,57.3,150,8595.0
2016-08-26,8358,A,SELL,26.4,307,8104.799999999999
2016-08-26,2439,A,SELL,115.0,722,83030.0
2016-08-26,2809,A,SELL,27.4,311,8521.4
2016-08-26,3526,A,SELL,70.9,124,8791.6
2016-08-26,1522,A,SELL,35.9,234,8400.6
2016-08-26,2328,A,SELL,24.1,121,2916.1000000000004
2016-08-26,2023,A,BUY,9.95,856,8517.199999999999
2016-08-26,4551,A,BUY,143.0,59,8437.0
2016-08-26,5484,A,BUY,8.74,974,8512.76
2016-08-26,6201,A,BUY,36.4,234,8517.6
2016-08-26,1568,A,BUY,34.3,248,8506.4
2016-08-26,2489,A,BUY,23.8,357,8496.6
2016-08-26,2439,B,BUY,115.0,740,85100.0
2016-09-02,3559,A,SELL,23.55,350,8242.5
2016-09-02,6451,A,SELL,143.0,61,8723.0
2016-09-02,6124,A,SELL,34.35,245,8415.75
2016-09-02,1569,A,SELL,19.55,430,8406.5
2016-09-02,2029,A,SELL,25.75,327,8420.25
2016-09-02,5484,A,SELL,8.69,974,8464.06
2016-09-02,6201,A,SELL,33.8,234,7909.199999999999
2016-09-02,1568,A,SELL,33.6,248,8332.800000000001
2016-09-02,2489,A,SELL,23.4,357,8353.8
2016-09-02,2017,A,BUY,8.63,966,8336.58
2016-09-02,3056,A,BUY,20.5,407,8343.5
2016-09-02,6190,A,SELL,12.05,182,2193.1
2016-09-02,2415,A,BUY,19.1,436,8327.6
2016-09-02,3526,A,BUY,83.0,100,8300.0
2016-09-02,4956,A,BUY,21.3,391,8328.300000000001
2016-09-02,1218,A,BUY,14.85,561,8330.85
2016-09-02,8069,A,BUY,23.1,361,8339.1
2016-09-02,3305,A,BUY,28.75,290,8337.5
2016-09-02,1773,A,BUY,47.6,175,8330.0
2016-09-02,2439,B,SELL,112.5,369,41512.5
2016-09-02,3324,B,BUY,97.8,426,41662.799999999996
2016-09-09,3706,A,SELL,32.05,281,9006.05
2016-09-09,2017,A,SELL,8.45,966,8162.699999999999
2016-09-09,3056,A,SELL,20.15,407,8201.05
2016-09-09,3526,A,SELL,88.5,100,8850.0
2016-09-09,4956,A,SELL,22.45,391,8777.949999999999
2016-09-09,8069,A,SELL,22.7,361,8194.699999999999
2016-09-09,3305,A,SELL,30.05,290,8714.5
2016-09-09,1773,A,SELL,47.95,175,8391.25
2016-09-09,3005,A,BUY,32.6,267,8704.2
2016-09-09,2505,A,BUY,13.85,628,8697.8
2016-09-09,6191,A,BUY,10.3,845,8703.5
2016-09-09,1568,A,BUY,39.15,222,8691.3
2016-09-09,1569,A,BUY,22.6,385,8701.0
2016-09-09,5434,A,BUY,89.8,96,8620.8
2016-09-09,6451,A,BUY,168.0,51,8568.0
2016-09-14,4551,A,SELL,143.5,59,8466.5
2016-09-14,6191,A,SELL,9.88,845,8348.6
2016-09-14,1568,A,SELL,37.2,222,8258.400000000001
2016-09-14,1569,A,SELL,20.35,385,7834.750000000001
2016-09-14,5434,A,SELL,85.2,96,8179.200000000001
2016-09-14,6451,A,SELL,157.0,51,8007.0
2016-09-14,2371,A,BUY,6.64,1244,8260.16
2016-09-14,4711,A,BUY,23.0,359,8257.0
2016-09-14,6220,A,BUY,25.05,329,8241.45
2016-09-14,4956,A,BUY,24.85,332,8250.2
2016-09-14,8070,A,BUY,129.0,64,8256.0
2016-09-14,5403,A,BUY,33.45,246,8228.7
2016-09-14,3056,A,BUY,19.7,419,8254.3
2016-09-23,4956,A,SELL,23.1,332,7669.200000000001
2016-09-23,5403,A,SELL,33.0,246,8118.0
2016-09-23,6127,A,BUY,13.7,649,8891.3
2016-09-23,8374,A,BUY,17.5,508,8890.0
2016-09-23,2377,B,BUY,79.8,83,6623.4
2016-09-23,2439,B,SELL,119.5,122,14579.0
2016-09-23,3324,B,SELL,104.0,140,14560.0
2016-09-30,6190,A,SELL,13.05,693,9043.65
2016-09-30,2505,A,SELL,13.6,628,8540.8
2016-09-30,8374,A,SELL,16.3,508,8280.4
2016-09-30,6412,A,BUY,42.95,208,8933.6
2016-09-30,2462,A,BUY,20.7,432,8942.4
2016-09-30,3217,A,BUY,18.0,497,8946.0
2016-09-30,2377,B,BUY,81.5,191,15566.5
2016-09-30,2328,B,BUY,29.25,411,12021.75
2016-09-30,2439,B,SELL,123.0,67,8241.0
2016-09-30,3324,B,SELL,105.5,73,7701.5
2016-10-07,4532,A,SELL,37.15,262,9733.3
2016-10-07,2023,A,SELL,10.8,856,9244.800000000001
2016-10-07,2415,A,SELL,21.65,436,9439.4
2016-10-07,2371,A,SELL,7.31,1244,9093.64
2016-10-07,4711,A,SELL,22.8,359,8185.2
2016-10-07,3056,A,SELL,19.95,419,8359.05
2016-10-07,6127,A,SELL,13.65,649,8858.85
2016-10-07,2462,A,SELL,20.25,432,8748.0
2016-10-07,3058,A,BUY,10.55,852,8988.6
2016-10-07,3305,A,BUY,32.7,275,8992.5
2016-10-07,6108,A,BUY,21.5,418,8987.0
2016-10-07,5013,A,BUY,29.15,308,8978.199999999999
2016-10-07,6190,A,BUY,12.85,700,8995.0
2016-10-07,2328,A,SELL,29.4,458,13465.199999999999
2016-10-07,5465,A,BUY,15.85,567,8986.949999999999
2016-10-07,8110,A,BUY,11.4,789,8994.6
2016-10-07,8374,A,BUY,17.35,518,8987.300000000001
2016-10-07,2328,B,BUY,29.4,458,13465.199999999999
2016-10-14,2328,A,SELL,27.1,765,20731.5
2016-10-14,3324,B,SELL,90.7,213,19319.100000000002
2016-10-14,8070,A,SELL,134.0,64,8576.0
2016-10-14,3058,A,SELL,10.2,852,8690.4
2016-10-14,3305,A,SELL,30.6,275,8415.0
2016-10-14,6190,A,SELL,11.2,700,7839.999999999999
2016-10-14,5465,A,SELL,13.9,567,7881.3
2016-10-14,8110,A,SELL,10.05,789,7929.450000000001
2016-10-14,8374,A,SELL,13.6,518,7044.8
2016-10-14,6220,A,SELL,33.8,79,2670.2
2016-10-14,6161,A,BUY,8.69,970,8429.3
2016-10-14,6191,A,BUY,10.35,814,8424.9
2016-10-14,1232,A,BUY,84.2,100,8420.0
2016-10-14,1773,A,BUY,48.3,174,8404.199999999999
2016-10-14,2489,A,BUY,24.5,344,8428.0
2016-10-14,2023,A,BUY,10.45,807,8433.15
2016-10-14,8069,A,BUY,24.8,340,8432.0
2016-10-14,2371,A,BUY,7.32,1152,8432.64
2016-10-14,2328,B,BUY,27.1,1037,28102.7
2016-10-21,3217,A,SELL,17.45,497,8672.65
2016-10-21,5013,A,SELL,28.5,308,8778.0
2016-10-21,1232,A,SELL,86.5,100,8650.0
2016-10-21,1215,A,BUY,46.55,187,8704.85
2016-10-21,2029,A,BUY,28.65,304,8709.6
2016-10-21,3005,A,SELL,42.15,59,2486.85
2016-10-21,2354,A,BUY,96.4,90,8676.0
2016-10-21,2439,B,BUY,116.5,67,7805.5
2016-10-28,1218,A,SELL,16.8,561,9424.800000000001
2016-10-28,6108,A,SELL,22.2,418,9279.6
2016-10-28,6191,A,SELL,10.85,814,8831.9
2016-10-28,2489,A,SELL,24.85,344,8548.4
2016-10-28,2354,A,SELL,91.5,90,8235.0
2016-10-28,1603,A,BUY,14.85,602,8939.699999999999
2016-10-28,1604,A,BUY,19.8,451,8929.800000000001
2016-10-28,2103,A,BUY,33.55,266,8924.3
2016-10-28,1304,A,BUY,15.6,573,8938.8
2016-10-28,8070,A,BUY,149.5,59,8820.5
2016-11-04,2439,B,SELL,115.0,249,28635.0
2016-11-04,6161,A,SELL,8.74,970,8477.800000000001
2016-11-04,8069,A,SELL,24.7,340,8398.0
2016-11-04,1604,A,SELL,19.1,451,8614.1
2016-11-04,2103,A,SELL,31.55,266,8392.300000000001
2016-11-04,1304,A,SELL,15.05,573,8623.65
2016-11-04,1569,A,BUY,26.5,321,8506.5
2016-11-04,6108,A,BUY,21.8,390,8502.0
2016-11-04,2415,A,BUY,22.3,382,8518.6
2016-11-04,3217,A,BUY,18.2,468,8517.6
2016-11-04,6191,A,BUY,10.5,811,8515.5
2016-11-04,2377,B,BUY,83.9,233,19548.7
2016-11-04,2328,B,BUY,27.0,541,14607.0
2016-11-11,3005,A,SELL,38.0,208,7904.0
2016-11-11,2328,B,SELL,24.8,1578,39134.4
2016-11-11,6191,A,SELL,10.4,811,8434.4
2016-11-11,2029,A,SELL,34.1,61,2080.1
2016-11-11,6412,A,SELL,50.8,45,2286.0
2016-11-11,1304,A,BUY,15.5,533,8261.5
2016-11-11,8110,A,BUY,11.2,738,8265.6
2016-11-11,2377,B,BUY,82.2,499,41017.8
2016-11-18,2377,B,SELL,87.5,1006,88025.0
2016-11-18,6412,A,SELL,48.1,163,7840.3
2016-11-18,1215,A,SELL,43.65,187,8162.55
2016-11-18,8070,A,SELL,137.0,59,8083.0
2016-11-18,8110,A,SELL,10.85,738,8007.3
2016-11-18,5014,A,BUY,8.73,1715,14971.95
2016-11-18,2029,A,BUY,35.85,174,6237.900000000001
2016-11-18,1603,A,BUY,17.3,263,4549.900000000001
2016-11-18,2014,A,BUY,9.6,1560,14976.0
2016-11-18,2024,A,BUY,8.49,1764,14976.36
2016-11-18,2371,A,BUY,9.56,414,3957.84
2016-11-18,6108,A,BUY,24.45,222,5427.9
2016-11-18,1773,A,BUY,51.8,115,5957.0
2016-11-18,2023,A,BUY,12.5,391,4887.5
2016-11-18,2415,A,BUY,24.5,229,5610.5
2016-11-18,6161,A,BUY,9.33,1605,14974.65
2016-11-18,1569,A,BUY,29.5,186,5487.0
2016-11-18,1304,A,BUY,15.9,409,6503.1
2016-11-18,3217,A,BUY,19.75,290,5727.5
2016-11-25,1773,A,SELL,52.1,289,15056.9
2016-11-25,2023,A,SELL,12.25,1198,14675.5
2016-11-25,6108,A,SELL,23.8,612,14565.6
2016-11-25,2415,A,SELL,24.15,611,14755.65
2016-11-25,3217,A,SELL,19.35,758,14667.300000000001
2016-11-25,1304,A,SELL,15.65,942,14742.300000000001
2016-11-25,6161,A,SELL,9.56,1605,15343.800000000001
2016-11-25,3406,A,BUY,94.5,151,14269.5
2016-11-25,3040,A,BUY,34.95,409,14294.550000000001
2016-11-25,8042,A,BUY,60.8,235,14288.0
2016-11-25,1312,A,BUY,20.2,708,14301.6
2016-11-25,1310,A,BUY,20.2,708,14301.6
2016-11-25,2612,A,BUY,32.5,440,14300.0
2016-11-25,8183,A,BUY,12.85,1113,14302.05
2016-12-02,2371,A,SELL,9.67,1566,15143.22
2016-12-02,2029,A,SELL,38.0,417,15846.0
2016-12-02,1569,A,SELL,32.65,507,16553.55
2016-12-02,2014,A,SELL,10.4,1560,16224.0
2016-12-02,2024,A,SELL,8.57,1764,15117.480000000001
2016-12-02,8042,A,SELL,61.7,235,14499.5
2016-12-02,1312,A,SELL,22.0,708,15576.0
2016-12-02,2612,A,SELL,31.25,440,13750.0
2016-12-02,8183,A,SELL,14.2,1113,15804.599999999999
2016-12-02,2816,A,BUY,16.75,865,14488.75
2016-12-02,2477,A,BUY,17.95,808,14503.599999999999
2016-12-02,2823,A,BUY,35.5,408,14484.0
2016-12-02,2888,A,BUY,8.23,1762,14501.26
2016-12-02,2852,A,BUY,13.7,1058,14494.599999999999
2016-12-02,3290,A,BUY,15.1,960,14496.0
2016-12-02,6161,A,BUY,10.8,1342,14493.6
2016-12-02,2031,A,BUY,22.5,644,14490.0
2016-12-02,2546,A,BUY,16.8,863,14498.400000000001
2016-12-09,6220,A,SELL,54.3,250,13575.0
2016-12-09,3406,A,SELL,100.0,151,15100.0
2016-12-09,2477,A,SELL,16.95,808,13695.599999999999
2016-12-09,2823,A,SELL,31.85,408,12994.800000000001
2016-12-09,2888,A,SELL,8.07,1762,14219.34
2016-12-09,2852,A,SELL,13.5,1058,14283.0
2016-12-09,3290,A,SELL,15.2,960,14592.0
2016-12-09,2546,A,SELL,17.1,863,14757.300000000001
2016-12-09,1582,A,BUY,62.2,252,15674.400000000001
2016-12-09,2204,A,BUY,27.2,577,15694.4
2016-12-09,2616,A,BUY,28.15,558,15707.699999999999
2016-12-09,3455,A,BUY,46.4,338,15683.199999999999
2016-12-09,9940,A,BUY,33.25,472,15694.0
2016-12-09,6164,A,BUY,14.85,1058,15711.3
2016-12-09,1312,A,BUY,22.45,700,15715.0
2016-12-09,2029,A,BUY,38.55,407,15689.849999999999
2016-12-16,1310,A,SELL,20.75,708,14691.0
2016-12-16,2816,A,SELL,15.65,865,13537.25
2016-12-16,2031,A,SELL,22.8,644,14683.2
2016-12-16,2204,A,SELL,26.7,577,15405.9
2016-12-16,3455,A,SELL,45.8,338,15480.4
2016-12-16,9940,A,SELL,32.95,472,15552.400000000001
2016-12-16,1312,A,SELL,21.1,700,14770.000000000002
2016-12-16,2029,A,SELL,37.45,407,15242.150000000001
2016-12-16,4906,A,BUY,25.6,608,15564.800000000001
2016-12-16,6005,A,BUY,9.42,1654,15580.68
2016-12-16,3406,A,BUY,117.5,132,15510.0
2016-12-16,2034,A,BUY,29.15,534,15566.099999999999
2016-12-16,3532,A,BUY,64.6,241,15568.599999999999
2016-12-16,4714,A,BUY,14.8,1053,15584.400000000001
2016-12-16,6108,A,BUY,27.4,568,15563.199999999999
2016-12-16,3615,A,BUY,23.75,656,15580.0
2016-12-23,2616,A,SELL,27.85,558,15540.300000000001
2016-12-23,6164,A,SELL,13.95,1058,14759.099999999999
2016-12-23,4906,A,SELL,23.4,608,14227.199999999999
2016-12-23,2034,A,SELL,27.35,534,14604.900000000001
2016-12-23,4714,A,SELL,14.7,1053,15479.099999999999
2016-12-23,6108,A,SELL,26.55,568,15080.4
2016-12-23,3615,A,SELL,21.75,656,14268.0
2016-12-23,8059,A,BUY,14.95,1009,15084.55
2016-12-23,9937,A,BUY,39.85,378,15063.300000000001
2016-12-23,8358,A,BUY,37.2,405,15066.000000000002
2016-12-23,3290,A,BUY,16.0,943,15088.0
2016-12-23,2204,A,BUY,26.5,569,15078.5
2016-12-23,2467,A,BUY,18.5,815,15077.5
2016-12-23,5534,A,BUY,63.2,238,15041.6
2016-12-30,1603,A,SELL,22.8,865,19722.0
2016-12-30,1582,A,SELL,63.0,252,15876.0
2016-12-30,3406,A,SELL,112.0,132,14784.0
2016-12-30,3290,A,SELL,15.9,943,14993.7
2016-12-30,2204,A,SELL,26.2,569,14907.8
2016-12-30,5534,A,SELL,63.6,238,15136.800000000001
2016-12-30,8938,A,BUY,25.05,618,15480.9
2016-12-30,3615,A,BUY,24.8,624,15475.2
2016-12-30,6220,A,BUY,60.1,257,15445.7
2016-12-30,1513,A,BUY,19.35,800,15480.000000000002
2016-12-30,6108,A,BUY,27.35,566,15480.1
2016-12-30,4714,A,BUY,15.35,1009,15488.15
2017-01-06,6161,A,SELL,11.55,1342,15500.1
2017-01-06,6005,A,SELL,9.3,1654,15382.2
2017-01-06,3532,A,SELL,65.1,241,15689.099999999999
2017-01-06,3615,A,SELL,24.6,624,15350.400000000001
2017-01-06,4714,A,SELL,14.05,1009,14176.45
2017-01-06,1904,A,BUY,15.25,1034,15768.5
2017-01-06,6139,A,BUY,36.65,430,15759.5
2017-01-06,8183,A,BUY,16.4,961,15760.399999999998
2017-01-06,1582,A,BUY,64.0,246,15744.0
2017-01-06,3290,A,BUY,16.2,973,15762.599999999999
2017-01-13,8059,A,SELL,14.0,1009,14126.0
2017-01-13,2467,A,SELL,20.1,815,16381.500000000002
2017-01-13,6220,A,SELL,60.3,257,15497.099999999999
2017-01-13,6108,A,SELL,26.4,566,14942.4
2017-01-13,1582,A,SELL,62.3,246,15325.8
2017-01-13,3290,A,SELL,15.6,973,15178.8
2017-01-13,6175,A,BUY,16.8,915,15372.0
2017-01-13,2204,A,BUY,28.2,545,15369.0
2017-01-13,1909,A,BUY,20.45,752,15378.4
2017-01-13,2820,A,BUY,13.2,1165,15378.0
2017-01-13,3217,A,BUY,24.75,621,15369.75
2017-01-13,2616,A,BUY,28.75,535,15381.25
2017-01-20,5014,A,SELL,10.0,1715,17150.0
2017-01-20,9937,A,SELL,38.65,378,14609.699999999999
2017-01-20,8938,A,SELL,26.1,618,16129.800000000001
2017-01-20,1513,A,SELL,20.6,800,16480.0
2017-01-20,1904,A,SELL,14.5,1034,14993.0
2017-01-20,6139,A,SELL,35.95,430,15458.500000000002
2017-01-20,2820,A,SELL,13.05,1165,15203.25
2017-01-20,2616,A,SELL,28.75,535,15381.25
2017-01-20,5305,A,BUY,29.1,537,15626.7
2017-01-20,8249,A,BUY,23.4,667,15607.8
2017-01-20,3406,A,BUY,148.5,105,15592.5
2017-01-20,4974,A,BUY,40.35,387,15615.45
2017-01-20,2337,A,BUY,6.28,2488,15624.640000000001
2017-01-20,3532,A,BUY,69.9,223,15587.7
2017-01-20,8085,A,BUY,5.85,2671,15625.349999999999
2017-01-20,1541,A,BUY,60.1,260,15626.0
2017-01-24,3217,A,SELL,24.6,621,15276.6
2017-01-24,3532,A,SELL,69.1,223,15409.3
2017-01-24,8085,A,SELL,6.0,2671,16026.0
2017-01-24,6156,A,BUY,23.45,680,15946.0
2017-01-24,2442,A,BUY,9.27,1720,15944.4
2017-01-24,5328,A,BUY,8.16,1955,15952.800000000001
2017-02-03,3040,A,SELL,40.45,409,16544.050000000003
2017-02-03,8358,A,SELL,43.7,405,17698.5
2017-02-03,8249,A,SELL,23.5,667,15674.5
2017-02-03,1541,A,SELL,61.6,260,16016.0
2017-02-03,3027,A,BUY,16.0,1022,16352.0
2017-02-03,3406,A,SELL,208.0,26,5408.0
2017-02-03,2344,A,BUY,12.35,1324,16351.4
2017-02-03,8183,A,SELL,21.7,206,4470.2
2017-02-03,2014,A,BUY,12.5,1308,16350.0
2017-02-03,2546,A,BUY,18.35,891,16349.85
2017-02-10,6175,A,SELL,18.35,915,16790.25
2017-02-10,2204,A,SELL,28.5,545,15532.5
2017-02-10,5305,A,SELL,32.65,537,17533.05
2017-02-10,3406,A,SELL,187.0,79,14773.0
2017-02-10,6156,A,SELL,24.5,680,16660.0
2017-02-10,2442,A,SELL,8.08,1720,13897.6
2017-02-10,5328,A,SELL,7.93,1955,15503.15
2017-02-10,3027,A,SELL,16.75,1022,17118.5
2017-02-10,2344,A,SELL,11.65,1324,15424.6
2017-02-10,2014,A,SELL,12.4,1308,16219.2
2017-02-10,2546,A,SELL,19.05,891,16973.55
2017-02-10,5521,A,BUY,11.35,896,10169.6
2017-02-10,5871,A,BUY,62.1,163,10122.300000000001
2017-02-10,1439,A,BUY,24.9,408,10159.199999999999
2017-02-10,8358,A,BUY,51.2,198,10137.6
2017-02-10,5340,A,BUY,7.01,1451,10171.51
2017-02-10,2337,A,SELL,8.5,1291,10973.5
2017-02-10,6283,A,BUY,43.8,232,10161.599999999999
2017-02-10,4974,A,SELL,42.55,147,6254.849999999999
2017-02-10,2404,A,BUY,55.8,182,10155.6
2017-02-10,1909,A,SELL,29.7,409,12147.3
2017-02-10,1437,A,BUY,19.8,513,10157.4
2017-02-10,8183,A,SELL,24.2,334,8082.8
2017-02-10,6196,A,BUY,31.95,318,10160.1
2017-02-10,1808,A,BUY,37.35,272,10159.2
2017-02-10,1103,A,BUY,11.25,904,10170.0
2017-02-10,3406,B,BUY,187.0,271,50677.0
2017-02-10,6488,B,BUY,168.5,301,50718.5
2017-02-17,8183,A,SELL,23.35,421,9830.35
2017-02-17,1909,A,SELL,29.0,343,9947.0
2017-02-17,4974,A,SELL,42.5,240,10200.0
2017-02-17,2337,A,SELL,8.62,1197,10318.14
2017-02-17,5871,A,SELL,62.5,163,10187.5
2017-02-17,8358,A,SELL,56.0,198,11088.0
2017-02-17,5340,A,SELL,7.49,1451,10867.99
2017-02-17,6196,A,SELL,32.75,318,10414.5
2017-02-17,1808,A,SELL,39.0,272,10608.0
2017-02-17,1103,A,SELL,10.85,904,9808.4
2017-02-17,5014,A,BUY,17.0,644,10948.0
2017-02-17,3296,A,BUY,18.0,608,10944.0
2017-02-17,6015,A,BUY,7.56,1449,10954.439999999999
2017-02-17,3092,A,BUY,53.8,203,10921.4
2017-02-17,3105,A,BUY,130.0,84,10920.0
2017-02-17,3532,A,BUY,108.0,101,10908.0
2017-02-17,5306,A,BUY,138.0,79,10902.0
2017-02-17,2605,A,BUY,23.05,475,10948.75
2017-02-17,1616,A,BUY,7.18,1526,10956.68
2017-02-24,5521,A,SELL,11.8,896,10572.800000000001
2017-02-24,1439,A,SELL,24.5,408,9996.0
2017-02-24,6283,A,SELL,46.15,232,10706.8
2017-02-24,2404,A,SELL,59.5,182,10829.0
2017-02-24,1437,A,SELL,19.3,513,9900.9
2017-02-24,6015,A,SELL,7.33,1449,10621.17
2017-02-24,3092,A,SELL,48.1,203,9764.300000000001
2017-02-24,3105,A,SELL,130.5,84,10962.0
2017-02-24,3532,A,SELL,98.5,101,9948.5
2017-02-24,5306,A,SELL,135.5,79,10704.5
2017-02-24,1616,A,SELL,7.22,1526,11017.72
2017-02-24,3011,A,BUY,10.1,1060,10706.0
2017-02-24,3443,A,BUY,102.0,104,10608.0
2017-02-24,3018,A,BUY,23.1,463,10695.300000000001
2017-02-24,5871,A,BUY,65.9,162,10675.800000000001
2017-02-24,2459,A,BUY,39.2,273,10701.6
2017-02-24,6196,A,BUY,34.55,309,10675.949999999999
2017-02-24,3040,A,BUY,41.75,256,10688.0
2017-02-24,6207,A,BUY,26.55,403,10699.65
2017-02-24,2331,A,BUY,22.65,472,10690.8
2017-02-24,5371,A,BUY,43.35,246,10664.1
2017-02-24,2820,A,BUY,13.8,775,10695.0
2017-02-24,2493,A,BUY,29.45,363,10690.35
2017-03-03,3296,A,SELL,19.35,608,11764.800000000001
2017-03-03,2605,A,SELL,25.3,475,12017.5
2017-03-03,2459,A,SELL,39.25,273,10715.25
2017-03-03,6196,A,SELL,34.15,309,10552.35
2017-03-03,3040,A,SELL,41.35,256,10585.6
2017-03-03,2820,A,SELL,13.9,775,10772.5
2017-03-03,2022,A,BUY,6.9,1514,10446.6
2017-03-03,5340,A,BUY,9.12,1145,10442.4
2017-03-03,1909,A,BUY,34.0,307,10438.0
2017-03-03,1905,A,BUY,11.9,878,10448.2
2017-03-03,2313,A,BUY,20.2,517,10443.4
2017-03-03,3645,A,BUY,43.2,241,10411.2
2017-03-10,3011,A,SELL,9.3,1060,9858.0
2017-03-10,3018,A,SELL,23.2,463,10741.6
2017-03-10,2022,A,SELL,6.43,1514,9735.02
2017-03-10,5340,A,SELL,9.0,1145,10305.0
2017-03-10,1909,A,SELL,30.45,307,9348.15
2017-03-10,1905,A,SELL,11.6,878,10184.8
2017-03-10,2313,A,SELL,19.6,517,10133.2
2017-03-10,3645,A,SELL,42.0,241,10122.0
2017-03-10,2373,A,BUY,61.2,174,10648.800000000001
2017-03-10,2444,A,BUY,15.5,689,10679.5
2017-03-10,5014,A,SELL,21.25,141,2996.25
2017-03-10,4716,A,BUY,20.15,530,10679.5
2017-03-10,2459,A,BUY,39.4,271,10677.4
2017-03-10,2606,A,BUY,32.8,325,10659.999999999998
2017-03-10,2441,A,BUY,42.3,252,10659.599999999999
2017-03-10,5521,A,BUY,12.05,886,10676.300000000001
2017-03-10,2836,A,BUY,9.79,1091,10680.89
2017-03-17,3443,A,SELL,109.0,104,11336.0
2017-03-17,6207,A,SELL,28.4,403,11445.199999999999
2017-03-17,2331,A,SELL,24.1,472,11375.2
2017-03-17,5371,A,SELL,44.5,246,10947.0
2017-03-17,2493,A,SELL,29.45,363,10690.35
2017-03-17,2444,A,SELL,14.75,689,10162.75
2017-03-17,2459,A,SELL,40.4,271,10948.4
2017-03-17,2606,A,SELL,32.35,325,10513.75
2017-03-17,2441,A,SELL,42.3,252,10659.599999999999
2017-03-17,2836,A,SELL,9.93,1091,10833.63
2017-03-17,8930,A,BUY,16.05,713,11443.65
2017-03-17,1773,A,BUY,64.2,178,11427.6
2017-03-17,1583,A,BUY,80.0,143,11440.0
2017-03-17,3018,A,BUY,25.6,447,11443.2
2017-03-17,1808,A,BUY,41.65,274,11412.1
2017-03-17,5403,A,BUY,35.6,321,11427.6
2017-03-17,4737,A,BUY,70.3,162,11388.6
2017-03-17,6263,A,BUY,53.4,214,11427.6
2017-03-17,3260,A,BUY,67.3,170,11441.0
2017-03-17,2387,A,BUY,21.4,534,11427.599999999999
2017-03-24,5014,A,SELL,24.5,503,12323.5
2017-03-24,5871,A,SELL,70.5,162,11421.0
2017-03-24,4716,A,SELL,22.9,530,12137.0
2017-03-24,8930,A,SELL,14.9,713,10623.7
2017-03-24,1773,A,SELL,62.7,178,11160.6
2017-03-24,1583,A,SELL,71.0,143,10153.0
2017-03-24,3018,A,SELL,26.0,447,11622.0
2017-03-24,4737,A,SELL,67.4,162,10918.800000000001
2017-03-24,6263,A,SELL,53.6,214,11470.4
2017-03-24,2387,A,SELL,21.0,534,11214.0
2017-03-24,2889,A,BUY,9.38,1259,11809.420000000002
2017-03-24,2459,A,BUY,41.55,284,11800.199999999999
2017-03-24,8021,A,BUY,27.5,429,11797.5
2017-03-24,5443,A,BUY,29.9,395,11810.5
2017-03-24,1506,A,BUY,23.55,501,11798.550000000001
2017-03-24,3031,A,BUY,18.5,638,11803.0
2017-03-24,6196,A,BUY,38.7,305,11803.5
2017-03-24,2812,A,BUY,9.79,1207,11816.529999999999
2017-03-24,1451,A,BUY,26.95,438,11804.1
2017-03-24,6197,A,BUY,41.5,166,6889.0
2017-03-24,3406,B,SELL,265.0,159,42135.0
2017-03-24,6488,B,SELL,218.0,165,35970.0
2017-03-24,3105,B,BUY,133.0,222,29526.0
2017-03-24,3019,B,BUY,54.1,546,29538.600000000002
2017-03-31,2373,A,SELL,59.9,174,10422.6
2017-03-31,5403,A,SELL,35.6,321,11427.6
2017-03-31,2459,A,SELL,41.55,284,11800.199999999999
2017-03-31,5443,A,SELL,26.95,395,10645.25
2017-03-31,1506,A,SELL,23.0,501,11523.0
2017-03-31,3031,A,SELL,18.15,638,11579.699999999999
2017-03-31,6196,A,SELL,36.05,305,10995.25
2017-03-31,1451,A,SELL,27.0,438,11826.0
2017-03-31,6197,A,SELL,32.55,166,5403.299999999999
2017-03-31,3105,B,SELL,135.0,222,29970.0
2017-03-31,3019,B,SELL,51.9,546,28337.399999999998
2017-03-31,2616,A,BUY,31.6,374,11818.4
2017-03-31,2344,A,BUY,17.0,696,11832.0
2017-03-31,2337,A,BUY,12.7,932,11836.4
2017-03-31,4973,A,BUY,24.55,482,11833.1
2017-03-31,3018,A,BUY,27.2,435,11832.0
2017-03-31,5522,A,BUY,41.05,288,11822.4
2017-03-31,1231,A,BUY,34.75,340,11815.0
2017-03-31,2404,A,BUY,66.8,177,11823.6
2017-03-31,5306,A,BUY,149.0,79,11771.0
2017-03-31,2344,B,BUY,17.0,1045,17765.0
2017-03-31,3260,B,BUY,78.2,208,16265.6
2017-04-07,4973,A,SELL,23.5,482,11327.0
2017-04-07,5522,A,SELL,40.6,288,11692.800000000001
2017-04-07,5306,A,SELL,152.0,79,12008.0
2017-04-07,1229,A,BUY,27.45,440,12078.0
2017-04-07,6142,A,BUY,9.8,1234,12093.2
2017-04-07,3260,A,SELL,79.6,226,17989.6
2017-04-07,3317,A,BUY,19.7,614,12095.8
2017-04-07,2344,A,SELL,17.95,1067,19152.649999999998
2017-04-07,2344,B,BUY,17.95,1010,18129.5
2017-04-07,3260,B,BUY,79.6,227,18069.199999999997
2017-04-14,5521,A,SELL,12.7,886,11252.199999999999
2017-04-14,3260,A,SELL,73.6,379,27894.399999999998
2017-04-14,2889,A,SELL,9.23,1259,11620.57
2017-04-14,8021,A,SELL,25.0,429,10725.0
2017-04-14,2812,A,SELL,9.69,1207,11695.83
2017-04-14,2616,A,SELL,32.2,374,12042.800000000001
2017-04-14,2337,A,SELL,12.5,932,11650.0
2017-04-14,1231,A,SELL,34.3,340,11661.999999999998
2017-04-14,2404,A,SELL,63.9,177,11310.3
2017-04-14,6142,A,SELL,9.06,1234,11180.04
2017-04-14,3317,A,SELL,18.0,614,11052.0
2017-04-14,3315,A,BUY,26.35,441,11620.35
2017-04-14,3362,A,BUY,55.6,209,11620.4
2017-04-14,8131,A,BUY,26.4,440,11616.0
2017-04-14,6207,A,BUY,32.35,359,11613.65
2017-04-14,2327,A,BUY,88.7,131,11619.7
2017-04-14,5015,A,BUY,27.6,421,11619.6
2017-04-14,1709,A,BUY,20.45,568,11615.6
2017-04-14,4737,A,BUY,72.8,159,11575.199999999999
2017-04-14,5490,A,BUY,67.0,173,11591.0
2017-04-14,3438,A,BUY,23.75,489,11613.75
2017-04-14,2344,A,SELL,17.15,1006,17252.899999999998
2017-04-14,3645,A,BUY,46.2,251,11596.2
2017-04-14,2344,B,BUY,17.15,1016,17424.399999999998
2017-04-14,3260,B,BUY,73.6,394,28998.399999999998
2017-04-21,3406,B,SELL,303.0,112,33936.0
2017-04-21,6488,B,SELL,224.0,136,30464.0
2017-04-21,5015,A,SELL,27.25,421,11472.25
2017-04-21,3645,A,SELL,47.8,251,11997.8
2017-04-21,3260,B,SELL,72.7,394,28643.800000000003
2017-04-21,3315,A,BUY,26.4,305,8052.0
2017-04-21,3018,A,BUY,33.2,158,5245.6
2017-04-21,3362,A,BUY,66.6,86,5727.599999999999
2017-04-21,4737,A,BUY,73.0,110,8030.0
2017-04-21,2327,A,BUY,96.8,72,6969.599999999999
2017-04-21,6207,A,BUY,35.8,191,6837.799999999999
2017-04-21,3438,A,BUY,25.4,286,7264.4
2017-04-21,1808,A,BUY,47.4,141,6683.4
2017-04-21,2337,A,BUY,13.25,1487,19702.75
2017-04-21,8131,A,BUY,27.0,289,7803.0
2017-04-21,5490,A,BUY,69.2,111,7681.200000000001
2017-04-21,1709,A,BUY,20.2,407,8221.4
2017-04-21,1229,A,BUY,26.9,292,7854.799999999999
2017-04-21,6142,A,BUY,9.0,2189,19701.0
2017-04-21,2344,A,SELL,17.2,548,9425.6
2017-04-28,2344,A,SELL,17.05,1146,19539.3
2017-04-28,6207,A,SELL,35.15,550,19332.5
2017-04-28,3438,A,SELL,23.8,775,18445.0
2017-04-28,2337,A,SELL,13.45,1487,20000.149999999998
2017-04-28,6142,A,SELL,9.18,2189,20095.02
2017-04-28,3018,A,SELL,43.7,313,13678.1
2017-04-28,3315,A,SELL,26.5,284,7526.0
2017-04-28,6196,A,BUY,41.15,297,12221.55
2017-04-28,2327,A,SELL,106.5,88,9372.0
2017-04-28,5871,A,BUY,76.9,158,12150.2
2017-04-28,3362,A,SELL,68.9,117,8061.300000000001
2017-04-28,1808,A,SELL,48.4,162,7840.8
2017-04-28,3026,A,BUY,41.65,293,12203.449999999999
2017-04-28,4737,A,SELL,76.3,108,8240.4
2017-04-28,8131,A,SELL,28.4,298,8463.199999999999
2017-04-28,1229,A,SELL,27.35,284,7767.400000000001
2017-04-28,1231,A,BUY,35.3,346,12213.8
2017-04-28,5490,A,SELL,70.5,110,7755.0
2017-04-28,3673,A,BUY,108.0,113,12204.0
2017-04-28,1709,A,SELL,20.25,371,7512.75
2017-04-28,6488,B,BUY,216.0,141,30456.0
2017-04-28,2344,B,BUY,17.05,1792,30553.600000000002
2017-04-28,3019,B,BUY,58.0,526,30508.0
2017-04-28,3260,B,BUY,71.5,427,30530.5
2017-05-05,1229,A,SELL,26.8,448,12006.4
2017-05-05,3362,A,SELL,65.1,178,11587.8
2017-05-05,1709,A,SELL,20.0,604,12080.0
2017-05-05,4737,A,SELL,75.5,161,12155.5
2017-05-05,5490,A,SELL,68.0,174,11832.0
2017-05-05,6196,A,SELL,42.7,297,12681.900000000001
2017-05-05,3026,A,SELL,40.6,293,11895.800000000001
2017-05-05,1231,A,SELL,35.2,346,12179.2
2017-05-05,3673,A,SELL,99.8,113,11277.4
2017-05-05,3019,B,SELL,56.0,526,29456.0
2017-05-05,3260,B,SELL,71.7,427,30615.9
2017-05-05,6412,A,BUY,60.5,197,11918.5
2017-05-05,2227,A,BUY,235.0,50,11750.0
2017-05-05,2441,A,BUY,43.45,275,11948.75
2017-05-05,4906,A,BUY,34.2,349,11935.800000000001
2017-05-05,3071,A,BUY,16.0,746,11936.0
2017-05-05,5403,A,BUY,36.35,328,11922.800000000001
2017-05-05,1506,A,BUY,25.3,472,11941.6
2017-05-05,3144,A,BUY,25.0,478,11950.0
2017-05-05,3406,B,BUY,332.5,89,29592.5
2017-05-05,2439,B,BUY,180.0,165,29700.0
2017-05-12,1808,A,SELL,47.8,253,12093.4
2017-05-12,8131,A,SELL,27.65,431,11917.15
2017-05-12,2327,A,SELL,100.0,115,11500.0
2017-05-12,3071,A,SELL,14.5,746,10817.0
2017-05-12,5403,A,SELL,35.9,328,11775.199999999999
2017-05-12,5465,A,BUY,18.5,652,12062.0
2017-05-12,8111,A,BUY,11.0,1097,12067.0
2017-05-12,2820,A,BUY,15.15,796,12059.4
2017-05-12,6196,A,BUY,42.65,283,12069.949999999999
2017-05-12,3014,A,BUY,37.4,322,12042.8
2017-05-12,3645,A,BUY,49.15,245,12041.75
2017-05-19,5871,A,SELL,78.2,158,12355.6
2017-05-19,2344,B,SELL,17.05,1792,30553.600000000002
2017-05-19,4906,A,SELL,33.55,349,11708.949999999999
2017-05-19,3144,A,SELL,27.5,478,13145.0
2017-05-19,5465,A,SELL,17.9,652,11670.8
2017-05-19,3645,A,SELL,51.0,245,12495.0
2017-05-19,3413,A,BUY,166.5,73,12154.5
2017-05-19,3533,A,BUY,138.0,88,12144.0
2017-05-19,3515,A,BUY,53.8,226,12158.8
2017-05-19,5403,A,BUY,36.35,334,12140.9
2017-05-19,2313,A,BUY,23.75,512,12160.0
2017-05-19,6456,B,BUY,207.0,147,30429.0
2017-05-26,3018,A,SELL,41.85,280,11718.0
2017-05-26,1506,A,SELL,25.0,472,11800.0
2017-05-26,3406,B,SELL,298.5,89,26566.5
2017-05-26,2820,A,SELL,15.35,796,12218.6
2017-05-26,6196,A,SELL,42.0,283,11886.0
2017-05-26,3014,A,SELL,38.0,322,12236.0
2017-05-26,5403,A,SELL,36.75,334,12274.5
2017-05-26,2313,A,SELL,23.6,512,12083.2
2017-05-26,9941,A,BUY,108.0,114,12312.0
2017-05-26,1597,A,BUY,47.7,258,12306.6
2017-05-26,8349,A,BUY,106.5,115,12247.5
2017-05-26,5285,A,BUY,43.1,285,12283.5
2017-05-26,2404,A,BUY,70.2,175,12285.0
2017-05-26,2317,A,BUY,104.5,117,12226.5
2017-05-26,5302,A,BUY,8.32,1480,12313.6
2017-05-26,2344,B,BUY,17.1,1800,30780.000000000004
2017-06-02,6488,B,SELL,248.5,141,35038.5
2017-06-02,6412,A,SELL,60.5,197,11918.5
2017-06-02,8111,A,SELL,10.6,1097,11628.199999999999
2017-06-02,3533,A,SELL,137.5,88,12100.0
2017-06-02,3515,A,SELL,55.8,226,12610.8
2017-06-02,5285,A,SELL,45.0,285,12825.0
2017-06-02,2317,A,SELL,105.5,117,12343.5
2017-06-02,5302,A,SELL,8.55,1480,12654.000000000002
2017-06-02,2227,A,SELL,319.5,10,3195.0
2017-06-02,1902,A,BUY,16.9,745,12590.499999999998
2017-06-02,1336,A,BUY,16.75,752,12596.0
2017-06-02,5465,A,BUY,25.1,502,12600.2
2017-06-02,6180,A,BUY,37.45,336,12583.2
2017-06-02,5478,A,BUY,91.9,137,12590.300000000001
2017-06-02,6192,A,BUY,59.5,211,12554.5
2017-06-02,2344,A,SELL,19.55,1155,22580.25
2017-06-02,2344,B,BUY,19.55,966,18885.3
2017-06-02,3260,B,BUY,75.6,416,31449.6
2017-06-09,3413,A,SELL,168.5,73,12300.5
2017-06-09,9941,A,SELL,104.0,114,11856.0
2017-06-09,8349,A,SELL,111.0,115,12765.0
2017-06-09,2404,A,SELL,72.0,175,12600.0
2017-06-09,5478,A,SELL,94.0,137,12878.0
2017-06-09,1597,A,SELL,62.9,55,3459.5
2017-06-09,2504,A,BUY,9.94,1281,12733.14
2017-06-09,2423,A,BUY,23.55,541,12740.550000000001
2017-06-09,2727,A,BUY,195.0,65,12675.0
2017-06-09,2352,A,BUY,24.1,528,12724.800000000001
2017-06-09,3706,A,BUY,38.8,328,12726.4
2017-06-09,8299,A,BUY,338.0,37,12506.0
2017-06-16,2227,A,SELL,295.0,40,11800.0
2017-06-16,6180,A,SELL,38.0,336,12768.0
2017-06-16,3260,B,SELL,74.0,416,30784.0
2017-06-16,2504,A,SELL,9.5,1281,12169.5
2017-06-16,2423,A,SELL,23.0,541,12443.0
2017-06-16,2727,A,SELL,193.5,65,12577.5
2017-06-16,2352,A,SELL,23.1,528,12196.800000000001
2017-06-16,6409,A,BUY,526.0,24,12624.0
2017-06-16,2421,A,BUY,40.4,313,12645.199999999999
2017-06-16,6156,A,BUY,35.25,359,12654.75
2017-06-16,6412,A,BUY,66.5,190,12635.0
2017-06-16,3653,A,BUY,82.8,153,12668.4
2017-06-16,5285,A,BUY,44.85,282,12647.7
2017-06-16,2337,B,BUY,16.75,1890,31657.5
2017-06-23,2439,B,SELL,188.0,165,31020.0
2017-06-23,1597,A,SELL,54.5,203,11063.5
2017-06-23,5465,A,SELL,23.25,502,11671.5
2017-06-23,6192,A,SELL,61.5,211,12976.5
2017-06-23,6412,A,SELL,62.2,190,11818.0
2017-06-23,5285,A,SELL,44.35,282,12506.7
2017-06-23,1215,A,BUY,75.7,164,12414.800000000001
2017-06-23,2812,A,BUY,10.15,1230,12484.5
2017-06-23,2317,A,BUY,112.5,111,12487.5
2017-06-23,1442,A,BUY,22.1,565,12486.5
2017-06-23,2423,A,BUY,23.75,525,12468.75
2017-06-23,2317,B,BUY,112.5,166,18675.0
2017-06-30,2344,B,SELL,18.25,1611,29400.75
2017-06-30,1902,A,SELL,17.4,745,12962.999999999998
2017-06-30,6409,A,SELL,501.0,24,12024.0
2017-06-30,2421,A,SELL,39.3,313,12300.9
2017-06-30,6156,A,SELL,30.2,359,10841.8
2017-06-30,3653,A,SELL,80.4,153,12301.2
2017-06-30,1442,A,SELL,21.7,565,12260.5
2017-06-30,2908,A,BUY,23.7,524,12418.8
2017-06-30,8404,A,BUY,49.2,252,12398.400000000001
2017-06-30,8112,A,BUY,33.4,372,12424.8
2017-06-30,2317,A,SELL,117.0,170,19890.0
2017-06-30,2731,A,BUY,111.0,112,12432.0
2017-06-30,8091,A,BUY,67.2,185,12432.0
2017-06-30,5403,A,BUY,36.65,339,12424.35
2017-06-30,2317,B,BUY,117.0,158,18486.0
2017-06-30,3105,B,BUY,167.0,186,31062.0
2017-07-07,2441,A,SELL,49.35,275,13571.25
2017-07-07,1336,A,SELL,17.2,752,12934.4
2017-07-07,3706,A,SELL,35.6,328,11676.800000000001
2017-07-07,2337,B,SELL,16.8,1890,31752.0
2017-07-07,2731,A,SELL,106.0,112,11872.0
2017-07-07,5403,A,SELL,36.5,339,12373.5
2017-07-07,2303,A,BUY,14.35,850,12197.5
2017-07-07,4506,A,BUY,45.0,271,12195.0
2017-07-07,5285,A,BUY,47.8,255,12189.0
2017-07-07,9941,A,BUY,109.0,111,12099.0
2017-07-07,2317,A,SELL,114.5,158,18091.0
2017-07-07,2421,A,BUY,39.6,308,12196.800000000001
2017-07-07,2317,B,BUY,114.5,159,18205.5
2017-07-07,2303,B,BUY,14.35,1276,18310.6
2017-07-14,2812,A,SELL,10.25,1230,12607.5
2017-07-14,2317,A,SELL,115.5,266,30723.0
2017-07-14,2423,A,SELL,22.75,525,11943.75
2017-07-14,2908,A,SELL,22.7,524,11894.8
2017-07-14,8112,A,SELL,30.8,372,11457.6
2017-07-14,8091,A,SELL,66.8,185,12358.0
2017-07-14,2421,A,SELL,40.7,308,12535.6
2017-07-14,1218,A,BUY,23.0,549,12627.0
2017-07-14,5381,A,BUY,5.1,2476,12627.599999999999
2017-07-14,3257,A,BUY,47.95,263,12610.85
2017-07-14,2303,A,SELL,14.55,1258,18303.9
2017-07-14,3533,A,BUY,160.0,78,12480.0
2017-07-14,6409,A,BUY,540.0,23,12420.0
2017-07-14,1597,A,BUY,60.0,210,12600.0
2017-07-14,3413,A,BUY,166.0,76,12616.0
2017-07-14,2317,B,BUY,115.5,273,31531.5
2017-07-14,2303,B,BUY,14.55,1301,18929.55
2017-07-21,1215,A,SELL,72.4,164,11873.6
2017-07-21,4506,A,SELL,45.2,271,12249.2
2017-07-21,5285,A,SELL,44.5,255,11347.5
2017-07-21,9941,A,SELL,113.0,111,12543.0
2017-07-21,6409,A,SELL,525.0,23,12075.0
2017-07-21,1597,A,SELL,59.5,210,12495.0
2017-07-21,3413,A,SELL,188.5,76,14326.0
2017-07-21,4205,A,BUY,73.6,174,12806.4
2017-07-21,3515,A,BUY,72.3,177,12797.1
2017-07-21,2031,A,BUY,29.95,428,12818.6
2017-07-21,6127,A,BUY,18.85,681,12836.85
2017-07-21,2104,A,BUY,33.5,383,12830.5
2017-07-21,2303,A,SELL,14.75,1298,19145.5
2017-07-21,2883,A,BUY,9.02,1424,12844.48
2017-07-21,2421,A,BUY,43.5,295,12832.5
2017-07-21,2303,B,BUY,14.75,1306,19263.5
2017-07-28,3105,B,SELL,175.5,186,32643.0
2017-07-28,2303,A,SELL,13.9,2177,30260.3
2017-07-28,3257,A,SELL,46.7,263,12282.1
2017-07-28,4205,A,SELL,66.9,174,11640.6
2017-07-28,3515,A,SELL,70.8,177,12531.6
2017-07-28,2031,A,SELL,29.15,428,12476.199999999999
2017-07-28,2883,A,SELL,9.05,1424,12887.2
2017-07-28,2421,A,SELL,42.85,295,12640.75
2017-07-28,3167,A,BUY,47.25,269,12710.25
2017-07-28,3443,A,BUY,172.5,73,12592.5
2017-07-28,4919,A,BUY,57.7,220,12694.0
2017-07-28,2477,A,BUY,26.1,487,12710.7
2017-07-28,3413,A,BUY,218.0,58,12644.0
2017-07-28,3661,A,BUY,80.8,157,12685.6
2017-07-28,2408,A,BUY,63.4,200,12680.0
2017-07-28,6456,B,SELL,282.0,34,9588.0
2017-07-28,2303,B,BUY,13.9,2286,31775.4
2017-07-28,2439,B,BUY,240.0,132,31680.0
2017-08-04,3315,A,SELL,26.7,462,12335.4
2017-08-04,8299,A,SELL,411.0,37,15207.0
2017-08-04,8404,A,SELL,55.1,252,13885.2
2017-08-04,1218,A,SELL,20.25,549,11117.25
2017-08-04,3533,A,SELL,174.5,78,13611.0
2017-08-04,3443,A,SELL,175.0,73,12775.0
2017-08-04,3661,A,SELL,78.1,157,12261.699999999999
2017-08-04,2408,A,SELL,61.7,200,12340.0
2017-08-04,3019,A,BUY,92.9,137,12727.300000000001
2017-08-04,6251,A,BUY,11.85,1081,12809.85
2017-08-04,2642,A,BUY,27.65,463,12801.949999999999
2017-08-04,3257,A,BUY,50.6,253,12801.800000000001
2017-08-04,2031,A,BUY,33.0,388,12804.0
2017-08-04,2439,A,SELL,246.0,79,19434.0
2017-08-04,2439,B,BUY,246.0,77,18942.0
2017-08-11,6127,A,SELL,16.35,681,11134.35
2017-08-11,2104,A,SELL,33.65,383,12887.949999999999
2017-08-11,4919,A,SELL,52.4,220,11528.0
2017-08-11,2477,A,SELL,24.75,487,12053.25
2017-08-11,3413,A,SELL,212.0,58,12296.0
2017-08-11,2303,B,SELL,14.05,2286,32118.300000000003
2017-08-11,6251,A,SELL,11.5,1081,12431.5
2017-08-11,2642,A,SELL,27.2,463,12593.6
2017-08-11,2031,A,SELL,32.15,388,12474.199999999999
2017-08-11,2528,A,BUY,23.45,535,12545.75
2017-08-11,9935,A,BUY,17.8,705,12549.0
2017-08-11,3515,A,BUY,86.5,145,12542.5
2017-08-11,3227,A,BUY,118.0,106,12508.0
2017-08-11,3018,A,BUY,54.6,230,12558.0
2017-08-11,3059,A,BUY,29.45,426,12545.699999999999
2017-08-11,2421,A,BUY,50.0,251,12550.0
2017-08-11,1515,A,BUY,31.9,393,12536.699999999999
2017-08-11,2467,A,BUY,23.8,527,12542.6
2017-08-11,6213,A,BUY,52.2,240,12528.0
2017-08-11,2030,A,BUY,16.0,785,12560.0
2017-08-11,3019,B,BUY,92.0,204,18768.0
2017-08-18,5381,A,SELL,5.17,2476,12800.92
2017-08-18,3167,A,SELL,42.6,269,11459.4
2017-08-18,3018,A,SELL,55.8,230,12834.0
2017-08-18,3059,A,SELL,29.5,426,12567.0
2017-08-18,9935,A,SELL,24.2,171,4138.2
2017-08-18,2104,A,BUY,37.0,349,12913.0
2017-08-18,3019,A,SELL,103.0,215,22145.0
2017-08-18,6116,A,BUY,11.1,1163,12909.3
2017-08-18,3533,A,BUY,190.5,67,12763.5
2017-08-18,6251,A,BUY,11.9,1085,12911.5
2017-08-18,3019,B,BUY,103.0,187,19261.0
2017-08-25,2439,B,SELL,246.5,130,32045.0
2017-08-25,2528,A,SELL,20.5,535,10967.5
2017-08-25,3515,A,SELL,95.0,145,13775.0
2017-08-25,3227,A,SELL,124.5,106,13197.0
2017-08-25,2421,A,SELL,53.4,251,13403.4
2017-08-25,1515,A,SELL,35.1,393,13794.300000000001
2017-08-25,2467,A,SELL,25.35,527,13359.45
2017-08-25,6213,A,SELL,57.5,240,13800.0
2017-08-25,2030,A,SELL,16.75,785,13148.75
2017-08-25,2104,A,SELL,37.6,349,13122.4
2017-08-25,3533,A,SELL,189.5,67,12696.5
2017-08-25,6251,A,SELL,13.05,1085,14159.25
2017-08-25,9935,A,SELL,31.9,108,3445.2
2017-08-25,6405,A,BUY,26.1,520,13572.0
2017-08-25,2610,A,BUY,12.1,1121,13564.1
2017-08-25,2603,A,BUY,22.0,617,13574.0
2017-08-25,4721,A,BUY,90.1,150,13515.0
2017-08-25,3019,A,SELL,110.0,189,20790.0
2017-08-25,1235,A,BUY,33.55,404,13554.199999999999
2017-08-25,6177,A,BUY,32.6,416,13561.6
2017-08-25,8374,A,BUY,30.3,448,13574.4
2017-08-25,3059,A,BUY,35.0,387,13545.0
2017-08-25,5475,A,BUY,11.0,1234,13574.0
2017-08-25,3019,B,BUY,110.0,184,20240.0
2017-08-25,3227,B,BUY,124.5,272,33864.0
2017-09-01,3019,A,SELL,128.0,308,39424.0
2017-09-01,9935,A,SELL,28.65,426,12204.9
2017-09-01,6116,A,SELL,12.4,1163,14421.2
2017-09-01,6405,A,SELL,25.7,520,13364.0
2017-09-01,1235,A,SELL,33.1,404,13372.400000000001
2017-09-01,8374,A,SELL,31.0,448,13888.0
2017-09-01,3059,A,SELL,34.6,387,13390.2
2017-09-01,5475,A,SELL,10.05,1234,12401.7
2017-09-01,3227,B,SELL,128.5,272,34952.0
2017-09-01,4721,A,SELL,120.0,32,3840.0
2017-09-01,6120,A,BUY,24.5,573,14038.5
2017-09-01,5285,A,BUY,55.7,252,14036.400000000001
2017-09-01,3689,A,BUY,56.0,251,14056.0
2017-09-01,2636,A,BUY,26.0,540,14040.0
2017-09-01,1615,A,BUY,14.8,950,14060.0
2017-09-01,1103,A,BUY,12.1,1162,14060.199999999999
2017-09-01,5007,A,BUY,59.7,235,14029.5
2017-09-01,8069,A,BUY,43.0,327,14061.0
2017-09-01,3294,A,BUY,26.65,527,14044.55
2017-09-01,2344,B,BUY,23.3,1508,35136.4
2017-09-01,3019,B,BUY,128.0,274,35072.0
2017-09-08,2317,B,SELL,117.0,273,31941.0
2017-09-08,3257,A,SELL,62.0,253,15686.0
2017-09-08,2610,A,SELL,12.95,1121,14516.949999999999
2017-09-08,2603,A,SELL,22.2,617,13697.4
2017-09-08,3689,A,SELL,54.6,251,13704.6
2017-09-08,2636,A,SELL,25.6,540,13824.0
2017-09-08,1615,A,SELL,14.25,950,13537.5
2017-09-08,1103,A,SELL,12.1,1162,14060.199999999999
2017-09-08,3294,A,SELL,28.35,527,14940.45
2017-09-08,3019,B,SELL,133.0,274,36442.0
2017-09-08,2413,A,BUY,19.4,739,14336.599999999999
2017-09-08,2397,A,BUY,63.0,227,14301.0
2017-09-08,3202,A,BUY,20.1,713,14331.300000000001
2017-09-08,1515,A,BUY,44.2,324,14320.800000000001
2017-09-08,6180,A,BUY,64.5,222,14319.0
2017-09-08,6405,A,BUY,29.3,489,14327.7
2017-09-08,9935,A,BUY,31.5,455,14332.5
2017-09-08,2362,A,BUY,32.25,444,14319.0
2017-09-08,5426,A,BUY,15.35,934,14336.9
2017-09-08,6116,B,BUY,13.1,2736,35841.6
2017-09-08,3227,B,BUY,131.0,273,35763.0
2017-09-15,4721,A,SELL,121.0,118,14278.0
2017-09-15,6120,A,SELL,28.2,573,16158.6
2017-09-15,5007,A,SELL,61.0,235,14335.0
2017-09-15,8069,A,SELL,45.0,327,14715.0
2017-09-15,1515,A,SELL,41.4,324,13413.6
2017-09-15,6405,A,SELL,27.35,489,13374.150000000001
2017-09-15,9935,A,SELL,29.1,455,13240.5
2017-09-15,2362,A,SELL,31.3,444,13897.2
2017-09-15,5426,A,SELL,14.8,934,13823.2
2017-09-15,3227,B,SELL,129.0,273,35217.0
2017-09-15,6024,A,BUY,45.75,307,14045.25
2017-09-15,2448,A,BUY,42.7,329,14048.300000000001
2017-09-15,6026,A,BUY,13.35,1054,14070.9
2017-09-15,3323,A,BUY,47.5,296,14060.0
2017-09-15,6016,A,BUY,8.83,1594,14075.02
2017-09-15,2104,A,BUY,44.0,320,14080.0
2017-09-15,6168,A,BUY,16.5,853,14074.5
2017-09-15,1103,A,BUY,12.55,1121,14068.550000000001
2017-09-15,2467,A,BUY,28.45,494,14054.3
2017-09-15,3019,B,BUY,121.0,290,35090.0
2017-09-22,6456,B,SELL,312.0,113,35256.0
2017-09-22,6177,A,SELL,34.9,416,14518.4
2017-09-22,2344,B,SELL,27.7,1508,41771.6
2017-09-22,6180,A,SELL,80.1,222,17782.199999999997
2017-09-22,2448,A,SELL,39.55,329,13011.949999999999
2017-09-22,6016,A,SELL,8.57,1594,13660.58
2017-09-22,2104,A,SELL,43.05,320,13776.0
2017-09-22,6168,A,SELL,15.2,853,12965.599999999999
2017-09-22,1103,A,SELL,12.3,1121,13788.300000000001
2017-09-22,2467,A,SELL,28.05,494,13856.7
2017-09-22,4907,A,BUY,35.5,404,14342.0
2017-09-22,5285,A,SELL,77.6,66,5121.599999999999
2017-09-22,3593,A,BUY,15.9,903,14357.7
2017-09-22,9958,A,BUY,12.45,1153,14354.849999999999
2017-09-22,2408,A,BUY,84.0,171,14364.0
2017-09-22,6021,A,BUY,10.8,1330,14364.000000000002
2017-09-22,6015,A,BUY,7.95,1806,14357.7
2017-09-22,4721,A,BUY,131.0,109,14279.0
2017-09-22,4739,B,BUY,118.5,303,35905.5
2017-09-22,2303,B,BUY,15.5,2316,35898.0
2017-09-29,6116,B,SELL,11.75,2736,32148.0
2017-09-29,6024,A,SELL,43.75,307,13431.25
2017-09-29,3323,A,SELL,47.0,296,13912.0
2017-09-29,3019,B,SELL,111.5,290,32335.0
2017-09-29,3593,A,SELL,12.55,903,11332.650000000001
2017-09-29,6021,A,SELL,10.5,1330,13965.0
2017-09-29,6015,A,SELL,7.64,1806,13797.84
2017-09-29,4721,A,SELL,117.0,109,12753.0
2017-09-29,4739,B,SELL,118.0,303,35754.0
2017-09-29,2303,B,SELL,15.15,2316,35087.4
2017-09-29,9958,A,BUY,14.5,445,6452.5
2017-09-29,2397,A,BUY,64.2,134,8602.800000000001
2017-09-29,3202,A,BUY,23.95,254,6083.3
2017-09-29,4907,A,BUY,35.6,247,8793.2
2017-09-29,6290,A,BUY,58.0,399,23142.0
2017-09-29,2413,A,BUY,21.65,331,7166.15
2017-09-29,2483,A,BUY,22.55,1027,23158.850000000002
2017-09-29,5285,A,BUY,72.0,135,9720.0
2017-09-29,8404,A,BUY,66.0,351,23166.0
2017-09-29,2475,A,BUY,3.05,7599,23176.949999999997
2017-09-29,2408,A,BUY,85.8,99,8494.199999999999
2017-09-29,1472,A,BUY,22.2,1044,23176.8
2017-09-29,9935,A,BUY,29.9,775,23172.5
2017-09-29,6026,A,BUY,12.9,742,9571.800000000001
2017-10-06,2413,A,SELL,21.0,1070,22470.0
2017-10-06,6026,A,SELL,13.85,1796,24874.6
2017-10-06,2408,A,SELL,84.8,270,22896.0
2017-10-06,2483,A,SELL,22.5,1027,23107.5
2017-10-06,1472,A,SELL,22.35,1044,23333.4
2017-10-06,9935,A,SELL,30.3,775,23482.5
2017-10-06,2397,A,SELL,64.4,136,8758.400000000001
2017-10-06,9958,A,SELL,16.15,701,11321.15
2017-10-06,8404,A,SELL,74.0,155,11470.0
2017-10-06,4907,A,SELL,36.75,256,9408.0
2017-10-06,6290,A,SELL,64.8,175,11340.0
2017-10-06,1515,A,BUY,53.0,273,14469.0
2017-10-06,2340,A,BUY,22.1,655,14475.500000000002
2017-10-06,5285,A,SELL,80.0,139,11120.0
2017-10-06,8121,A,BUY,27.4,528,14467.199999999999
2017-10-06,2475,A,SELL,3.4,3340,11356.0
2017-10-06,6024,A,BUY,47.35,305,14441.75
2017-10-06,6168,A,BUY,17.9,808,14463.199999999999
2017-10-06,3661,A,BUY,109.5,132,14454.0
2017-10-06,3202,A,SELL,24.1,366,8820.6
2017-10-06,3323,A,BUY,50.8,285,14478.0
2017-10-06,3019,B,BUY,138.0,262,36156.0
2017-10-06,2408,B,BUY,84.8,426,36124.799999999996
2017-10-06,2344,B,BUY,26.85,1348,36193.8
2017-10-06,6182,B,BUY,29.3,1235,36185.5
2017-10-13,4907,A,SELL,31.85,395,12580.75
2017-10-13,9958,A,SELL,15.2,897,13634.4
2017-10-13,2475,A,SELL,3.25,4259,13841.75
2017-10-13,2340,A,SELL,20.35,655,13329.250000000002
2017-10-13,3323,A,SELL,49.6,285,14136.0
2017-10-13,5425,A,BUY,61.0,238,14518.0
2017-10-13,3454,A,BUY,113.0,128,14464.0
2017-10-13,2448,A,BUY,42.8,339,14509.199999999999
2017-10-13,6213,A,BUY,69.0,210,14490.0
2017-10-13,3703,A,BUY,13.1,1108,14514.8
2017-10-20,3202,A,SELL,24.4,601,14664.4
2017-10-20,8121,A,SELL,25.5,528,13464.0
2017-10-20,6024,A,SELL,47.15,305,14380.75
2017-10-20,6168,A,SELL,17.55,808,14180.400000000001
2017-10-20,6182,B,SELL,33.55,1235,41434.25
2017-10-20,3454,A,SELL,109.0,128,13952.0
2017-10-20,6213,A,SELL,69.7,210,14637.0
2017-10-20,3703,A,SELL,13.1,1108,14514.8
2017-10-20,5426,A,BUY,17.7,825,14602.5
2017-10-20,3443,A,BUY,290.5,50,14525.0
2017-10-20,3501,A,BUY,64.4,226,14554.400000000001
2017-10-20,3211,A,BUY,51.6,283,14602.800000000001
2017-10-20,2330,A,BUY,237.5,61,14487.5
2017-10-20,4919,A,BUY,76.6,190,14553.999999999998
2017-10-20,2337,A,BUY,60.1,243,14604.300000000001
2017-10-20,2448,B,BUY,45.05,471,21218.55
2017-10-27,8404,A,SELL,66.1,196,12955.599999999999
2017-10-27,3661,A,SELL,113.0,132,14916.0
2017-10-27,2344,B,SELL,25.65,1348,34576.2
2017-10-27,3211,A,SELL,48.0,283,13584.0
2017-10-27,2330,A,SELL,239.0,61,14579.0
2017-10-27,4919,A,SELL,72.3,190,13737.0
2017-10-27,2337,A,SELL,54.5,243,13243.5
2017-10-27,2441,A,BUY,54.4,263,14307.199999999999
2017-10-27,2448,A,SELL,46.7,503,23490.100000000002
2017-10-27,2114,A,BUY,82.3,174,14320.199999999999
2017-10-27,6153,A,BUY,34.05,420,14300.999999999998
2017-10-27,2483,A,BUY,27.5,521,14327.5
2017-10-27,5483,A,BUY,80.1,178,14257.8
2017-10-27,3703,A,BUY,14.0,1023,14322.0
2017-10-27,3443,B,BUY,293.5,72,21132.0
2017-10-27,6488,B,BUY,330.0,108,35640.0
2017-11-03,5285,A,SELL,82.2,182,14960.4
2017-11-03,6290,A,SELL,72.3,224,16195.199999999999
2017-11-03,3019,B,SELL,115.5,262,30261.0
2017-11-03,2408,B,SELL,84.1,426,35826.6
2017-11-03,3443,A,SELL,284.0,122,34648.0
2017-11-03,3501,A,SELL,62.7,226,14170.2
2017-11-03,2441,A,SELL,53.7,263,14123.1
2017-11-03,5483,A,SELL,81.1,178,14435.8
2017-11-03,3703,A,SELL,14.2,1023,14526.599999999999
2017-11-03,6488,B,SELL,328.5,108,35478.0
2017-11-03,5425,A,SELL,79.2,53,4197.6
2017-11-03,2367,A,BUY,15.95,914,14578.3
2017-11-03,6525,A,BUY,83.1,175,14542.499999999998
2017-11-03,1515,A,SELL,68.0,58,3944.0
2017-11-03,3317,A,BUY,38.5,378,14553.0
2017-11-03,8401,A,BUY,18.0,810,14580.0
2017-11-03,2462,A,BUY,34.65,420,14553.0
2017-11-03,4943,A,BUY,352.0,41,14432.0
2017-11-03,8091,A,BUY,96.5,151,14571.5
2017-11-03,2330,B,BUY,239.0,152,36328.0
2017-11-03,2448,B,BUY,57.0,332,18924.0
2017-11-03,3443,B,BUY,284.0,128,36352.0
2017-11-03,5483,B,BUY,81.1,449,36413.899999999994
2017-11-10,2397,A,SELL,63.6,225,14310.0
2017-11-10,5425,A,SELL,68.1,185,12598.499999999998
2017-11-10,2448,A,SELL,58.3,639,37253.7
2017-11-10,5426,A,SELL,16.9,825,13942.499999999998
2017-11-10,2483,A,SELL,26.75,521,13936.75
2017-11-10,8401,A,SELL,17.3,810,14013.0
2017-11-10,4943,A,SELL,375.5,41,15395.5
2017-11-10,5483,B,SELL,83.0,449,37267.0
2017-11-10,1735,A,BUY,18.75,769,14418.75
2017-11-10,3703,A,BUY,14.7,981,14420.699999999999
2017-11-10,8374,A,BUY,37.15,388,14414.199999999999
2017-11-10,6202,A,BUY,77.0,187,14399.0
2017-11-10,2405,A,BUY,16.45,876,14410.199999999999
2017-11-10,5340,A,BUY,12.5,1154,14425.0
2017-11-10,2816,A,BUY,17.7,814,14407.8
2017-11-10,2448,B,BUY,58.3,618,36029.4
2017-11-17,1515,A,SELL,65.8,215,14147.0
2017-11-17,2114,A,SELL,86.9,174,15120.6
2017-11-17,2462,A,SELL,31.7,420,13314.0
2017-11-17,8091,A,SELL,95.0,151,14345.0
2017-11-17,3443,B,SELL,289.0,128,36992.0
2017-11-17,3703,A,SELL,14.5,981,14224.5
2017-11-17,8374,A,SELL,30.95,388,12008.6
2017-11-17,6202,A,SELL,78.6,187,14698.199999999999
2017-11-17,5340,A,SELL,12.3,1154,14194.2
2017-11-17,2353,A,BUY,21.0,687,14427.0
2017-11-17,2851,A,BUY,17.6,820,14432.000000000002
2017-11-17,1235,A,BUY,37.65,383,14419.949999999999
2017-11-17,3264,A,BUY,41.45,348,14424.6
2017-11-17,3540,A,BUY,30.8,468,14414.4
2017-11-17,1414,A,BUY,7.01,2058,14426.58
2017-11-17,2313,A,BUY,46.25,312,14430.0
2017-11-17,4943,A,BUY,390.0,37,14430.0
2017-11-17,6182,B,BUY,41.35,872,36057.200000000004
2017-11-17,6488,B,BUY,402.0,89,35778.0
2017-11-24,6153,A,SELL,42.35,420,17787.0
2017-11-24,2367,A,SELL,15.2,914,13892.8
2017-11-24,6525,A,SELL,82.7,175,14472.5
2017-11-24,2816,A,SELL,20.4,814,16605.6
2017-11-24,3540,A,SELL,31.25,468,14625.0
2017-11-24,1414,A,SELL,7.09,2058,14591.22
2017-11-24,2313,A,SELL,50.2,312,15662.400000000001
2017-11-24,4943,A,SELL,447.0,37,16539.0
2017-11-24,6488,B,SELL,414.5,89,36890.5
2017-11-24,2455,A,BUY,94.7,160,15152.0
2017-11-24,2850,A,BUY,29.1,520,15132.0
2017-11-24,6609,A,BUY,28.2,537,15143.4
2017-11-24,3033,A,BUY,18.95,800,15160.0
2017-11-24,3028,A,BUY,19.95,759,15142.05
2017-11-24,3051,A,BUY,5.8,2613,15155.4
2017-11-24,6168,A,BUY,22.75,666,15151.5
2017-11-24,4755,A,BUY,60.2,251,15110.2
2017-11-24,3105,B,BUY,293.0,129,37797.0
2017-12-01,3317,A,SELL,44.5,378,16821.0
2017-12-01,2330,B,SELL,231.0,152,35112.0
2017-12-01,2448,B,SELL,52.5,618,32445.0
2017-12-01,2353,A,SELL,20.35,687,13980.45
2017-12-01,2851,A,SELL,17.45,820,14309.0
2017-12-01,1235,A,SELL,36.4,383,13941.199999999999
2017-12-01,3264,A,SELL,38.8,348,13502.4
2017-12-01,6182,B,SELL,43.35,872,37801.200000000004
2017-12-01,2850,A,SELL,28.9,520,15028.0
2017-12-01,6609,A,SELL,26.7,537,14337.9
2017-12-01,3051,A,SELL,5.69,2613,14867.970000000001
2017-12-01,6168,A,SELL,20.05,666,13353.300000000001
2017-12-01,4755,A,SELL,59.3,251,14884.3
2017-12-01,3105,B,SELL,306.0,129,39474.0
2017-12-01,1609,A,BUY,13.5,1817,24529.5
2017-12-01,2455,A,BUY,109.0,65,7085.0
2017-12-01,3028,A,BUY,20.4,443,9037.199999999999
2017-12-01,2327,A,BUY,310.0,79,24490.0
2017-12-01,8086,A,BUY,76.0,322,24472.0
2017-12-01,1735,A,BUY,19.25,505,9721.25
2017-12-01,3090,A,BUY,34.55,710,24530.499999999996
2017-12-01,3703,A,BUY,15.45,1587,24519.149999999998
2017-12-01,6153,A,BUY,48.6,504,24494.4
2017-12-01,3645,A,BUY,62.1,395,24529.5
2017-12-01,3033,A,BUY,18.85,501,9443.85
2017-12-01,2367,A,BUY,17.0,1442,24514.0
2017-12-01,5347,A,BUY,69.5,352,24464.0
2017-12-08,2405,A,SELL,18.9,876,16556.399999999998
2017-12-08,2327,A,SELL,310.0,79,24490.0
2017-12-08,8086,A,SELL,74.2,322,23892.4
2017-12-08,3090,A,SELL,33.9,710,24069.0
2017-12-08,6153,A,SELL,43.7,504,22024.800000000003
2017-12-08,5347,A,SELL,63.0,352,22176.0
2017-12-08,3354,A,BUY,29.0,839,24331.0
2017-12-08,6005,A,BUY,11.3,2155,24351.5
2017-12-08,2850,A,BUY,28.7,848,24337.6
2017-12-08,1235,A,BUY,37.5,649,24337.5
2017-12-08,2816,A,BUY,20.8,1170,24336.0
2017-12-08,2851,A,BUY,17.45,1395,24342.75
2017-12-08,1720,A,BUY,38.15,638,24339.7
2017-12-15,1235,A,SELL,37.5,649,24337.5
2017-12-15,2816,A,SELL,20.4,1170,23868.0
2017-12-15,2851,A,SELL,17.35,1395,24203.250000000004
2017-12-15,1720,A,SELL,36.8,638,23478.399999999998
2017-12-15,2367,A,SELL,22.5,345,7762.5
2017-12-15,4506,A,BUY,55.4,445,24653.0
2017-12-15,2353,A,BUY,20.4,1209,24663.6
2017-12-15,6120,A,BUY,34.8,709,24673.199999999997
2017-12-22,2455,A,SELL,97.6,225,21960.0
2017-12-22,3033,A,SELL,19.15,1301,24914.149999999998
2017-12-22,3028,A,SELL,20.0,1202,24040.0
2017-12-22,4506,A,SELL,55.6,445,24742.0
2017-12-22,6120,A,SELL,33.55,709,23786.949999999997
2017-12-22,8926,A,BUY,26.65,941,25077.649999999998
2017-12-22,1704,A,BUY,47.7,525,25042.5
2017-12-22,1414,A,BUY,7.44,3371,25080.24
2017-12-22,2327,A,BUY,342.5,73,25002.5
2017-12-22,3090,A,BUY,35.3,710,25062.999999999996
2017-12-22,2851,A,BUY,17.35,1445,25070.750000000004
2017-12-29,1609,A,SELL,13.9,1817,25256.3
2017-12-29,6005,A,SELL,11.6,2155,24998.0
2017-12-29,2850,A,SELL,28.7,848,24337.6
2017-12-29,3090,A,SELL,35.5,710,25205.0
2017-12-29,2851,A,SELL,17.5,1445,25287.5
2017-12-29,1815,A,BUY,22.75,1124,25571.0
2017-12-29,3550,A,BUY,23.1,1107,25571.7
2017-12-29,3645,A,SELL,84.0,90,7560.0
2017-12-29,6531,A,BUY,93.5,273,25525.5
2017-12-29,1323,A,BUY,38.6,662,25553.2
2017-12-29,6525,A,BUY,86.8,294,25519.2
2018-01-05,1735,A,SELL,16.85,1274,21466.9
2018-01-05,3703,A,SELL,17.2,1587,27296.399999999998
2018-01-05,3645,A,SELL,87.8,305,26779.0
2018-01-05,2367,A,SELL,24.95,1097,27370.149999999998
2018-01-05,3354,A,SELL,33.5,839,28106.5
2018-01-05,8926,A,SELL,26.9,941,25312.899999999998
2018-01-05,1414,A,SELL,7.42,3371,25012.82
2018-01-05,1323,A,SELL,37.6,662,24891.2
2018-01-05,6525,A,SELL,93.0,294,27342.0
2018-01-05,5317,A,BUY,69.9,372,26002.800000000003
2018-01-05,2527,A,BUY,25.6,1017,26035.2
2018-01-05,2009,A,BUY,13.95,1867,26044.649999999998
2018-01-05,2478,A,BUY,38.1,683,26022.3
2018-01-05,3624,A,BUY,26.85,970,26044.5
2018-01-05,9946,A,BUY,13.7,1901,26043.699999999997
2018-01-05,2614,A,BUY,10.95,2379,26050.05
2018-01-05,1727,A,BUY,16.15,1613,26049.949999999997
2018-01-05,3090,A,BUY,39.25,663,26022.75
2018-01-12,1704,A,SELL,46.5,525,24412.5
2018-01-12,2327,A,SELL,375.0,73,27375.0
2018-01-12,1815,A,SELL,23.45,1124,26357.8
2018-01-12,3550,A,SELL,22.3,1107,24686.100000000002
2018-01-12,6531,A,SELL,89.0,273,24297.0
2018-01-12,5317,A,SELL,63.4,372,23584.8
2018-01-12,2009,A,SELL,13.9,1867,25951.3
2018-01-12,2478,A,SELL,36.3,683,24792.899999999998
2018-01-12,9946,A,SELL,13.1,1901,24903.1
2018-01-12,1727,A,SELL,15.9,1613,25646.7
2018-01-12,3090,A,SELL,37.8,663,25061.399999999998
2018-01-12,3018,A,BUY,84.1,304,25566.399999999998
2018-01-12,1414,A,BUY,8.57,2991,25632.870000000003
2018-01-12,5534,A,BUY,88.1,291,25637.1
2018-01-12,2014,A,BUY,13.9,1844,25631.600000000002
2018-01-12,2027,A,BUY,24.9,1029,25622.1
2018-01-12,2809,A,BUY,42.05,609,25608.449999999997
2018-01-12,3310,A,BUY,36.65,699,25618.35
2018-01-12,1229,A,BUY,39.9,642,25615.8
2018-01-12,2460,A,BUY,20.35,1259,25620.65
2018-01-12,2820,A,BUY,15.9,1612,25630.8
2018-01-12,1785,A,BUY,24.3,1055,25636.5
2018-01-19,3624,A,SELL,30.35,970,29439.5
2018-01-19,2614,A,SELL,11.15,2379,26525.850000000002
2018-01-19,1414,A,SELL,8.12,2991,24286.92
2018-01-19,5534,A,SELL,86.1,291,25055.1
2018-01-19,2014,A,SELL,12.75,1844,23511.0
2018-01-19,2027,A,SELL,24.35,1029,25056.15
2018-01-19,2809,A,SELL,42.2,609,25699.800000000003
2018-01-19,2460,A,SELL,19.35,1259,24361.65
2018-01-19,2820,A,SELL,15.7,1612,25308.399999999998
2018-01-19,1785,A,SELL,23.25,1055,24528.75
2018-01-19,2889,A,BUY,9.98,2528,25229.440000000002
2018-01-19,2546,A,BUY,22.65,1113,25209.449999999997
2018-01-19,2887,A,BUY,14.8,1704,25219.2
2018-01-19,6609,A,BUY,33.05,763,25217.149999999998
2018-01-19,3663,A,BUY,19.1,1321,25231.100000000002
2018-01-19,2353,A,SELL,29.3,347,10167.1
2018-01-19,8034,A,BUY,18.3,1378,25217.4
2018-01-19,2731,A,BUY,132.5,190,25175.0
2018-01-19,2886,A,BUY,25.55,987,25217.850000000002
2018-01-19,8908,A,BUY,32.45,777,25213.65
2018-01-19,5880,A,BUY,17.4,1450,25229.999999999996
2018-01-26,2353,A,SELL,27.6,862,23791.2
2018-01-26,2527,A,SELL,25.0,1017,25425.0
2018-01-26,3018,A,SELL,78.9,304,23985.600000000002
2018-01-26,1229,A,SELL,38.35,642,24620.7
2018-01-26,8034,A,SELL,17.0,1378,23426.0
2018-01-26,2886,A,SELL,25.6,987,25267.2
2018-01-26,8908,A,SELL,32.5,777,25252.5
2018-01-26,2889,A,SELL,10.15,1033,10484.95
2018-01-26,3663,A,SELL,19.75,552,10902.0
2018-01-26,3055,A,BUY,37.4,405,15147.0
2018-01-26,2546,A,SELL,23.1,456,10533.6
2018-01-26,3310,A,SELL,39.5,314,12403.0
2018-01-26,5483,A,BUY,94.4,160,15104.0
2018-01-26,2887,A,SELL,14.75,675,9956.25
2018-01-26,2731,A,SELL,133.5,76,10146.0
2018-01-26,6609,A,SELL,38.3,366,14017.8
2018-01-26,6026,A,BUY,15.7,966,15166.199999999999
2018-01-26,1540,A,BUY,18.8,807,15171.6
2018-01-26,1773,A,BUY,91.4,166,15172.400000000001
2018-01-26,2809,A,BUY,41.75,363,15155.25
2018-01-26,1531,A,BUY,27.0,561,15147.0
2018-01-26,5880,A,SELL,17.35,575,9976.25
2018-01-26,2330,B,BUY,255.0,148,37740.0
2018-01-26,2327,B,BUY,373.0,101,37673.0
2018-01-26,2353,B,BUY,27.6,1374,37922.4
2018-01-26,6488,B,BUY,438.0,86,37668.0
2018-02-02,3310,A,SELL,35.35,385,13609.75
2018-02-02,3663,A,SELL,18.8,769,14457.2
2018-02-02,5880,A,SELL,17.3,875,15137.5
2018-02-02,3055,A,SELL,29.4,405,11907.0
2018-02-02,1540,A,SELL,18.25,807,14727.75
2018-02-02,1531,A,SELL,24.35,561,13660.35
2018-02-02,6488,B,SELL,445.0,86,38270.0
2018-02-02,3540,A,BUY,35.4,421,14903.4
2018-02-02,6257,A,BUY,38.2,390,14898.000000000002
2018-02-02,1597,A,BUY,135.0,110,14850.0
2018-02-02,6531,A,BUY,93.4,159,14850.6
2018-02-02,3033,A,BUY,20.3,734,14900.2
2018-02-02,8908,A,BUY,32.35,460,14881.0
2018-02-02,3443,B,BUY,354.0,105,37170.0
2018-02-09,2889,A,SELL,9.63,1495,14396.85
2018-02-09,2546,A,SELL,21.55,657,14158.35
2018-02-09,2887,A,SELL,13.6,1029,13994.4
2018-02-09,6609,A,SELL,31.3,397,12426.1
2018-02-09,1773,A,SELL,83.5,166,13861.0
2018-02-09,2809,A,SELL,39.45,363,14320.35
2018-02-09,2330,B,SELL,232.5,148,34410.0
2018-02-09,2327,B,SELL,331.5,101,33481.5
2018-02-09,2353,B,SELL,24.65,1374,33869.1
2018-02-09,3540,A,SELL,27.45,421,11556.449999999999
2018-02-09,6257,A,SELL,34.9,390,13611.0
2018-02-09,6531,A,SELL,80.0,159,12720.0
2018-02-09,3033,A,SELL,19.35,734,14202.900000000001
2018-02-09,3443,B,SELL,282.0,105,29610.0
2018-02-09,3030,A,BUY,55.0,406,22330.0
2018-02-09,8454,A,BUY,281.0,79,22199.0
2018-02-09,2425,A,BUY,21.75,1029,22380.75
2018-02-09,4506,A,BUY,58.5,382,22347.0
2018-02-09,5371,A,BUY,42.2,530,22366.0
2018-02-09,3624,A,BUY,30.9,724,22371.6
2018-02-09,8908,A,BUY,32.4,230,7452.0
2018-02-09,6023,A,BUY,43.4,515,22351.0
2018-02-09,1597,A,BUY,130.0,62,8060.0
2018-02-09,3018,A,BUY,79.5,281,22339.5
2018-02-09,6026,A,BUY,14.95,531,7938.45
2018-02-09,2614,A,BUY,11.35,1972,22382.2
2018-02-09,2015,A,BUY,60.3,371,22371.3
2018-02-09,2731,A,BUY,125.5,64,8032.0
2018-02-09,5483,A,BUY,89.0,91,8099.0
2018-02-12,5483,A,SELL,88.0,251,22088.0
2018-02-12,6023,A,SELL,43.75,515,22531.25
2018-02-12,3090,A,BUY,37.6,588,22108.8
2018-02-12,3663,A,BUY,19.5,1133,22093.5
2018-02-23,6026,A,SELL,15.55,1497,23278.350000000002
2018-02-23,2015,A,SELL,60.9,371,22593.899999999998
2018-02-23,2425,A,SELL,27.8,523,14539.4
2018-02-23,8454,A,SELL,295.0,31,9145.0
2018-02-23,3030,A,SELL,57.1,160,9136.0
2018-02-23,2614,A,SELL,12.35,835,10312.25
2018-02-23,5371,A,SELL,42.55,200,8510.0
2018-02-23,6023,A,BUY,47.35,296,14015.6
2018-02-23,1597,A,SELL,138.0,70,9660.0
2018-02-23,3018,A,SELL,86.5,118,10207.0
2018-02-23,4506,A,SELL,58.8,143,8408.4
2018-02-23,3090,A,SELL,39.25,230,9027.5
2018-02-23,8908,A,SELL,32.3,255,8236.5
2018-02-23,2014,A,BUY,13.5,1039,14026.5
2018-02-23,3663,A,SELL,19.25,403,7757.75
2018-02-23,3624,A,SELL,31.6,279,8816.4
2018-02-23,2731,A,SELL,127.5,67,8542.5
2018-02-23,2353,B,BUY,24.8,5661,140392.80000000002
2018-03-02,2731,A,SELL,127.5,111,14152.5
2018-03-02,8908,A,SELL,32.55,435,14159.249999999998
2018-03-02,3624,A,SELL,32.1,445,14284.5
2018-03-02,3090,A,SELL,39.15,358,14015.699999999999
2018-03-02,2425,A,SELL,35.7,107,3819.9
2018-03-02,6024,A,BUY,54.0,263,14202.0
2018-03-02,2015,A,BUY,61.4,231,14183.4
2018-03-02,6026,A,BUY,15.45,921,14229.449999999999
2018-03-02,1773,A,BUY,88.9,160,14224.0
2018-03-09,1597,A,SELL,142.0,102,14484.0
2018-03-09,3018,A,SELL,81.9,163,13349.7
2018-03-09,3663,A,SELL,20.1,730,14673.000000000002
2018-03-09,2014,A,SELL,12.3,1039,12779.7
2018-03-09,2015,A,SELL,58.8,231,13582.8
2018-03-09,6026,A,SELL,14.95,921,13768.949999999999
2018-03-09,1773,A,SELL,85.4,160,13664.0
2018-03-09,6203,A,BUY,45.5,316,14378.0
2018-03-09,3090,A,BUY,47.85,300,14355.0
2018-03-09,6141,A,BUY,24.4,589,14371.599999999999
2018-03-09,2440,A,BUY,13.85,1038,14376.3
2018-03-09,2388,A,BUY,22.05,652,14376.6
2018-03-09,1785,A,BUY,25.25,569,14367.25
2018-03-09,3624,A,BUY,34.1,421,14356.1
2018-03-16,3030,A,SELL,54.0,246,13284.0
2018-03-16,8454,A,SELL,277.0,48,13296.0
2018-03-16,1785,A,SELL,24.15,569,13741.349999999999
2018-03-16,3624,A,SELL,33.9,421,14271.9
2018-03-16,3040,A,BUY,62.1,237,14717.7
2018-03-16,2388,A,SELL,30.4,166,5046.4
2018-03-16,8908,A,BUY,33.4,441,14729.4
2018-03-16,2231,A,BUY,400.0,36,14400.0
2018-03-16,2546,A,BUY,23.65,623,14733.949999999999
2018-03-16,2327,B,BUY,425.0,41,17425.0
2018-03-16,2353,B,SELL,26.75,2903,77655.25
2018-03-23,2425,A,SELL,31.2,399,12448.8
2018-03-23,4506,A,SELL,59.0,239,14101.0
2018-03-23,5371,A,SELL,42.4,330,13992.0
2018-03-23,6203,A,SELL,40.0,316,12640.0
2018-03-23,2440,A,SELL,13.6,1038,14116.8
2018-03-23,2012,A,BUY,18.4,805,14811.999999999998
2018-03-23,3663,A,BUY,21.5,688,14792.0
2018-03-23,2527,A,BUY,25.8,574,14809.2
2018-03-23,3679,A,BUY,80.2,184,14756.800000000001
2018-03-23,1597,A,BUY,157.0,94,14758.0
2018-03-23,2327,B,BUY,484.0,61,29524.0
2018-03-23,2455,B,BUY,129.5,317,41051.5
2018-03-23,2353,B,SELL,24.85,771,19159.350000000002
2018-03-30,2614,A,SELL,14.85,1137,16884.45
2018-03-30,6023,A,SELL,44.3,296,13112.8
2018-03-30,2353,B,SELL,24.85,1987,49376.950000000004
2018-03-30,2231,A,SELL,393.0,36,14148.0
2018-03-30,2327,B,SELL,522.0,102,53244.0
2018-03-30,3663,A,SELL,23.75,688,16340.0
2018-03-30,3679,A,SELL,82.3,184,15143.199999999999
2018-03-30,2455,B,SELL,108.5,317,34394.5
2018-03-30,2348,A,BUY,53.0,467,24751.0
2018-03-30,8908,A,BUY,36.3,242,8784.599999999999
2018-03-30,3402,A,BUY,27.3,908,24788.4
2018-03-30,2535,A,BUY,20.6,1203,24781.800000000003
2018-03-30,4123,A,BUY,60.2,411,24742.2
2018-03-30,4144,A,BUY,45.8,541,24777.8
2018-03-30,2527,A,BUY,29.2,275,8030.0
2018-03-30,2388,A,BUY,37.7,171,6446.700000000001
2018-03-30,2012,A,BUY,18.45,538,9926.1
2018-03-30,3090,A,BUY,51.9,177,9186.3
2018-03-30,3040,A,BUY,61.4,166,10192.4
2018-03-30,6024,A,BUY,63.9,125,7987.5
2018-03-30,6141,A,BUY,29.25,258,7546.5
2018-03-30,1597,A,BUY,161.0,60,9660.0
2018-03-30,2546,A,BUY,24.3,397,9647.1
2018-04-03,6024,A,SELL,62.5,388,24250.0
2018-04-03,3090,A,SELL,53.2,477,25376.4
2018-04-03,2546,A,SELL,25.0,1020,25500.0
2018-04-03,6101,A,BUY,80.6,320,25792.0
2018-04-03,2020,A,BUY,15.75,1642,25861.5
2018-04-03,5015,A,BUY,38.3,675,25852.499999999996
2018-04-13,2388,A,SELL,32.95,657,21648.15
2018-04-13,3040,A,SELL,60.1,403,24220.3
2018-04-13,2012,A,SELL,19.4,1343,26054.199999999997
2018-04-13,2527,A,SELL,27.25,849,23135.25
2018-04-13,2348,A,SELL,45.1,467,21061.7
2018-04-13,4123,A,SELL,60.9,411,25029.899999999998
2018-04-13,4144,A,SELL,41.5,541,22451.5
2018-04-13,2020,A,SELL,15.6,1642,25615.2
2018-04-13,2031,A,BUY,42.7,590,25193.0
2018-04-13,3090,A,BUY,62.5,403,25187.5
2018-04-13,6196,A,BUY,57.5,438,25185.0
2018-04-13,2013,A,BUY,36.55,689,25182.949999999997
2018-04-13,4736,A,BUY,134.0,188,25192.0
2018-04-13,1514,A,BUY,16.0,1575,25200.0
2018-04-13,2546,A,BUY,26.2,961,25178.2
2018-04-13,2231,A,BUY,458.0,55,25190.0
2018-04-20,6141,A,SELL,36.6,847,31000.2
2018-04-20,8908,A,SELL,36.2,683,24724.600000000002
2018-04-20,1597,A,SELL,199.0,154,30646.0
2018-04-20,3402,A,SELL,28.5,908,25878.0
2018-04-20,2013,A,SELL,34.8,689,23977.199999999997
2018-04-20,1514,A,SELL,17.25,1575,27168.75
2018-04-20,2546,A,SELL,25.65,961,24649.649999999998
2018-04-20,2231,A,SELL,424.0,55,23320.0
2018-04-20,2492,A,BUY,164.0,158,25912.0
2018-04-20,1413,A,BUY,14.9,1739,25911.100000000002
2018-04-20,1795,A,BUY,81.8,316,25848.8
2018-04-20,2049,A,BUY,504.0,51,25704.0
2018-04-20,2903,A,BUY,19.15,1353,25909.949999999997
2018-04-20,3679,A,BUY,89.0,291,25899.0
2018-04-20,6284,A,BUY,42.45,610,25894.5
2018-04-20,4707,A,BUY,12.45,2081,25908.449999999997
2018-04-27,2031,A,SELL,43.95,590,25930.5
2018-04-27,2049,A,SELL,425.5,51,21700.5
2018-04-27,3679,A,SELL,80.3,291,23367.3
2018-04-27,4707,A,SELL,11.75,2081,24451.75
2018-04-27,2534,A,BUY,34.5,739,25495.5
2018-04-27,8908,A,BUY,36.2,705,25521.000000000004
2018-04-27,4123,A,BUY,67.4,378,25477.2
2018-04-27,2527,A,BUY,29.05,878,25505.9
2018-05-04,6101,A,SELL,73.1,320,23392.0
2018-05-04,5015,A,SELL,39.9,675,26932.5
2018-05-04,6284,A,SELL,41.9,610,25559.0
2018-05-04,4123,A,SELL,66.0,378,24948.0
2018-05-04,2527,A,SELL,29.0,878,25462.0
2018-05-04,4190,A,BUY,113.5,226,25651.0
2018-05-04,2492,A,SELL,227.0,44,9988.0
2018-05-04,5907,A,BUY,29.1,881,25637.100000000002
2018-05-04,2601,A,BUY,12.1,2119,25639.899999999998
2018-05-04,2108,A,BUY,25.5,1005,25627.5
2018-05-04,3402,A,BUY,29.5,869,25635.5
2018-05-11,1413,A,SELL,14.8,1739,25737.2
2018-05-11,1795,A,SELL,78.6,316,24837.6
2018-05-11,2108,A,SELL,25.3,1005,25426.5
2018-05-11,5015,A,BUY,40.35,659,26590.65
2018-05-11,6284,A,BUY,43.0,618,26574.0
2018-05-11,2012,A,BUY,20.3,1310,26593.0
2018-05-18,2903,A,SELL,19.3,1353,26112.9
2018-05-18,5907,A,SELL,32.3,881,28456.3
2018-05-18,2601,A,SELL,12.7,2119,26911.3
2018-05-18,5015,A,SELL,39.95,659,26327.050000000003
2018-05-18,6284,A,SELL,42.0,618,25956.0
2018-05-18,2012,A,SELL,20.0,1310,26200.0
2018-05-18,2596,A,BUY,23.8,1077,25632.600000000002
2018-05-18,2540,A,BUY,37.0,693,25641.0
2018-05-18,8163,A,BUY,47.3,542,25636.6
2018-05-18,9943,A,BUY,58.3,439,25593.699999999997
2018-05-18,6196,A,SELL,75.6,98,7408.799999999999
2018-05-18,2492,A,SELL,281.5,22,6193.0
2018-05-18,2546,A,BUY,25.95,988,25638.6
2018-05-18,2020,A,BUY,15.9,1612,25630.8
2018-05-18,3090,A,SELL,81.7,89,7271.3
2018-05-25,2535,A,SELL,26.05,1203,31338.15
2018-05-25,3090,A,SELL,96.5,314,30301.0
2018-05-25,4736,A,SELL,153.0,188,28764.0
2018-05-25,2492,A,SELL,340.0,92,31280.0
2018-05-25,8908,A,SELL,37.6,705,26508.0
2018-05-25,2546,A,SELL,25.9,988,25589.199999999997
2018-05-25,2020,A,SELL,15.95,1612,25711.399999999998
2018-05-25,1225,A,BUY,80.1,358,28675.8
2018-05-25,8277,A,BUY,14.0,2048,28672.0
2018-05-25,3504,A,BUY,102.0,281,28662.0
2018-05-25,8131,A,BUY,41.7,687,28647.9
2018-05-25,2377,A,BUY,124.5,230,28635.0
2018-05-25,2108,A,BUY,26.9,1066,28675.399999999998
2018-05-25,1103,A,BUY,13.65,2101,28678.65
2018-06-01,6196,A,SELL,76.5,340,26010.0
2018-06-01,2534,A,SELL,39.1,739,28894.9
2018-06-01,4190,A,SELL,127.0,226,28702.0
2018-06-01,3402,A,SELL,32.7,869,28416.300000000003
2018-06-01,9943,A,SELL,59.2,439,25988.800000000003
2018-06-01,8277,A,SELL,11.95,2048,24473.6
2018-06-01,8131,A,SELL,39.8,687,27342.6
2018-06-01,2377,A,SELL,126.5,230,29095.0
2018-06-01,1103,A,SELL,13.5,2101,28363.5
2018-06-01,2332,A,BUY,14.6,1973,28805.8
2018-06-01,5525,A,BUY,21.7,1327,28795.899999999998
2018-06-01,8261,A,BUY,38.8,742,28789.6
2018-06-01,8163,A,SELL,68.4,120,8208.0
2018-06-01,3702,A,BUY,43.0,670,28810.0
2018-06-01,2492,A,BUY,378.0,76,28728.0
2018-06-01,3016,A,BUY,69.9,412,28798.800000000003
2018-06-01,5469,A,BUY,29.15,988,28800.199999999997
2018-06-01,3030,A,BUY,66.6,432,28771.199999999997
2018-06-01,2478,A,BUY,108.0,266,28728.0
2018-06-08,2540,A,SELL,32.85,693,22765.05
2018-06-08,2332,A,SELL,14.95,1973,29496.35
2018-06-08,3016,A,SELL,74.0,412,30488.0
2018-06-08,5469,A,SELL,30.6,988,30232.800000000003
2018-06-08,3504,A,SELL,152.5,78,11895.0
2018-06-08,1409,A,BUY,12.35,2503,30912.05
2018-06-08,8415,A,BUY,30.55,1012,30916.600000000002
2018-06-08,2362,A,BUY,35.4,873,30904.199999999997
2018-06-08,9943,A,BUY,59.1,523,30909.3
2018-06-15,5525,A,SELL,22.15,1327,29393.05
2018-06-15,3702,A,SELL,43.0,670,28810.0
2018-06-15,2492,A,SELL,411.0,76,31236.0
2018-06-15,3030,A,SELL,68.5,432,29592.0
2018-06-15,2362,A,SELL,35.3,873,30816.899999999998
2018-06-15,9943,A,SELL,58.3,523,30490.899999999998
2018-06-15,8261,A,SELL,57.5,186,10695.0
2018-06-15,8016,A,BUY,115.0,277,31855.0
2018-06-15,3088,A,BUY,64.3,496,31892.8
2018-06-15,2838,A,BUY,10.15,3145,31921.75
2018-06-15,5328,A,BUY,20.9,1527,31914.3
2018-06-15,3016,A,BUY,83.2,383,31865.600000000002
2018-06-22,3504,A,SELL,121.5,203,24664.5
2018-06-22,2478,A,SELL,127.0,266,33782.0
2018-06-22,8415,A,SELL,30.15,1012,30511.8
2018-06-22,5328,A,SELL,18.6,1527,28402.2
2018-06-22,3016,A,SELL,76.5,383,29299.5
2018-06-22,4513,A,BUY,17.6,1738,30588.800000000003
2018-06-22,6504,A,BUY,174.0,175,30450.0
2018-06-22,2388,A,BUY,49.0,624,30576.0
2018-06-22,2362,A,BUY,34.9,876,30572.399999999998
2018-06-22,3707,A,BUY,38.65,791,30572.149999999998
2018-06-22,5525,A,BUY,21.8,1403,30585.4
2018-06-29,1409,A,SELL,11.75,2503,29410.25
2018-06-29,8016,A,SELL,117.5,277,32547.5
2018-06-29,2838,A,SELL,10.1,3145,31764.5
2018-06-29,6504,A,SELL,173.0,175,30275.0
2018-06-29,2388,A,SELL,50.4,624,31449.6
2018-06-29,2362,A,SELL,34.3,876,30046.8
2018-06-29,3707,A,SELL,35.2,791,27843.2
2018-06-29,2426,A,BUY,23.95,1265,30296.75
2018-06-29,5328,A,BUY,21.2,1429,30294.8
2018-06-29,3624,A,BUY,70.5,429,30244.5
2018-06-29,2534,A,BUY,40.85,741,30269.850000000002
2018-06-29,5213,A,BUY,23.5,1289,30291.5
2018-06-29,2478,A,BUY,119.5,253,30233.5
2018-06-29,2492,A,BUY,417.0,72,30024.0
2018-07-06,2108,A,SELL,28.85,1066,30754.100000000002
2018-07-06,8261,A,SELL,48.5,556,26966.0
2018-07-06,3088,A,SELL,61.9,496,30702.399999999998
2018-07-06,2534,A,SELL,38.25,741,28343.25
2018-07-06,5213,A,SELL,21.2,1289,27326.8
2018-07-06,2478,A,SELL,109.5,253,27703.5
2018-07-06,6160,A,BUY,21.9,1339,29324.1
2018-07-06,1409,A,BUY,11.9,2464,29321.600000000002
2018-07-06,8415,A,BUY,30.05,976,29328.8
2018-07-06,3090,A,BUY,94.8,309,29293.2
2018-07-06,8016,A,BUY,119.5,245,29277.5
2018-07-06,5469,A,BUY,28.95,1013,29326.35
2018-07-13,2596,A,SELL,24.7,1077,26601.899999999998
2018-07-13,5525,A,SELL,21.4,1403,30024.199999999997
2018-07-13,5328,A,SELL,20.0,1429,28580.0
2018-07-13,3624,A,SELL,66.4,429,28485.600000000002
2018-07-13,3090,A,SELL,92.2,309,28489.8
2018-07-13,8016,A,SELL,113.5,245,27807.5
2018-07-13,5469,A,SELL,28.7,1013,29073.1
2018-07-13,3416,A,BUY,55.6,526,29245.600000000002
2018-07-13,2108,A,BUY,29.05,1007,29253.350000000002
2018-07-13,3702,A,BUY,44.0,665,29260.0
2018-07-13,3059,A,BUY,38.8,754,29255.199999999997
2018-07-13,8261,A,BUY,50.5,579,29239.5
2018-07-13,3088,A,BUY,63.9,458,29266.2
2018-07-13,3016,A,BUY,73.0,401,29273.0
2018-07-20,8163,A,SELL,57.5,422,24265.0
2018-07-20,2426,A,SELL,21.3,1265,26944.5
2018-07-20,3059,A,SELL,39.15,754,29519.1
2018-07-20,8261,A,SELL,46.9,579,27155.1
2018-07-20,3016,A,SELL,67.1,401,26907.1
2018-07-20,4942,A,BUY,27.1,1040,28184.0
2018-07-20,4123,A,BUY,88.7,318,28206.600000000002
2018-07-20,4190,A,BUY,136.0,207,28152.0
2018-07-20,2332,A,BUY,13.8,2044,28207.2
2018-07-20,2362,A,BUY,34.25,823,28187.75
2018-07-20,5525,A,BUY,22.0,173,3806.0
2018-07-27,1225,A,SELL,83.1,358,29749.8
2018-07-27,2492,A,SELL,424.0,72,30528.0
2018-07-27,3702,A,SELL,41.5,665,27597.5
2018-07-27,4123,A,SELL,98.6,318,31354.8
2018-07-27,4190,A,SELL,120.5,207,24943.5
2018-07-27,2362,A,SELL,35.7,823,29381.100000000002
2018-07-27,1704,A,BUY,51.4,555,28527.0
2018-07-27,5525,A,BUY,22.15,1116,24719.399999999998
2018-07-27,2838,A,BUY,10.2,2800,28559.999999999996
2018-07-27,2534,A,BUY,40.2,710,28542.000000000004
2018-07-27,3016,A,BUY,72.0,396,28512.0
2018-07-27,3059,A,BUY,39.7,719,28544.300000000003
2018-08-03,2108,A,SELL,29.1,1007,29303.7
2018-08-03,3088,A,SELL,59.6,458,27296.8
2018-08-03,2332,A,SELL,13.7,2044,28002.8
2018-08-03,5525,A,SELL,20.1,1289,25908.9
2018-08-03,2534,A,SELL,41.9,710,29749.0
2018-08-03,3016,A,SELL,66.0,396,26136.0
2018-08-03,3059,A,SELL,38.2,719,27465.800000000003
2018-08-03,2547,A,BUY,13.7,1245,17056.5
2018-08-03,5820,A,BUY,9.97,1710,17048.7
2018-08-03,8415,A,SELL,35.05,489,17139.449999999997
2018-08-03,6160,A,SELL,27.75,724,20091.0
2018-08-03,1515,A,BUY,55.1,309,17025.9
2018-08-03,1409,A,SELL,13.35,1186,15833.1
2018-08-03,2838,A,SELL,10.5,1175,12337.5
2018-08-03,1704,A,SELL,52.0,226,11752.0
2018-08-03,4942,A,SELL,27.35,416,11377.6
2018-08-03,8942,A,BUY,91.8,185,16983.0
2018-08-03,3416,A,SELL,56.3,223,12554.9
2018-08-03,1539,A,BUY,24.6,693,17047.8
2018-08-03,5340,A,BUY,12.75,1337,17046.75
2018-08-03,4513,A,SELL,16.9,728,12303.199999999999
2018-08-03,2596,A,BUY,25.3,674,17052.2
2018-08-03,2456,B,BUY,123.0,1386,170478.0
2018-08-10,4513,A,SELL,16.6,1010,16766.0
2018-08-10,8942,A,SELL,86.6,185,16020.999999999998
2018-08-10,2612,A,BUY,34.4,478,16443.2
2018-08-10,3059,A,BUY,38.75,424,16430.0
2018-08-17,2838,A,SELL,10.05,1625,16331.250000000002
2018-08-17,5820,A,SELL,9.3,1710,15903.000000000002
2018-08-17,2596,A,SELL,24.55,674,16546.7
2018-08-17,3059,A,SELL,33.2,424,14076.800000000001
2018-08-17,6160,A,BUY,25.8,219,5650.2
2018-08-17,1515,A,BUY,50.2,119,5973.8
2018-08-24,1904,A,BUY,21.75,771,16769.25
2018-08-24,2368,A,BUY,15.05,1115,16780.75
2018-08-24,6121,A,BUY,207.0,81,16767.0
2018-08-24,6160,A,SELL,26.7,205,5473.5
2018-08-31,6160,A,SELL,26.8,629,16857.2
2018-08-31,1409,A,SELL,13.65,1278,17444.7
2018-08-31,8415,A,SELL,33.05,487,16095.349999999999
2018-08-31,3416,A,SELL,57.0,303,17271.0
2018-08-31,1515,A,SELL,48.0,428,20544.0
2018-08-31,1539,A,SELL,23.6,693,16354.800000000001
2018-08-31,2612,A,SELL,33.5,478,16013.0
2018-08-31,2547,A,SELL,16.9,268,4529.2
2018-08-31,2442,A,BUY,13.2,1249,16486.8
2018-08-31,2425,A,BUY,49.2,335,16482.0
2018-08-31,6021,A,BUY,12.5,1319,16487.5
2018-08-31,2834,A,BUY,11.1,1486,16494.6
2018-08-31,2373,A,BUY,109.0,151,16459.0
2018-08-31,2356,A,BUY,27.55,598,16474.9
2018-08-31,5439,A,BUY,50.7,325,16477.5
2018-08-31,1718,A,BUY,11.65,1416,16496.4
2018-09-07,1704,A,SELL,51.3,329,16877.7
2018-09-07,5340,A,SELL,12.9,1337,17247.3
2018-09-07,2834,A,SELL,10.65,1486,15825.9
2018-09-07,1718,A,SELL,10.85,1416,15363.6
2018-09-07,2538,A,BUY,13.3,1129,15015.7
2018-09-07,6278,A,BUY,33.95,442,15005.900000000001
2018-09-07,1539,A,BUY,27.0,556,15012.0
2018-09-07,4942,A,SELL,30.85,137,4226.45
2018-09-07,3416,A,BUY,56.6,265,14999.0
2018-09-14,2456,B,SELL,93.7,1386,129868.2
2018-09-14,2368,A,SELL,14.0,1115,15610.0
2018-09-14,6021,A,SELL,11.2,1319,14772.8
2018-09-14,2356,A,SELL,26.65,598,15936.699999999999
2018-09-14,5439,A,SELL,42.6,325,13845.0
2018-09-14,3416,A,SELL,55.5,265,14707.5
2018-09-14,4119,A,BUY,88.8,284,25219.2
2018-09-14,2547,A,BUY,17.9,431,7714.9
2018-09-14,2538,A,BUY,13.15,788,10362.2
2018-09-14,6278,A,BUY,36.5,248,9052.0
2018-09-14,4942,A,BUY,32.25,295,9513.75
2018-09-14,2442,A,BUY,13.35,640,8544.0
2018-09-14,1539,A,BUY,28.3,335,9480.5
2018-09-14,1704,A,BUY,51.9,485,25171.5
2018-09-14,2425,A,BUY,47.7,193,9206.1
2018-09-14,2834,A,BUY,11.0,2292,25212.0
2018-09-14,6121,A,BUY,208.5,39,8131.5
2018-09-14,2612,A,BUY,34.3,735,25210.499999999996
2018-09-14,2373,A,BUY,99.0,103,10197.0
2018-09-14,8415,A,BUY,33.0,764,25212.0
2018-09-21,6121,A,SELL,205.5,120,24660.0
2018-09-21,2425,A,SELL,44.0,528,23232.0
2018-09-21,2373,A,SELL,93.1,254,23647.399999999998
2018-09-21,2348,A,BUY,52.4,487,25518.8
2018-09-21,1904,A,BUY,24.05,290,6974.5
2018-09-21,1503,A,BUY,48.05,531,25514.55
2018-09-21,5340,A,BUY,14.15,1804,25526.600000000002
2018-09-28,4942,A,SELL,31.7,782,24789.399999999998
2018-09-28,2612,A,SELL,34.4,735,25284.0
2018-09-28,6452,A,BUY,462.5,55,25437.5
2018-09-28,6021,A,BUY,11.95,2134,25501.3
2018-10-05,8415,A,SELL,34.85,764,26625.4
2018-10-05,1503,A,SELL,43.7,531,23204.7
2018-10-05,6021,A,SELL,11.15,2134,23794.100000000002
2018-10-05,2612,A,BUY,34.0,729,24786.0
2018-10-05,4942,A,BUY,30.4,815,24776.0
2018-10-05,6121,A,BUY,202.0,122,24644.0
2018-10-12,2547,A,SELL,16.1,1408,22668.800000000003
2018-10-12,1539,A,SELL,24.8,891,22096.8
2018-10-12,2834,A,SELL,10.7,2292,24524.399999999998
2018-10-12,2348,A,SELL,44.05,487,21452.35
2018-10-12,5340,A,SELL,12.6,1804,22730.399999999998
2018-10-12,4942,A,SELL,28.2,815,22983.0
2018-10-12,6121,A,SELL,191.5,122,23363.0
2018-10-12,6452,A,BUY,487.0,25,12175.0
2018-10-12,2442,A,BUY,15.35,674,10345.9
2018-10-12,1704,A,BUY,51.8,274,14193.199999999999
2018-10-12,5206,A,BUY,13.3,2958,39341.4
2018-10-12,2612,A,BUY,35.8,370,13245.999999999998
2018-10-12,2538,A,BUY,13.0,1110,14430.0
2018-10-12,4119,A,BUY,79.1,213,16848.3
2018-10-12,1904,A,BUY,21.6,760,16416.0
2018-10-19,1904,A,SELL,20.6,1821,37512.600000000006
2018-10-19,1704,A,SELL,51.7,759,39240.3
2018-10-19,6278,A,BUY,35.5,721,25595.5
2018-10-19,5206,A,BUY,12.6,1019,12839.4
2018-10-19,2442,A,BUY,14.45,905,13077.25
2018-10-26,2538,A,SELL,11.95,3027,36172.65
2018-10-26,4119,A,SELL,75.1,497,37324.7
2018-10-26,2612,A,SELL,29.45,1099,32365.55
2018-10-26,6278,A,BUY,33.2,1711,56805.200000000004
2018-10-26,2442,A,BUY,12.35,4927,60848.45
2018-10-26,5206,A,BUY,11.85,4010,47518.5
2018-11-02,2442,A,SELL,12.75,8395,107036.25
2018-11-02,6278,A,SELL,36.3,3122,113328.59999999999
2018-11-02,6452,A,SELL,189.0,80,15120.0
2018-11-02,5206,A,BUY,12.95,16823,217857.84999999998
2018-11-16,2597,A,BUY,42.45,398,16895.100000000002
2018-11-16,5206,A,SELL,12.95,12404,160631.8
2018-11-23,2597,A,BUY,44.8,3179,142419.19999999998
2018-11-30,5206,A,SELL,13.4,12406,166240.4
2018-11-30,2597,A,SELL,45.5,1167,53098.5
2018-11-30,2704,A,BUY,25.0,4385,109625.0
2018-11-30,3455,A,BUY,68.2,1607,109597.40000000001
2018-12-07,2597,A,SELL,50.2,1025,51455.0
2018-12-07,2524,A,BUY,27.4,2500,68500.0
2018-12-07,2704,A,SELL,26.55,1767,46913.85
2018-12-07,3455,A,SELL,69.2,602,41658.4
2018-12-14,1730,A,BUY,69.4,847,58781.8
2018-12-14,3322,A,BUY,12.4,2382,29536.8
2018-12-14,3455,A,SELL,79.0,260,20540.0
2018-12-21,5234,A,BUY,90.5,226,20453.0
2018-12-21,1730,A,SELL,67.8,429,29086.199999999997
2018-12-21,8927,A,BUY,17.0,1666,28322.0
2018-12-21,3338,A,BUY,31.85,22,700.7
2018-12-21,2597,A,SELL,49.65,814,40415.1
2018-12-21,2524,A,SELL,26.3,1422,37398.6
2018-12-21,1515,A,BUY,72.0,393,28296.0
2018-12-21,3455,A,SELL,71.1,346,24600.6
2018-12-21,2704,A,SELL,24.7,1470,36309.0
2018-12-28,2704,A,SELL,23.0,1148,26404.0
2018-12-28,6230,A,BUY,138.0,189,26082.0
2018-12-28,1532,A,BUY,38.75,675,26156.25
2018-12-28,3338,A,BUY,31.4,812,25496.8
2018-12-28,5288,A,BUY,112.0,233,26096.0
2018-12-28,3535,A,BUY,16.35,1601,26176.350000000002
2019-01-11,3535,A,SELL,17.3,1601,27697.300000000003
2019-01-11,2546,A,BUY,28.0,824,23072.0
2019-01-11,6277,A,BUY,93.3,116,10822.8
2019-01-11,3338,A,SELL,36.1,194,7003.400000000001
2019-01-11,2597,A,SELL,51.2,120,6144.0
2019-01-11,3322,A,SELL,13.45,666,8957.699999999999
2019-01-18,3455,A,SELL,62.4,399,24897.6
2019-01-18,2524,A,SELL,25.95,1078,27974.1
2019-01-18,4536,A,BUY,130.0,178,23140.0
2019-01-18,3324,A,BUY,115.0,201,23115.0
2019-01-18,6277,A,BUY,92.9,133,12355.7
2019-01-18,5288,A,SELL,130.0,54,7020.0
2019-01-25,1532,A,SELL,38.15,675,25751.25
2019-01-25,5288,A,SELL,118.0,179,21122.0
2019-01-25,6245,A,BUY,62.3,376,23424.8
2019-01-25,9943,A,BUY,63.3,370,23421.0
2019-01-25,1515,A,SELL,85.2,117,9968.4
2019-01-25,2423,A,BUY,26.85,873,23440.050000000003
2019-01-30,1730,A,SELL,65.6,418,27420.8
2019-01-30,3338,A,SELL,33.3,640,21312.0
2019-01-30,6230,A,SELL,140.0,189,26460.0
2019-01-30,3479,A,BUY,47.1,496,23361.600000000002
2019-01-30,2524,A,BUY,27.2,859,23364.8
2019-01-30,5288,A,BUY,123.0,190,23370.0
2019-02-15,3322,A,SELL,13.1,1716,22479.6
2019-02-15,5234,A,SELL,94.6,226,21379.6
2019-02-15,1515,A,SELL,85.9,276,23708.4
2019-02-15,2546,A,SELL,27.75,824,22866.0
2019-02-15,6277,A,SELL,91.0,249,22659.0
2019-02-15,3324,A,SELL,119.5,201,24019.5
2019-02-15,2423,A,SELL,26.35,873,23003.550000000003
2019-02-15,2524,A,SELL,26.15,859,22462.85
2019-02-15,5288,A,SELL,129.5,190,24605.0
2019-02-15,6188,A,BUY,37.25,626,23318.5
2019-02-15,3038,A,BUY,11.7,1994,23329.8
2019-02-15,8454,A,BUY,244.0,95,23180.0
2019-02-15,8049,A,BUY,21.85,1067,23313.95
2019-02-15,9935,A,BUY,22.7,1027,23312.899999999998
2019-02-15,8255,A,BUY,113.5,205,23267.5
2019-02-15,2613,A,BUY,13.65,1709,23327.850000000002
2019-02-15,3363,A,BUY,35.5,657,23323.5
2019-02-15,2301,A,BUY,45.6,511,23301.600000000002
2019-02-22,2597,A,SELL,54.8,451,24714.8
2019-02-22,8927,A,SELL,17.25,1666,28738.5
2019-02-22,4536,A,SELL,149.0,178,26522.0
2019-02-22,8454,A,SELL,240.0,95,22800.0
2019-02-22,2613,A,SELL,13.45,1709,22986.05
2019-02-22,3363,A,SELL,37.5,657,24637.5
2019-02-22,2301,A,SELL,45.85,511,23429.350000000002
2019-02-22,2480,A,BUY,43.9,517,22696.3
2019-02-22,8215,A,BUY,25.05,906,22695.3
2019-02-22,3376,A,BUY,108.0,210,22680.0
2019-02-22,6275,A,BUY,21.05,1078,22691.9
2019-02-22,8213,A,BUY,32.15,705,22665.75
2019-02-22,5234,A,BUY,113.5,199,22586.5
2019-02-22,3217,A,BUY,41.85,542,22682.7
2019-02-27,3479,A,SELL,47.35,496,23485.600000000002
2019-02-27,8049,A,SELL,22.65,1067,24167.55
2019-02-27,8215,A,SELL,23.55,906,21336.3
2019-02-27,3376,A,SELL,101.0,210,21210.0
2019-02-27,6275,A,SELL,20.85,1078,22476.300000000003
2019-02-27,8213,A,SELL,32.3,705,22771.499999999996
2019-02-27,5234,A,SELL,108.0,199,21492.0
2019-02-27,3217,A,SELL,41.2,542,22330.4
2019-02-27,5340,A,BUY,23.1,1058,24439.800000000003
2019-02-27,1582,A,BUY,75.9,322,24439.800000000003
2019-02-27,3630,A,BUY,103.0,237,24411.0
2019-02-27,2107,A,BUY,16.9,1447,24454.3
2019-02-27,2546,A,BUY,30.15,811,24451.649999999998
2019-02-27,6189,A,BUY,29.75,822,24454.5
2019-02-27,8109,A,BUY,82.4,296,24390.4
2019-02-27,2108,A,BUY,32.0,764,24448.0
2019-03-08,6245,A,SELL,69.1,376,25981.6
2019-03-08,9943,A,SELL,64.1,370,23716.999999999996
2019-03-08,8255,A,SELL,118.0,205,24190.0
2019-03-08,3630,A,SELL,108.5,237,25714.5
2019-03-08,6189,A,SELL,30.2,822,24824.399999999998
2019-03-08,8109,A,SELL,84.5,296,25012.0
2019-03-08,3303,A,BUY,25.0,994,24850.0
2019-03-08,2392,A,BUY,35.1,708,24850.8
2019-03-08,6158,A,BUY,31.9,779,24850.1
2019-03-08,3092,A,BUY,51.1,486,24834.600000000002
2019-03-08,3217,A,BUY,48.9,508,24841.2
2019-03-08,3293,A,BUY,202.5,122,24705.0
2019-03-15,6188,A,SELL,42.25,626,26448.5
2019-03-15,3038,A,SELL,13.2,1994,26320.8
2019-03-15,9935,A,SELL,25.4,1027,26085.8
2019-03-15,2107,A,SELL,17.35,1447,25105.45
2019-03-15,2546,A,SELL,30.25,811,24532.75
2019-03-15,3217,A,SELL,54.2,508,27533.600000000002
2019-03-15,2480,A,SELL,55.7,239,13312.300000000001
2019-03-15,2108,A,SELL,35.95,334,12007.300000000001
2019-03-15,2392,A,SELL,38.5,307,11819.5
2019-03-15,6158,A,SELL,37.0,361,13357.0
2019-03-15,3293,A,SELL,221.0,52,11492.0
2019-03-15,3303,A,SELL,25.2,381,9601.199999999999
2019-03-15,3092,A,SELL,53.4,196,10466.4
2019-03-15,4119,A,BUY,95.5,161,15375.5
2019-03-15,8109,A,BUY,87.6,176,15417.599999999999
2019-03-15,1582,A,SELL,81.6,132,10771.199999999999
2019-03-15,5525,A,BUY,24.85,621,15431.85
2019-03-15,1787,A,BUY,25.9,596,15436.4
2019-03-15,5340,A,SELL,23.5,401,9423.5
2019-03-15,2838,A,BUY,10.6,1456,15433.6
2019-03-15,8049,A,BUY,24.6,627,15424.2
2019-03-15,1795,B,BUY,125.0,1235,154375.0
2019-03-22,5340,A,SELL,24.3,657,15965.1
2019-03-22,2108,A,SELL,34.5,430,14835.0
2019-03-22,3303,A,SELL,24.8,613,15202.4
2019-03-22,2392,A,SELL,38.25,401,15338.25
2019-03-22,3092,A,SELL,53.0,290,15370.0
2019-03-22,3293,A,SELL,210.0,70,14700.0
2019-03-22,4119,A,SELL,95.8,161,15423.8
2019-03-22,8109,A,SELL,87.7,176,15435.2
2019-03-22,5525,A,SELL,24.9,621,15462.9
2019-03-22,1787,A,SELL,24.9,596,14840.4
2019-03-22,2838,A,SELL,10.6,1456,15433.6
2019-03-22,8049,A,SELL,25.3,627,15863.1
2019-03-22,8070,A,BUY,157.5,100,15750.0
2019-03-22,3363,A,BUY,48.3,327,15794.099999999999
2019-03-22,6189,A,BUY,32.1,493,15825.300000000001
2019-03-22,6213,A,BUY,84.6,187,15820.199999999999
2019-03-22,5009,A,BUY,22.8,694,15823.2
2019-03-22,6112,A,BUY,35.8,442,15823.599999999999
2019-03-22,2884,A,BUY,23.6,670,15812.000000000002
2019-03-22,1808,A,BUY,70.0,226,15820.0
2019-03-22,3217,A,BUY,55.5,285,15817.5
2019-03-22,3023,A,BUY,98.9,160,15824.0
2019-03-22,2546,A,BUY,32.3,490,15826.999999999998
2019-03-22,2388,A,BUY,37.7,419,15796.300000000001
2019-03-29,2480,A,SELL,59.0,278,16402.0
2019-03-29,6158,A,SELL,36.8,418,15382.4
2019-03-29,3363,A,SELL,50.0,327,16350.0
2019-03-29,6213,A,SELL,88.8,187,16605.6
2019-03-29,5009,A,SELL,21.2,694,14712.8
2019-03-29,2884,A,SELL,23.75,670,15912.5
2019-03-29,1808,A,SELL,69.7,226,15752.2
2019-03-29,3217,A,SELL,53.7,285,15304.5
2019-03-29,3023,A,SELL,103.5,160,16560.0
2019-03-29,2388,A,SELL,39.9,419,16718.1
2019-03-29,1507,A,BUY,64.0,238,15232.0
2019-03-29,3535,A,BUY,37.65,406,15285.9
2019-03-29,2493,A,BUY,28.7,532,15268.4
2019-03-29,1712,A,BUY,18.2,840,15288.0
2019-03-29,1604,A,BUY,16.45,929,15282.05
2019-03-29,5604,A,BUY,35.15,435,15290.25
2019-03-29,5525,A,BUY,27.45,557,15289.65
2019-03-29,8109,A,BUY,94.5,161,15214.5
2019-03-29,4933,A,BUY,36.5,418,15257.0
2019-03-29,5015,A,BUY,46.4,329,15265.6
2019-04-03,6189,A,SELL,32.45,493,15997.850000000002
2019-04-03,6112,A,SELL,35.9,442,15867.8
2019-04-03,2546,A,SELL,32.2,490,15778.000000000002
2019-04-03,3535,A,SELL,35.9,406,14575.4
2019-04-03,1712,A,SELL,18.05,840,15162.0
2019-04-03,5015,A,SELL,46.0,329,15134.0
2019-04-03,5206,A,BUY,17.9,851,15232.9
2019-04-03,9946,A,BUY,16.2,941,15244.199999999999
2019-04-03,5225,A,BUY,41.8,364,15215.199999999999
2019-04-03,4426,A,BUY,71.0,214,15194.0
2019-04-03,2884,A,BUY,24.0,635,15240.0
2019-04-03,3363,A,BUY,50.3,303,15240.9
2019-04-12,1507,A,SELL,64.4,238,15327.2
2019-04-12,5604,A,SELL,33.15,435,14420.25
2019-04-12,5525,A,SELL,26.9,557,14983.3
2019-04-12,4933,A,SELL,34.85,418,14567.300000000001
2019-04-12,5206,A,SELL,17.0,851,14467.0
2019-04-12,9946,A,SELL,17.2,941,16185.199999999999
2019-04-12,5225,A,SELL,42.0,364,15288.0
2019-04-12,4426,A,SELL,71.7,214,15343.800000000001
2019-04-12,2884,A,SELL,23.85,635,15144.75
2019-04-12,3363,A,SELL,48.4,303,14665.199999999999
2019-04-12,5301,A,BUY,30.7,483,14828.1
2019-04-12,4164,A,BUY,42.2,351,14812.2
2019-04-12,2464,A,BUY,49.8,298,14840.4
2019-04-12,8088,A,BUY,16.6,894,14840.400000000001
2019-04-12,3202,A,BUY,23.3,637,14842.1
2019-04-12,3231,A,BUY,25.2,589,14842.8
2019-04-12,5488,A,BUY,10.8,1375,14850.000000000002
2019-04-12,4438,A,BUY,153.0,97,14841.0
2019-04-12,3390,A,BUY,27.4,542,14850.8
2019-04-12,6121,A,BUY,277.5,53,14707.5
2019-04-12,3037,B,BUY,36.7,614,22533.800000000003
2019-04-12,1795,B,SELL,112.5,574,64575.0
2019-04-19,1604,A,SELL,16.6,929,15421.400000000001
2019-04-19,8109,A,SELL,94.6,161,15230.599999999999
2019-04-19,5301,A,SELL,30.0,483,14490.0
2019-04-19,4164,A,SELL,42.8,351,15022.8
2019-04-19,2464,A,SELL,49.8,298,14840.4
2019-04-19,3202,A,SELL,23.25,637,14810.25
2019-04-19,4438,A,SELL,156.5,97,15180.5
2019-04-19,3390,A,SELL,25.2,542,13658.4
2019-04-19,6121,A,SELL,273.0,53,14469.0
2019-04-19,5340,A,BUY,41.65,352,14660.8
2019-04-19,3338,A,BUY,60.7,241,14628.7
2019-04-19,6218,A,BUY,23.55,622,14648.1
2019-04-19,6213,A,BUY,102.0,143,14586.0
2019-04-19,1507,A,BUY,63.7,230,14651.0
2019-04-19,2613,A,BUY,15.05,974,14658.7
2019-04-19,9924,A,BUY,40.0,366,14640.0
2019-04-19,6219,A,BUY,18.25,803,14654.75
2019-04-19,2707,A,BUY,157.5,93,14647.5
2019-04-19,3037,B,BUY,37.6,685,25756.0
2019-04-19,1795,B,SELL,101.5,179,18168.5
2019-04-19,4958,B,BUY,110.0,444,48840.0
2019-04-26,1795,B,SELL,95.0,482,45790.0
2019-04-26,3231,A,SELL,25.25,589,14872.25
2019-04-26,5488,A,SELL,11.35,1375,15606.25
2019-04-26,3338,A,SELL,61.3,241,14773.3
2019-04-26,6218,A,SELL,23.6,622,14679.2
2019-04-26,1507,A,SELL,64.7,230,14881.0
2019-04-26,2613,A,SELL,14.35,974,13976.9
2019-04-26,2707,A,SELL,157.5,93,14647.5
2019-04-26,1712,A,BUY,18.8,771,14494.800000000001
2019-04-26,5434,A,BUY,86.6,167,14462.199999999999
2019-04-26,9946,A,BUY,18.35,790,14496.500000000002
2019-04-26,2884,A,BUY,24.75,586,14503.5
2019-04-26,8924,A,BUY,28.6,507,14500.2
2019-04-26,5880,A,BUY,20.35,712,14489.2
2019-04-26,2316,A,BUY,25.6,566,14489.6
2019-04-26,3037,B,BUY,36.05,713,25703.649999999998
2019-04-26,4958,B,BUY,110.0,215,23650.0
2019-05-03,1582,A,SELL,87.4,190,16606.0
2019-05-03,2493,A,SELL,31.25,532,16625.0
2019-05-03,8088,A,SELL,19.05,894,17030.7
2019-05-03,5340,A,SELL,30.6,352,10771.2
2019-05-03,6213,A,SELL,112.0,143,16016.0
2019-05-03,9924,A,SELL,40.8,366,14932.8
2019-05-03,8924,A,SELL,29.2,507,14804.4
2019-05-03,1473,A,BUY,24.3,591,14361.300000000001
2019-05-03,2101,A,BUY,35.8,401,14355.8
2019-05-03,2404,A,BUY,140.5,102,14331.0
2019-05-03,8070,A,SELL,184.5,22,4059.0
2019-05-03,1232,A,BUY,105.5,136,14348.0
2019-05-03,2845,A,BUY,11.7,1228,14367.599999999999
2019-05-03,1109,A,BUY,17.75,809,14359.75
2019-05-03,2501,A,BUY,25.65,560,14364.0
2019-05-10,8070,A,SELL,168.0,78,13104.0
2019-05-10,5434,A,SELL,85.9,167,14345.300000000001
2019-05-10,5880,A,SELL,20.0,712,14240.0
2019-05-10,2316,A,SELL,23.4,566,13244.4
2019-05-10,1473,A,SELL,23.8,591,14065.800000000001
2019-05-10,2101,A,SELL,33.6,401,13473.6
2019-05-10,2845,A,SELL,11.75,1228,14429.0
2019-05-10,8088,A,BUY,19.95,700,13965.0
2019-05-10,6217,A,BUY,37.0,377,13949.0
2019-05-10,8924,A,BUY,29.9,467,13963.3
2019-05-10,2886,A,BUY,29.6,472,13971.2
2019-05-10,1446,A,BUY,31.1,449,13963.900000000001
2019-05-10,1540,A,BUY,21.15,661,13980.15
2019-05-10,2493,A,BUY,31.4,445,13973.0
2019-05-17,3037,B,SELL,31.6,2012,63579.200000000004
2019-05-17,6219,A,SELL,13.7,803,11001.099999999999
2019-05-17,4958,B,SELL,87.8,659,57860.2
2019-05-17,2884,A,SELL,25.15,586,14737.9
2019-05-17,1109,A,SELL,18.1,809,14642.900000000001
2019-05-17,2501,A,SELL,25.1,560,14056.0
2019-05-17,8924,A,SELL,31.0,467,14477.0
2019-05-17,2886,A,SELL,30.0,472,14160.0
2019-05-17,1446,A,SELL,30.95,449,13896.55
2019-05-17,1540,A,SELL,21.7,661,14343.699999999999
2019-05-17,2493,A,SELL,29.6,445,13172.0
2019-05-17,1232,A,BUY,114.0,57,6498.0
2019-05-17,3528,A,BUY,39.9,553,22064.7
2019-05-17,2404,A,BUY,158.5,37,5864.5
2019-05-17,1473,A,BUY,27.0,818,22086.0
2019-05-17,9946,A,BUY,19.6,337,6605.200000000001
2019-05-17,1730,A,BUY,77.8,283,22017.399999999998
2019-05-17,2633,A,BUY,40.15,550,22082.5
2019-05-17,5820,A,BUY,10.25,2155,22088.75
2019-05-17,6803,A,BUY,191.0,115,21965.0
2019-05-17,2020,A,BUY,16.6,1330,22078.000000000004
2019-05-17,8081,A,BUY,88.6,249,22061.399999999998
2019-05-17,6217,A,BUY,33.45,283,9466.35
2019-05-17,1712,A,BUY,19.4,367,7119.799999999999
2019-05-17,3290,A,BUY,27.5,803,22082.5
2019-05-17,8088,A,BUY,18.85,472,8897.2
2019-05-24,2404,A,SELL,138.0,139,19182.0
2019-05-24,8088,A,SELL,18.45,1172,21623.399999999998
2019-05-24,6217,A,SELL,30.35,660,20031.0
2019-05-24,1730,A,SELL,84.9,283,24026.7
2019-05-24,2020,A,SELL,16.6,1330,22078.000000000004
2019-05-24,8081,A,SELL,88.9,249,22136.100000000002
2019-05-24,3290,A,SELL,27.6,803,22162.800000000003
2019-05-24,6214,A,BUY,74.4,299,22245.600000000002
2019-05-24,2838,A,BUY,12.05,1849,22280.45
2019-05-24,1598,A,BUY,40.85,545,22263.25
2019-05-24,1503,A,BUY,45.2,493,22283.600000000002
2019-05-24,9924,A,BUY,43.45,513,22289.850000000002
2019-05-24,2884,A,BUY,26.1,854,22289.4
2019-05-24,2707,A,BUY,159.5,139,22170.5
2019-05-31,1232,A,SELL,115.0,193,22195.0
2019-05-31,2633,A,SELL,43.5,550,23925.0
2019-05-31,5820,A,SELL,10.65,2155,22950.75
2019-05-31,6214,A,SELL,75.0,299,22425.0
2019-05-31,2838,A,SELL,12.0,1849,22188.0
2019-05-31,2707,A,SELL,161.5,139,22448.5
2019-05-31,2615,A,BUY,18.85,1201,22638.850000000002
2019-05-31,2841,A,BUY,10.0,2265,22650.0
2019-05-31,1437,A,BUY,21.3,1063,22641.9
2019-05-31,5876,A,BUY,58.1,389,22600.9
2019-05-31,2497,A,BUY,25.2,898,22629.6
2019-05-31,1540,A,BUY,23.1,980,22638.0
2019-06-06,9946,A,SELL,20.6,1127,23216.2
2019-06-06,1473,A,SELL,28.15,818,23026.699999999997
2019-06-06,6803,A,SELL,194.5,115,22367.5
2019-06-06,1598,A,SELL,41.25,545,22481.25
2019-06-06,1503,A,SELL,45.95,493,22653.350000000002
2019-06-06,2615,A,SELL,17.95,1201,21557.95
2019-06-06,2841,A,SELL,9.6,2265,21744.0
2019-06-06,1437,A,SELL,20.65,1063,21950.949999999997
2019-06-06,1540,A,SELL,22.4,980,21952.0
2019-06-06,2801,A,BUY,20.7,1072,22190.399999999998
2019-06-06,2834,A,BUY,13.55,1638,22194.9
2019-06-06,2520,A,BUY,29.15,761,22183.149999999998
2019-06-06,2880,A,BUY,21.3,1042,22194.600000000002
2019-06-06,2633,A,BUY,46.65,475,22158.75
2019-06-06,2812,A,BUY,12.55,1769,22200.95
2019-06-06,1736,A,BUY,69.9,317,22158.300000000003
2019-06-06,2707,A,BUY,169.0,131,22139.0
2019-06-06,5820,A,BUY,11.0,2018,22198.0
2019-06-14,1712,A,SELL,20.95,1138,23841.1
2019-06-14,2884,A,SELL,25.9,854,22118.6
2019-06-14,5876,A,SELL,56.2,389,21861.800000000003
2019-06-14,2834,A,SELL,13.5,1638,22113.0
2019-06-14,2520,A,SELL,29.15,761,22183.149999999998
2019-06-14,2880,A,SELL,20.5,1042,21361.0
2019-06-14,2812,A,SELL,12.35,1769,21847.149999999998
2019-06-14,5820,A,SELL,10.6,2018,21390.8
2019-06-14,5905,A,BUY,8.89,2474,21993.86
2019-06-14,1519,A,BUY,26.7,823,21974.1
2019-06-14,2536,A,BUY,22.25,988,21983.0
2019-06-14,1598,A,BUY,44.45,494,21958.300000000003
2019-06-14,1730,A,BUY,89.5,245,21927.5
2019-06-14,6803,A,BUY,195.5,112,21896.0
2019-06-14,8924,A,BUY,36.3,606,21997.8
2019-06-14,3293,A,BUY,306.0,71,21726.0
2019-06-21,2497,A,SELL,23.0,898,20654.0
2019-06-21,2633,A,SELL,46.0,475,21850.0
2019-06-21,1736,A,SELL,68.4,317,21682.800000000003
2019-06-21,5905,A,SELL,8.46,2474,20930.04
2019-06-21,1519,A,SELL,25.75,823,21192.25
2019-06-21,2536,A,SELL,21.05,988,20797.4
2019-06-21,1730,A,SELL,90.5,245,22172.5
2019-06-21,1232,A,BUY,125.0,175,21875.0
2019-06-21,6189,A,BUY,34.0,645,21930.0
2019-06-21,2706,A,BUY,15.5,1415,21932.5
2019-06-21,1604,A,BUY,18.1,1211,21919.100000000002
2019-06-21,5525,A,BUY,29.0,756,21924.0
2019-06-21,1712,A,BUY,21.4,1024,21913.6
2019-06-21,2834,A,BUY,13.5,1624,21924.0
2019-06-28,9924,A,SELL,46.75,513,23982.75
2019-06-28,2801,A,SELL,20.95,1072,22458.399999999998
2019-06-28,3293,A,SELL,299.0,71,21229.0
2019-06-28,1712,A,SELL,21.1,1024,21606.4
2019-06-28,2834,A,SELL,13.65,1624,22167.600000000002
2019-06-28,2903,A,BUY,22.5,979,22027.5
2019-06-28,4935,A,BUY,45.5,484,22022.0
2019-06-28,2433,A,BUY,49.9,441,22005.899999999998
2019-06-28,2923,A,BUY,27.6,798,22024.800000000003
2019-06-28,1201,A,BUY,32.8,672,22041.6
2019-07-05,2707,A,SELL,192.5,131,25217.5
2019-07-05,2706,A,SELL,15.55,1415,22003.25
2019-07-05,5525,A,SELL,29.25,756,22113.0
2019-07-05,1201,A,SELL,33.05,672,22209.6
2019-07-05,1762,A,BUY,35.5,634,22507.0
2019-07-05,6171,A,BUY,16.2,1390,22518.0
2019-07-05,9911,A,BUY,47.5,474,22515.0
2019-07-05,8086,A,BUY,65.1,346,22524.6
2019-07-12,3528,A,SELL,40.25,553,22258.25
2019-07-12,1232,A,SELL,129.0,175,22575.0
2019-07-12,1604,A,SELL,18.25,1211,22100.75
2019-07-12,2433,A,SELL,48.85,441,21542.850000000002
2019-07-12,8466,A,BUY,82.0,283,23206.0
2019-07-12,1736,A,BUY,77.5,300,23250.0
2019-07-12,2615,A,BUY,19.0,1224,23256.0
2019-07-12,1566,A,BUY,19.65,1184,23265.6
2019-07-19,6189,A,SELL,32.85,645,21188.25
2019-07-19,2903,A,SELL,22.6,979,22125.4
2019-07-19,2923,A,SELL,27.95,798,22304.1
2019-07-19,9911,A,SELL,47.7,474,22609.800000000003
2019-07-19,1736,A,SELL,79.1,300,23730.0
2019-07-19,2615,A,SELL,19.0,1224,23256.0
2019-07-19,1566,A,SELL,18.95,1184,22436.8
2019-07-19,3680,A,BUY,57.6,401,23097.600000000002
2019-07-19,8924,A,SELL,51.4,155,7967.0
2019-07-19,2367,A,BUY,23.9,968,23135.199999999997
2019-07-19,8088,A,BUY,22.75,1017,23136.75
2019-07-19,3218,A,BUY,42.9,539,23123.1
2019-07-19,8059,A,BUY,12.4,1866,23138.4
2019-07-19,2801,A,BUY,21.85,1059,23139.15
2019-07-19,6224,A,BUY,67.7,341,23085.7
2019-07-26,6803,A,SELL,208.5,112,23352.0
2019-07-26,8924,A,SELL,46.3,451,20881.3
2019-07-26,1762,A,SELL,35.35,634,22411.9
2019-07-26,8466,A,SELL,80.5,283,22781.5
2019-07-26,2367,A,SELL,23.95,968,23183.6
2019-07-26,8088,A,SELL,23.3,1017,23696.100000000002
2019-07-26,3218,A,SELL,39.65,539,21371.35
2019-07-26,2801,A,SELL,21.85,1059,23139.15
2019-07-26,6224,A,SELL,65.0,341,22165.0
2019-07-26,3479,A,BUY,62.4,369,23025.6
2019-07-26,8028,A,BUY,68.4,336,22982.4
2019-07-26,2615,A,BUY,21.9,1051,23016.899999999998
2019-07-26,3105,A,BUY,275.0,83,22825.0
2019-07-26,9802,A,BUY,89.0,258,22962.0
2019-07-26,4935,A,SELL,61.2,107,6548.400000000001
2019-07-26,8040,A,BUY,10.65,2162,23025.3
2019-07-26,5905,A,BUY,9.84,2340,23025.6
2019-07-26,2637,A,BUY,33.35,690,23011.5
2019-07-26,2880,A,BUY,21.7,1061,23023.7
2019-08-02,1598,A,SELL,42.7,494,21093.800000000003
2019-08-02,6171,A,SELL,16.0,1390,22240.0
2019-08-02,8086,A,SELL,72.7,346,25154.2
2019-08-02,2615,A,SELL,21.8,1051,22911.8
2019-08-02,5905,A,SELL,9.2,2340,21528.0
2019-08-02,2637,A,SELL,31.4,690,21666.0
2019-08-02,2880,A,SELL,21.35,1061,22652.350000000002
2019-08-02,2316,A,BUY,30.0,757,22710.0
2019-08-02,5469,A,BUY,36.1,629,22706.9
2019-08-02,6192,A,BUY,88.4,257,22718.800000000003
2019-08-02,2344,A,BUY,18.6,1221,22710.600000000002
2019-08-02,8182,A,BUY,20.8,1092,22713.600000000002
2019-08-02,2228,A,BUY,109.0,208,22672.0
2019-08-02,6271,A,BUY,125.0,181,22625.0
2019-08-08,8040,A,SELL,11.0,2162,23782.0
2019-08-08,6192,A,SELL,88.4,257,22718.800000000003
2019-08-08,2344,A,SELL,17.35,1221,21184.350000000002
2019-08-08,8182,A,SELL,20.8,1092,22713.600000000002
2019-08-08,6271,A,SELL,121.0,181,21901.0
2019-08-08,3680,A,SELL,75.9,89,6755.1
2019-08-08,1626,A,BUY,31.25,755,23593.75
2019-08-08,6171,A,BUY,16.95,1393,23611.35
2019-08-08,3528,A,BUY,40.45,583,23582.350000000002
2019-08-08,5607,A,BUY,22.15,1066,23611.899999999998
2019-08-08,1736,A,BUY,90.8,260,23608.0
2019-08-16,8059,A,SELL,12.9,1866,24071.4
2019-08-16,3105,A,SELL,262.5,83,21787.5
2019-08-16,1626,A,SELL,27.95,755,21102.25
2019-08-16,3528,A,SELL,40.0,583,23320.0
2019-08-16,5607,A,SELL,21.95,1066,23398.7
2019-08-16,6251,A,BUY,11.95,1207,14423.65
2019-08-16,6124,A,BUY,42.9,336,14414.4
2019-08-16,4935,A,SELL,74.8,184,13763.199999999999
2019-08-16,6171,A,SELL,19.7,660,13002.0
2019-08-16,2228,A,SELL,128.5,95,12207.5
2019-08-16,3680,A,SELL,77.7,126,9790.2
2019-08-16,8028,A,SELL,86.1,168,14464.8
2019-08-16,5469,A,SELL,39.4,262,10322.8
2019-08-16,6186,A,BUY,24.25,595,14428.75
2019-08-16,2316,A,SELL,32.4,311,10076.4
2019-08-16,3479,A,SELL,66.8,152,10153.6
2019-08-16,3293,A,BUY,394.0,36,14184.0
2019-08-16,1736,A,SELL,90.2,100,9020.0
2019-08-16,9802,A,SELL,87.2,92,8022.400000000001
2019-08-16,8924,A,BUY,53.0,272,14416.0
2019-08-16,4968,B,BUY,140.0,1030,144200.0
2019-08-23,9802,A,SELL,85.9,166,14259.400000000001
2019-08-23,2316,A,SELL,32.95,446,14695.7
2019-08-23,1736,A,SELL,84.8,160,13568.0
2019-08-23,8924,A,SELL,51.9,272,14116.8
2019-08-23,5305,A,BUY,41.05,356,14613.8
2019-08-23,8358,A,BUY,42.95,341,14645.95
2019-08-23,6265,A,BUY,7.0,2092,14644.0
2019-08-23,6192,A,BUY,95.0,154,14630.0
2019-08-23,3338,B,BUY,102.5,162,16605.0
2019-08-23,4968,B,SELL,143.0,517,73931.0
2019-08-30,3680,A,SELL,71.8,186,13354.8
2019-08-30,8028,A,SELL,72.0,168,12096.0
2019-08-30,5469,A,SELL,39.3,367,14423.099999999999
2019-08-30,2228,A,SELL,130.5,113,14746.5
2019-08-30,6171,A,SELL,19.1,733,14000.300000000001
2019-08-30,6186,A,SELL,25.8,595,15351.0
2019-08-30,3293,A,SELL,378.0,36,13608.0
2019-08-30,6192,A,SELL,90.8,154,13983.199999999999
2019-08-30,2537,A,BUY,9.2,1577,14508.4
2019-08-30,5498,A,BUY,12.35,1175,14511.25
2019-08-30,3218,A,BUY,49.1,295,14484.5
2019-08-30,2642,A,BUY,27.05,536,14498.800000000001
2019-08-30,2367,A,BUY,29.9,485,14501.5
2019-08-30,6411,A,BUY,112.5,128,14400.0
2019-08-30,3317,A,BUY,45.6,318,14500.800000000001
2019-08-30,1626,A,BUY,33.8,429,14500.199999999999
2019-08-30,3338,B,BUY,94.1,609,57306.899999999994
2019-09-06,4935,A,SELL,72.7,193,14031.1
2019-09-06,6124,A,SELL,47.5,336,15960.0
2019-09-06,6265,A,SELL,6.89,2092,14413.88
2019-09-06,3218,A,SELL,50.4,295,14868.0
2019-09-06,6411,A,SELL,116.0,128,14848.0
2019-09-06,3317,A,SELL,45.95,318,14612.1
2019-09-06,1626,A,SELL,32.45,429,13921.050000000001
2019-09-06,3083,A,BUY,90.0,161,14490.0
2019-09-06,5203,A,BUY,98.0,148,14504.0
2019-09-06,5340,A,BUY,57.0,254,14478.0
2019-09-06,6257,A,BUY,33.5,433,14505.5
2019-09-06,2316,A,BUY,41.1,353,14508.300000000001
2019-09-06,3031,A,BUY,14.4,1008,14515.2
2019-09-06,6171,A,BUY,20.3,715,14514.5
2019-09-12,6251,A,SELL,13.3,1207,16053.1
2019-09-12,8358,A,SELL,46.35,341,15805.35
2019-09-12,2537,A,SELL,8.86,1577,13972.22
2019-09-12,2367,A,SELL,32.9,485,15956.5
2019-09-12,5203,A,SELL,96.5,148,14282.0
2019-09-12,6257,A,SELL,34.05,433,14743.65
2019-09-12,1752,A,BUY,35.35,418,14776.300000000001
2019-09-12,6233,A,BUY,11.3,1307,14769.1
2019-09-12,6124,A,BUY,47.9,308,14753.199999999999
2019-09-12,8059,A,BUY,16.9,874,14770.599999999999
2019-09-12,4935,A,BUY,84.1,175,14717.499999999998
2019-09-12,3218,A,BUY,52.2,283,14772.6
2019-09-12,3338,B,SELL,91.0,229,20839.0
2019-09-12,2367,B,BUY,32.9,1075,35367.5
2019-09-12,4968,B,SELL,149.0,182,27118.0
2019-09-20,5498,A,SELL,12.5,1175,14687.5
2019-09-20,2642,A,SELL,27.8,536,14900.800000000001
2019-09-20,6171,A,SELL,19.95,715,14264.25
2019-09-20,1752,A,SELL,34.1,418,14253.800000000001
2019-09-20,6124,A,SELL,44.3,308,13644.4
2019-09-20,8059,A,SELL,15.35,874,13415.9
2019-09-20,4935,A,SELL,78.4,175,13720.000000000002
2019-09-20,3218,A,SELL,51.1,283,14461.300000000001
2019-09-20,2482,A,BUY,15.5,980,15190.0
2019-09-20,3048,A,BUY,18.1,839,15185.900000000001
2019-09-20,8930,A,BUY,14.65,1037,15192.050000000001
2019-09-20,3680,A,BUY,95.5,159,15184.5
2019-09-20,8086,A,BUY,87.3,174,15190.199999999999
2019-09-20,3515,A,BUY,69.7,218,15194.6
2019-09-20,5225,A,BUY,58.6,259,15177.4
2019-09-20,2367,A,SELL,34.75,637,22135.75
2019-09-20,2367,B,BUY,34.75,1020,35445.0
2019-09-27,5340,A,SELL,65.0,254,16510.0
2019-09-27,3048,A,SELL,17.9,839,15018.099999999999
2019-09-27,8086,A,SELL,83.9,174,14598.6
2019-09-27,6233,A,SELL,16.0,413,6608.0
2019-09-27,8463,A,BUY,30.8,464,14291.2
2019-09-27,3530,A,BUY,103.0,138,14214.0
2019-09-27,2367,A,SELL,35.35,1053,37223.55
2019-09-27,1752,A,BUY,34.7,412,14296.400000000001
2019-09-27,2367,B,BUY,35.35,943,33335.05
2019-10-04,3083,A,SELL,87.4,161,14071.400000000001
2019-10-04,2482,A,SELL,13.95,980,13671.0
2019-10-04,8930,A,SELL,14.3,1037,14829.1
2019-10-04,3530,A,SELL,101.0,138,13938.0
2019-10-04,8086,A,BUY,87.6,171,14979.599999999999
2019-10-04,2367,A,SELL,35.45,925,32791.25
2019-10-04,3048,A,BUY,19.0,789,14991.0
2019-10-04,6023,A,BUY,55.7,269,14983.300000000001
2019-10-04,2367,B,BUY,35.45,986,34953.700000000004
2019-10-04,4968,B,SELL,196.0,75,14700.0
2019-10-09,6233,A,SELL,14.8,894,13231.2
2019-10-09,5225,A,SELL,62.1,259,16083.9
2019-10-09,4935,A,BUY,94.1,169,15902.9
2019-10-09,2903,A,BUY,25.35,629,15945.150000000001
2019-10-09,2367,A,SELL,35.1,954,33485.4
2019-10-09,9802,A,BUY,95.5,166,15853.0
2019-10-09,2367,B,BUY,35.1,1059,37170.9
2019-10-18,3338,B,SELL,97.0,542,52574.0
2019-10-18,2316,A,SELL,46.45,353,16396.850000000002
2019-10-18,3031,A,SELL,14.75,1008,14868.0
2019-10-18,2903,A,SELL,25.4,629,15976.599999999999
2019-10-18,9935,A,BUY,43.8,381,16687.8
2019-10-18,2101,A,BUY,55.4,301,16675.399999999998
2019-10-18,3105,A,BUY,307.0,54,16578.0
2019-10-18,8086,B,BUY,108.0,215,23220.0
2019-10-18,2367,B,SELL,35.0,319,11165.0
2019-10-18,3324,B,BUY,237.0,176,41712.0
2019-10-18,4968,B,SELL,230.5,74,17057.0
2019-10-25,3479,A,SELL,86.9,217,18857.300000000003
2019-10-25,4968,B,SELL,240.0,182,43680.0
2019-10-25,1752,A,SELL,39.1,412,16109.2
2019-10-25,8086,A,SELL,113.5,386,43811.0
2019-10-25,3048,A,SELL,19.85,789,15661.650000000001
2019-10-25,6023,A,SELL,56.3,269,15144.699999999999
2019-10-25,4935,A,SELL,96.4,169,16291.6
2019-10-25,3105,A,SELL,315.0,54,17010.0
2019-10-25,8463,A,SELL,46.5,101,4696.5
2019-10-25,5905,A,BUY,12.1,1392,16843.2
2019-10-25,6185,A,BUY,19.15,879,16832.85
2019-10-25,4908,A,BUY,39.55,425,16808.75
2019-10-25,3003,A,BUY,50.2,335,16817.0
2019-10-25,1560,A,BUY,70.5,238,16779.0
2019-10-25,3416,A,BUY,57.5,292,16790.0
2019-10-25,2545,A,BUY,33.7,499,16816.300000000003
2019-10-25,3526,A,BUY,78.4,214,16777.600000000002
2019-10-25,8086,B,BUY,113.5,371,42108.5
2019-10-25,3661,B,BUY,186.5,225,41962.5
2019-11-01,3680,A,SELL,126.0,159,20034.0
2019-11-01,3515,A,SELL,75.5,218,16459.0
2019-11-01,2101,A,SELL,56.0,301,16856.0
2019-11-01,1560,A,SELL,71.1,238,16921.8
2019-11-01,3526,A,SELL,77.1,214,16499.399999999998
2019-11-01,2801,A,BUY,23.5,728,17108.0
2019-11-01,1603,A,BUY,26.4,648,17107.2
2019-11-01,6278,A,BUY,99.1,172,17045.2
2019-11-01,3413,A,BUY,164.0,104,17056.0
2019-11-01,6451,A,BUY,175.0,97,16975.0
2019-11-08,9802,A,SELL,128.5,166,21331.0
2019-11-08,9935,A,SELL,47.8,381,18211.8
2019-11-08,6185,A,SELL,19.5,879,17140.5
2019-11-08,3003,A,SELL,49.0,335,16415.0
2019-11-08,3416,A,SELL,55.8,292,16293.599999999999
2019-11-08,2545,A,SELL,35.5,499,17714.5
2019-11-08,3661,B,SELL,204.0,225,45900.0
2019-11-08,2801,A,SELL,23.2,728,16889.6
2019-11-08,6278,A,SELL,94.8,172,16305.6
2019-11-08,3413,A,SELL,159.5,104,16588.0
2019-11-08,6451,A,SELL,157.0,97,15229.0
2019-11-08,3679,A,BUY,69.0,246,16974.0
2019-11-08,2704,A,BUY,25.15,675,16976.25
2019-11-08,2317,A,BUY,90.9,186,16907.4
2019-11-08,8271,A,BUY,35.9,473,16980.7
2019-11-08,4113,A,BUY,13.65,1245,16994.25
2019-11-08,4974,A,BUY,54.6,311,16980.600000000002
2019-11-08,6196,A,BUY,64.0,265,16960.0
2019-11-08,5203,A,BUY,114.0,149,16986.0
2019-11-08,2362,A,BUY,41.8,406,16970.8
2019-11-08,2642,A,BUY,32.35,525,16983.75
2019-11-08,2454,B,BUY,414.0,102,42228.0
2019-11-15,2367,B,SELL,35.0,1195,41825.0
2019-11-15,8463,A,SELL,49.9,363,18113.7
2019-11-15,3324,B,SELL,204.0,176,35904.0
2019-11-15,4908,A,SELL,49.6,425,21080.0
2019-11-15,8086,B,SELL,99.9,371,37062.9
2019-11-15,8271,A,SELL,36.0,473,17028.0
2019-11-15,6196,A,SELL,64.2,265,17013.0
2019-11-15,5203,A,SELL,111.5,149,16613.5
2019-11-15,2362,A,SELL,37.0,406,15022.0
2019-11-15,2642,A,SELL,29.75,525,15618.75
2019-11-15,1456,A,BUY,11.55,1459,16851.45
2019-11-15,8040,A,BUY,25.35,664,16832.4
2019-11-15,4938,A,BUY,69.8,241,16821.8
2019-11-15,4205,A,BUY,90.6,186,16851.6
2019-11-15,9935,A,BUY,49.6,339,16814.4
2019-11-15,2207,A,BUY,575.0,29,16675.0
2019-11-15,6185,A,BUY,19.55,862,16852.100000000002
2019-11-15,2313,B,BUY,51.0,826,42126.0
2019-11-15,3661,B,BUY,234.5,179,41975.5
2019-11-15,4968,B,BUY,199.5,211,42094.5
2019-11-22,5305,A,SELL,39.25,356,13973.0
2019-11-22,5905,A,SELL,13.85,1392,19279.2
2019-11-22,2317,A,SELL,91.4,186,17000.4
2019-11-22,4113,A,SELL,14.0,1245,17430.0
2019-11-22,4974,A,SELL,54.4,311,16918.399999999998
2019-11-22,8040,A,SELL,27.6,664,18326.4
2019-11-22,4205,A,SELL,89.5,186,16647.0
2019-11-22,9935,A,SELL,47.1,339,15966.9
2019-11-22,2207,A,SELL,572.0,29,16588.0
2019-11-22,6185,A,SELL,21.75,862,18748.5
2019-11-22,4968,B,SELL,181.0,211,38191.0
2019-11-22,8240,A,BUY,30.35,543,16480.05
2019-11-22,2459,A,BUY,41.8,394,16469.199999999997
2019-11-22,6005,A,BUY,10.45,1577,16479.649999999998
2019-11-22,6016,A,BUY,8.3,1986,16483.800000000003
2019-11-22,6251,A,BUY,18.9,872,16480.8
2019-11-22,4973,A,BUY,22.55,731,16484.05
2019-11-22,3024,A,BUY,8.8,1873,16482.4
2019-11-22,4737,A,BUY,69.7,236,16449.2
2019-11-22,3548,A,BUY,81.3,202,16422.6
2019-11-22,9946,A,BUY,27.35,602,16464.7
2019-11-22,2367,B,BUY,35.45,1162,41192.9
2019-11-29,1603,A,SELL,29.5,648,19116.0
2019-11-29,3679,A,SELL,65.0,246,15990.0
2019-11-29,1456,A,SELL,11.2,1459,16340.8
2019-11-29,4938,A,SELL,68.0,241,16388.0
2019-11-29,6016,A,SELL,8.15,1986,16185.900000000001
2019-11-29,6251,A,SELL,18.4,872,16044.8
2019-11-29,4973,A,SELL,22.05,731,16118.550000000001
2019-11-29,3024,A,SELL,8.9,1873,16669.7
2019-11-29,3548,A,SELL,80.0,202,16160.0
2019-11-29,9946,A,SELL,27.75,602,16705.5
2019-11-29,2367,B,SELL,35.4,1162,41134.799999999996
2019-11-29,1582,A,BUY,87.3,189,16499.7
2019-11-29,6185,A,BUY,24.05,688,16546.4
2019-11-29,9934,A,BUY,18.05,917,16551.850000000002
2019-11-29,4908,A,BUY,58.0,285,16530.0
2019-11-29,2433,A,BUY,52.3,316,16526.8
2019-11-29,2207,A,BUY,597.0,27,16119.0
2019-11-29,8176,A,BUY,15.85,1044,16547.399999999998
2019-11-29,3056,A,BUY,28.7,576,16531.2
2019-11-29,6196,A,BUY,73.5,225,16537.5
2019-11-29,2393,A,BUY,33.3,497,16550.1
2019-11-29,8086,B,BUY,111.5,371,41366.5
2019-12-06,8240,A,SELL,29.5,543,16018.5
2019-12-06,2459,A,SELL,41.45,394,16331.300000000001
2019-12-06,4908,A,SELL,59.2,285,16872.0
2019-12-06,2433,A,SELL,53.1,316,16779.600000000002
2019-12-06,2207,A,SELL,609.0,27,16443.0
2019-12-06,8176,A,SELL,14.0,1044,14616.0
2019-12-06,6196,A,SELL,73.6,225,16560.0
2019-12-06,2393,A,SELL,34.1,497,16947.7
2019-12-06,6531,A,BUY,79.5,208,16536.0
2019-12-06,8182,A,BUY,30.85,538,16597.3
2019-12-06,1442,A,BUY,18.45,900,16605.0
2019-12-06,2545,A,BUY,38.45,432,16610.4
2019-12-06,3024,A,BUY,8.73,1903,16613.190000000002
2019-12-06,6251,A,BUY,19.15,867,16603.05
2019-12-06,8271,A,BUY,37.55,442,16597.1
2019-12-06,5607,A,BUY,28.1,591,16607.100000000002
2019-12-13,2313,B,SELL,45.8,826,37830.799999999996
2019-12-13,4737,A,SELL,78.4,236,18502.4
2019-12-13,9934,A,SELL,17.35,917,15909.95
2019-12-13,1442,A,SELL,18.25,900,16425.0
2019-12-13,2545,A,SELL,37.2,432,16070.400000000001
2019-12-13,3024,A,SELL,8.32,1903,15832.960000000001
2019-12-13,6251,A,SELL,17.2,867,14912.4
2019-12-13,8271,A,SELL,37.75,442,16685.5
2019-12-13,5607,A,SELL,26.1,591,15425.1
2019-12-13,2704,A,SELL,32.2,163,5248.6
2019-12-13,6196,A,BUY,87.0,189,16443.0
2019-12-13,3089,A,BUY,22.15,743,16457.45
2019-12-13,3413,A,BUY,200.0,82,16400.0
2019-12-13,4113,A,BUY,14.95,1101,16459.95
2019-12-13,2433,A,BUY,54.5,302,16459.0
2019-12-13,2393,A,BUY,34.25,480,16440.0
2019-12-13,2207,A,BUY,640.0,25,16000.0
2019-12-13,2459,A,BUY,42.05,391,16441.55
2019-12-13,6278,B,BUY,111.0,370,41070.0
2019-12-20,2704,A,SELL,30.3,512,15513.6
2019-12-20,6185,A,SELL,25.65,688,17647.2
2019-12-20,8086,B,SELL,103.5,371,38398.5
2019-12-20,3089,A,SELL,22.05,743,16383.15
2019-12-20,3413,A,SELL,188.0,82,15416.0
2019-12-20,2433,A,SELL,54.8,302,16549.6
2019-12-20,2393,A,SELL,35.25,480,16920.0
2019-12-20,2459,A,SELL,42.5,391,16617.5
2019-12-20,2851,A,BUY,19.7,840,16548.0
2019-12-20,6261,A,BUY,50.8,326,16560.8
2019-12-20,3260,A,BUY,68.5,241,16508.5
2019-12-20,8101,A,BUY,5.04,3286,16561.44
2019-12-20,8271,A,BUY,41.7,397,16554.9
2019-12-20,4973,A,BUY,28.2,587,16553.399999999998
2019-12-20,3042,A,BUY,46.5,356,16554.0
2019-12-20,2330,B,BUY,329.0,125,41125.0
2019-12-27,6005,A,SELL,10.8,1577,17031.600000000002
2019-12-27,1582,A,SELL,90.4,189,17085.600000000002
2019-12-27,6531,A,SELL,86.7,208,18033.600000000002
2019-12-27,8182,A,SELL,31.05,538,16704.9
2019-12-27,6196,A,SELL,88.0,189,16632.0
2019-12-27,2851,A,SELL,19.75,840,16590.0
2019-12-27,4973,A,SELL,27.3,587,16025.1
2019-12-27,3042,A,SELL,48.2,356,17159.2
2019-12-27,8101,A,SELL,7.31,937,6849.469999999999
2019-12-27,1439,A,BUY,34.45,498,17156.100000000002
2019-12-27,3019,A,BUY,106.0,161,17066.0
2019-12-27,2910,A,BUY,38.5,445,17132.5
2019-12-27,1442,A,BUY,19.7,871,17158.7
2019-12-27,4755,A,BUY,49.55,346,17144.3
2019-12-27,2433,A,BUY,56.9,301,17126.899999999998
2019-12-27,8996,A,BUY,53.7,319,17130.3
2019-12-27,2459,A,BUY,43.9,391,17164.899999999998
2020-01-03,3056,A,SELL,31.95,576,18403.2
2020-01-03,4113,A,SELL,16.85,1101,18551.850000000002
2020-01-03,2207,A,SELL,677.0,25,16925.0
2020-01-03,3260,A,SELL,69.3,241,16701.3
2020-01-03,8271,A,SELL,42.9,397,17031.3
2020-01-03,1439,A,SELL,32.55,498,16209.899999999998
2020-01-03,4755,A,SELL,48.85,346,16902.100000000002
2020-01-03,2433,A,SELL,56.0,301,16856.0
2020-01-03,2459,A,SELL,43.55,391,17028.05
2020-01-03,1513,A,BUY,25.6,663,16972.8
2020-01-03,3548,A,BUY,96.7,175,16922.5
2020-01-03,1321,A,BUY,39.1,434,16969.4
2020-01-03,5328,A,BUY,10.3,1649,16984.7
2020-01-03,2492,A,BUY,255.5,66,16863.0
2020-01-03,5283,A,BUY,108.0,157,16956.0
2020-01-03,2456,A,BUY,136.0,124,16864.0
2020-01-03,2851,A,BUY,20.05,847,16982.350000000002
2020-01-03,2545,A,BUY,40.55,419,16990.449999999997
2020-01-10,6261,A,SELL,52.3,326,17049.8
2020-01-10,8101,A,SELL,5.79,2349,13600.710000000001
2020-01-10,3019,A,SELL,97.0,161,15617.0
2020-01-10,3548,A,SELL,89.0,175,15575.0
2020-01-10,1321,A,SELL,37.7,434,16361.800000000001
2020-01-10,5328,A,SELL,9.1,1649,15005.9
2020-01-10,5283,A,SELL,108.0,157,16956.0
2020-01-10,2456,A,SELL,120.5,124,14942.0
2020-01-10,2545,A,SELL,39.9,419,16718.1
2020-01-10,8996,A,SELL,71.9,87,6255.3
2020-01-10,2702,A,BUY,26.0,640,16640.0
2020-01-10,4737,A,BUY,87.7,189,16575.3
2020-01-10,2889,A,BUY,11.8,1411,16649.8
2020-01-10,6531,A,BUY,89.0,187,16643.0
2020-01-10,4702,A,BUY,13.7,1215,16645.5
2020-01-10,3260,A,BUY,73.0,228,16644.0
2020-01-10,2312,A,BUY,14.0,1189,16646.0
2020-01-10,8271,A,BUY,42.35,393,16643.55
2020-01-10,4113,A,BUY,16.7,997,16649.899999999998
2020-01-17,2454,B,SELL,420.5,102,42891.0
2020-01-17,2910,A,SELL,34.7,445,15441.500000000002
2020-01-17,1442,A,SELL,19.9,871,17332.899999999998
2020-01-17,2492,A,SELL,229.5,66,15147.0
2020-01-17,2851,A,SELL,20.1,847,17024.7
2020-01-17,2702,A,SELL,19.85,640,12704.0
2020-01-17,4737,A,SELL,85.2,189,16102.800000000001
2020-01-17,4702,A,SELL,11.85,1215,14397.75
2020-01-17,2312,A,SELL,14.5,1189,17240.5
2020-01-17,6279,A,BUY,97.7,172,16804.4
2020-01-17,4716,A,BUY,17.0,989,16813.0
2020-01-17,5403,A,BUY,45.0,373,16785.0
2020-01-17,2505,A,BUY,21.6,778,16804.800000000003
2020-01-17,6531,A,SELL,118.5,45,5332.5
2020-01-17,1586,A,BUY,37.95,443,16811.850000000002
2020-01-17,2393,A,BUY,38.85,432,16783.2
2020-01-17,1582,A,BUY,93.1,180,16758.0
2020-01-17,8101,A,BUY,7.01,2399,16816.989999999998
2020-01-17,2330,B,BUY,333.0,43,14319.0
2020-01-17,6278,B,BUY,113.0,126,14238.0
2020-01-20,4113,A,SELL,17.15,997,17098.55
2020-01-20,8101,A,SELL,6.67,2399,16001.33
2020-01-20,2838,A,BUY,11.75,1440,16920.0
2020-01-20,4973,A,BUY,31.8,532,16917.600000000002
2020-01-31,3661,B,SELL,230.5,179,41259.5
2020-01-31,6278,B,SELL,99.8,496,49500.799999999996
2020-01-31,2330,B,SELL,320.0,168,53760.0
2020-01-31,3260,A,SELL,70.7,228,16119.6
2020-01-31,8271,A,SELL,42.0,393,16506.0
2020-01-31,6279,A,SELL,93.6,172,16099.199999999999
2020-01-31,1582,A,SELL,88.8,180,15984.0
2020-01-31,8996,A,BUY,72.6,132,9583.199999999999
2020-01-31,6531,A,BUY,109.0,100,10900.0
2020-01-31,5269,A,BUY,798.0,33,26334.0
2020-01-31,1513,A,BUY,27.05,314,8493.7
2020-01-31,1586,A,BUY,38.1,250,9525.0
2020-01-31,5403,A,BUY,45.2,211,9537.2
2020-01-31,2505,A,BUY,19.4,584,11329.599999999999
2020-01-31,1907,A,BUY,13.1,2018,26435.8
2020-01-31,4716,A,BUY,16.5,613,10114.5
2020-01-31,4973,A,BUY,31.4,310,9734.0
2020-01-31,2393,A,BUY,37.8,267,10092.599999999999
2020-01-31,4737,A,BUY,85.6,308,26364.8
2020-01-31,2889,A,BUY,11.75,839,9858.25
2020-01-31,2838,A,BUY,11.55,849,9805.95
2020-02-07,4716,A,SELL,16.2,1602,25952.399999999998
2020-02-07,2505,A,SELL,18.2,1362,24788.399999999998
2020-02-07,1907,A,SELL,13.95,2018,28151.1
2020-02-07,4737,A,SELL,83.8,308,25810.399999999998
2020-02-07,1514,A,BUY,20.3,1313,26653.9
2020-02-07,8210,A,BUY,99.3,268,26612.399999999998
2020-02-07,3260,A,BUY,72.2,369,26641.8
2020-02-07,2492,A,BUY,235.0,113,26555.0
2020-02-14,8996,A,SELL,73.2,364,26644.8
2020-02-14,2889,A,SELL,11.65,2250,26212.5
2020-02-14,6531,A,SELL,115.5,242,27951.0
2020-02-14,2393,A,SELL,35.95,699,25129.050000000003
2020-02-14,2838,A,SELL,11.45,2289,26209.05
2020-02-14,1514,A,SELL,20.5,1313,26916.5
2020-02-14,8210,A,SELL,100.0,268,26800.0
2020-02-14,2492,A,SELL,242.0,113,27346.0
2020-02-14,3669,A,BUY,23.4,691,16169.4
2020-02-14,4707,A,BUY,13.0,1245,16185.0
2020-02-14,3515,A,BUY,118.0,137,16166.0
2020-02-14,5269,A,SELL,951.0,15,14265.0
2020-02-14,4973,A,SELL,33.7,361,12165.7
2020-02-14,5403,A,SELL,45.2,225,10170.0
2020-02-14,8131,A,BUY,41.3,391,16148.3
2020-02-14,4133,A,BUY,32.05,505,16185.249999999998
2020-02-14,1513,A,SELL,27.45,387,10623.15
2020-02-14,1439,A,BUY,33.6,481,16161.6
2020-02-14,3260,A,SELL,75.8,155,11749.0
2020-02-14,2327,A,BUY,457.0,35,15995.0
2020-02-14,3056,A,BUY,32.6,496,16169.6
2020-02-14,2851,A,BUY,20.1,805,16180.500000000002
2020-02-14,1586,A,SELL,38.65,274,10590.1
2020-02-14,3227,B,BUY,193.5,836,161766.0
2020-02-21,1513,A,SELL,27.3,590,16107.0
2020-02-21,1586,A,SELL,38.5,419,16131.5
2020-02-21,3260,A,SELL,71.7,214,15343.800000000001
2020-02-21,4133,A,SELL,34.95,505,17649.75
2020-02-21,1439,A,SELL,32.1,481,15440.1
2020-02-21,3056,A,SELL,32.2,496,15971.2
2020-02-21,3227,B,SELL,190.5,836,159258.0
2020-02-21,3669,A,BUY,25.8,305,7869.0
2020-02-21,8454,A,BUY,363.5,70,25445.0
2020-02-21,6183,A,BUY,40.6,633,25699.8
2020-02-21,1473,A,BUY,29.75,864,25704.0
2020-02-21,4707,A,BUY,13.95,598,8342.1
2020-02-21,2376,A,BUY,54.9,468,25693.2
2020-02-21,8996,A,BUY,82.6,311,25688.6
2020-02-21,8131,A,BUY,40.75,240,9780.0
2020-02-21,6531,A,BUY,126.5,203,25679.5
2020-02-21,2851,A,BUY,20.2,468,9453.6
2020-02-21,3515,A,BUY,107.0,103,11021.0
2020-02-21,5403,A,BUY,44.95,213,9574.35
2020-02-21,4973,A,BUY,32.95,299,9852.050000000001
2020-02-21,2327,A,BUY,472.0,19,8968.0
2020-02-27,4973,A,SELL,28.4,780,22152.0
2020-02-27,2327,A,SELL,410.0,54,22140.0
2020-02-27,2851,A,SELL,20.0,1273,25460.0
2020-02-27,2376,A,SELL,52.1,468,24382.8
2020-02-27,8996,A,SELL,70.2,311,21832.2
2020-02-27,3706,A,BUY,34.05,757,25775.85
2020-02-27,4133,A,BUY,39.3,656,25780.8
2020-02-27,2109,A,BUY,12.55,2054,25777.7
2020-02-27,6582,A,BUY,68.5,376,25756.0
2020-02-27,3532,A,BUY,140.0,184,25760.0
2020-02-27,5269,A,BUY,779.0,15,11685.0
2020-03-06,3515,A,SELL,106.5,240,25560.0
2020-03-06,8131,A,SELL,40.8,631,25744.8
2020-03-06,6183,A,SELL,40.5,633,25636.5
2020-03-06,2109,A,SELL,12.35,2054,25366.899999999998
2020-03-06,3669,A,SELL,35.0,219,7665.0
2020-03-06,4121,A,BUY,21.9,1241,27177.899999999998
2020-03-06,2480,A,BUY,63.2,430,27176.0
2020-03-06,1709,A,BUY,15.7,1731,27176.699999999997
2020-03-06,3293,A,BUY,612.0,44,26928.0
2020-03-13,5403,A,SELL,42.15,572,24109.8
2020-03-13,1473,A,SELL,23.75,864,20520.0
2020-03-13,3706,A,SELL,28.95,757,21915.149999999998
2020-03-13,1709,A,SELL,12.0,1731,20772.0
2020-03-13,1325,A,BUY,34.65,658,22799.7
2020-03-13,6183,A,BUY,38.7,589,22794.300000000003
2020-03-13,2109,A,BUY,11.5,1984,22816.0
2020-03-13,1439,A,BUY,31.7,719,22792.3
2020-03-20,3669,A,SELL,20.2,777,15695.4
2020-03-20,4707,A,SELL,12.0,1843,22116.0
2020-03-20,8454,A,SELL,323.5,70,22645.0
2020-03-20,6531,A,SELL,81.6,203,16564.8
2020-03-20,6582,A,SELL,63.1,376,23725.600000000002
2020-03-20,4121,A,SELL,13.55,1241,16815.55
2020-03-20,2480,A,SELL,51.0,430,21930.0
2020-03-20,3293,A,SELL,474.5,44,20878.0
2020-03-20,6183,A,SELL,36.4,589,21439.6
2020-03-20,2109,A,SELL,10.8,1984,21427.2
2020-03-20,1439,A,SELL,27.0,719,19413.0
2020-03-20,1325,A,BUY,36.2,1092,39530.4
2020-03-20,4133,A,BUY,34.7,1170,40599.0
2020-03-20,2910,A,BUY,29.95,2116,63374.2
2020-03-20,3532,A,BUY,138.0,275,37950.0
2020-03-20,5269,A,BUY,626.0,68,42568.0
2020-04-10,3532,A,SELL,132.0,459,60588.0
2020-04-10,4133,A,BUY,34.55,673,23252.149999999998
2020-04-10,2910,A,BUY,29.75,786,23383.5
2020-04-17,8454,A,BUY,451.0,68,30668.0
2020-04-17,1325,A,SELL,53.0,387,20511.0
2020-04-17,2910,A,SELL,31.3,595,18623.5
2020-04-17,4133,A,SELL,36.55,523,19115.649999999998
2020-04-24,8454,A,BUY,477.0,97,46269.0
2020-04-30,2910,A,SELL,31.3,2307,72209.1
2020-04-30,8454,A,BUY,480.5,57,27388.5
2020-05-08,9919,A,BUY,36.6,1263,46225.8
2020-05-08,8034,A,BUY,27.25,373,10164.25
2020-05-08,8454,A,SELL,579.0,142,82218.0
2020-05-08,2505,A,BUY,23.1,2001,46223.100000000006
2020-05-08,2020,A,BUY,18.1,1976,35765.600000000006
2020-05-08,5269,A,SELL,866.0,47,40702.0
2020-05-15,8454,A,SELL,489.5,80,39160.0
2020-05-15,9919,A,SELL,26.6,1263,33595.8
2020-05-15,2505,A,SELL,19.65,2001,39319.649999999994
2020-05-15,2614,A,BUY,15.75,2072,32634.0
2020-05-15,2421,A,BUY,49.5,659,32620.5
2020-05-15,6270,A,BUY,17.2,1898,32645.6
2020-05-15,6531,A,BUY,238.0,137,32606.0
2020-05-15,8034,A,BUY,30.4,700,21280.0
2020-05-15,5471,A,BUY,57.5,9,517.5
2020-05-15,1325,A,SELL,113.0,1074,121362.0
2020-05-15,2493,A,BUY,33.3,980,32633.999999999996
2020-05-15,1215,A,BUY,70.3,464,32619.199999999997
2020-05-15,1762,A,BUY,64.0,510,32640.0
2020-05-15,1615,A,BUY,22.2,1041,23110.2
2020-05-15,4133,A,SELL,53.7,1368,73461.6
2020-05-15,2108,A,BUY,36.5,894,32631.0
2020-05-15,5269,A,SELL,1050.0,22,23100.0
2020-05-22,2020,A,SELL,17.7,1976,34975.2
2020-05-22,2614,A,SELL,15.55,2072,32219.600000000002
2020-05-22,6531,A,SELL,207.0,137,28359.0
2020-05-22,5471,A,SELL,57.1,9,513.9
2020-05-22,1762,A,SELL,65.3,510,33303.0
2020-05-22,1615,A,SELL,21.9,1041,22797.899999999998
2020-05-22,2108,A,SELL,35.0,894,31290.0
2020-05-22,1325,A,SELL,178.0,170,30260.0
2020-05-22,8034,A,SELL,41.7,565,23560.5
2020-05-22,5478,A,BUY,119.0,177,21063.0
2020-05-22,3533,A,BUY,396.5,53,21014.5
2020-05-22,3218,A,BUY,141.0,150,21150.0
2020-05-22,6270,A,SELL,18.4,747,13744.8
2020-05-22,2421,A,SELL,51.4,247,12695.8
2020-05-22,2493,A,SELL,34.6,368,12732.800000000001
2020-05-22,5604,A,BUY,58.1,364,21148.4
2020-05-22,5269,A,SELL,1170.0,13,15210.0
2020-05-22,5465,A,BUY,15.9,1331,21162.9
2020-05-22,1215,A,SELL,71.5,167,11940.5
2020-05-22,4736,A,BUY,280.0,75,21000.0
2020-05-22,4133,A,SELL,67.7,295,19971.5
2020-05-22,6179,A,BUY,33.3,635,21145.5
2020-05-22,1760,B,BUY,165.0,641,105765.0
2020-05-22,2368,B,BUY,33.35,3174,105852.90000000001
2020-05-29,5269,A,SELL,1135.0,19,21565.0
2020-05-29,4133,A,SELL,70.8,313,22160.399999999998
2020-05-29,6270,A,SELL,18.55,1151,21351.05
2020-05-29,2493,A,SELL,34.65,612,21205.8
2020-05-29,1215,A,SELL,72.4,297,21502.800000000003
2020-05-29,5478,A,SELL,107.0,177,18939.0
2020-05-29,3533,A,SELL,403.0,53,21359.0
2020-05-29,5465,A,SELL,15.55,1331,20697.05
2020-05-29,4736,A,SELL,293.0,75,21975.0
2020-05-29,6179,A,SELL,33.6,635,21336.0
2020-05-29,3325,A,BUY,18.3,1147,20990.100000000002
2020-05-29,3416,A,BUY,61.5,341,20971.5
2020-05-29,3257,A,BUY,71.3,294,20962.2
2020-05-29,5439,A,BUY,49.95,420,20979.0
2020-05-29,1526,A,BUY,33.35,629,20977.15
2020-05-29,1309,A,BUY,13.85,1516,20996.6
2020-05-29,8933,A,BUY,8.98,2338,20995.24
2020-05-29,2347,A,BUY,44.4,472,20956.8
2020-05-29,5306,A,BUY,118.0,177,20886.0
2020-05-29,8069,A,BUY,40.6,517,20990.2
2020-05-29,2480,A,BUY,69.0,304,20976.0
2020-06-05,1325,A,SELL,189.0,119,22491.0
2020-06-05,8034,A,SELL,22.5,508,11430.0
2020-06-05,2421,A,SELL,52.7,412,21712.4
2020-06-05,3218,A,SELL,156.0,150,23400.0
2020-06-05,8933,A,SELL,8.73,2338,20410.74
2020-06-05,2347,A,SELL,45.25,472,21358.0
2020-06-05,8069,A,SELL,40.8,517,21093.6
2020-06-05,5403,A,BUY,52.5,397,20842.5
2020-06-05,2348,A,BUY,81.6,255,20808.0
2020-06-05,6270,A,BUY,19.7,1058,20842.6
2020-06-05,6531,A,BUY,271.5,76,20634.0
2020-06-05,2636,A,BUY,26.2,795,20829.0
2020-06-05,2467,A,BUY,33.0,631,20823.0
2020-06-12,3325,A,SELL,19.1,1147,21907.7
2020-06-12,3416,A,SELL,61.1,341,20835.100000000002
2020-06-12,5439,A,SELL,49.75,420,20895.0
2020-06-12,1526,A,SELL,30.3,629,19058.7
2020-06-12,1309,A,SELL,14.55,1516,22057.8
2020-06-12,2480,A,SELL,71.3,304,21675.2
2020-06-12,5403,A,SELL,53.0,397,21041.0
2020-06-12,2348,A,SELL,75.0,255,19125.0
2020-06-12,6270,A,SELL,18.75,1058,19837.5
2020-06-12,6531,A,SELL,298.0,76,22648.0
2020-06-12,2636,A,SELL,26.35,795,20948.25
2020-06-12,2467,A,SELL,27.15,631,17131.649999999998
2020-06-12,5604,A,SELL,69.5,75,5212.5
2020-06-12,3540,A,BUY,35.4,566,20036.399999999998
2020-06-12,2417,A,BUY,22.85,878,20062.300000000003
2020-06-12,1434,A,BUY,38.4,522,20044.8
2020-06-12,3218,A,BUY,161.5,124,20026.0
2020-06-12,2458,A,BUY,126.5,158,19987.0
2020-06-12,1785,A,BUY,36.5,549,20038.5
2020-06-12,2020,A,BUY,18.5,1084,20054.0
2020-06-12,4729,A,BUY,23.0,872,20056.0
2020-06-12,2616,A,BUY,31.05,646,20058.3
2020-06-12,2347,A,BUY,46.05,435,20031.75
2020-06-12,5534,A,BUY,88.8,225,19980.0
2020-06-12,1760,B,SELL,126.0,242,30492.0
2020-06-12,3661,B,BUY,361.0,138,49818.0
2020-06-12,4133,B,BUY,70.0,517,36190.0
2020-06-12,2368,B,SELL,32.45,1628,52828.600000000006
2020-06-19,5306,A,SELL,150.0,177,26550.0
2020-06-19,1434,A,SELL,39.95,522,20853.9
2020-06-19,3218,A,SELL,173.5,124,21514.0
2020-06-19,2458,A,SELL,126.5,158,19987.0
2020-06-19,2020,A,SELL,16.3,1084,17669.2
2020-06-19,2616,A,SELL,31.0,646,20026.0
2020-06-19,2347,A,SELL,40.8,435,17748.0
2020-06-19,5534,A,SELL,86.2,225,19395.0
2020-06-19,8099,A,BUY,24.5,867,21241.5
2020-06-19,1474,A,BUY,20.85,1019,21246.15
2020-06-19,6205,A,BUY,37.8,562,21243.6
2020-06-19,4167,A,BUY,41.9,507,21243.3
2020-06-19,1604,A,BUY,21.6,984,21254.4
2020-06-19,5609,A,BUY,38.7,549,21246.300000000003
2020-06-19,2636,A,BUY,27.5,772,21230.0
2020-06-19,5403,A,BUY,57.4,370,21238.0
2020-06-24,2368,B,SELL,32.0,1546,49472.0
2020-06-24,3257,A,SELL,83.0,294,24402.0
2020-06-24,2417,A,SELL,24.45,878,21467.1
2020-06-24,4729,A,SELL,21.2,872,18486.399999999998
2020-06-24,8099,A,SELL,23.0,867,19941.0
2020-06-24,1474,A,SELL,16.45,1019,16762.55
2020-06-24,4167,A,SELL,39.9,507,20229.3
2020-06-24,5609,A,SELL,39.45,549,21658.050000000003
2020-06-24,3325,A,BUY,26.55,796,21133.8
2020-06-24,3231,A,BUY,35.65,593,21140.45
2020-06-24,8933,A,BUY,12.0,1762,21144.0
2020-06-24,5306,A,BUY,147.5,143,21092.5
2020-06-24,8103,A,BUY,28.6,739,21135.4
2020-06-24,2390,A,BUY,15.7,1347,21147.899999999998
2020-06-24,3218,A,BUY,168.0,125,21000.0
2020-06-24,2454,B,BUY,580.0,91,52780.0
2020-06-24,3661,B,SELL,526.0,37,19462.0
2020-07-03,5604,A,SELL,60.0,289,17340.0
2020-07-03,1760,B,SELL,134.5,399,53665.5
2020-07-03,6205,A,SELL,38.2,562,21468.4
2020-07-03,1604,A,SELL,20.75,984,20418.0
2020-07-03,5403,A,SELL,58.8,370,21756.0
2020-07-03,8103,A,SELL,27.8,739,20544.2
2020-07-03,2390,A,SELL,16.8,1347,22629.600000000002
2020-07-03,3218,A,SELL,177.0,125,22125.0
2020-07-03,8933,A,SELL,16.0,365,5840.0
2020-07-03,3661,A,SELL,536.0,59,31624.0
2020-07-03,3228,A,BUY,79.5,281,22339.5
2020-07-03,6104,A,BUY,67.0,333,22311.0
2020-07-03,3293,A,BUY,805.0,27,21735.0
2020-07-03,2454,A,SELL,585.0,52,30420.0
2020-07-03,2417,A,BUY,28.95,772,22349.399999999998
2020-07-03,2414,A,BUY,26.7,837,22347.899999999998
2020-07-03,6166,A,BUY,83.3,268,22324.399999999998
2020-07-03,2454,B,BUY,585.0,56,32760.0
2020-07-03,3661,B,BUY,536.0,62,33232.0
2020-07-03,1325,B,BUY,162.0,344,55728.0
2020-07-10,3540,A,SELL,40.0,566,22640.0
2020-07-10,1785,A,SELL,47.0,549,25803.0
2020-07-10,4133,B,SELL,151.0,517,78067.0
2020-07-10,2636,A,SELL,28.6,772,22079.2
2020-07-10,3231,A,SELL,32.55,593,19302.149999999998
2020-07-10,8933,A,SELL,14.55,1397,20326.350000000002
2020-07-10,3228,A,SELL,59.0,281,16579.0
2020-07-10,3293,A,SELL,805.0,27,21735.0
2020-07-10,6166,A,SELL,85.6,268,22940.8
2020-07-10,1325,B,SELL,162.0,344,55728.0
2020-07-10,8390,A,BUY,30.6,755,23103.0
2020-07-10,6477,A,BUY,28.7,805,23103.5
2020-07-10,6223,A,BUY,136.0,170,23120.0
2020-07-10,1598,A,BUY,68.0,340,23120.0
2020-07-10,4133,A,BUY,151.0,153,23103.0
2020-07-10,3406,A,BUY,773.0,29,22417.0
2020-07-10,2454,A,SELL,616.0,57,35112.0
2020-07-10,8103,A,BUY,31.0,745,23095.0
2020-07-10,2379,A,BUY,359.5,64,23008.0
2020-07-10,6674,A,BUY,33.6,688,23116.8
2020-07-10,3406,B,BUY,773.0,45,34785.0
2020-07-10,2454,B,BUY,616.0,55,33880.0
2020-07-10,3374,B,BUY,128.0,451,57728.0
2020-07-17,3661,B,SELL,480.0,104,49920.0
2020-07-17,3325,A,SELL,28.65,796,22805.399999999998
2020-07-17,5306,A,SELL,168.0,143,24024.0
2020-07-17,6104,A,SELL,70.0,333,23310.0
2020-07-17,8390,A,SELL,27.4,755,20687.0
2020-07-17,6223,A,SELL,122.0,170,20740.0
2020-07-17,1598,A,SELL,63.9,340,21726.0
2020-07-17,3406,A,SELL,725.0,74,53650.0
2020-07-17,6674,A,SELL,32.3,688,22222.399999999998
2020-07-17,6156,A,BUY,17.2,1287,22136.399999999998
2020-07-17,5410,A,BUY,23.5,942,22137.0
2020-07-17,9914,A,BUY,250.0,88,22000.0
2020-07-17,1722,A,BUY,57.4,385,22099.0
2020-07-17,2382,A,BUY,78.0,283,22074.0
2020-07-17,2417,A,SELL,37.4,179,6694.599999999999
2020-07-17,2330,A,BUY,367.0,60,22020.0
2020-07-17,9921,A,BUY,305.5,72,21996.0
2020-07-17,3027,A,BUY,11.4,1942,22138.8
2020-07-17,1604,A,BUY,23.25,952,22134.0
2020-07-17,3406,B,BUY,725.0,76,55100.0
2020-07-17,3293,B,BUY,733.0,75,54975.0
2020-07-24,2417,A,SELL,36.95,593,21911.350000000002
2020-07-24,2414,A,SELL,27.3,837,22850.100000000002
2020-07-24,4133,A,SELL,78.3,153,11979.9
2020-07-24,5410,A,SELL,21.75,942,20488.5
2020-07-24,9914,A,SELL,250.0,88,22000.0
2020-07-24,1722,A,SELL,56.8,385,21868.0
2020-07-24,9921,A,SELL,304.0,72,21888.0
2020-07-24,3027,A,SELL,11.5,1942,22333.0
2020-07-24,1604,A,SELL,22.9,952,21800.8
2020-07-24,3293,B,SELL,734.0,75,55050.0
2020-07-24,3540,A,BUY,64.7,342,22127.4
2020-07-24,3702,A,BUY,44.5,497,22116.5
2020-07-24,4755,A,BUY,71.2,310,22072.0
2020-07-24,6477,A,SELL,35.0,172,6020.0
2020-07-24,6104,A,BUY,82.4,268,22083.2
2020-07-24,6257,A,BUY,46.4,477,22132.8
2020-07-24,1598,A,BUY,68.5,323,22125.5
2020-07-24,2441,A,BUY,51.5,429,22093.5
2020-07-24,2458,A,BUY,145.0,152,22040.0
2020-07-24,3661,B,BUY,529.0,104,55016.0
2020-07-31,8103,A,SELL,30.8,745,22946.0
2020-07-31,6104,A,SELL,77.4,268,20743.2
2020-07-31,6257,A,SELL,43.7,477,20844.9
2020-07-31,2458,A,SELL,157.0,152,23864.0
2020-07-31,3661,B,SELL,599.0,104,62296.0
2020-07-31,2303,A,BUY,22.35,1032,23065.2
2020-07-31,2376,A,BUY,84.0,274,23016.0
2020-07-31,5347,A,BUY,95.2,242,23038.4
2020-07-31,2348,A,BUY,86.2,267,23015.4
2020-07-31,9914,A,BUY,270.5,85,22992.5
2020-07-31,2330,B,BUY,425.5,75,31912.5
2020-08-07,6477,A,SELL,37.25,633,23579.25
2020-08-07,3374,B,SELL,126.5,451,57051.5
2020-08-07,6156,A,SELL,19.45,1287,25032.149999999998
2020-08-07,2382,A,SELL,76.0,283,21508.0
2020-08-07,3702,A,SELL,39.95,497,19855.15
2020-08-07,2441,A,SELL,52.6,429,22565.4
2020-08-07,2376,A,SELL,82.4,274,22577.600000000002
2020-08-07,5347,A,SELL,89.7,242,21707.4
2020-08-07,2348,A,SELL,89.9,267,24003.300000000003
2020-08-07,3679,A,BUY,87.2,266,23195.2
2020-08-07,1526,A,BUY,45.6,509,23210.4
2020-08-07,2330,A,SELL,433.0,81,35073.0
2020-08-07,2417,A,BUY,43.25,536,23182.0
2020-08-07,2505,A,BUY,31.5,737,23215.5
2020-08-07,5609,A,BUY,46.0,504,23184.0
2020-08-07,3661,A,BUY,670.0,34,22780.0
2020-08-07,6179,A,BUY,43.1,538,23187.8
2020-08-07,2454,A,SELL,705.0,60,42300.0
2020-08-07,2330,B,BUY,433.0,80,34640.0
2020-08-07,2454,B,BUY,705.0,49,34545.0
2020-08-07,2303,B,BUY,25.6,1235,31616.0
2020-08-14,2379,A,SELL,406.5,64,26016.0
2020-08-14,3540,A,SELL,67.0,342,22914.0
2020-08-14,4755,A,SELL,69.7,310,21607.0
2020-08-14,9914,A,SELL,247.5,85,21037.5
2020-08-14,1526,A,SELL,43.35,509,22065.15
2020-08-14,3661,A,SELL,661.0,34,22474.0
2020-08-14,6179,A,SELL,39.8,538,21412.399999999998
2020-08-14,1598,A,SELL,94.8,78,7394.4
2020-08-14,3416,A,BUY,68.4,338,23119.2
2020-08-14,1712,A,BUY,21.0,1101,23121.0
2020-08-14,2348,A,BUY,90.1,256,23065.6
2020-08-14,3037,A,BUY,85.0,272,23120.0
2020-08-14,1541,A,BUY,53.3,434,23132.199999999997
2020-08-14,6414,A,BUY,300.5,76,22838.0
2020-08-14,2330,A,SELL,427.0,79,33733.0
2020-08-14,2303,A,SELL,23.55,1284,30238.2
2020-08-14,2330,B,BUY,427.0,80,34160.0
2020-08-14,3037,B,BUY,85.0,408,34680.0
2020-08-21,2454,B,SELL,604.0,82,49528.0
2020-08-21,2330,A,SELL,424.5,135,57307.5
2020-08-21,3406,B,SELL,613.0,76,46588.0
2020-08-21,2303,A,SELL,21.8,983,21429.4
2020-08-21,2505,A,SELL,29.95,737,22073.149999999998
2020-08-21,3416,A,SELL,67.2,338,22713.600000000002
2020-08-21,1712,A,SELL,21.4,1101,23561.399999999998
2020-08-21,3037,A,SELL,80.6,680,54807.99999999999
2020-08-21,1541,A,SELL,54.3,434,23566.199999999997
2020-08-21,6414,A,SELL,305.5,76,23218.0
2020-08-21,2603,A,BUY,15.2,1498,22769.6
2020-08-21,3669,A,BUY,104.0,219,22776.0
2020-08-21,1586,A,BUY,46.75,487,22767.25
2020-08-21,3703,A,BUY,17.3,1316,22766.8
2020-08-21,2540,A,BUY,41.65,547,22782.55
2020-08-21,5508,A,BUY,38.0,599,22762.0
2020-08-21,2417,A,SELL,56.4,132,7444.8
2020-08-21,1313,A,BUY,12.5,1822,22775.0
2020-08-21,8478,A,BUY,48.0,474,22752.0
2020-08-21,3218,A,BUY,240.0,94,22560.0
2020-08-21,2330,B,BUY,424.5,134,56883.0
2020-08-21,3037,B,BUY,80.6,706,56903.6
2020-08-21,2303,B,BUY,21.8,2612,56941.6
2020-08-21,8046,B,BUY,140.5,405,56902.5
2020-08-28,3679,A,SELL,91.1,266,24232.6
2020-08-28,2348,A,SELL,93.2,256,23859.2
2020-08-28,5508,A,SELL,37.8,599,22642.199999999997
2020-08-28,8478,A,SELL,50.9,474,24126.6
2020-08-28,3218,A,SELL,244.0,94,22936.0
2020-08-28,3669,A,SELL,143.0,55,7865.0
2020-08-28,6244,A,BUY,20.5,1143,23431.5
2020-08-28,1598,A,SELL,126.0,58,7308.0
2020-08-28,5609,A,SELL,61.9,125,7737.5
2020-08-28,3540,A,BUY,87.2,268,23369.600000000002
2020-08-28,3024,A,BUY,14.5,1616,23432.0
2020-08-28,1309,A,BUY,21.85,1072,23423.2
2020-08-28,1541,A,BUY,54.5,430,23435.0
2020-09-04,1586,A,SELL,44.0,487,21428.0
2020-09-04,1313,A,SELL,13.3,1822,24232.600000000002
2020-09-04,2303,B,SELL,21.45,2612,56027.4
2020-09-04,3540,A,SELL,79.8,268,21386.399999999998
2020-09-04,3024,A,SELL,13.85,1616,22381.6
2020-09-04,1309,A,SELL,23.65,1072,25352.8
2020-09-04,1541,A,SELL,59.4,430,25542.0
2020-09-04,1513,A,BUY,46.6,530,24698.0
2020-09-04,2417,A,SELL,79.0,90,7110.0
2020-09-04,3416,A,BUY,77.5,319,24722.5
2020-09-04,6244,A,SELL,27.9,256,7142.4
2020-09-04,2006,A,BUY,28.95,854,24723.3
2020-09-04,8478,A,BUY,59.2,417,24686.4
2020-09-04,3078,A,BUY,48.5,510,24735.0
2020-09-04,4933,A,BUY,31.45,786,24719.7
2020-09-04,6285,A,BUY,82.7,299,24727.3
2020-09-04,3017,B,BUY,68.1,908,61834.799999999996
2020-09-11,1598,A,SELL,125.0,187,23375.0
2020-09-11,2417,A,SELL,58.3,314,18306.2
2020-09-11,5609,A,SELL,60.0,379,22740.0
2020-09-11,3669,A,SELL,105.0,164,17220.0
2020-09-11,2540,A,SELL,55.2,547,30194.4
2020-09-11,6244,A,SELL,24.2,887,21465.399999999998
2020-09-11,3416,A,SELL,72.9,319,23255.100000000002
2020-09-11,3078,A,SELL,43.95,510,22414.5
2020-09-11,4933,A,SELL,30.4,786,23894.399999999998
2020-09-11,6285,A,SELL,79.9,299,23890.100000000002
2020-09-11,3017,B,SELL,62.5,908,56750.0
2020-09-11,8924,A,BUY,61.2,379,23194.8
2020-09-11,1309,A,BUY,29.3,793,23234.9
2020-09-11,1304,A,BUY,16.2,1435,23247.0
2020-09-11,6194,A,BUY,34.85,667,23244.95
2020-09-11,1612,A,BUY,15.2,1529,23240.8
2020-09-11,3704,A,BUY,25.0,930,23250.0
2020-09-11,2032,A,BUY,10.15,2290,23243.5
2020-09-11,1313,A,BUY,13.2,1761,23245.199999999997
2020-09-11,2504,A,BUY,23.9,972,23230.8
2020-09-11,1519,A,BUY,46.65,498,23231.7
2020-09-11,2303,B,BUY,23.0,2527,58121.0
2020-09-18,2603,A,SELL,16.05,1498,24042.9
2020-09-18,3703,A,SELL,20.25,1316,26649.0
2020-09-18,1309,A,SELL,31.0,793,24583.0
2020-09-18,1612,A,SELL,15.05,1529,23011.45
2020-09-18,1313,A,SELL,13.65,1761,24037.65
2020-09-18,1519,A,SELL,44.9,498,22360.2
2020-09-18,8478,A,SELL,74.9,93,6965.700000000001
2020-09-18,4934,A,BUY,34.8,697,24255.6
2020-09-18,2540,A,BUY,62.4,388,24211.2
2020-09-18,8111,A,BUY,16.95,1431,24255.45
2020-09-18,2010,A,BUY,11.3,2146,24249.800000000003
2020-09-18,3416,A,BUY,77.6,312,24211.199999999997
2020-09-18,8938,A,BUY,40.0,606,24240.0
2020-09-25,1513,A,SELL,42.65,530,22604.5
2020-09-25,2006,A,SELL,28.05,854,23954.7
2020-09-25,1304,A,SELL,15.6,1435,22386.0
2020-09-25,3704,A,SELL,23.55,930,21901.5
2020-09-25,2032,A,SELL,9.34,2290,21388.6
2020-09-25,2010,A,SELL,10.4,2146,22318.4
2020-09-25,3416,A,SELL,72.9,312,22744.800000000003
2020-09-25,8938,A,SELL,36.55,606,22149.3
2020-09-25,3027,A,BUY,20.45,1090,22290.5
2020-09-25,2302,A,BUY,14.7,1516,22285.2
2020-09-25,3228,A,BUY,92.0,242,22264.0
2020-09-25,6233,A,BUY,22.7,982,22291.399999999998
2020-09-25,6125,A,BUY,27.15,821,22290.149999999998
2020-09-25,2303,A,SELL,25.0,1635,40875.0
2020-09-25,1609,A,BUY,16.1,1384,22282.4
2020-09-25,2303,B,BUY,25.0,1337,33425.0
2020-09-30,8046,B,SELL,118.0,405,47790.0
2020-09-30,8478,A,SELL,60.5,324,19602.0
2020-09-30,6194,A,SELL,34.55,667,23044.85
2020-09-30,4934,A,SELL,31.85,697,22199.45
2020-09-30,8111,A,SELL,15.75,1431,22538.25
2020-09-30,3027,A,SELL,19.1,1090,20819.0
2020-09-30,2303,A,SELL,28.55,1421,40569.55
2020-09-30,1532,A,BUY,31.8,724,23023.2
2020-09-30,8938,A,BUY,39.15,588,23020.2
2020-09-30,5508,A,BUY,39.25,587,23039.75
2020-09-30,2460,A,BUY,12.85,1793,23040.05
2020-09-30,3703,A,BUY,20.2,1141,23048.2
2020-09-30,1304,A,BUY,15.7,1468,23047.6
2020-09-30,2303,B,BUY,28.55,1210,34545.5
2020-09-30,3669,B,BUY,108.0,533,57564.0
2020-10-08,2302,A,SELL,14.9,1516,22588.4
2020-10-08,3228,A,SELL,91.5,242,22143.0
2020-10-08,6233,A,SELL,23.8,982,23371.600000000002
2020-10-08,5508,A,SELL,39.1,587,22951.7
2020-10-08,1304,A,SELL,16.35,1468,24001.800000000003
2020-10-08,3669,B,SELL,111.5,533,59429.5
2020-10-08,6283,A,BUY,39.2,597,23402.4
2020-10-08,8374,A,BUY,25.35,923,23398.050000000003
2020-10-08,2303,A,SELL,32.2,1291,41570.200000000004
2020-10-08,6244,A,BUY,41.5,563,23364.5
2020-10-08,3027,A,BUY,21.8,1073,23391.4
2020-10-08,1519,A,BUY,46.6,502,23393.2
2020-10-08,3679,A,BUY,104.0,225,23400.0
2020-10-08,2303,B,BUY,32.2,1090,35098.0
2020-10-08,9958,B,BUY,135.0,433,58455.0
2020-10-16,8924,A,SELL,60.8,379,23043.2
2020-10-16,2504,A,SELL,25.95,972,25223.399999999998
2020-10-16,2540,A,SELL,56.3,388,21844.399999999998
2020-10-16,8938,A,SELL,37.7,588,22167.600000000002
2020-10-16,2460,A,SELL,13.2,1793,23667.6
2020-10-16,8374,A,SELL,25.5,923,23536.5
2020-10-16,6244,A,SELL,37.8,563,21281.399999999998
2020-10-16,3679,A,SELL,103.0,225,23175.0
2020-10-16,9958,B,SELL,134.5,433,58238.5
2020-10-16,1507,A,BUY,65.5,367,24038.5
2020-10-16,6443,A,BUY,35.05,687,24079.35
2020-10-16,2303,A,SELL,30.65,1031,31600.149999999998
2020-10-16,8111,A,BUY,17.75,1356,24069.0
2020-10-16,6233,A,BUY,26.05,924,24070.2
2020-10-16,2302,A,BUY,16.35,1472,24067.2
2020-10-16,2603,A,BUY,17.65,1364,24074.6
2020-10-16,3037,A,SELL,83.7,418,34986.6
2020-10-16,2303,B,BUY,30.65,1178,36105.7
2020-10-16,3037,B,BUY,83.7,431,36074.700000000004
2020-10-16,3708,B,BUY,166.0,362,60092.0
2020-10-23,1532,A,SELL,34.3,724,24833.199999999997
2020-10-23,3027,A,SELL,23.2,1073,24893.6
2020-10-23,8111,A,SELL,17.45,1356,23662.2
2020-10-23,2303,A,SELL,32.75,1215,39791.25
2020-10-23,8936,A,BUY,21.9,1118,24484.199999999997
2020-10-23,1304,A,BUY,17.15,1428,24490.199999999997
2020-10-23,3228,A,BUY,103.0,237,24411.0
2020-10-23,3037,A,SELL,85.1,431,36678.1
2020-10-23,2303,B,BUY,32.75,1121,36712.75
2020-10-23,3037,B,BUY,85.1,431,36678.1
2020-10-30,2330,B,SELL,432.0,134,57888.0
2020-10-30,3037,B,SELL,68.2,719,49035.8
2020-10-30,2303,B,SELL,30.7,1870,57409.0
2020-10-30,3703,A,SELL,24.35,1141,27783.350000000002
2020-10-30,6283,A,SELL,34.1,597,20357.7
2020-10-30,6233,A,SELL,23.5,924,21714.0
2020-10-30,2302,A,SELL,17.1,1472,25171.2
2020-10-30,3708,B,SELL,158.0,362,57196.0
2020-10-30,3228,A,SELL,91.0,237,21567.0
2020-10-30,2108,A,BUY,77.2,504,38908.8
2020-10-30,3010,A,BUY,63.7,611,38920.700000000004
2020-10-30,2908,A,BUY,25.15,1548,38932.2
2020-10-30,6443,A,BUY,37.0,365,13505.0
2020-10-30,1907,A,BUY,19.4,2007,38935.799999999996
2020-10-30,6558,A,BUY,50.5,771,38935.5
2020-10-30,2303,A,BUY,30.7,1268,38927.6
2020-10-30,1304,A,BUY,17.65,778,13731.699999999999
2020-10-30,8936,A,BUY,21.6,684,14774.400000000001
2020-10-30,1507,A,BUY,63.9,242,15463.8
2020-10-30,2603,A,BUY,18.9,696,13154.4
2020-10-30,1609,A,BUY,20.1,553,11115.300000000001
2020-10-30,1519,A,BUY,50.8,264,13411.199999999999
2020-10-30,1513,A,BUY,48.15,808,38905.2
2020-11-06,1609,A,SELL,20.15,1937,39030.549999999996
2020-11-06,6443,A,SELL,35.0,1052,36820.0
2020-11-06,8936,A,SELL,22.3,1802,40184.6
2020-11-06,2303,A,SELL,30.5,1268,38674.0
2020-11-06,1513,A,SELL,50.0,808,40400.0
2020-11-06,2603,A,SELL,20.35,890,18111.5
2020-11-06,1907,A,SELL,20.6,851,17530.600000000002
2020-11-06,3010,A,SELL,63.8,237,15120.599999999999
2020-11-06,2108,A,SELL,72.2,174,12562.800000000001
2020-11-06,6558,A,SELL,54.8,336,18412.8
2020-11-06,1507,A,SELL,65.1,243,15819.3
2020-11-06,2908,A,SELL,26.35,644,16969.4
2020-11-06,2010,A,BUY,11.65,2043,23800.95
2020-11-06,1304,A,SELL,19.0,952,18088.0
2020-11-06,2302,A,BUY,18.85,1262,23788.7
2020-11-06,1313,A,BUY,13.7,1737,23796.899999999998
2020-11-06,2006,A,BUY,30.6,778,23806.800000000003
2020-11-06,1612,A,BUY,14.7,1619,23799.3
2020-11-06,1519,A,SELL,51.1,300,15330.0
2020-11-06,2303,B,BUY,30.5,1951,59505.5
2020-11-06,2603,B,BUY,20.35,1754,35693.9
2020-11-06,1513,B,BUY,50.0,1190,59500.0
2020-11-06,3708,B,BUY,167.5,355,59462.5
2020-11-13,1519,A,SELL,49.05,466,22857.3
2020-11-13,2603,A,SELL,20.1,2924,58772.4
2020-11-13,2108,A,SELL,62.5,330,20625.0
2020-11-13,6558,A,SELL,52.0,435,22620.0
2020-11-13,2302,A,SELL,19.8,1262,24987.600000000002
2020-11-13,2006,A,SELL,30.6,778,23806.800000000003
2020-11-13,1612,A,SELL,15.35,1619,24851.649999999998
2020-11-13,3708,B,SELL,168.0,355,59640.0
2020-11-13,3092,A,BUY,57.1,419,23924.9
2020-11-13,2727,A,BUY,99.8,239,23852.2
2020-11-13,6245,A,BUY,69.7,343,23907.100000000002
2020-11-13,4930,A,BUY,18.35,1305,23946.750000000004
2020-11-13,1604,A,BUY,25.45,940,23923.0
2020-11-13,8938,A,BUY,42.9,558,23938.2
2020-11-13,8936,A,BUY,22.45,1066,23931.7
2020-11-13,6125,A,SELL,36.5,164,5986.0
2020-11-13,2603,B,BUY,20.1,2978,59857.8
2020-11-13,3374,B,BUY,175.0,342,59850.0
2020-11-20,6125,A,SELL,30.8,657,20235.600000000002
2020-11-20,1507,A,SELL,66.2,366,24229.2
2020-11-20,1304,A,SELL,19.8,1254,24829.2
2020-11-20,2908,A,SELL,26.8,904,24227.2
2020-11-20,1313,A,SELL,15.65,1737,27184.05
2020-11-20,1513,B,SELL,49.65,1190,59083.5
2020-11-20,6245,A,SELL,67.5,343,23152.5
2020-11-20,8938,A,SELL,43.75,558,24412.5
2020-11-20,8936,A,SELL,23.2,1066,24731.2
2020-11-20,2028,A,BUY,16.3,1525,24857.5
2020-11-20,5014,A,BUY,13.6,1828,24860.8
2020-11-20,3048,A,BUY,21.6,1151,24861.600000000002
2020-11-20,4968,A,BUY,352.0,70,24640.0
2020-11-20,3374,A,SELL,187.0,209,39083.0
2020-11-20,5871,A,BUY,163.0,152,24776.0
2020-11-20,2467,A,BUY,35.35,703,24851.05
2020-11-20,8927,A,BUY,16.85,1475,24853.750000000004
2020-11-20,2330,B,BUY,488.0,127,61976.0
2020-11-20,3374,B,BUY,187.0,199,37213.0
2020-11-27,1907,A,SELL,23.9,1156,27628.399999999998
2020-11-27,2010,A,SELL,13.45,2043,27478.35
2020-11-27,2303,B,SELL,39.15,1951,76381.65
2020-11-27,3092,A,SELL,55.5,419,23254.5
2020-11-27,4930,A,SELL,19.45,1305,25382.25
2020-11-27,2028,A,SELL,16.8,1525,25620.0
2020-11-27,5014,A,SELL,13.0,1828,23764.0
2020-11-27,4968,A,SELL,337.5,70,23625.0
2020-11-27,5871,A,SELL,160.5,152,24396.0
2020-11-27,2467,A,SELL,34.5,703,24253.5
2020-11-27,8927,A,SELL,17.8,1475,26255.0
2020-11-27,2330,B,SELL,489.0,127,62103.0
2020-11-27,3530,A,BUY,135.0,190,25650.0
2020-11-27,6205,A,BUY,49.65,517,25669.05
2020-11-27,3311,A,BUY,34.0,755,25670.0
2020-11-27,8255,A,BUY,100.0,256,25600.0
2020-11-27,3025,A,BUY,29.15,880,25652.0
2020-11-27,3622,A,BUY,32.0,802,25664.0
2020-11-27,1104,A,BUY,23.85,1076,25662.600000000002
2020-11-27,2352,A,BUY,22.95,1118,25658.1
2020-11-27,1313,A,BUY,17.2,1492,25662.399999999998
2020-11-27,4968,B,BUY,337.5,190,64125.0
2020-11-27,3552,B,BUY,163.0,393,64059.0
2020-12-04,3010,A,SELL,76.4,374,28573.600000000002
2020-12-04,1604,A,SELL,26.4,940,24816.0
2020-12-04,3048,A,SELL,22.95,1151,26415.45
2020-12-04,6205,A,SELL,48.95,517,25307.15
2020-12-04,3311,A,SELL,33.35,755,25179.25
2020-12-04,3622,A,SELL,31.65,802,25383.3
2020-12-04,1104,A,SELL,22.4,1076,24102.399999999998
2020-12-04,1313,A,SELL,17.15,1492,25587.8
2020-12-04,3552,B,SELL,165.0,393,64845.0
2020-12-04,6488,A,BUY,665.0,38,25270.0
2020-12-04,5483,A,BUY,160.0,160,25600.0
2020-12-04,5508,A,BUY,44.95,570,25621.5
2020-12-04,5498,A,BUY,14.15,1811,25625.65
2020-12-04,2727,A,SELL,139.5,55,7672.5
2020-12-04,5522,A,BUY,53.5,479,25626.5
2020-12-04,8927,A,BUY,19.9,1288,25631.199999999997
2020-12-04,2332,A,BUY,27.25,940,25615.0
2020-12-04,2375,A,BUY,71.6,358,25632.8
2020-12-04,3557,A,BUY,108.5,236,25606.0
2020-12-04,8046,B,BUY,169.5,378,64071.0
2020-12-11,2727,A,SELL,137.0,184,25208.0
2020-12-11,3530,A,SELL,133.0,190,25270.0
2020-12-11,8255,A,SELL,108.0,256,27648.0
2020-12-11,2352,A,SELL,26.0,1118,29068.0
2020-12-11,4968,B,SELL,334.0,190,63460.0
2020-12-11,6488,A,SELL,613.0,38,23294.0
2020-12-11,5508,A,SELL,41.45,570,23626.5
2020-12-11,5498,A,SELL,15.0,1811,27165.0
2020-12-11,5522,A,SELL,54.2,479,25961.800000000003
2020-12-11,8927,A,SELL,17.4,1288,22411.199999999997
2020-12-11,2375,A,SELL,69.7,358,24952.600000000002
2020-12-11,3557,A,SELL,104.0,236,24544.0
2020-12-11,8046,B,SELL,173.5,378,65583.0
2020-12-11,4961,A,BUY,71.3,369,26309.7
2020-12-11,5864,A,BUY,11.9,2216,26370.4
2020-12-11,3025,A,SELL,40.0,220,8800.0
2020-12-11,6116,A,BUY,12.95,2036,26366.199999999997
2020-12-11,8112,A,BUY,34.6,762,26365.2
2020-12-11,3228,A,BUY,207.5,127,26352.5
2020-12-11,3059,A,BUY,34.3,768,26342.399999999998
2020-12-11,2462,A,BUY,31.45,838,26355.1
2020-12-11,2020,A,BUY,18.5,1425,26362.5
2020-12-11,3484,A,BUY,62.0,425,26350.0
2020-12-11,2027,A,BUY,31.35,841,26365.350000000002
2020-12-11,3144,A,BUY,35.7,738,26346.600000000002
2020-12-11,2603,A,SELL,27.15,2006,54462.899999999994
2020-12-11,2603,B,BUY,27.15,1456,39530.4
2020-12-11,3481,B,BUY,13.3,4957,65928.1
2020-12-11,2344,B,BUY,24.0,2747,65928.0
2020-12-18,3374,B,SELL,171.5,332,56938.0
2020-12-18,3025,A,SELL,42.75,660,28215.0
2020-12-18,5483,A,SELL,161.5,160,25840.0
2020-12-18,5864,A,SELL,11.6,2216,25705.6
2020-12-18,6116,A,SELL,12.6,2036,25653.6
2020-12-18,8112,A,SELL,34.1,762,25984.2
2020-12-18,3228,A,SELL,193.5,127,24574.5
2020-12-18,3059,A,SELL,33.2,768,25497.600000000002
2020-12-18,3484,A,SELL,57.3,425,24352.5
2020-12-18,2027,A,SELL,31.85,841,26785.850000000002
2020-12-18,2344,B,SELL,24.05,2747,66065.35
2020-12-18,4961,A,SELL,92.0,78,7176.0
2020-12-18,2030,A,BUY,14.25,1876,26733.0
2020-12-18,8255,A,BUY,112.5,237,26662.5
2020-12-18,1218,A,BUY,25.8,1036,26728.8
2020-12-18,2608,A,BUY,43.7,611,26700.7
2020-12-18,2352,A,BUY,27.25,981,26732.25
2020-12-18,2460,A,BUY,19.4,1378,26733.199999999997
2020-12-18,2014,A,BUY,14.35,1863,26734.05
2020-12-18,2436,A,BUY,51.3,521,26727.3
2020-12-18,2457,A,BUY,16.7,1601,26736.699999999997
2020-12-18,2330,B,BUY,510.0,131,66810.0
2020-12-18,2303,B,BUY,45.85,1457,66803.45
2020-12-25,2332,A,SELL,28.2,940,26508.0
2020-12-25,2462,A,SELL,30.3,838,25391.4
2020-12-25,2020,A,SELL,19.25,1425,27431.25
2020-12-25,2030,A,SELL,14.0,1876,26264.0
2020-12-25,8255,A,SELL,112.5,237,26662.5
2020-12-25,2608,A,SELL,43.35,611,26486.850000000002
2020-12-25,2352,A,SELL,27.85,981,27320.850000000002
2020-12-25,2460,A,SELL,17.55,1378,24183.9
2020-12-25,2436,A,SELL,47.8,521,24903.8
2020-12-25,2457,A,SELL,16.5,1601,26416.5
2020-12-25,2330,B,SELL,511.0,131,66941.0
2020-12-25,2038,A,BUY,23.35,1159,27062.65
2020-12-25,2009,A,BUY,25.8,1049,27064.2
2020-12-25,5820,A,BUY,12.55,2156,27057.800000000003
2020-12-25,2375,A,BUY,84.8,319,27051.2
2020-12-25,1219,A,BUY,21.9,1235,27046.5
2020-12-25,6112,A,BUY,43.8,617,27024.6
2020-12-25,3622,A,BUY,35.45,763,27048.350000000002
2020-12-25,2015,A,BUY,72.6,372,27007.199999999997
2020-12-25,5864,A,BUY,12.25,2209,27060.25
2020-12-25,2032,A,BUY,13.95,1940,27063.0
2020-12-25,2344,B,BUY,26.7,2534,67657.8
2020-12-31,1218,A,SELL,27.6,1036,28593.600000000002
2020-12-31,2014,A,SELL,15.75,1863,29342.25
2020-12-31,2038,A,SELL,21.4,1159,24802.6
2020-12-31,5820,A,SELL,12.6,2156,27165.6
2020-12-31,1219,A,SELL,21.7,1235,26799.5
2020-12-31,6112,A,SELL,43.85,617,27055.45
2020-12-31,3622,A,SELL,34.2,763,26094.600000000002
2020-12-31,2015,A,SELL,71.1,372,26449.199999999997
2020-12-31,4566,A,BUY,58.0,490,28420.0
2020-12-31,2609,A,BUY,29.25,972,28431.0
2020-12-31,4961,A,SELL,123.0,59,7257.0
2020-12-31,6016,A,BUY,14.0,2031,28434.0
2020-12-31,2415,A,BUY,27.1,1049,28427.9
2020-12-31,3704,A,BUY,38.15,745,28421.75
2020-12-31,2022,A,BUY,8.1,3510,28431.0
2020-12-31,3545,A,BUY,93.5,304,28424.0
2020-12-31,8099,A,BUY,26.55,1071,28435.05
2020-12-31,6488,A,BUY,708.0,40,28320.0
2020-12-31,2603,B,SELL,40.7,681,27716.7
2021-01-08,3144,A,SELL,35.85,738,26457.3
2021-01-08,3481,B,SELL,13.35,4957,66175.95
2021-01-08,2009,A,SELL,28.0,1049,29372.0
2021-01-08,2375,A,SELL,95.2,319,30368.8
2021-01-08,2032,A,SELL,15.1,1940,29294.0
2021-01-08,2344,B,SELL,29.0,2534,73486.0
2021-01-08,4566,A,SELL,53.0,490,25970.0
2021-01-08,2609,A,SELL,27.3,972,26535.600000000002
2021-01-08,3704,A,SELL,40.55,745,30209.749999999996
2021-01-08,2022,A,SELL,7.26,3510,25482.6
2021-01-08,3545,A,SELL,92.9,304,28241.600000000002
2021-01-08,6488,A,SELL,729.0,40,29160.0
2021-01-08,6015,A,BUY,14.45,2013,29087.85
2021-01-08,2317,A,BUY,108.0,269,29052.0
2021-01-08,2308,A,BUY,310.0,93,28830.0
2021-01-08,2855,A,BUY,21.35,1362,29078.7
2021-01-08,5243,A,BUY,67.5,431,29092.5
2021-01-08,2328,A,BUY,32.3,900,29069.999999999996
2021-01-08,5283,A,BUY,132.5,219,29017.5
2021-01-08,6219,A,BUY,23.2,1254,29092.8
2021-01-08,3501,A,BUY,52.2,557,29075.4
2021-01-08,2467,A,BUY,42.7,681,29078.7
2021-01-08,2330,B,BUY,580.0,125,72500.0
2021-01-08,2317,B,BUY,108.0,404,43632.0
2021-01-15,2303,B,SELL,48.75,1457,71028.75
2021-01-15,5864,A,SELL,15.2,2209,33576.799999999996
2021-01-15,6016,A,SELL,14.9,2031,30261.9
2021-01-15,8099,A,SELL,26.2,1071,28060.2
2021-01-15,6015,A,SELL,14.0,2013,28182.0
2021-01-15,2308,A,SELL,299.5,93,27853.5
2021-01-15,2855,A,SELL,21.15,1362,28806.3
2021-01-15,5243,A,SELL,68.1,431,29351.1
2021-01-15,2328,A,SELL,40.0,900,36000.0
2021-01-15,5283,A,SELL,131.0,219,28689.0
2021-01-15,6219,A,SELL,20.5,1254,25707.0
2021-01-15,2467,A,SELL,41.05,681,27955.05
2021-01-15,3296,A,BUY,22.9,1251,28647.899999999998
2021-01-15,2354,A,BUY,75.6,379,28652.399999999998
2021-01-15,2317,A,SELL,115.5,424,48972.0
2021-01-15,4976,A,BUY,94.9,302,28659.800000000003
2021-01-15,2049,A,BUY,434.0,66,28644.0
2021-01-15,8084,A,BUY,94.0,304,28576.0
2021-01-15,4961,A,SELL,154.5,46,7107.0
2021-01-15,3023,A,BUY,257.5,111,28582.5
2021-01-15,4968,A,BUY,515.0,55,28325.0
2021-01-15,8299,A,BUY,387.0,74,28638.0
2021-01-15,3149,A,BUY,31.8,901,28651.8
2021-01-15,3144,A,BUY,35.8,800,28639.999999999996
2021-01-15,2330,A,SELL,601.0,77,46277.0
2021-01-15,2330,B,BUY,601.0,71,42671.0
2021-01-15,2317,B,BUY,115.5,371,42850.5
2021-01-15,2327,B,BUY,602.0,119,71638.0
2021-01-22,4961,A,SELL,155.0,186,28830.0
2021-01-22,2415,A,SELL,32.2,1049,33777.8
2021-01-22,3501,A,SELL,50.9,557,28351.3
2021-01-22,3296,A,SELL,22.7,1251,28397.7
2021-01-22,4976,A,SELL,88.6,302,26757.199999999997
2021-01-22,8299,A,SELL,414.0,74,30636.0
2021-01-22,3149,A,SELL,27.9,901,25137.899999999998
2021-01-22,2327,B,SELL,608.0,119,72352.0
2021-01-22,2330,A,SELL,649.0,73,47377.0
2021-01-22,3711,A,BUY,105.0,278,29190.0
2021-01-22,2460,A,BUY,24.55,1190,29214.5
2021-01-22,2317,A,SELL,121.5,379,46048.5
2021-01-22,2327,A,BUY,608.0,48,29184.0
2021-01-22,2328,A,BUY,41.95,696,29197.2
2021-01-22,6409,A,BUY,1300.0,22,28600.0
2021-01-22,4566,A,BUY,61.0,479,29219.0
2021-01-22,2330,B,BUY,649.0,66,42834.0
2021-01-22,2317,B,BUY,121.5,360,43740.0
2021-01-22,2454,B,BUY,917.0,79,72443.0
2021-01-29,2049,A,SELL,396.0,66,26136.0
2021-01-29,8084,A,SELL,83.8,304,25475.2
2021-01-29,3711,A,SELL,92.0,278,25576.0
2021-01-29,2327,A,SELL,574.0,48,27552.0
2021-01-29,6409,A,SELL,1280.0,22,28160.0
2021-01-29,2476,A,BUY,25.3,1091,27602.3
2021-01-29,2317,A,SELL,111.5,353,39359.5
2021-01-29,2441,A,BUY,63.5,434,27559.0
2021-01-29,2415,A,BUY,32.65,845,27589.25
2021-01-29,2379,A,BUY,451.5,61,27541.5
2021-01-29,3552,A,BUY,296.0,93,27528.0
2021-01-29,5439,A,BUY,54.4,507,27580.8
2021-01-29,6531,A,BUY,669.0,41,27429.0
2021-01-29,2317,B,BUY,111.5,371,41366.5
2021-02-05,2317,A,SELL,113.5,619,70256.5
2021-02-05,2354,A,SELL,70.4,379,26681.600000000002
2021-02-05,3023,A,SELL,261.5,111,29026.5
2021-02-05,4566,A,SELL,55.9,479,26776.1
2021-02-05,2379,A,SELL,495.0,61,30195.0
2021-02-05,5439,A,SELL,54.0,507,27378.0
2021-02-05,4961,A,BUY,172.5,164,28290.0
2021-02-05,2375,A,BUY,107.0,264,28248.0
2021-02-05,6409,A,BUY,1330.0,21,27930.0
2021-02-05,2330,A,SELL,632.0,67,42344.0
2021-02-05,6112,A,BUY,44.0,643,28292.0
2021-02-05,2352,A,BUY,28.35,999,28321.65
2021-02-05,2330,B,BUY,632.0,67,42344.0
2021-02-05,2317,B,BUY,113.5,623,70710.5
2021-02-05,2330,A,SELL,632.0,67,42344.0
2021-02-05,2330,B,BUY,632.0,67,42344.0
2021-02-19,2460,A,SELL,26.1,1190,31059.0
2021-02-19,2328,A,SELL,40.0,696,27840.0
2021-02-19,6112,A,SELL,44.2,643,28420.600000000002
2021-02-19,2352,A,SELL,28.45,999,28421.55
2021-02-19,8070,A,BUY,40.7,731,29751.7
2021-02-19,3711,A,BUY,113.5,262,29737.0
2021-02-19,2330,A,SELL,652.0,66,43032.0
2021-02-19,3228,A,BUY,317.5,93,29527.5
2021-02-19,2344,A,BUY,30.45,977,29749.649999999998
2021-02-19,2330,B,BUY,652.0,68,44336.0
2021-02-26,2603,B,SELL,37.95,1747,66298.65000000001
2021-02-26,4968,A,SELL,583.0,55,32065.0
2021-02-26,3144,A,SELL,35.95,800,28760.000000000004
2021-02-26,2441,A,SELL,71.0,434,30814.0
2021-02-26,3552,A,SELL,330.0,93,30690.0
2021-02-26,6531,A,SELL,662.0,41,27142.0
2021-02-26,4961,A,SELL,213.0,164,34932.0
2021-02-26,2375,A,SELL,130.0,264,34320.0
2021-02-26,6409,A,SELL,1155.0,21,24255.0
2021-02-26,8070,A,SELL,41.9,731,30628.899999999998
2021-02-26,3711,A,SELL,103.5,262,27117.0
2021-02-26,3228,A,SELL,361.0,93,33573.0
2021-02-26,2344,A,SELL,30.55,977,29847.350000000002
2021-02-26,2597,A,BUY,83.5,353,29475.5
2021-02-26,3512,A,BUY,37.95,777,29487.15
2021-02-26,8938,A,BUY,56.0,526,29456.0
2021-02-26,5706,A,BUY,40.95,720,29484.000000000004
2021-02-26,3078,A,BUY,57.0,517,29469.0
2021-02-26,8924,A,BUY,83.6,352,29427.199999999997
2021-02-26,3211,A,BUY,109.0,270,29430.0
2021-02-26,4737,A,BUY,85.4,345,29463.000000000004
2021-02-26,9942,A,BUY,88.9,331,29425.9
2021-02-26,2415,A,SELL,45.8,201,9205.8
2021-02-26,5604,A,BUY,77.6,380,29487.999999999996
2021-02-26,6202,A,BUY,87.6,336,29433.6
2021-02-26,2114,A,BUY,104.0,283,29432.0
2021-02-26,3484,A,BUY,79.5,370,29415.0
2021-02-26,2327,B,BUY,593.0,124,73532.0
2021-03-05,2476,A,SELL,29.75,1091,32457.25
2021-03-05,2415,A,SELL,42.2,644,27176.800000000003
2021-03-05,5706,A,SELL,38.1,720,27432.0
2021-03-05,3078,A,SELL,52.2,517,26987.4
2021-03-05,4737,A,SELL,80.2,345,27669.0
2021-03-05,9942,A,SELL,86.9,331,28763.9
2021-03-05,6202,A,SELL,85.2,336,28627.2
2021-03-05,3484,A,SELL,75.6,370,27971.999999999996
2021-03-05,2327,B,SELL,564.0,124,69936.0
2021-03-05,3501,A,BUY,56.6,518,29318.8
2021-03-05,3679,A,BUY,141.5,207,29290.5
2021-03-05,2020,A,BUY,21.15,1386,29313.899999999998
2021-03-05,3228,A,BUY,380.0,77,29260.0
2021-03-05,5519,A,BUY,17.15,1709,29309.35
2021-03-05,3312,A,BUY,17.95,1633,29312.35
2021-03-05,4961,A,BUY,208.5,140,29190.0
2021-03-05,4976,A,BUY,113.0,259,29267.0
2021-03-05,2409,B,BUY,18.5,3962,73297.0
2021-03-12,2597,A,SELL,84.7,353,29899.100000000002
2021-03-12,3512,A,SELL,37.0,777,28749.0
2021-03-12,8938,A,SELL,61.0,526,32086.0
2021-03-12,8924,A,SELL,87.0,352,30624.0
2021-03-12,3501,A,SELL,56.0,518,29008.0
2021-03-12,2020,A,SELL,21.5,1386,29799.0
2021-03-12,5519,A,SELL,17.75,1709,30334.75
2021-03-12,3312,A,SELL,18.0,1633,29394.0
2021-03-12,4961,A,SELL,212.5,140,29750.0
2021-03-12,4976,A,SELL,113.0,259,29267.0
2021-03-12,2409,B,SELL,18.6,3962,73693.20000000001
2021-03-12,5007,A,BUY,59.5,505,30047.5
2021-03-12,8927,A,BUY,27.15,1106,30027.899999999998
2021-03-12,5213,A,BUY,21.7,1384,30032.8
2021-03-12,3167,A,BUY,57.8,519,29998.199999999997
2021-03-12,6281,A,BUY,82.2,365,30003.0
2021-03-12,8099,A,BUY,42.65,704,30025.6
2021-03-12,2013,A,BUY,42.0,715,30030.0
2021-03-12,3005,A,BUY,61.0,492,30012.0
2021-03-12,2062,A,BUY,30.9,972,30034.8
2021-03-12,6670,A,BUY,238.0,126,29988.0
2021-03-12,8046,B,BUY,292.0,257,75044.0
2021-03-19,3211,A,SELL,132.5,270,35775.0
2021-03-19,2114,A,SELL,122.5,283,34667.5
2021-03-19,3679,A,SELL,160.0,207,33120.0
2021-03-19,8927,A,SELL,27.6,1106,30525.600000000002
2021-03-19,6281,A,SELL,82.4,365,30076.000000000004
2021-03-19,8099,A,SELL,50.3,704,35411.2
2021-03-19,2013,A,SELL,41.6,715,29744.0
2021-03-19,2062,A,SELL,29.9,972,29062.8
2021-03-19,6670,A,SELL,236.5,126,29799.0
2021-03-19,8046,B,SELL,307.0,257,78899.0
2021-03-19,5452,A,BUY,27.8,1101,30607.8
2021-03-19,3362,A,BUY,81.6,375,30599.999999999996
2021-03-19,2430,A,BUY,24.5,1249,30600.5
2021-03-19,5403,A,BUY,68.3,448,30598.399999999998
2021-03-19,5508,A,BUY,49.25,621,30584.25
2021-03-19,1783,A,BUY,28.85,1061,30609.850000000002
2021-03-19,3028,A,BUY,26.5,1155,30607.5
2021-03-19,6026,A,BUY,14.2,2156,30615.199999999997
2021-03-19,8112,A,BUY,42.8,715,30601.999999999996
2021-03-19,2609,B,BUY,32.6,2347,76512.2
2021-03-26,2330,B,SELL,590.0,114,67260.0
2021-03-26,2454,B,SELL,943.0,79,74497.0
2021-03-26,2317,B,SELL,126.5,623,78809.5
2021-03-26,3228,A,SELL,515.0,77,39655.0
2021-03-26,5213,A,SELL,22.5,1384,31140.0
2021-03-26,3167,A,SELL,60.7,519,31503.300000000003
2021-03-26,5452,A,SELL,26.0,1101,28626.0
2021-03-26,3362,A,SELL,82.5,375,30937.5
2021-03-26,5508,A,SELL,47.65,621,29590.649999999998
2021-03-26,1783,A,SELL,30.9,1061,32784.9
2021-03-26,6026,A,SELL,14.8,2156,31908.800000000003
2021-03-26,8112,A,SELL,42.25,715,30208.75
2021-03-26,2609,B,SELL,34.0,2347,79798.0
2021-03-26,1231,A,BUY,55.8,932,52005.6
2021-03-26,2453,A,BUY,24.4,2132,52020.799999999996
2021-03-26,5007,A,BUY,61.5,341,20971.5
2021-03-26,3028,A,BUY,27.35,747,20430.45
2021-03-26,3402,A,BUY,34.9,1491,52035.9
2021-03-26,8099,A,BUY,52.3,995,52038.5
2021-03-26,5403,A,BUY,70.3,292,20527.6
2021-03-26,4930,A,BUY,31.8,1636,52024.8
2021-03-26,3388,A,BUY,76.3,682,52036.6
2021-03-26,3005,A,BUY,63.6,326,20733.600000000002
2021-03-26,2114,A,BUY,133.0,391,52003.0
2021-03-26,2430,A,BUY,25.1,824,20682.4
2021-03-26,2889,A,BUY,16.4,3173,52037.2
2021-03-26,5604,A,BUY,90.2,196,17679.2
2021-03-26,2460,A,BUY,37.0,1406,52022.0
2021-04-01,5604,A,SELL,91.4,576,52646.4
2021-04-01,3005,A,SELL,58.9,818,48180.2
2021-04-01,3028,A,SELL,28.3,1902,53826.6
2021-04-01,8099,A,SELL,53.8,995,53531.0
2021-04-01,3388,A,SELL,76.6,682,52241.2
2021-04-01,2114,A,SELL,127.0,391,49657.0
2021-04-01,2889,A,SELL,16.95,3173,53782.35
2021-04-01,2460,A,SELL,38.0,1406,53428.0
2021-04-01,1225,A,BUY,52.9,1004,53111.6
2021-04-01,2597,A,BUY,124.5,426,53037.0
2021-04-01,3362,A,BUY,120.0,442,53040.0
2021-04-01,5213,A,BUY,23.65,2246,53117.899999999994
2021-04-01,4989,A,BUY,41.4,1283,53116.2
2021-04-01,1109,A,BUY,23.8,2232,53121.6
2021-04-01,2108,A,BUY,111.0,478,53058.0
2021-04-01,3167,A,BUY,66.8,795,53106.0
2021-04-09,2430,A,SELL,26.35,2073,54623.55
2021-04-09,5403,A,SELL,75.8,740,56092.0
2021-04-09,1231,A,SELL,57.5,932,53590.0
2021-04-09,4930,A,SELL,35.45,1636,57996.200000000004
2021-04-09,1225,A,SELL,50.2,1004,50400.8
2021-04-09,5213,A,SELL,23.5,2246,52781.0
2021-04-09,4989,A,SELL,39.8,1283,51063.399999999994
2021-04-09,1109,A,SELL,24.05,2232,53679.6
2021-04-09,1517,A,BUY,31.0,1812,56172.0
2021-04-09,2108,A,SELL,156.0,117,18252.0
2021-04-09,2457,A,BUY,37.8,1486,56170.799999999996
2021-04-09,9911,A,BUY,63.2,889,56184.8
2021-04-09,1229,A,BUY,50.3,1117,56185.1
2021-04-09,5410,A,BUY,24.6,2284,56186.4
2021-04-09,6161,A,BUY,23.2,2422,56190.4
2021-04-09,3311,A,BUY,46.85,1199,56173.15
2021-04-16,2453,A,SELL,26.2,2132,55858.4
2021-04-16,3402,A,SELL,43.0,1491,64113.0
2021-04-16,2597,A,SELL,148.0,426,63048.0
2021-04-16,3362,A,SELL,120.0,442,53040.0
2021-04-16,2108,A,SELL,144.0,361,51984.0
2021-04-16,3167,A,SELL,74.1,795,58909.49999999999
2021-04-16,2457,A,SELL,36.4,1486,54090.4
2021-04-16,9911,A,SELL,62.9,889,55918.1
2021-04-16,1229,A,SELL,51.9,1117,57972.299999999996
2021-04-16,5410,A,SELL,24.1,2284,55044.4
2021-04-16,6161,A,SELL,23.0,2422,55706.0
2021-04-16,3311,A,SELL,46.2,1199,55393.8
2021-04-16,1471,A,BUY,12.65,4394,55584.1
2021-04-16,2010,A,BUY,22.55,2465,55585.75
2021-04-16,2002,A,BUY,35.15,1581,55572.149999999994
2021-04-16,1109,A,BUY,28.15,1974,55568.1
2021-04-16,1103,A,BUY,23.85,2330,55570.5
2021-04-16,1104,A,BUY,26.35,2109,55572.15
2021-04-16,9939,A,BUY,75.7,734,55563.8
2021-04-16,8404,A,BUY,39.85,1395,55590.75
2021-04-16,6438,A,BUY,116.0,479,55564.0
2021-04-16,3014,A,BUY,119.5,465,55567.5
2021-04-16,1455,A,BUY,17.0,3270,55590.0
2021-04-16,3006,A,BUY,139.5,398,55521.0
2021-04-16,2535,A,BUY,34.45,1613,55567.850000000006
2021-04-23,5007,A,SELL,64.0,846,54144.0
2021-04-23,1517,A,SELL,29.75,1812,53907.0
2021-04-23,1471,A,SELL,13.2,4394,58000.799999999996
2021-04-23,1109,A,SELL,27.85,1974,54975.9
2021-04-23,1104,A,SELL,26.5,2109,55888.5
2021-04-23,9939,A,SELL,79.9,734,58646.600000000006
2021-04-23,8404,A,SELL,45.35,1395,63263.25
2021-04-23,6438,A,SELL,110.0,479,52690.0
2021-04-23,3014,A,SELL,126.5,465,58822.5
2021-04-23,1455,A,SELL,17.35,3270,56734.50000000001
2021-04-23,3006,A,SELL,150.0,398,59700.0
2021-04-23,2535,A,SELL,35.55,1613,57342.149999999994
2021-04-23,6015,A,BUY,21.2,2704,57324.799999999996
2021-04-23,8927,A,BUY,42.25,1357,57333.25
2021-04-23,2606,A,BUY,61.8,927,57288.6
2021-04-23,5864,A,BUY,23.0,2492,57316.0
2021-04-23,2637,A,BUY,58.6,978,57310.8
2021-04-23,1220,A,BUY,16.65,3443,57325.95
2021-04-23,2617,A,BUY,34.9,1642,57305.799999999996
2021-04-23,1608,A,BUY,25.7,2230,57311.0
2021-04-23,6116,A,BUY,23.95,2394,57336.299999999996
2021-04-23,1702,A,BUY,54.8,1046,57320.799999999996
2021-04-23,2031,A,BUY,60.5,947,57293.5
2021-04-23,6190,A,BUY,28.4,2018,57311.2
2021-04-29,2010,A,SELL,24.7,2465,60885.5
2021-04-29,2002,A,SELL,39.3,1581,62133.299999999996
2021-04-29,1103,A,SELL,26.0,2330,60580.0
2021-04-29,6015,A,SELL,22.4,2704,60569.6
2021-04-29,8927,A,SELL,38.15,1357,51769.549999999996
2021-04-29,5864,A,SELL,27.15,2492,67657.8
2021-04-29,2617,A,SELL,42.15,1642,69210.3
2021-04-29,6190,A,SELL,28.95,2018,58421.1
2021-04-29,2820,A,BUY,16.55,3844,63618.200000000004
2021-04-29,1609,A,BUY,34.5,1844,63618.0
2021-04-29,1615,A,BUY,44.6,1426,63599.6
2021-04-29,1802,A,BUY,33.85,1879,63604.15
2021-04-29,8404,A,BUY,48.6,1309,63617.4
2021-04-29,1806,A,BUY,16.05,3964,63622.200000000004
2021-04-29,2440,A,BUY,27.65,2301,63622.649999999994
2021-04-29,1618,A,BUY,22.55,2821,63613.55
2021-05-07,2606,A,SELL,64.8,927,60069.6
2021-05-07,1220,A,SELL,17.75,3443,61113.25
2021-05-07,6116,A,SELL,23.4,2394,56019.6
2021-05-07,1702,A,SELL,56.2,1046,58785.200000000004
2021-05-07,2820,A,SELL,16.35,3844,62849.40000000001
2021-05-07,1806,A,SELL,14.2,3964,56288.799999999996
2021-05-07,2440,A,SELL,21.35,2301,49126.350000000006
2021-05-07,1618,A,SELL,20.05,2821,56561.05
2021-05-07,1459,A,BUY,15.2,3931,59751.2
2021-05-07,2617,A,BUY,48.65,1228,59742.2
2021-05-07,2881,A,BUY,70.8,844,59755.2
2021-05-07,5007,A,BUY,64.6,925,59754.99999999999
2021-05-07,2009,A,BUY,64.8,922,59745.6
2021-05-07,2855,A,BUY,29.65,2015,59744.75
2021-05-07,1440,A,BUY,29.3,2039,59742.700000000004
2021-05-07,2002,A,BUY,41.2,1445,59534.00000000001
2021-05-14,2637,A,SELL,59.6,978,58288.8
2021-05-14,1608,A,SELL,23.6,2230,52628.0
2021-05-14,2031,A,SELL,56.6,947,53600.200000000004
2021-05-14,1609,A,SELL,24.55,1844,45270.200000000004
2021-05-14,1615,A,SELL,34.45,1426,49125.700000000004
2021-05-14,5007,A,SELL,57.5,925,53187.5
2021-05-14,2855,A,SELL,26.1,2015,52591.5
2021-05-14,2002,A,SELL,34.85,1445,50358.25
2021-05-14,4106,A,BUY,38.6,1274,49176.4
2021-05-14,2430,A,BUY,29.4,1673,49186.2
2021-05-14,8454,A,BUY,1075.0,45,48375.0
2021-05-14,2059,A,BUY,376.0,130,48880.0
2021-05-14,2609,A,BUY,74.0,664,49136.0
2021-05-14,2108,A,BUY,128.0,384,49152.0
2021-05-14,2023,A,BUY,20.2,2435,49187.0
2021-05-14,2357,A,BUY,380.0,129,49020.0
2021-05-14,2029,A,BUY,32.55,667,21710.85
2021-05-21,1802,A,SELL,29.65,1879,55712.35
2021-05-21,8404,A,SELL,47.7,1309,62439.3
2021-05-21,2617,A,SELL,35.4,1228,43471.2
2021-05-21,1440,A,SELL,25.85,2039,52708.15
2021-05-21,2430,A,SELL,29.5,1673,49353.5
2021-05-21,2108,A,SELL,128.0,384,49152.0
2021-05-21,2023,A,SELL,20.4,2435,49674.0
2021-05-21,2029,A,SELL,30.85,667,20576.95
2021-05-21,2615,A,BUY,114.0,453,51642.0
2021-05-21,9911,A,BUY,64.2,805,51681.0
2021-05-21,5523,A,BUY,30.8,1679,51713.200000000004
2021-05-21,1102,A,BUY,50.6,1022,51713.200000000004
2021-05-21,2637,A,BUY,67.7,764,51722.8
2021-05-21,2597,A,BUY,144.5,358,51731.0
2021-05-21,8927,A,BUY,37.6,1376,51737.6
2021-05-28,1459,A,SELL,14.25,3931,56016.75
2021-05-28,2357,A,SELL,391.5,129,50503.5
2021-05-28,5523,A,SELL,29.9,1679,50202.1
2021-05-28,2597,A,SELL,144.0,358,51552.0
2021-05-28,8927,A,SELL,37.4,1376,51462.4
2021-05-28,2615,A,SELL,154.5,98,15141.0
2021-05-28,2609,A,SELL,108.0,157,16956.0
2021-05-28,8924,A,BUY,145.0,377,54665.0
2021-05-28,1783,A,BUY,35.05,1561,54713.049999999996
2021-05-28,9941,A,BUY,136.5,401,54736.5
2021-06-04,2059,A,SELL,382.5,130,49725.0
2021-06-04,1102,A,SELL,51.4,1022,52530.799999999996
2021-06-04,1783,A,SELL,36.4,1561,56820.399999999994
2021-06-04,9941,A,SELL,135.0,401,54135.0
2021-06-04,4121,A,BUY,32.5,1720,55900.0
2021-06-04,5475,A,BUY,26.25,2129,55886.25
2021-06-04,2636,A,BUY,133.0,420,55860.0
2021-06-04,4919,A,BUY,86.0,650,55900.0
2021-06-04,2204,A,BUY,71.8,778,55860.399999999994
2021-06-04,1904,A,BUY,45.65,1224,55875.6
2021-06-11,2009,A,SELL,63.6,922,58639.200000000004
2021-06-11,2637,A,SELL,70.5,764,53862.0
2021-06-11,1904,A,SELL,44.5,1224,54468.0
2021-06-11,6672,A,BUY,142.0,394,55948.0
2021-06-11,2059,A,BUY,393.0,142,55806.0
2021-06-11,2430,A,BUY,30.5,1836,55998.0
2021-06-18,2881,A,SELL,71.3,844,60177.2
2021-06-18,4106,A,SELL,41.45,1274,52807.3
2021-06-18,9911,A,SELL,68.5,805,55142.5
2021-06-18,2430,A,SELL,31.7,1836,58201.2
2021-06-18,2636,A,SELL,189.5,103,19518.5
2021-06-18,2615,A,SELL,226.5,89,20158.5
2021-06-18,2609,A,SELL,149.5,105,15697.5
2021-06-18,9941,A,BUY,138.5,433,59970.5
2021-06-25,8924,A,SELL,163.5,377,61639.5
2021-06-25,4121,A,SELL,27.0,1720,46440.0
2021-06-25,4919,A,SELL,84.3,650,54795.0
2021-06-25,6672,A,SELL,140.5,394,55357.0
2021-06-25,2059,A,SELL,414.0,142,58788.0
2021-06-25,9941,A,SELL,138.0,433,59754.0
2021-06-25,8406,A,BUY,260.0,243,63180.0
2021-06-25,2614,A,BUY,38.25,1654,63265.5
2021-06-25,3529,A,BUY,1445.0,43,62135.0
2021-06-25,6154,A,BUY,18.2,3476,63263.2
2021-06-25,8454,A,SELL,1870.0,11,20570.0
2021-06-25,5608,A,BUY,59.4,1065,63261.0
2021-06-25,5603,A,BUY,41.35,1530,63265.5
2021-06-25,2108,A,BUY,166.0,381,63246.0
2021-06-25,2637,A,BUY,102.0,620,63240.0
2021-06-25,2641,A,BUY,33.0,1917,63261.0
2021-07-02,8454,A,SELL,2005.0,34,68170.0
2021-07-02,5475,A,SELL,37.45,2129,79731.05
2021-07-02,2204,A,SELL,76.0,778,59128.0
2021-07-02,8406,A,SELL,260.0,243,63180.0
2021-07-02,3529,A,SELL,1365.0,43,58695.0
2021-07-02,6154,A,SELL,16.5,3476,57354.0
2021-07-02,5608,A,SELL,67.5,1065,71887.5
2021-07-02,5603,A,SELL,39.1,1530,59823.0
2021-07-02,2108,A,SELL,138.0,381,52578.0
2021-07-02,2637,A,SELL,109.5,620,67890.0
2021-07-02,2641,A,SELL,35.4,1917,67861.8
2021-07-02,3051,A,BUY,13.0,3140,40820.0
2021-07-02,2611,A,BUY,40.85,999,40809.15
2021-07-02,2636,A,SELL,307.0,184,56488.0
2021-07-02,3141,A,BUY,141.0,289,40749.0
2021-07-02,2603,A,BUY,206.5,197,40680.5
2021-07-02,2615,A,SELL,326.5,140,45710.0
2021-07-02,2614,A,SELL,46.75,780,36465.0
2021-07-02,2607,A,BUY,45.9,889,40805.1
2021-07-02,2605,A,BUY,54.0,756,40824.0
2021-07-02,2612,A,BUY,84.0,486,40824.0
2021-07-02,2601,A,BUY,24.2,1686,40801.2
2021-07-02,2609,A,SELL,191.0,188,35908.0
2021-07-02,2023,A,BUY,37.55,1087,40816.85
2021-07-02,8249,A,BUY,28.6,1427,40812.200000000004
2021-07-02,2603,B,BUY,206.5,297,61330.5
2021-07-02,2609,B,BUY,191.0,320,61120.0
2021-07-02,2615,B,BUY,326.5,186,60729.0
2021-07-02,2637,B,BUY,109.5,932,102054.0
2021-07-09,2615,A,SELL,275.0,312,85800.0
2021-07-09,3051,A,SELL,11.4,3140,35796.0
2021-07-09,2611,A,SELL,37.2,999,37162.8
2021-07-09,2603,A,SELL,187.0,494,92378.0
2021-07-09,2607,A,SELL,40.3,889,35826.7
2021-07-09,2605,A,SELL,49.0,756,37044.0
2021-07-09,2612,A,SELL,71.8,486,34894.799999999996
2021-07-09,2601,A,SELL,22.7,1686,38272.2
2021-07-09,2023,A,SELL,36.45,1087,39621.15
2021-07-09,2637,B,SELL,95.0,932,88540.0
2021-07-09,3141,A,BUY,159.0,117,18603.0
2021-07-09,8255,A,BUY,211.5,305,64507.5
2021-07-09,2486,A,BUY,51.6,1252,64603.200000000004
2021-07-09,9941,A,BUY,159.5,405,64597.5
2021-07-09,9945,A,BUY,62.9,1027,64598.299999999996
2021-07-09,2636,A,BUY,280.0,97,27160.0
2021-07-09,5464,A,BUY,42.0,1539,64638.0
2021-07-09,2030,A,BUY,40.05,1614,64640.7
2021-07-09,2609,A,SELL,195.5,203,39686.5
2021-07-09,6509,A,BUY,51.5,1255,64632.5
2021-07-09,6672,A,BUY,177.5,364,64610.0
2021-07-09,2025,A,BUY,6.73,9606,64648.380000000005
2021-07-09,8406,A,BUY,270.0,239,64530.0
2021-07-09,8249,A,BUY,28.7,825,23677.5
2021-07-16,2609,A,SELL,188.0,331,62228.0
2021-07-16,2636,A,SELL,244.0,230,56120.0
2021-07-16,8249,A,SELL,28.8,2252,64857.6
2021-07-16,5464,A,SELL,36.05,1539,55480.95
2021-07-16,2030,A,SELL,40.55,1614,65447.7
2021-07-16,2025,A,SELL,6.6,9606,63399.6
2021-07-16,8406,A,SELL,246.5,239,58913.5
2021-07-16,9941,A,SELL,166.5,174,28971.0
2021-07-16,4919,A,BUY,137.0,280,38360.0
2021-07-16,5438,A,BUY,17.6,2180,38368.0
2021-07-16,6509,A,SELL,59.1,605,35755.5
2021-07-16,3189,A,BUY,193.0,198,38214.0
2021-07-16,8255,A,SELL,223.5,133,29725.5
2021-07-16,6170,A,BUY,43.65,879,38368.35
2021-07-16,9945,A,SELL,65.6,442,28995.199999999997
2021-07-16,3035,A,BUY,109.0,352,38368.0
2021-07-16,6672,A,SELL,186.0,157,29202.0
2021-07-16,8069,A,BUY,83.0,462,38346.0
2021-07-16,2486,A,SELL,53.9,540,29106.0
2021-07-16,3141,A,SELL,156.0,160,24960.0
2021-07-16,3624,A,BUY,50.8,755,38354.0
2021-07-16,2881,A,BUY,82.9,462,38299.8
2021-07-16,2615,B,BUY,286.0,335,95810.0
2021-07-16,2636,B,BUY,244.0,393,95892.0
2021-07-16,2637,B,BUY,88.0,1090,95920.0
2021-07-16,2014,B,BUY,53.0,1810,95930.0
2021-07-23,2614,A,SELL,55.4,874,48419.6
2021-07-23,3141,A,SELL,168.5,246,41451.0
2021-07-23,9941,A,SELL,168.0,231,38808.0
2021-07-23,6672,A,SELL,176.5,207,36535.5
2021-07-23,6170,A,SELL,43.0,879,37797.0
2021-07-23,8069,A,SELL,87.2,462,40286.4
2021-07-23,3624,A,SELL,48.5,755,36617.5
2021-07-23,2637,B,SELL,81.6,1090,88944.0
2021-07-23,2014,B,SELL,50.4,1810,91224.0
2021-07-23,6104,A,BUY,120.5,313,37716.5
2021-07-23,1742,A,BUY,22.6,1669,37719.4
2021-07-23,4952,A,BUY,86.9,434,37714.600000000006
2021-07-23,2476,A,BUY,58.0,650,37700.0
2021-07-23,1795,A,BUY,146.0,258,37668.0
2021-07-23,2481,A,BUY,110.0,343,37730.0
2021-07-23,2027,B,BUY,55.2,1709,94336.8
2021-07-23,3006,B,BUY,197.0,478,94166.0
2021-07-30,2486,A,SELL,56.4,712,40156.799999999996
2021-07-30,9945,A,SELL,62.4,585,36504.0
2021-07-30,6509,A,SELL,53.1,650,34515.0
2021-07-30,3035,A,SELL,112.5,352,39600.0
2021-07-30,2881,A,SELL,75.0,462,34650.0
2021-07-30,2615,B,SELL,223.5,335,74872.5
2021-07-30,2636,B,SELL,183.0,393,71919.0
2021-07-30,4952,A,SELL,84.4,434,36629.600000000006
2021-07-30,2476,A,SELL,54.7,650,35555.0
2021-07-30,2481,A,SELL,102.5,343,35157.5
2021-07-30,2027,B,SELL,52.0,1709,88868.0
2021-07-30,3006,B,SELL,180.5,478,86279.0
2021-07-30,5438,A,BUY,20.25,733,14843.25
2021-07-30,8436,A,BUY,327.0,180,58860.0
2021-07-30,5289,A,BUY,240.0,245,58800.0
2021-07-30,8261,A,BUY,122.5,481,58922.5
2021-07-30,6525,A,BUY,119.0,495,58905.0
2021-07-30,6104,A,BUY,133.0,130,17290.0
2021-07-30,5351,A,BUY,49.3,1196,58962.799999999996
2021-07-30,1795,A,BUY,146.5,144,21096.0
2021-07-30,6609,A,BUY,36.0,1638,58968.0
2021-07-30,3189,A,BUY,184.0,122,22448.0
2021-07-30,4919,A,BUY,135.0,157,21195.0
2021-07-30,3141,A,BUY,160.5,367,58903.5
2021-07-30,8255,A,BUY,209.5,109,22835.5
2021-07-30,1742,A,BUY,21.0,1140,23940.0
2021-07-30,9962,A,BUY,22.5,2622,58995.0
2021-08-06,8255,A,SELL,235.5,281,66175.5
2021-08-06,4919,A,SELL,150.0,437,65550.0
2021-08-06,3189,A,SELL,181.5,320,58080.0
2021-08-06,1742,A,SELL,18.8,2809,52809.200000000004
2021-08-06,1795,A,SELL,137.0,402,55074.0
2021-08-06,3141,A,SELL,168.0,367,61656.0
2021-08-06,9962,A,SELL,21.15,2622,55455.299999999996
2021-08-06,3663,A,BUY,50.8,697,35407.6
2021-08-06,1783,A,BUY,73.4,482,35378.8
2021-08-06,5438,A,SELL,21.05,1230,25891.5
2021-08-06,5351,A,SELL,50.3,491,24697.3
2021-08-06,2486,A,BUY,62.5,566,35375.0
2021-08-06,6525,A,SELL,115.5,188,21714.0
2021-08-06,2542,A,BUY,49.45,716,35406.200000000004
2021-08-06,6104,A,SELL,129.0,168,21672.0
2021-08-06,5289,A,SELL,244.0,99,24156.0
2021-08-06,8374,A,BUY,35.45,999,35414.55
2021-08-06,8436,A,SELL,323.5,70,22645.0
2021-08-06,2476,A,BUY,60.7,583,35388.1
2021-08-06,8261,A,SELL,119.5,184,21988.0
2021-08-06,6609,A,SELL,36.4,664,24169.6
2021-08-06,6509,A,BUY,62.0,571,35402.0
2021-08-06,2615,B,BUY,231.0,383,88473.0
2021-08-06,2636,B,BUY,180.0,491,88380.0
2021-08-06,4919,B,BUY,150.0,590,88500.0
2021-08-06,2027,B,BUY,51.0,1736,88536.0
2021-08-13,6104,A,SELL,97.7,275,26867.5
2021-08-13,8436,A,SELL,277.5,110,30525.0
2021-08-13,8261,A,SELL,98.3,297,29195.1
2021-08-13,6525,A,SELL,103.0,307,31621.0
2021-08-13,6609,A,SELL,30.95,974,30145.3
2021-08-13,2486,A,SELL,49.5,566,28017.0
2021-08-13,8374,A,SELL,29.45,999,29420.55
2021-08-13,2476,A,SELL,53.3,583,31073.899999999998
2021-08-13,2615,B,SELL,215.0,383,82345.0
2021-08-13,2636,B,SELL,175.0,491,85925.0
2021-08-13,4919,B,SELL,130.5,590,76995.0
2021-08-13,2027,B,SELL,52.3,1736,90792.79999999999
2021-08-13,2538,A,BUY,12.1,4404,53288.4
2021-08-13,5438,A,BUY,21.15,837,17702.55
2021-08-13,1783,A,BUY,74.6,232,17307.199999999997
2021-08-13,8478,A,BUY,88.5,602,53277.0
2021-08-13,2542,A,BUY,48.9,373,18239.7
2021-08-13,1773,A,BUY,129.0,413,53277.0
2021-08-13,3663,A,BUY,37.5,724,27150.0
2021-08-13,5508,A,BUY,52.7,1011,53279.700000000004
2021-08-13,3056,A,BUY,42.95,1240,53258.0
2021-08-13,3162,A,BUY,52.6,1013,53283.8
2021-08-13,2881,A,BUY,78.1,682,53264.2
2021-08-13,5289,A,BUY,223.0,93,20739.0
2021-08-13,1795,A,BUY,122.0,436,53192.0
2021-08-13,6509,A,BUY,54.0,416,22464.0
2021-08-13,5351,A,BUY,40.15,622,24973.3
2021-08-20,5351,A,SELL,41.25,1327,54738.75
2021-08-20,6509,A,SELL,53.8,987,53100.6
2021-08-20,1773,A,SELL,122.0,413,50386.0
2021-08-20,3162,A,SELL,49.0,1013,49637.0
2021-08-20,1795,A,SELL,100.5,436,43818.0
2021-08-20,2024,A,BUY,26.3,1944,51127.200000000004
2021-08-20,2481,A,BUY,105.0,487,51135.0
2021-08-20,6104,A,BUY,111.5,458,51067.0
2021-08-20,1742,A,BUY,18.8,2720,51136.0
2021-08-20,6525,A,BUY,109.0,469,51121.0
2021-08-27,5289,A,SELL,223.5,239,53416.5
2021-08-27,2542,A,SELL,47.45,1089,51673.05
2021-08-27,3056,A,SELL,38.0,1240,47120.0
2021-08-27,2881,A,SELL,83.5,682,56947.0
2021-08-27,1742,A,SELL,19.1,2720,51952.00000000001
2021-08-27,3189,A,BUY,202.0,261,52722.0
2021-08-27,8255,A,BUY,216.5,244,52826.0
2021-08-27,6509,A,BUY,59.9,882,52831.799999999996
2021-08-27,2476,A,BUY,56.2,941,52884.200000000004
2021-08-27,9962,A,BUY,20.6,2567,52880.200000000004
2021-09-03,1783,A,SELL,60.3,714,43054.2
2021-09-03,2024,A,SELL,25.15,1944,48891.6
2021-09-03,2481,A,SELL,98.5,487,47969.5
2021-09-03,6525,A,SELL,106.0,469,49714.0
2021-09-03,8255,A,SELL,206.0,244,50264.0
2021-09-03,9962,A,SELL,20.6,2567,52880.200000000004
2021-09-03,2013,A,BUY,74.1,731,54167.1
2021-09-03,2887,A,BUY,19.05,2846,54216.3
2021-09-03,6104,A,SELL,160.0,119,19040.0
2021-09-03,2542,A,BUY,48.25,1123,54184.75
2021-09-03,2486,A,BUY,54.5,994,54173.0
2021-09-03,5289,A,BUY,223.5,242,54087.0
2021-09-03,5351,A,BUY,47.75,1135,54196.25
2021-09-10,5508,A,SELL,52.0,1011,52572.0
2021-09-10,2542,A,SELL,47.95,1123,53847.850000000006
2021-09-10,2486,A,SELL,53.4,994,53079.6
2021-09-10,5289,A,SELL,211.0,242,51062.0
2021-09-10,8121,A,BUY,31.1,1003,31193.300000000003
2021-09-10,3689,A,BUY,52.4,595,31178.0
2021-09-10,2013,A,SELL,70.4,287,20204.800000000003
2021-09-10,5438,A,SELL,24.55,1248,30638.4
2021-09-10,6104,A,SELL,145.5,124,18042.0
2021-09-10,2538,A,SELL,12.2,1845,22509.0
2021-09-10,3189,A,SELL,209.5,112,23464.0
2021-09-10,3663,A,SELL,42.25,682,28814.5
2021-09-10,2887,A,SELL,18.25,1135,20713.75
2021-09-10,6509,A,SELL,58.0,343,19894.0
2021-09-10,2476,A,SELL,59.4,415,24651.0
2021-09-10,8478,A,SELL,85.0,234,19890.0
2021-09-10,5351,A,SELL,44.4,431,19136.399999999998
2021-09-10,9962,A,BUY,20.2,1545,31209.0
2021-09-10,1783,A,BUY,58.0,538,31204.0
2021-09-10,4919,B,BUY,133.0,586,77938.0
2021-09-10,4721,B,BUY,124.0,629,77996.0
2021-09-10,3189,B,BUY,209.5,223,46718.5
2021-09-10,6104,B,BUY,145.5,321,46705.5
2021-09-17,8478,A,SELL,81.7,368,30065.600000000002
2021-09-17,6509,A,SELL,57.5,539,30992.5
2021-09-17,2476,A,SELL,56.8,526,29876.8
2021-09-17,2013,A,SELL,63.2,444,28060.800000000003
2021-09-17,5351,A,SELL,44.6,704,31398.4
2021-09-17,1783,A,SELL,56.4,538,30343.2
2021-09-17,4919,B,SELL,126.5,586,74129.0
2021-09-17,1229,A,BUY,57.4,543,31168.2
2021-09-17,8121,A,SELL,41.8,256,10700.8
2021-09-17,2915,A,BUY,146.0,213,31098.0
2021-09-17,6227,A,BUY,40.0,780,31200.0
2021-09-17,9945,A,BUY,85.0,367,31195.0
2021-09-17,3089,A,BUY,32.0,975,31200.0
2021-09-17,6104,A,SELL,151.0,329,49679.0
2021-09-17,3189,A,SELL,212.0,224,47488.0
2021-09-17,3162,A,BUY,46.5,671,31201.5
2021-09-17,6104,B,BUY,151.0,481,72631.0
2021-09-17,3189,B,BUY,212.0,342,72504.0
2021-09-17,4721,B,BUY,117.5,256,30080.0
2021-09-24,2887,A,SELL,18.05,1711,30883.550000000003
2021-09-24,9962,A,SELL,19.25,1545,29741.25
2021-09-24,4721,B,SELL,116.0,885,102660.0
2021-09-24,9945,A,SELL,59.8,367,21946.6
2021-09-24,3162,A,SELL,51.7,671,34690.700000000004
2021-09-24,8121,A,BUY,47.6,341,16231.6
2021-09-24,3188,A,BUY,18.8,2756,51812.8
2021-09-24,1711,A,BUY,25.55,2028,51815.4
2021-09-24,1727,A,BUY,30.4,1704,51801.6
2021-09-24,3089,A,BUY,33.35,578,19276.3
2021-09-24,6227,A,BUY,41.35,473,19558.55
2021-09-24,1229,A,BUY,56.0,382,21392.0
2021-09-24,2915,A,BUY,132.0,179,23628.0
2021-09-24,3689,A,BUY,51.0,421,21471.0
2021-09-24,4711,A,BUY,20.0,2225,44500.0
2021-09-24,6104,A,SELL,155.0,353,54715.0
2021-09-24,3189,A,SELL,217.0,251,54467.0
2021-09-24,5438,A,BUY,22.05,1077,23747.850000000002
2021-09-24,3663,A,BUY,47.0,363,17061.0
2021-09-24,2538,A,BUY,12.4,1619,20075.600000000002
2021-10-01,5438,A,SELL,17.9,2349,42047.1
2021-10-01,3189,A,SELL,200.5,239,47919.5
2021-10-01,3689,A,SELL,41.4,1016,42062.4
2021-10-01,4711,A,SELL,18.3,2225,40717.5
2021-10-01,6409,A,BUY,1590.0,30,47700.0
2021-10-01,4513,A,BUY,11.75,4089,48045.75
2021-10-01,5351,A,BUY,42.5,1130,48025.0
2021-10-01,2887,A,BUY,17.75,2707,48049.25
2021-10-08,6104,A,SELL,128.5,335,43047.5
2021-10-08,2915,A,SELL,90.6,392,35515.2
2021-10-08,6227,A,SELL,33.0,1253,41349.0
2021-10-08,5351,A,SELL,44.0,1130,49720.0
2021-10-08,4141,A,BUY,27.8,1689,46954.200000000004
2021-10-08,8422,A,BUY,204.5,229,46830.5
2021-10-08,1722,A,BUY,69.9,672,46972.8
2021-10-08,2013,A,BUY,60.4,777,46930.799999999996
2021-10-15,3663,A,SELL,39.5,1102,43529.0
2021-10-15,2013,A,SELL,58.4,777,45376.799999999996
2021-10-15,1436,A,BUY,51.2,947,48486.4
2021-10-15,1727,A,SELL,39.6,479,18968.4
2021-10-15,3689,A,BUY,42.2,1149,48487.8
2021-10-22,2538,A,SELL,14.45,4178,60372.1
2021-10-22,1229,A,SELL,55.2,925,51060.0
2021-10-22,3089,A,SELL,30.2,1553,46900.6
2021-10-22,3188,A,SELL,14.85,2756,40926.6
2021-10-22,3689,A,SELL,46.25,1149,53141.25
2021-10-22,1721,A,BUY,16.75,2863,47955.25
2021-10-22,6655,A,BUY,84.6,567,47968.2
2021-10-22,6508,A,BUY,34.4,1394,47953.6
2021-10-22,1442,A,BUY,25.2,1903,47955.6
2021-10-22,6506,A,BUY,18.75,2558,47962.5
2021-10-29,8121,A,SELL,47.5,1088,51680.0
2021-10-29,1711,A,SELL,25.55,2028,51815.4
2021-10-29,6409,A,SELL,1625.0,30,48750.0
2021-10-29,2887,A,SELL,18.25,2707,49402.75
2021-10-29,6506,A,SELL,18.1,2558,46299.8
2021-10-29,3491,A,BUY,124.5,390,48555.0
2021-10-29,2374,A,BUY,19.55,2486,48601.3
2021-10-29,6781,A,BUY,1225.0,39,47775.0
2021-10-29,1225,A,BUY,51.8,938,48588.399999999994
2021-10-29,3689,A,BUY,48.8,995,48556.0
2021-11-05,4513,A,SELL,13.65,4089,55814.85
2021-11-05,4141,A,SELL,23.0,1689,38847.0
2021-11-05,1722,A,SELL,68.5,672,46032.0
2021-11-05,1436,A,SELL,50.8,947,48107.6
2021-11-05,6655,A,SELL,85.1,567,48251.7
2021-11-05,6508,A,SELL,34.85,1394,48580.9
2021-11-05,1442,A,SELL,24.95,1903,47479.85
2021-11-05,1225,A,SELL,49.4,938,46337.2
2021-11-05,3689,A,SELL,46.75,995,46516.25
2021-11-05,8444,A,BUY,116.0,428,49648.0
2021-11-05,3305,A,BUY,78.0,637,49686.0
2021-11-05,3416,A,BUY,82.8,600,49680.0
2021-11-05,2362,A,BUY,34.4,1444,49673.6
2021-11-05,8114,A,BUY,90.8,547,49667.6
2021-11-05,5353,A,BUY,21.85,2274,49686.9
2021-11-05,8121,A,BUY,51.8,959,49676.2
2021-11-05,1727,A,SELL,51.6,261,13467.6
2021-11-05,3089,A,BUY,33.55,1481,49687.549999999996
2021-11-05,6216,A,BUY,28.8,1725,49680.0
2021-11-12,2374,A,SELL,19.55,2486,48601.3
2021-11-12,3416,A,SELL,80.3,600,48180.0
2021-11-12,2362,A,SELL,33.1,1444,47796.4
2021-11-12,8121,A,SELL,45.1,959,43250.9
2021-11-12,3089,A,SELL,33.0,1481,48873.0
2021-11-12,6216,A,SELL,27.6,1725,47610.0
2021-11-12,2618,A,BUY,26.4,1165,30756.0
2021-11-12,1721,A,SELL,23.8,1570,37366.0
2021-11-12,3491,A,SELL,164.0,202,33128.0
2021-11-12,1436,A,BUY,54.9,560,30744.0
2021-11-12,5234,A,BUY,107.0,287,30709.0
2021-11-12,8444,A,SELL,119.5,170,20315.0
2021-11-12,2376,A,BUY,135.5,226,30623.0
2021-11-12,3305,A,SELL,77.6,240,18624.0
2021-11-12,8422,A,SELL,232.0,96,22272.0
2021-11-12,3455,A,BUY,71.3,431,30730.3
2021-11-12,5351,A,BUY,81.5,377,30725.5
2021-11-12,1727,A,SELL,56.0,414,23184.0
2021-11-12,8114,A,SELL,101.0,242,24442.0
2021-11-12,6781,A,SELL,1375.0,16,22000.0
2021-11-12,5353,A,SELL,21.5,843,18124.5
2021-11-12,3035,B,BUY,189.0,406,76734.0
2021-11-12,3707,B,BUY,149.0,516,76884.0
2021-11-12,3141,B,BUY,267.0,287,76629.0
2021-11-12,4721,B,BUY,164.0,468,76752.0
2021-11-19,1727,A,SELL,52.3,550,28765.0
2021-11-19,8422,A,SELL,235.5,133,31321.5
2021-11-19,1721,A,SELL,23.95,1293,30967.35
2021-11-19,6781,A,SELL,1460.0,23,33580.0
2021-11-19,3305,A,SELL,88.4,397,35094.8
2021-11-19,5353,A,SELL,20.9,1431,29907.899999999998
2021-11-19,1436,A,SELL,54.3,560,30408.0
2021-11-19,5234,A,SELL,116.0,287,33292.0
2021-11-19,2376,A,SELL,141.0,226,31866.0
2021-11-19,3455,A,SELL,73.7,431,31764.7
2021-11-19,4721,B,SELL,166.5,468,77922.0
2021-11-19,2883,A,BUY,16.85,1869,31492.65
2021-11-19,2610,A,BUY,27.65,1139,31493.35
2021-11-19,6152,A,BUY,11.0,2864,31504.0
2021-11-19,5371,A,BUY,90.5,348,31494.0
2021-11-19,6205,A,BUY,50.3,626,31487.8
2021-11-19,3062,A,BUY,35.05,898,31474.899999999998
2021-11-19,6118,A,BUY,28.8,1094,31507.2
2021-11-19,6412,A,BUY,78.4,401,31438.4
2021-11-19,3515,A,BUY,240.5,131,31505.5
2021-11-19,2618,B,BUY,27.2,1730,47056.0
2021-11-26,3491,A,SELL,170.0,188,31960.0
2021-11-26,8114,A,SELL,105.5,305,32177.5
2021-11-26,5351,A,SELL,83.6,377,31517.199999999997
2021-11-26,3141,B,SELL,236.5,287,67875.5
2021-11-26,6152,A,SELL,10.7,2864,30644.8
2021-11-26,5371,A,SELL,83.2,348,28953.600000000002
2021-11-26,3062,A,SELL,32.7,898,29364.600000000002
2021-11-26,6118,A,SELL,25.6,1094,28006.4
2021-11-26,6412,A,SELL,74.3,401,29794.3
2021-11-26,3515,A,SELL,227.0,131,29737.0
2021-11-26,2890,A,BUY,15.15,1984,30057.600000000002
2021-11-26,4303,A,BUY,28.65,1049,30053.85
2021-11-26,8478,A,BUY,109.0,275,29975.0
2021-11-26,3390,A,BUY,22.7,1324,30054.8
2021-11-26,8069,A,BUY,116.5,258,30057.0
2021-11-26,2340,A,BUY,56.2,535,30067.0
2021-11-26,8183,A,BUY,64.5,466,30057.0
2021-11-26,1316,A,BUY,21.85,1376,30065.600000000002
2021-11-26,3016,A,BUY,140.0,214,29960.0
2021-11-26,2888,A,BUY,10.85,2771,30065.35
2021-11-26,1721,A,BUY,23.9,1258,30066.199999999997
2021-11-26,2610,B,BUY,26.7,1676,44749.2
2021-12-03,8444,A,SELL,122.0,258,31476.0
2021-12-03,2618,A,SELL,25.15,2895,72809.25
2021-12-03,3707,B,SELL,155.0,516,79980.0
2021-12-03,2883,A,SELL,16.35,1869,30558.15
2021-12-03,2610,A,SELL,25.8,2815,72627.0
2021-12-03,2890,A,SELL,15.2,1984,30156.8
2021-12-03,8478,A,SELL,113.5,275,31212.5
2021-12-03,8069,A,SELL,127.0,258,32766.0
2021-12-03,1316,A,SELL,20.3,1376,27932.8
2021-12-03,2888,A,SELL,10.55,2771,29234.050000000003
2021-12-03,3066,A,BUY,31.35,986,30911.100000000002
2021-12-03,2497,A,BUY,70.6,438,30922.8
2021-12-03,3532,A,BUY,255.5,121,30915.5
2021-12-03,3089,A,BUY,42.0,736,30912.0
2021-12-03,3046,A,BUY,39.7,778,30886.600000000002
2021-12-03,8114,A,BUY,108.5,285,30922.5
2021-12-03,6152,A,BUY,11.25,2748,30915.0
2021-12-03,6167,A,BUY,12.9,2397,30921.3
2021-12-03,2610,B,BUY,25.8,2996,77296.8
2021-12-03,2618,B,BUY,25.15,3073,77285.95
2021-12-03,3037,B,BUY,217.5,355,77212.5
2021-12-10,3035,B,SELL,187.5,406,76125.0
2021-12-10,4303,A,SELL,28.5,1049,29896.5
2021-12-10,3390,A,SELL,22.5,1324,29790.0
2021-12-10,2340,A,SELL,59.2,535,31672.0
2021-12-10,8183,A,SELL,67.5,466,31455.0
2021-12-10,3016,A,SELL,137.0,214,29318.0
2021-12-10,3089,A,SELL,41.85,736,30801.600000000002
2021-12-10,3046,A,SELL,43.7,778,33998.600000000006
2021-12-10,6152,A,SELL,11.5,2748,31602.0
2021-12-10,6167,A,SELL,13.2,2397,31640.399999999998
2021-12-10,8444,A,BUY,142.5,226,32205.0
2021-12-10,6265,A,BUY,18.5,1741,32208.5
2021-12-10,3515,A,BUY,283.0,113,31979.0
2021-12-10,3455,A,BUY,81.0,397,32157.0
2021-12-10,1529,A,BUY,20.9,1541,32206.899999999998
2021-12-10,2890,A,BUY,15.95,2019,32203.05
2021-12-10,5234,A,BUY,134.0,240,32160.0
2021-12-10,3169,B,BUY,276.5,291,80461.5
2021-12-17,1721,A,SELL,24.7,1258,31072.6
2021-12-17,2497,A,SELL,80.0,438,35040.0
2021-12-17,8444,A,SELL,138.5,226,31301.0
2021-12-17,6265,A,SELL,17.1,1741,29771.100000000002
2021-12-17,3515,A,SELL,272.0,113,30736.0
2021-12-17,3455,A,SELL,74.2,397,29457.4
2021-12-17,1529,A,SELL,19.85,1541,30588.850000000002
2021-12-17,2890,A,SELL,15.9,2019,32102.100000000002
2021-12-17,5234,A,SELL,126.0,240,30240.0
2021-12-17,3169,B,SELL,276.5,291,80461.5
2021-12-17,1611,A,BUY,20.4,1517,30946.8
2021-12-17,6205,A,SELL,64.8,148,9590.4
2021-12-17,3390,A,BUY,26.3,1176,30928.8
2021-12-17,8478,A,BUY,171.0,180,30780.0
2021-12-17,8111,A,BUY,29.65,1043,30924.949999999997
2021-12-17,2405,A,BUY,18.3,1691,30945.300000000003
2021-12-17,6235,A,BUY,31.45,984,30946.8
2021-12-17,9906,A,BUY,67.5,458,30915.0
2021-12-17,5607,A,BUY,67.5,458,30915.0
2021-12-17,8069,A,BUY,143.0,216,30888.0
2021-12-17,6118,A,BUY,40.65,761,30934.649999999998
2021-12-17,3035,B,BUY,225.5,343,77346.5
2021-12-24,3066,A,SELL,27.0,986,26622.0
2021-12-24,3532,A,SELL,304.0,121,36784.0
2021-12-24,8114,A,SELL,122.0,285,34770.0
2021-12-24,2618,B,SELL,26.8,3073,82356.40000000001
2021-12-24,3390,A,SELL,27.35,1176,32163.600000000002
2021-12-24,9906,A,SELL,64.1,458,29357.799999999996
2021-12-24,5607,A,SELL,66.1,458,30273.799999999996
2021-12-24,8069,A,SELL,148.0,216,31968.0
2021-12-24,6118,A,SELL,44.6,761,33940.6
2021-12-24,1454,A,BUY,14.8,2146,31760.800000000003
2021-12-24,8104,A,BUY,77.4,410,31734.000000000004
2021-12-24,2347,A,BUY,66.5,477,31720.5
2021-12-24,6167,A,BUY,15.6,2036,31761.6
2021-12-24,3167,A,BUY,104.0,305,31720.0
2021-12-24,5383,A,BUY,46.7,680,31756.000000000004
2021-12-24,5351,B,BUY,92.4,859,79371.6
2021-12-30,1611,A,SELL,22.05,1517,33449.85
2021-12-30,8478,A,SELL,151.0,180,27180.0
2021-12-30,6235,A,SELL,38.8,984,38179.2
2021-12-30,1454,A,SELL,14.95,2146,32082.699999999997
2021-12-30,8104,A,SELL,75.5,410,30955.0
2021-12-30,2347,A,SELL,66.2,477,31577.4
2021-12-30,6167,A,SELL,16.5,2036,33594.0
2021-12-30,3167,A,SELL,106.0,305,32330.0
2021-12-30,5383,A,SELL,46.25,680,31450.0
2021-12-30,4755,A,BUY,174.5,183,31933.5
2021-12-30,6266,A,BUY,28.9,1108,32021.199999999997
2021-12-30,6026,A,BUY,22.9,1398,32014.199999999997
2021-12-30,6207,A,BUY,40.95,782,32022.9
2021-12-30,3010,A,BUY,107.0,299,31993.0
2021-12-30,3322,A,BUY,28.6,1119,32003.4
2021-12-30,2374,A,BUY,30.65,1045,32029.25
2021-12-30,2316,A,BUY,37.0,865,32005.0
2021-12-30,6208,A,BUY,61.2,523,32007.600000000002
2021-12-30,3290,A,BUY,25.95,1234,32022.3
2021-12-30,2883,A,BUY,17.5,1830,32025.0
2021-12-30,6118,A,BUY,46.9,682,31985.8
2022-01-07,6205,A,SELL,65.9,478,31500.200000000004
2022-01-07,8111,A,SELL,29.25,1043,30507.75
2022-01-07,2405,A,SELL,16.6,1691,28070.600000000002
2022-01-07,6207,A,SELL,38.4,782,30028.8
2022-01-07,3010,A,SELL,104.0,299,31096.0
2022-01-07,3322,A,SELL,26.1,1119,29205.9
2022-01-07,2374,A,SELL,29.7,1045,31036.5
2022-01-07,2316,A,SELL,33.85,865,29280.25
2022-01-07,6208,A,SELL,57.5,523,30072.5
2022-01-07,2883,A,SELL,17.3,1830,31659.0
2022-01-07,6118,A,SELL,37.05,682,25268.1
2022-01-07,6266,A,SELL,35.0,256,8960.0
2022-01-07,4720,A,BUY,19.6,1520,29792.000000000004
2022-01-07,4939,A,BUY,27.6,1079,29780.4
2022-01-07,2323,A,BUY,13.05,2283,29793.15
2022-01-07,3455,A,BUY,102.5,290,29725.0
2022-01-07,3036,A,BUY,76.9,387,29760.300000000003
2022-01-07,2427,A,BUY,13.55,2199,29796.45
2022-01-07,8104,A,BUY,91.8,324,29743.2
2022-01-07,2890,A,BUY,16.55,1800,29790.0
2022-01-07,8069,A,BUY,150.0,198,29700.0
2022-01-07,1454,A,BUY,14.4,2069,29793.600000000002
2022-01-07,4513,A,BUY,17.75,1679,29802.25
2022-01-14,5351,B,SELL,76.9,859,66057.1
2022-01-14,4755,A,SELL,147.5,183,26992.5
2022-01-14,3290,A,SELL,22.4,1234,27641.6
2022-01-14,2323,A,SELL,11.8,2283,26939.4
2022-01-14,3455,A,SELL,97.1,290,28159.0
2022-01-14,2427,A,SELL,13.0,2199,28587.0
2022-01-14,8104,A,SELL,71.8,324,23263.2
2022-01-14,8069,A,SELL,149.5,198,29601.0
2022-01-14,1454,A,SELL,14.3,2069,29586.7
2022-01-14,4513,A,SELL,13.7,1679,23002.3
2022-01-14,2836,A,BUY,14.6,1961,28630.6
2022-01-14,2812,A,BUY,13.75,2083,28641.25
2022-01-14,5880,A,BUY,27.2,1053,28641.6
2022-01-14,2883,A,BUY,18.85,1519,28633.15
2022-01-14,2888,A,BUY,11.8,2427,28638.600000000002
2022-01-14,1225,A,BUY,54.7,523,28608.100000000002
2022-01-14,1436,A,BUY,55.1,519,28596.9
2022-01-14,2347,A,BUY,67.9,421,28585.9
2022-01-14,5434,A,BUY,166.0,172,28552.0
2022-01-14,8069,B,BUY,149.5,478,71461.0
2022-01-21,2610,B,SELL,23.95,2996,71754.2
2022-01-21,6266,A,SELL,27.65,852,23557.8
2022-01-21,6026,A,SELL,19.65,1398,27470.699999999997
2022-01-21,4720,A,SELL,15.95,1520,24244.0
2022-01-21,4939,A,SELL,24.6,1079,26543.4
2022-01-21,2890,A,SELL,16.5,1800,29700.0
2022-01-21,2836,A,SELL,13.4,1961,26277.4
2022-01-21,2888,A,SELL,11.2,2427,27182.399999999998
2022-01-21,1225,A,SELL,54.0,523,28242.0
2022-01-21,5434,A,SELL,164.5,172,28294.0
2022-01-21,2480,A,BUY,80.8,341,27552.8
2022-01-21,3036,A,SELL,89.2,77,6868.400000000001
2022-01-21,3455,A,BUY,102.5,268,27470.0
2022-01-21,2887,A,BUY,20.15,1368,27565.199999999997
2022-01-21,1316,A,BUY,24.1,1143,27546.300000000003
2022-01-21,2892,A,BUY,25.2,1093,27543.6
2022-01-21,2323,A,BUY,11.8,2336,27564.800000000003
2022-01-21,2891,A,BUY,27.4,1006,27564.399999999998
2022-01-21,6205,A,BUY,76.2,361,27508.2
2022-01-21,2427,A,BUY,13.1,2104,27562.399999999998
2022-01-21,2340,B,BUY,59.8,1152,68889.59999999999
2022-01-26,3037,B,SELL,200.0,355,71000.0
2022-01-26,3455,A,SELL,96.5,268,25862.0
2022-01-26,2887,A,SELL,19.65,1368,26881.199999999997
2022-01-26,2323,A,SELL,10.4,2336,24294.4
2022-01-26,6205,A,SELL,69.5,361,25089.5
2022-01-26,2427,A,SELL,12.6,2104,26510.399999999998
2022-01-26,2340,B,SELL,58.4,1152,67276.8
2022-01-26,2385,A,BUY,88.5,301,26638.5
2022-01-26,6592,A,BUY,106.0,251,26606.0
2022-01-26,1225,A,BUY,54.1,493,26671.3
2022-01-26,5434,A,BUY,165.0,161,26565.0
2022-01-26,2884,A,BUY,29.0,920,26680.0
2022-01-26,3035,B,BUY,199.5,326,65037.0
2022-01-26,8069,B,BUY,146.5,433,63434.5
2022-02-11,3035,B,SELL,244.0,669,163236.0
2022-02-11,3036,A,SELL,90.5,310,28055.0
2022-02-11,2812,A,SELL,13.8,2083,28745.4
2022-02-11,2347,A,SELL,69.8,421,29385.8
2022-02-11,2480,A,SELL,82.8,341,28234.8
2022-02-11,1316,A,SELL,24.2,1143,27660.6
2022-02-11,5434,A,SELL,171.0,161,27531.0
2022-02-11,3088,A,BUY,70.9,402,28501.800000000003
2022-02-11,8210,A,BUY,90.9,313,28451.7
2022-02-11,1215,A,BUY,84.1,339,28509.899999999998
2022-02-11,8406,A,BUY,276.0,103,28428.0
2022-02-11,2890,A,BUY,17.35,1643,28506.050000000003
2022-02-11,2497,A,BUY,100.0,285,28500.0
2022-02-11,8069,B,BUY,148.5,1009,149836.5
2022-02-18,5880,A,SELL,27.35,1053,28799.550000000003
2022-02-18,1436,A,SELL,57.7,519,29946.300000000003
2022-02-18,2891,A,SELL,28.35,1006,28520.100000000002
2022-02-18,3088,A,SELL,65.5,402,26331.0
2022-02-18,8210,A,SELL,86.8,313,27168.399999999998
2022-02-18,2890,A,SELL,17.4,1643,28588.199999999997
2022-02-18,1229,A,BUY,67.6,420,28391.999999999996
2022-02-18,2834,A,BUY,11.6,2448,28396.8
2022-02-18,2480,A,BUY,83.2,341,28371.2
2022-02-18,5434,A,BUY,179.5,158,28361.0
2022-02-18,3219,A,BUY,123.0,230,28290.0
2022-02-18,6104,B,BUY,238.5,266,63441.0
2022-02-18,8069,B,SELL,146.0,947,138262.0
2022-02-25,2883,A,SELL,18.95,1519,28785.05
2022-02-25,8069,B,SELL,147.5,973,143517.5
2022-02-25,2892,A,SELL,25.7,1093,28090.1
2022-02-25,2385,A,SELL,89.6,301,26969.6
2022-02-25,2884,A,SELL,29.45,920,27094.0
2022-02-25,2834,A,SELL,11.1,2448,27172.8
2022-02-25,5434,A,SELL,172.0,158,27176.0
2022-02-25,3219,A,SELL,109.5,230,25185.0
2022-02-25,6104,B,SELL,245.0,266,65170.0
2022-02-25,5706,A,BUY,61.8,761,47029.799999999996
2022-02-25,4904,A,BUY,69.3,678,46985.4
2022-02-25,1225,A,BUY,60.5,284,17182.0
2022-02-25,2412,A,BUY,124.5,377,46936.5
2022-02-25,2707,A,BUY,177.5,265,47037.5
2022-02-25,1760,A,BUY,108.5,433,46980.5
2022-02-25,3209,A,BUY,33.95,1385,47020.75000000001
2022-02-25,8406,A,BUY,275.5,67,18458.5
2022-02-25,6592,A,BUY,123.5,129,15931.5
2022-02-25,3066,A,BUY,43.8,1074,47041.2
2022-02-25,1215,A,BUY,84.6,217,18358.199999999997
2022-02-25,2497,A,BUY,111.5,136,15164.0
2022-02-25,1229,A,BUY,67.0,282,18894.0
2022-02-25,9941,A,BUY,202.0,232,46864.0
2022-02-25,2480,A,BUY,85.4,209,17848.600000000002
2022-03-04,6592,A,SELL,117.5,380,44650.0
2022-03-04,1215,A,SELL,85.1,556,47315.6
2022-03-04,8406,A,SELL,275.0,170,46750.0
2022-03-04,2497,A,SELL,106.5,421,44836.5
2022-03-04,2412,A,SELL,123.0,377,46371.0
2022-03-04,8401,A,BUY,19.8,2396,47440.8
2022-03-04,4148,A,BUY,55.3,857,47392.1
2022-03-04,1773,A,BUY,198.0,239,47322.0
2022-03-04,9933,A,BUY,41.5,1143,47434.5
2022-03-04,2347,A,BUY,72.4,655,47422.00000000001
2022-03-11,1225,A,SELL,58.4,777,45376.799999999996
2022-03-11,1229,A,SELL,63.6,702,44647.200000000004
2022-03-11,2707,A,SELL,162.5,265,43062.5
2022-03-11,3066,A,SELL,37.5,1074,40275.0
2022-03-11,2347,A,SELL,72.3,655,47356.5
2022-03-11,2613,A,BUY,39.5,1188,46926.0
2022-03-11,8406,A,BUY,277.0,169,46813.0
2022-03-11,6469,A,BUY,288.0,163,46944.0
2022-03-11,4162,A,BUY,81.2,578,46933.6
2022-03-11,2024,A,BUY,26.1,1799,46953.9
2022-03-18,1760,A,SELL,98.0,433,42434.0
2022-03-18,2613,A,SELL,36.85,1188,43777.8
2022-03-18,6469,A,SELL,278.0,163,45314.0
2022-03-18,2024,A,SELL,25.3,1799,45514.700000000004
2022-03-18,2812,A,BUY,14.75,3233,47686.75
2022-03-18,2412,A,BUY,126.5,377,47690.5
2022-03-18,6412,A,BUY,86.4,552,47692.8
2022-03-18,6189,A,BUY,45.2,1055,47686.0
2022-03-25,5706,A,SELL,66.7,761,50758.700000000004
2022-03-25,4904,A,SELL,73.5,678,49833.0
2022-03-25,8401,A,SELL,17.8,2396,42648.8
2022-03-25,9933,A,SELL,46.5,1143,53149.5
2022-03-25,6412,A,SELL,86.1,552,47527.2
2022-03-25,6189,A,SELL,44.95,1055,47422.25
2022-03-25,2540,A,BUY,133.5,358,47793.0
2022-03-25,6122,A,BUY,16.55,2890,47829.5
2022-03-25,4104,A,BUY,65.0,736,47840.0
2022-03-25,2834,A,BUY,12.6,3797,47842.2
2022-03-25,4755,A,BUY,197.5,242,47795.0
2022-03-25,2836,A,BUY,14.4,3322,47836.8
2022-04-01,2480,A,SELL,93.0,550,51150.0
2022-04-01,3209,A,SELL,38.3,1385,53045.49999999999
2022-04-01,4148,A,SELL,63.3,857,54248.1
2022-04-01,4162,A,SELL,85.9,578,49650.200000000004
2022-04-01,4755,A,SELL,192.5,242,46585.0
2022-04-01,2836,A,SELL,15.05,3322,49996.100000000006
2022-04-01,5603,A,BUY,50.7,940,47658.0
2022-04-01,2886,A,BUY,43.1,1106,47668.6
2022-04-01,3011,A,BUY,18.3,2606,47689.8
2022-04-01,9933,A,BUY,46.2,1032,47678.4
2022-04-01,6189,A,BUY,45.4,1050,47670.0
2022-04-01,4904,A,BUY,73.1,652,47661.2
2022-04-08,1773,A,SELL,221.5,239,52938.5
2022-04-08,2540,A,SELL,120.5,358,43139.0
2022-04-08,9933,A,SELL,45.95,1032,47420.4
2022-04-08,6189,A,SELL,44.6,1050,46830.0
2022-04-08,4904,A,SELL,74.6,652,48639.2
2022-04-08,1453,A,BUY,13.6,3627,49327.2
2022-04-08,2884,A,BUY,34.85,1415,49312.75
2022-04-08,2850,A,BUY,55.7,885,49294.5
2022-04-08,8050,A,BUY,47.7,1034,49321.8
2022-04-08,2838,A,BUY,17.5,2819,49332.5
2022-04-15,8406,A,SELL,278.0,169,46982.0
2022-04-15,2812,A,SELL,15.15,3233,48979.950000000004
2022-04-15,6122,A,SELL,19.0,2890,54910.0
2022-04-15,2834,A,SELL,13.1,3797,49740.7
2022-04-15,2886,A,SELL,42.85,1106,47392.1
2022-04-15,2884,A,SELL,33.3,1415,47119.49999999999
2022-04-15,2838,A,SELL,16.3,2819,45949.700000000004
2022-04-15,4736,A,BUY,294.5,165,48592.5
2022-04-15,4148,A,BUY,87.5,558,48825.0
2022-04-15,5210,A,BUY,24.7,1976,48807.2
2022-04-15,5706,A,BUY,71.9,679,48820.100000000006
2022-04-15,2540,A,BUY,124.5,392,48804.0
2022-04-15,1760,A,BUY,136.0,359,48824.0
2022-04-15,9962,A,BUY,21.95,2224,48816.799999999996
2022-04-22,5603,A,SELL,53.6,940,50384.0
2022-04-22,3011,A,SELL,24.05,2606,62674.3
2022-04-22,2850,A,SELL,56.6,885,50091.0
2022-04-22,4148,A,SELL,85.0,558,47430.0
2022-04-22,5210,A,SELL,24.45,1976,48313.2
2022-04-22,5706,A,SELL,67.9,679,46104.100000000006
2022-04-22,9962,A,SELL,20.7,2224,46036.799999999996
2022-04-22,4106,A,BUY,40.7,1232,50142.4
2022-04-22,1605,A,BUY,46.1,1088,50156.8
2022-04-22,1220,A,BUY,24.5,2047,50151.5
2022-04-22,1219,A,BUY,27.75,1807,50144.25
2022-04-22,4121,A,BUY,30.0,1672,50160.0
2022-04-22,1453,A,SELL,18.3,885,16195.5
2022-04-22,6581,A,BUY,109.0,460,50140.0
2022-04-22,4114,A,BUY,28.25,1775,50143.75
2022-04-29,9941,A,SELL,231.5,232,53708.0
2022-04-29,8050,A,SELL,50.3,1034,52010.2
2022-04-29,2540,A,SELL,119.5,392,46844.0
2022-04-29,1760,A,SELL,139.5,359,50080.5
2022-04-29,4106,A,SELL,34.6,1232,42627.200000000004
2022-04-29,1453,A,SELL,23.25,645,14996.25
2022-04-29,9802,A,BUY,154.5,315,48667.5
2022-04-29,4904,A,BUY,82.8,588,48686.4
2022-04-29,2634,A,BUY,33.2,1468,48737.600000000006
2022-04-29,2545,A,BUY,55.7,875,48737.5
2022-05-06,2412,A,SELL,126.5,377,47690.5
2022-05-06,4104,A,SELL,67.9,736,49974.4
2022-05-06,4736,A,SELL,247.0,165,40755.0
2022-05-06,1219,A,SELL,25.15,1807,45446.049999999996
2022-05-06,4121,A,SELL,25.0,1672,41800.0
2022-05-06,6581,A,SELL,93.6,460,43056.0
2022-05-06,4114,A,SELL,26.75,1775,47481.25
2022-05-06,2634,A,SELL,32.5,1468,47710.0
2022-05-06,8050,A,BUY,51.3,904,46375.2
2022-05-06,9933,A,BUY,49.15,943,46348.45
2022-05-06,3209,A,BUY,39.05,1187,46352.35
2022-05-06,5603,A,BUY,51.2,905,46336.0
2022-05-06,3313,A,BUY,14.45,3209,46370.049999999996
2022-05-06,4148,A,BUY,80.9,573,46355.700000000004
2022-05-06,5706,A,BUY,71.0,653,46363.0
2022-05-06,2540,A,BUY,119.0,389,46291.0
2022-05-13,1220,A,SELL,18.1,2047,37050.700000000004
2022-05-13,8050,A,SELL,46.3,904,41855.2
2022-05-13,5603,A,SELL,48.6,905,43983.0
2022-05-13,4148,A,SELL,65.1,573,37302.299999999996
2022-05-13,5706,A,SELL,64.0,653,41792.0
2022-05-13,2540,A,SELL,110.5,389,42984.5
2022-05-13,1524,A,BUY,14.1,3069,43272.9
2022-05-13,3011,A,BUY,19.15,2259,43259.85
2022-05-13,6122,A,BUY,16.35,2646,43262.100000000006
2022-05-13,2613,A,BUY,36.25,1193,43246.25
2022-05-13,2634,A,BUY,31.55,1371,43255.05
2022-05-13,4104,A,BUY,66.2,653,43228.6
2022-05-20,2545,A,SELL,53.1,875,46462.5
2022-05-20,9933,A,SELL,45.2,943,42623.600000000006
2022-05-20,2613,A,SELL,35.6,1193,42470.8
2022-05-20,1522,A,BUY,24.85,1860,46221.0
2022-05-20,1524,A,SELL,19.35,679,13138.650000000001
2022-05-20,1453,A,SELL,30.35,573,17390.55
2022-05-20,2540,A,BUY,121.5,380,46170.0
2022-05-20,8050,A,BUY,47.9,965,46223.5
2022-05-27,3011,A,SELL,17.45,2259,39419.549999999996
2022-05-27,2482,A,BUY,20.8,2254,46883.200000000004
2022-06-02,3209,A,SELL,39.35,1187,46708.450000000004
2022-06-02,3313,A,SELL,13.0,3209,41717.0
2022-06-02,4104,A,SELL,67.1,653,43816.299999999996
2022-06-02,8050,A,SELL,49.95,965,48201.75
2022-06-02,6605,A,BUY,72.0,662,47664.0
2022-06-02,1539,A,BUY,31.95,1492,47669.4
2022-06-02,1568,A,BUY,25.45,1873,47667.85
2022-06-02,2545,A,BUY,57.3,832,47673.6
2022-06-10,1605,A,SELL,43.15,1088,46947.2
2022-06-10,4904,A,SELL,80.7,588,47451.6
2022-06-10,2540,A,SELL,124.0,380,47120.0
2022-06-10,2482,A,SELL,28.4,498,14143.199999999999
2022-06-10,1319,A,BUY,41.5,1201,49841.5
2022-06-10,3209,A,BUY,42.15,1182,49821.299999999996
2022-06-10,8050,A,BUY,51.3,971,49812.299999999996
2022-06-17,1453,A,SELL,23.75,1524,36195.0
2022-06-17,6122,A,SELL,16.9,2646,44717.399999999994
2022-06-17,2545,A,SELL,53.7,832,44678.4
2022-06-17,3209,A,SELL,38.9,1182,45979.799999999996
2022-06-17,5288,A,BUY,169.5,279,47290.5
2022-06-17,5353,A,BUY,23.8,1989,47338.200000000004
2022-06-17,5258,A,BUY,59.3,798,47321.399999999994
2022-06-17,6715,A,BUY,130.0,364,47320.0
2022-06-17,4904,A,BUY,82.5,573,47272.5
2022-06-24,2634,A,SELL,31.75,1371,43529.25
2022-06-24,8050,A,SELL,53.5,971,51948.5
2022-06-24,4904,A,SELL,84.7,573,48533.1
2022-06-24,3531,A,BUY,23.15,2302,53291.299999999996
2022-06-24,1539,A,BUY,26.3,534,14044.2
2022-07-01,6472,A,BUY,245.0,196,48020.0
2022-07-08,1539,A,SELL,27.25,2026,55208.5
2022-07-08,1568,A,SELL,26.25,1873,49166.25
2022-07-08,5288,A,SELL,157.5,279,43942.5
2022-07-08,6472,A,BUY,216.0,105,22680.0
2022-07-08,5258,A,BUY,50.3,497,24999.1
2022-07-15,2482,A,BUY,26.25,770,20212.5
2022-07-15,6605,A,BUY,70.0,285,19950.0
2022-07-29,6133,A,BUY,23.5,2696,63356.0
2022-07-29,5258,A,SELL,64.4,310,19964.0
2022-08-05,9802,A,SELL,162.5,315,51187.5
2022-08-05,2305,A,BUY,27.5,2163,59482.5
2022-08-05,5902,A,BUY,34.95,1455,50852.25000000001
2022-08-05,2482,A,SELL,29.65,519,15388.349999999999
2022-08-12,3432,A,BUY,23.7,647,15333.9
2022-08-12,1413,A,BUY,11.3,1,11.3
2022-08-12,6605,A,SELL,80.2,312,25022.4
2022-08-12,6472,A,SELL,268.0,111,29748.0
2022-08-12,5258,A,SELL,66.1,215,14211.499999999998
2022-08-19,1522,A,SELL,30.45,1860,56637.0
2022-08-19,2482,A,SELL,26.35,2007,52884.450000000004
2022-08-19,6605,A,SELL,79.4,635,50419.0
2022-08-19,5258,A,SELL,65.6,770,50511.99999999999
2022-08-19,6715,A,SELL,150.5,364,54782.0
2022-08-19,3531,A,SELL,28.95,2302,66642.9
2022-08-19,1413,A,SELL,11.1,1,11.1
2022-08-19,2468,A,BUY,21.85,2498,54581.3
2022-08-19,3432,A,BUY,23.85,1641,39137.850000000006
2022-08-19,3454,A,BUY,97.3,561,54585.299999999996
2022-08-19,3047,A,BUY,19.2,2843,54585.6
2022-08-19,9907,A,BUY,20.2,2702,54580.4
2022-08-19,3617,A,BUY,87.6,623,54574.799999999996
2022-08-19,5015,A,BUY,58.2,937,54533.4
2022-08-19,6133,A,SELL,26.8,659,17661.2
2022-08-19,6146,A,BUY,234.5,216,50652.0
2022-08-19,2305,A,SELL,32.7,493,16121.100000000002
2022-08-26,1524,A,SELL,29.25,2390,69907.5
2022-08-26,1319,A,SELL,52.8,1201,63412.799999999996
2022-08-26,5353,A,SELL,37.4,1989,74388.59999999999
2022-08-26,2305,A,SELL,32.65,1670,54525.5
2022-08-26,3432,A,SELL,26.2,2288,59945.6
2022-08-26,9907,A,SELL,20.3,2702,54850.6
2022-08-26,5015,A,SELL,57.2,937,53596.4
2022-08-26,6146,A,SELL,234.5,216,50652.0
2022-08-26,8349,A,BUY,72.7,793,57651.100000000006
2022-08-26,4977,A,BUY,114.0,505,57570.0
2022-08-26,3022,A,BUY,72.2,798,57615.600000000006
2022-08-26,6221,A,BUY,53.5,1077,57619.5
2022-08-26,1712,A,BUY,45.1,1278,57637.8
2022-08-26,3520,A,BUY,25.1,2297,57654.700000000004
2022-08-26,1336,A,BUY,27.75,2077,57636.75
2022-08-26,4737,A,BUY,89.2,646,57623.200000000004
2022-09-02,6472,A,SELL,309.0,190,58710.0
2022-09-02,6133,A,SELL,26.8,2037,54591.6
2022-09-02,3454,A,SELL,106.0,561,59466.0
2022-09-02,3047,A,SELL,18.35,2843,52169.05
2022-09-02,6221,A,SELL,54.8,1077,59019.6
2022-09-02,1336,A,SELL,26.15,2077,54313.549999999996
2022-09-02,4737,A,SELL,90.1,646,58204.6
2022-09-02,8933,A,BUY,19.7,2877,56676.9
2022-09-02,4743,A,BUY,290.0,195,56550.0
2022-09-02,6589,A,BUY,129.5,437,56591.5
2022-09-02,1442,A,BUY,26.7,2123,56684.1
2022-09-02,4770,A,BUY,388.0,146,56648.0
2022-09-02,5015,A,BUY,62.3,909,56630.7
2022-09-02,3043,A,BUY,7.4,7660,56684.0
2022-09-08,2468,A,SELL,18.65,2498,46587.7
2022-09-08,3617,A,SELL,105.5,623,65726.5
2022-09-08,3022,A,SELL,76.2,798,60807.600000000006
2022-09-08,3520,A,SELL,22.4,2297,51452.799999999996
2022-09-08,6589,A,SELL,118.5,437,51784.5
2022-09-08,5015,A,SELL,59.5,909,54085.5
2022-09-08,3043,A,SELL,7.14,7660,54692.399999999994
2022-09-08,2540,A,BUY,149.0,372,55428.0
2022-09-08,4162,A,BUY,137.5,403,55412.5
2022-09-08,8085,A,BUY,23.5,2362,55507.0
2022-09-08,9942,A,BUY,99.6,557,55477.2
2022-09-08,3454,A,BUY,128.0,433,55424.0
2022-09-08,6712,A,BUY,238.0,233,55454.0
2022-09-08,8109,A,BUY,87.6,633,55450.799999999996
2022-09-16,5902,A,SELL,40.35,1455,58709.25
2022-09-16,8349,A,SELL,69.5,793,55113.5
2022-09-16,1712,A,SELL,43.6,1278,55720.8
2022-09-16,4743,A,SELL,271.5,195,52942.5
2022-09-16,4770,A,SELL,385.0,146,56210.0
2022-09-16,8085,A,SELL,21.45,2362,50664.9
2022-09-16,6712,A,SELL,217.5,233,50677.5
2022-09-16,2530,A,BUY,17.2,3243,55779.6
2022-09-16,8916,A,BUY,59.6,935,55726.0
2022-09-16,3284,A,BUY,16.7,3340,55778.0
2022-09-16,3022,A,BUY,76.5,729,55768.5
2022-09-16,5225,A,BUY,31.65,1762,55767.299999999996
2022-09-16,6146,A,BUY,245.0,227,55615.0
2022-09-16,5015,A,BUY,63.1,884,55780.4
2022-09-23,2540,A,SELL,71.5,372,26598.0
2022-09-23,9942,A,SELL,99.0,557,55143.0
2022-09-23,3284,A,SELL,15.95,3340,53273.0
2022-09-23,3022,A,SELL,58.1,729,42354.9
2022-09-23,5015,A,SELL,59.5,884,52598.0
2022-09-23,8349,A,BUY,77.1,668,51502.799999999996
2022-09-23,2483,A,BUY,30.75,1676,51537.0
2022-09-23,9939,A,BUY,82.8,622,51501.6
2022-09-23,5353,A,BUY,39.8,1295,51540.99999999999
2022-09-23,8932,A,BUY,32.6,1272,41467.200000000004
2022-09-30,8933,A,SELL,19.0,2877,54663.0
2022-09-30,4162,A,SELL,118.0,403,47554.0
2022-09-30,8109,A,SELL,85.3,633,53994.9
2022-09-30,6472,A,BUY,327.5,154,50435.0
2022-09-30,4743,A,BUY,252.5,199,50247.5
2022-09-30,3617,A,BUY,95.0,531,50445.0
2022-10-07,4977,A,SELL,112.0,505,56560.0
2022-10-07,8916,A,SELL,55.8,935,52173.0
2022-10-07,6146,A,SELL,230.0,227,52210.0
2022-10-07,4743,A,SELL,257.0,199,51143.0
2022-10-07,3617,A,SELL,96.1,531,51029.1
2022-10-07,3046,A,BUY,54.3,929,50444.7
2022-10-07,5225,A,SELL,36.1,363,13104.300000000001
2022-10-07,1410,A,BUY,41.85,1206,50471.1
2022-10-07,6589,A,BUY,114.0,442,50388.0
2022-10-07,8933,A,BUY,20.3,2487,50486.1
2022-10-07,3043,A,BUY,7.7,6558,50496.6
2022-10-14,8349,A,SELL,63.7,668,42551.6
2022-10-14,2483,A,SELL,23.8,1676,39888.8
2022-10-14,5353,A,SELL,37.05,1295,47979.74999999999
2022-10-14,1410,A,SELL,39.45,1206,47576.700000000004
2022-10-14,9942,A,BUY,105.0,465,48825.0
2022-10-14,5015,A,BUY,60.0,815,48900.0
2022-10-14,8916,A,BUY,55.1,887,48873.700000000004
2022-10-14,4743,A,BUY,243.5,200,48700.0
2022-10-21,6472,A,SELL,258.5,154,39809.0
2022-10-21,3043,A,SELL,6.36,6558,41708.880000000005
2022-10-21,4743,A,SELL,215.0,200,43000.0
2022-10-21,2530,A,SELL,19.35,820,15867.000000000002
2022-10-21,1442,A,SELL,29.55,536,15838.800000000001
2022-10-21,1410,A,BUY,40.65,1153,46869.45
2022-10-21,8109,A,BUY,81.1,577,46794.7
2022-10-21,6117,A,BUY,11.95,3922,46867.899999999994
2022-10-28,9939,A,SELL,84.9,622,52807.8
2022-10-28,6589,A,SELL,98.3,442,43448.6
2022-10-28,8109,A,SELL,80.0,577,46160.0
2022-10-28,6117,A,SELL,12.75,3922,50005.5
2022-10-28,2530,A,BUY,18.8,953,17916.4
2022-10-28,8932,A,BUY,32.8,663,21746.399999999998
2022-10-28,1442,A,BUY,29.05,597,17342.850000000002
2022-10-28,5225,A,BUY,31.7,603,19115.1
2022-10-28,3046,A,BUY,44.55,495,22052.25
2022-10-28,1410,A,BUY,39.4,457,18005.8
2022-11-11,8033,A,BUY,34.0,1894,64396.0
2022-11-11,5225,A,SELL,41.5,450,18675.0
2022-11-11,8933,A,BUY,18.7,956,17877.2
2022-11-18,8933,A,SELL,18.0,3443,61974.0
2022-11-18,8931,A,BUY,34.6,1780,61588.0
2022-11-18,8033,A,SELL,42.0,427,17934.0
2022-11-18,8249,A,BUY,27.5,2007,55192.5
2022-11-18,3454,A,SELL,178.5,87,15529.5
2022-11-18,3046,A,SELL,60.8,410,24928.0
2022-11-25,8931,A,SELL,38.05,397,15105.849999999999
2022-11-25,6472,A,BUY,416.0,126,52416.0
2022-11-25,6245,A,BUY,87.1,34,2961.3999999999996
2022-11-25,1442,A,SELL,34.6,663,22939.8
2022-11-25,8932,A,SELL,39.4,600,23640.0
2022-11-25,1410,A,SELL,41.95,356,14934.2
2022-12-02,2530,A,SELL,18.45,3376,62287.2
2022-12-02,5225,A,SELL,38.0,1552,58976.0
2022-12-02,3046,A,SELL,56.6,1014,57392.4
2022-12-02,9942,A,SELL,113.0,465,52545.0
2022-12-02,8916,A,SELL,59.1,887,52421.700000000004
2022-12-02,1410,A,SELL,44.35,1254,55614.9
2022-12-02,8931,A,SELL,40.0,546,21840.0
2022-12-02,6245,A,BUY,104.0,287,29848.0
2022-12-02,1810,A,BUY,20.05,1668,33443.4
2022-12-02,2201,A,BUY,66.7,501,33416.700000000004
2022-12-02,1442,A,SELL,36.7,609,22350.300000000003
2022-12-02,1417,A,BUY,14.65,2283,33445.950000000004
2022-12-02,1795,A,BUY,245.5,136,33388.0
2022-12-02,8222,A,BUY,31.85,1050,33442.5
2022-12-02,1584,A,BUY,24.0,1394,33456.0
2022-12-02,3454,A,SELL,213.5,189,40351.5
2022-12-02,6472,A,SELL,463.0,53,24539.0
2022-12-02,8033,A,SELL,41.0,650,26650.0
2022-12-02,8249,A,SELL,27.85,805,22419.25
2022-12-02,8932,A,SELL,42.85,554,23738.9
2022-12-02,5015,A,SELL,74.5,365,27192.5
2022-12-02,1795,B,BUY,245.5,318,78069.0
2022-12-02,8996,B,BUY,165.0,675,111375.0
2022-12-02,3454,B,BUY,213.5,365,77927.5
2022-12-09,3454,A,SELL,217.0,522,113274.0
2022-12-09,5015,A,SELL,59.2,450,26640.0
2022-12-09,8033,A,SELL,44.05,817,35988.85
2022-12-09,8249,A,SELL,26.5,1202,31853.0
2022-12-09,6472,A,SELL,394.5,73,28798.5
2022-12-09,1795,A,SELL,254.0,454,115316.0
2022-12-09,1584,A,SELL,24.25,1394,33804.5
2022-12-09,6234,A,BUY,22.2,1505,33411.0
2022-12-09,1342,A,BUY,136.0,245,33320.0
2022-12-09,1707,A,BUY,161.0,207,33327.0
2022-12-09,2723,A,BUY,139.5,239,33340.5
2022-12-09,2707,A,BUY,257.5,129,33217.5
2022-12-09,6223,A,BUY,116.5,286,33319.0
2022-12-09,4979,A,BUY,51.5,649,33423.5
2022-12-09,1795,B,BUY,254.0,438,111252.0
2022-12-09,3454,B,BUY,217.0,513,111321.0
2022-12-16,1442,A,SELL,36.2,912,33014.4
2022-12-16,8932,A,SELL,48.1,781,37566.1
2022-12-16,6245,A,SELL,100.5,321,32260.5
2022-12-16,2201,A,SELL,64.1,501,32114.1
2022-12-16,1417,A,SELL,14.4,2283,32875.200000000004
2022-12-16,8222,A,SELL,32.65,1050,34282.5
2022-12-16,6234,A,SELL,23.35,1505,35141.75
2022-12-16,1707,A,SELL,155.5,207,32188.5
2022-12-16,6223,A,SELL,117.0,286,33462.0
2022-12-16,1701,A,BUY,31.1,1064,33090.4
2022-12-16,4129,A,BUY,49.55,667,33049.85
2022-12-16,4130,A,BUY,38.05,869,33065.45
2022-12-16,2444,A,BUY,19.2,1723,33081.6
2022-12-16,1720,A,BUY,58.5,565,33052.5
2022-12-16,3498,A,BUY,35.95,920,33074.0
2022-12-16,4114,A,BUY,50.2,659,33081.8
2022-12-16,4153,A,BUY,32.55,1016,33070.799999999996
2022-12-16,1752,A,BUY,51.1,647,33061.700000000004
2022-12-16,2201,B,BUY,64.1,673,43139.299999999996
2022-12-16,3454,B,SELL,214.0,126,26964.0
2022-12-16,8996,B,SELL,169.0,185,31265.0
2022-12-23,8931,A,SELL,39.95,837,33438.15
2022-12-23,1810,A,SELL,18.0,1668,30024.0
2022-12-23,4979,A,SELL,41.6,649,26998.4
2022-12-23,2929,A,BUY,18.05,1827,32977.35
2022-12-23,1707,A,BUY,160.5,205,32902.5
2022-12-23,3013,A,BUY,20.55,1605,32982.75
2022-12-23,2201,B,BUY,59.1,722,42670.200000000004
2022-12-30,1342,A,SELL,131.0,245,32095.0
2022-12-30,4130,A,SELL,32.5,869,28242.5
2022-12-30,2444,A,SELL,16.55,1723,28515.65
2022-12-30,3013,A,SELL,17.25,1605,27686.25
2022-12-30,2597,A,BUY,125.5,263,33006.5
2022-12-30,8931,A,BUY,41.6,796,33113.6
2022-12-30,1795,A,SELL,246.0,303,74538.0
2022-12-30,6234,A,BUY,23.6,1403,33110.8
2022-12-30,1795,B,BUY,246.0,201,49446.0
2023-01-06,2707,A,SELL,233.0,129,30057.0
2023-01-06,4114,A,SELL,44.8,659,29523.199999999997
2023-01-06,6234,A,SELL,22.25,1403,31216.75
2023-01-06,2201,A,SELL,66.2,905,59911.0
2023-01-06,8249,A,BUY,28.2,1149,32401.8
2023-01-06,8033,A,BUY,41.9,773,32388.699999999997
2023-01-06,6223,A,BUY,118.5,273,32350.5
2023-01-06,2201,B,BUY,66.2,733,48524.6
2023-01-13,1701,A,SELL,27.1,1064,28834.4
2023-01-13,1720,A,SELL,55.2,565,31188.0
2023-01-13,4153,A,SELL,33.6,1016,34137.6
2023-01-13,8033,A,SELL,39.35,773,30417.550000000003
2023-01-13,6223,A,SELL,114.0,273,31122.0
2023-01-13,5340,A,BUY,40.25,782,31475.5
2023-01-13,2201,A,SELL,66.8,751,50166.799999999996
2023-01-13,6245,A,BUY,94.6,333,31501.8
2023-01-13,1584,A,BUY,24.0,1313,31512.0
2023-01-13,2444,A,BUY,17.8,1770,31506.0
2023-01-13,2707,A,BUY,250.5,125,31312.5
2023-01-13,2201,B,BUY,66.8,707,47227.6
2023-01-17,4129,A,SELL,46.3,667,30882.1
2023-01-17,3498,A,SELL,35.1,920,32292.0
2023-01-17,8249,A,SELL,28.1,1149,32286.9
2023-01-17,6245,A,SELL,95.5,333,31801.5
2023-01-17,1443,A,BUY,27.7,1171,32436.7
2023-01-17,2493,A,BUY,46.55,697,32445.35
2023-01-17,4763,A,BUY,276.0,117,32292.0
2023-01-17,2201,A,SELL,71.0,721,51191.0
2023-01-17,3013,A,BUY,18.45,1759,32453.55
2023-01-17,2201,B,BUY,71.0,685,48635.0
2023-01-17,2201,A,SELL,71.0,685,48635.0
2023-01-17,2201,B,BUY,71.0,684,48564.0
2023-02-03,2723,A,SELL,147.5,239,35252.5
2023-02-03,3454,B,SELL,209.0,387,80883.0
2023-02-03,1752,A,SELL,56.6,647,36620.200000000004
2023-02-03,2929,A,SELL,16.7,1827,30510.899999999998
2023-02-03,2444,A,SELL,17.85,1770,31594.500000000004
2023-02-03,2707,A,SELL,253.5,125,31687.5
2023-02-03,3013,A,SELL,20.55,1759,36147.450000000004
2023-02-03,6180,A,BUY,81.9,415,33988.5
2023-02-03,8210,A,BUY,86.5,393,33994.5
2023-02-03,2201,A,SELL,78.1,706,55138.6
2023-02-03,4153,A,BUY,39.4,863,34002.2
2023-02-03,4106,A,BUY,31.3,1086,33991.8
2023-02-03,6223,A,BUY,124.5,273,33988.5
2023-02-03,4129,A,BUY,46.85,725,33966.25
2023-02-03,4763,B,BUY,260.5,209,54444.5
2023-02-03,2201,B,BUY,78.1,652,50921.2
2023-02-10,1707,A,SELL,171.5,205,35157.5
2023-02-10,2597,A,SELL,126.5,263,33269.5
2023-02-10,1584,A,SELL,27.35,1313,35910.55
2023-02-10,1443,A,SELL,27.95,1171,32729.45
2023-02-10,4763,A,SELL,286.0,326,93236.0
2023-02-10,4153,A,SELL,38.6,863,33311.8
2023-02-10,4106,A,SELL,30.9,1086,33557.4
2023-02-10,6223,A,SELL,120.5,273,32896.5
2023-02-10,4129,A,SELL,47.85,725,34691.25
2023-02-10,2482,A,BUY,40.7,856,34839.200000000004
2023-02-10,6188,A,BUY,47.0,741,34827.0
2023-02-10,4155,A,BUY,33.45,1042,34854.9
2023-02-10,5439,A,BUY,57.8,603,34853.4
2023-02-10,2852,A,BUY,16.65,2093,34848.45
2023-02-10,1432,A,BUY,15.9,2192,34852.8
2023-02-10,2897,A,BUY,9.63,3619,34850.97
2023-02-10,6282,A,BUY,37.8,922,34851.6
2023-02-10,4164,A,BUY,53.2,655,34846.0
2023-02-10,1231,A,BUY,83.3,418,34819.4
2023-02-10,8996,B,SELL,229.0,109,24961.0
2023-02-10,4763,B,BUY,286.0,304,86944.0
2023-02-17,8931,A,SELL,52.5,796,41790.0
2023-02-17,5340,A,SELL,50.7,782,39647.4
2023-02-17,2493,A,SELL,48.55,697,33839.35
2023-02-17,6180,A,SELL,82.5,415,34237.5
2023-02-17,8210,A,SELL,84.0,393,33012.0
2023-02-17,5439,A,SELL,59.0,603,35577.0
2023-02-17,6282,A,SELL,37.85,922,34897.700000000004
2023-02-17,4164,A,SELL,61.0,655,39955.0
2023-02-17,1231,A,SELL,84.3,418,35237.4
2023-02-17,2453,A,BUY,43.0,839,36077.0
2023-02-17,6128,A,BUY,33.35,1082,36084.700000000004
2023-02-17,6290,A,BUY,70.3,513,36063.9
2023-02-17,3029,A,BUY,47.0,768,36096.0
2023-02-17,3209,A,BUY,41.8,863,36073.399999999994
2023-02-17,5315,A,BUY,20.45,1765,36094.25
2023-02-17,1473,A,BUY,24.35,1482,36086.700000000004
2023-02-17,6266,A,BUY,31.8,1135,36093.0
2023-02-17,6112,A,BUY,38.65,934,36099.1
2023-02-24,2482,A,SELL,47.85,856,40959.6
2023-02-24,4155,A,SELL,33.05,1042,34438.1
2023-02-24,2852,A,SELL,17.0,2093,35581.0
2023-02-24,2897,A,SELL,9.71,3619,35140.490000000005
2023-02-24,6128,A,SELL,34.15,1082,36950.299999999996
2023-02-24,3029,A,SELL,48.65,768,37363.2
2023-02-24,3209,A,SELL,43.7,863,37713.100000000006
2023-02-24,6266,A,SELL,33.5,1135,38022.5
2023-02-24,6112,A,SELL,38.35,934,35818.9
2023-02-24,1108,A,BUY,14.15,2615,37002.25
2023-02-24,2727,A,BUY,278.5,132,36762.0
2023-02-24,8936,A,BUY,30.75,1203,36992.25
2023-02-24,1437,A,BUY,30.9,1197,36987.299999999996
2023-02-24,1506,A,BUY,22.1,1674,36995.4
2023-02-24,4526,A,BUY,16.65,2223,37012.95
2023-02-24,1103,A,BUY,20.4,1814,37005.6
2023-02-24,3594,A,BUY,45.0,822,36990.0
2023-02-24,2748,A,BUY,98.2,376,36923.200000000004
2023-03-03,8996,B,SELL,234.0,381,89154.0
2023-03-03,2201,B,SELL,78.1,1088,84972.79999999999
2023-03-03,6188,A,SELL,52.5,741,38902.5
2023-03-03,1432,A,SELL,17.9,2192,39236.799999999996
2023-03-03,6290,A,SELL,72.0,513,36936.0
2023-03-03,1108,A,SELL,13.6,2615,35564.0
2023-03-03,1437,A,SELL,30.15,1197,36089.549999999996
2023-03-03,1506,A,SELL,22.2,1674,37162.799999999996
2023-03-03,4526,A,SELL,16.8,2223,37346.4
2023-03-03,1103,A,SELL,19.75,1814,35826.5
2023-03-03,3594,A,SELL,45.15,822,37113.299999999996
2023-03-03,2748,A,SELL,94.4,376,35494.4
2023-03-03,5452,A,BUY,21.45,1719,36872.549999999996
2023-03-03,3652,A,BUY,31.45,1172,36859.4
2023-03-03,1535,A,BUY,49.05,752,36885.6
2023-03-03,6128,A,BUY,34.85,1058,36871.3
2023-03-03,6561,A,BUY,357.0,103,36771.0
2023-03-03,8927,A,BUY,45.2,816,36883.200000000004
2023-03-03,3055,A,BUY,33.05,1116,36883.799999999996
2023-03-03,3416,A,BUY,99.6,370,36852.0
2023-03-03,3209,A,BUY,44.65,826,36880.9
2023-03-03,5439,A,BUY,64.2,574,36850.8
2023-03-03,3443,B,BUY,1080.0,85,91800.0
2023-03-03,1513,B,BUY,94.6,974,92140.4
2023-03-10,1473,A,SELL,25.75,1482,38161.5
2023-03-10,2727,A,SELL,261.0,132,34452.0
2023-03-10,8936,A,SELL,29.55,1203,35548.65
2023-03-10,5452,A,SELL,20.6,1719,35411.4
2023-03-10,3652,A,SELL,28.15,1172,32991.799999999996
2023-03-10,1535,A,SELL,48.0,752,36096.0
2023-03-10,6128,A,SELL,34.15,1058,36130.7
2023-03-10,8927,A,SELL,41.75,816,34068.0
2023-03-10,3055,A,SELL,29.05,1116,32419.8
2023-03-10,3416,A,SELL,95.6,370,35372.0
2023-03-10,3209,A,SELL,40.5,826,33453.0
2023-03-10,5439,A,SELL,65.8,574,37769.2
2023-03-10,2453,A,SELL,60.0,241,14460.0
2023-03-10,2449,A,BUY,46.95,763,35822.85
2023-03-10,8111,A,BUY,22.95,1562,35847.9
2023-03-10,5403,A,BUY,85.6,418,35780.799999999996
2023-03-10,3005,A,BUY,57.4,624,35817.6
2023-03-10,3362,A,BUY,108.5,330,35805.0
2023-03-10,3029,A,BUY,54.6,656,35817.6
2023-03-10,8131,A,BUY,44.05,814,35856.7
2023-03-10,2535,A,BUY,33.2,1080,35856.0
2023-03-10,2722,A,BUY,50.3,713,35863.9
2023-03-10,6147,A,BUY,70.1,511,35821.1
2023-03-10,6235,A,BUY,65.9,544,35849.600000000006
2023-03-10,2450,A,BUY,34.35,1044,35861.4
2023-03-17,1795,B,SELL,247.5,336,83160.0
2023-03-17,2453,A,SELL,59.8,598,35760.4
2023-03-17,5315,A,SELL,23.55,1765,41565.75
2023-03-17,6561,A,SELL,358.5,103,36925.5
2023-03-17,3362,A,SELL,114.5,330,37785.0
2023-03-17,3029,A,SELL,52.6,656,34505.6
2023-03-17,8131,A,SELL,43.4,814,35327.6
2023-03-17,2722,A,SELL,49.75,713,35471.75
2023-03-17,6147,A,SELL,70.0,511,35770.0
2023-03-17,2450,A,SELL,33.75,1044,35235.0
2023-03-17,2457,A,BUY,59.1,603,35637.3
2023-03-17,3594,A,BUY,46.35,768,35596.8
2023-03-17,8049,A,BUY,39.4,904,35617.6
2023-03-17,3088,A,BUY,78.1,456,35613.6
2023-03-17,4155,A,BUY,36.85,967,35633.950000000004
2023-03-17,6122,A,BUY,23.0,1549,35627.0
2023-03-17,5452,A,BUY,21.15,1684,35616.6
2023-03-17,4126,A,BUY,83.7,425,35572.5
2023-03-17,3046,A,BUY,67.1,531,35630.1
2023-03-17,3454,B,BUY,266.5,334,89011.0
2023-03-24,2449,A,SELL,49.2,763,37539.6
2023-03-24,8111,A,SELL,22.65,1562,35379.299999999996
2023-03-24,5403,A,SELL,86.1,418,35989.799999999996
2023-03-24,3005,A,SELL,56.8,624,35443.2
2023-03-24,6235,A,SELL,67.4,544,36665.600000000006
2023-03-24,2457,A,SELL,60.0,603,36180.0
2023-03-24,3594,A,SELL,49.35,768,37900.8
2023-03-24,8049,A,SELL,38.6,904,34894.4
2023-03-24,3088,A,SELL,78.9,456,35978.4
2023-03-24,4155,A,SELL,36.45,967,35247.15
2023-03-24,5452,A,SELL,20.8,1684,35027.200000000004
2023-03-24,4126,A,SELL,83.9,425,35657.5
2023-03-24,3046,A,SELL,70.1,531,37223.1
2023-03-24,3454,B,SELL,274.0,334,91516.0
2023-03-24,2546,A,BUY,67.5,537,36247.5
2023-03-24,3231,A,BUY,40.0,907,36280.0
2023-03-24,3056,A,BUY,43.5,834,36279.0
2023-03-24,6449,A,BUY,56.2,645,36249.0
2023-03-24,6776,A,BUY,49.5,733,36283.5
2023-03-24,5289,A,BUY,301.5,120,36180.0
2023-03-24,8926,A,BUY,43.9,826,36261.4
2023-03-24,2727,A,BUY,311.5,116,36134.0
2023-03-24,3032,A,BUY,37.5,967,36262.5
2023-03-24,6189,A,BUY,41.6,872,36275.200000000004
2023-03-24,3362,A,BUY,118.5,306,36261.0
2023-03-24,2453,A,BUY,68.6,528,36220.799999999996
2023-03-24,2457,B,BUY,60.0,1511,90660.0
2023-03-31,1513,B,SELL,94.6,974,92140.4
2023-03-31,2535,A,SELL,33.4,1080,36072.0
2023-03-31,8926,A,SELL,42.55,826,35146.299999999996
2023-03-31,2727,A,SELL,311.5,116,36134.0
2023-03-31,6189,A,SELL,41.8,872,36449.6
2023-03-31,3362,A,SELL,103.5,306,31671.0
2023-03-31,2453,A,SELL,68.3,528,36062.4
2023-03-31,3078,A,BUY,44.3,832,36857.6
2023-03-31,2382,A,BUY,89.1,413,36798.299999999996
2023-03-31,2356,A,BUY,31.95,1154,36870.299999999996
2023-03-31,6122,A,SELL,29.85,313,9343.050000000001
2023-03-31,2353,A,BUY,28.15,1309,36848.35
2023-03-31,6168,A,BUY,25.85,1426,36862.1
2023-03-31,6160,A,BUY,28.15,1309,36848.35
2023-03-31,4973,A,BUY,29.05,1269,36864.450000000004
2023-03-31,6472,B,BUY,740.0,124,91760.0
2023-04-07,6122,A,SELL,28.15,1236,34793.4
2023-04-07,6449,A,SELL,54.2,645,34959.0
2023-04-07,6776,A,SELL,51.0,733,37383.0
2023-04-07,2353,A,SELL,28.35,1309,37110.15
2023-04-07,6160,A,SELL,30.0,1309,39270.0
2023-04-07,4973,A,SELL,28.7,1269,36420.299999999996
2023-04-07,2423,A,BUY,33.7,1121,37777.700000000004
2023-04-07,3324,A,BUY,230.0,164,37720.0
2023-04-07,3025,A,BUY,31.5,1199,37768.5
2023-04-07,6024,A,BUY,43.45,869,37758.05
2023-04-07,6235,A,BUY,80.4,469,37707.600000000006
2023-04-07,2421,A,BUY,51.7,730,37741.0
2023-04-07,4763,B,SELL,400.0,67,26800.0
2023-04-14,4763,B,SELL,471.0,237,111627.0
2023-04-14,3443,B,SELL,1085.0,85,92225.0
2023-04-14,2546,A,SELL,68.8,537,36945.6
2023-04-14,3231,A,SELL,43.95,907,39862.65
2023-04-14,5289,A,SELL,315.0,120,37800.0
2023-04-14,3032,A,SELL,53.7,967,51927.9
2023-04-14,2457,B,SELL,69.0,1511,104259.0
2023-04-14,2382,A,SELL,81.8,413,33783.4
2023-04-14,2356,A,SELL,31.6,1154,36466.4
2023-04-14,6168,A,SELL,25.85,1426,36862.1
2023-04-14,6472,B,SELL,773.0,124,95852.0
2023-04-14,6024,A,SELL,44.1,869,38322.9
2023-04-14,6235,A,SELL,94.9,469,44508.100000000006
2023-04-14,2421,A,SELL,52.9,730,38617.0
2023-04-14,6248,A,BUY,35.1,1879,65952.90000000001
2023-04-14,3025,A,BUY,33.0,800,26400.0
2023-04-14,6203,A,BUY,73.5,897,65929.5
2023-04-14,3518,A,BUY,30.5,2163,65971.5
2023-04-14,3056,A,BUY,48.5,526,25511.0
2023-04-14,6263,A,BUY,122.0,540,65880.0
2023-04-14,2457,A,BUY,69.0,956,65964.0
2023-04-14,3324,A,BUY,247.5,102,25245.0
2023-04-14,2423,A,BUY,33.95,822,27906.9
2023-04-14,4129,A,BUY,66.2,996,65935.2
2023-04-14,6122,A,BUY,33.0,1999,65967.0
2023-04-14,1108,A,BUY,16.05,4111,65981.55
2023-04-14,5009,A,BUY,58.8,1122,65973.59999999999
2023-04-14,3078,A,BUY,49.35,505,24921.75
2023-04-14,1504,A,BUY,44.85,1471,65974.35
2023-04-21,2423,A,SELL,34.45,1943,66936.35
2023-04-21,3324,A,SELL,231.5,266,61579.0
2023-04-21,3025,A,SELL,30.85,1999,61669.15
2023-04-21,6248,A,SELL,32.3,1879,60691.7
2023-04-21,6203,A,SELL,68.2,897,61175.4
2023-04-21,6263,A,SELL,118.0,540,63720.0
2023-04-21,4129,A,SELL,59.3,996,59062.799999999996
2023-04-21,6122,A,SELL,29.95,1999,59870.049999999996
2023-04-21,1108,A,SELL,16.0,4111,65776.0
2023-04-21,5009,A,SELL,54.3,1122,60924.6
2023-04-21,1504,A,SELL,43.8,1471,64429.799999999996
2023-04-21,6163,A,BUY,25.3,2522,63806.6
2023-04-21,3011,A,BUY,29.45,2166,63788.7
2023-04-21,3363,A,BUY,31.25,2042,63812.5
2023-04-21,3038,A,BUY,27.8,2295,63801.0
2023-04-21,1519,A,BUY,95.4,668,63727.200000000004
2023-04-21,6186,A,BUY,44.0,1450,63800.0
2023-04-21,6743,A,BUY,60.3,1058,63797.399999999994
2023-04-21,6167,A,BUY,17.05,3742,63801.100000000006
2023-04-21,2353,A,BUY,29.9,2134,63806.6
2023-04-21,3231,A,BUY,44.5,1433,63768.5
2023-04-21,5213,A,BUY,26.75,2385,63798.75
2023-04-28,3078,A,SELL,54.4,1337,72732.8
2023-04-28,6163,A,SELL,24.5,2522,61789.0
2023-04-28,3011,A,SELL,30.55,2166,66171.3
2023-04-28,3363,A,SELL,38.8,2042,79229.59999999999
2023-04-28,1519,A,SELL,94.9,668,63393.200000000004
2023-04-28,6743,A,SELL,59.3,1058,62739.399999999994
2023-04-28,2353,A,SELL,30.25,2134,64553.5
2023-04-28,3231,A,SELL,46.5,1433,66634.5
2023-04-28,1905,A,BUY,24.5,2697,66076.5
2023-04-28,6218,A,BUY,24.2,2731,66090.2
2023-04-28,6263,A,BUY,127.5,518,66045.0
2023-04-28,2634,A,BUY,58.0,1139,66062.0
2023-04-28,1529,A,BUY,42.0,1573,66066.0
2023-04-28,2247,A,BUY,297.0,222,65934.0
2023-04-28,6266,A,BUY,41.85,1579,66081.15000000001
2023-04-28,1584,A,BUY,42.5,1555,66087.5
2023-05-05,3056,A,SELL,48.9,1360,66504.0
2023-05-05,3518,A,SELL,32.2,2163,69648.6
2023-05-05,2457,A,SELL,71.2,956,68067.2
2023-05-05,3038,A,SELL,30.15,2295,69194.25
2023-05-05,6167,A,SELL,18.25,3742,68291.5
2023-05-05,5213,A,SELL,27.1,2385,64633.5
2023-05-05,6263,A,SELL,128.0,518,66304.0
2023-05-05,2634,A,SELL,56.4,1139,64239.6
2023-05-05,2247,A,SELL,289.5,222,64269.0
2023-05-05,6266,A,SELL,41.75,1579,65923.25
2023-05-05,1584,A,SELL,40.5,1555,62977.5
2023-05-05,4121,A,BUY,34.75,1897,65920.75
2023-05-05,1727,A,BUY,41.45,1590,65905.5
2023-05-05,1731,A,BUY,22.4,2942,65900.8
2023-05-05,2630,A,BUY,33.5,1967,65894.5
2023-05-05,6803,A,BUY,306.5,215,65897.5
2023-05-05,4104,A,BUY,93.5,705,65917.5
2023-05-05,1104,A,BUY,29.65,2223,65911.95
2023-05-05,2704,A,BUY,41.45,1590,65905.5
2023-05-05,2530,A,BUY,21.95,3003,65915.84999999999
2023-05-05,4763,A,BUY,548.0,120,65760.0
2023-05-05,2480,A,BUY,109.5,602,65919.0
2023-05-12,6186,A,SELL,44.15,1450,64017.5
2023-05-12,1905,A,SELL,24.05,2697,64862.85
2023-05-12,6218,A,SELL,27.8,2731,75921.8
2023-05-12,1529,A,SELL,37.1,1573,58358.3
2023-05-12,4121,A,SELL,29.45,1897,55866.65
2023-05-12,1727,A,SELL,37.3,1590,59306.99999999999
2023-05-12,4104,A,SELL,91.5,705,64507.5
2023-05-12,2530,A,SELL,22.05,3003,66216.15000000001
2023-05-12,4763,A,SELL,546.0,120,65520.0
2023-05-12,2480,A,SELL,109.0,602,65618.0
2023-05-12,8085,A,BUY,37.7,1706,64316.200000000004
2023-05-12,2887,A,BUY,18.25,3525,64331.25
2023-05-12,5864,A,BUY,17.95,3584,64332.799999999996
2023-05-12,6214,A,BUY,90.4,711,64274.4
2023-05-12,6112,A,BUY,63.9,1006,64283.4
2023-05-12,2493,A,BUY,57.3,1122,64290.6
2023-05-12,2421,A,BUY,65.0,989,64285.0
2023-05-12,6111,A,BUY,88.1,730,64312.99999999999
2023-05-12,2812,A,BUY,14.55,4421,64325.55
2023-05-12,6203,A,BUY,80.0,804,64320.0
2023-05-19,1731,A,SELL,22.85,2942,67224.7
2023-05-19,2630,A,SELL,33.1,1967,65107.700000000004
2023-05-19,6803,A,SELL,322.0,215,69230.0
2023-05-19,1104,A,SELL,27.25,2223,60576.75
2023-05-19,2421,A,SELL,71.7,989,70911.3
2023-05-19,6111,A,SELL,85.3,730,62269.0
2023-05-19,2812,A,SELL,14.7,4421,64988.7
2023-05-19,6203,A,SELL,80.4,804,64641.600000000006
2023-05-19,9943,A,BUY,80.8,812,65609.59999999999
2023-05-19,6139,A,BUY,63.9,1027,65625.3
2023-05-19,5356,A,BUY,27.2,2412,65606.4
2023-05-19,8422,A,BUY,204.0,321,65484.0
2023-05-19,6235,A,BUY,113.0,580,65540.0
2023-05-19,2480,A,BUY,113.0,580,65540.0
2023-05-19,2382,A,BUY,109.0,602,65618.0
2023-05-19,2247,A,BUY,304.5,215,65467.5
2023-05-26,8085,A,SELL,38.1,1706,64998.600000000006
2023-05-26,2887,A,SELL,18.35,3525,64683.75000000001
2023-05-26,6214,A,SELL,98.0,711,69678.0
2023-05-26,6112,A,SELL,70.0,1006,70420.0
2023-05-26,2493,A,SELL,63.0,1122,70686.0
2023-05-26,5356,A,SELL,27.65,2412,66691.8
2023-05-26,8422,A,SELL,204.0,321,65484.0
2023-05-26,6235,A,SELL,112.5,580,65250.0
2023-05-26,2480,A,SELL,115.5,580,66990.0
2023-05-26,2382,A,SELL,115.5,602,69531.0
2023-05-26,2247,A,SELL,284.5,215,61167.5
2023-05-26,2323,A,BUY,10.85,6159,66825.15
2023-05-26,5243,A,BUY,82.6,809,66823.4
2023-05-26,2421,A,BUY,84.5,790,66755.0
2023-05-26,3617,A,BUY,193.5,345,66757.5
2023-05-26,2427,A,BUY,24.35,2744,66816.40000000001
2023-05-26,2722,A,BUY,68.1,981,66806.09999999999
2023-05-26,3231,A,BUY,65.0,1028,66820.0
2023-05-26,8905,A,BUY,28.85,2316,66816.6
2023-05-26,2206,A,BUY,70.2,952,66830.40000000001
2023-05-26,1519,A,BUY,135.5,493,66801.5
2023-05-26,1503,A,BUY,138.5,482,66757.0
2023-06-02,2704,A,SELL,48.65,1590,77353.5
2023-06-02,9943,A,SELL,93.2,812,75678.40000000001
2023-06-02,6139,A,SELL,60.8,1027,62441.6
2023-06-02,5243,A,SELL,89.6,809,72486.4
2023-06-02,3617,A,SELL,191.5,345,66067.5
2023-06-02,2722,A,SELL,71.5,981,70141.5
2023-06-02,1519,A,SELL,158.0,493,77894.0
2023-06-02,1503,A,SELL,156.5,482,75433.0
2023-06-02,1525,A,BUY,110.5,395,43647.5
2023-06-02,2493,A,BUY,68.5,638,43703.0
2023-06-02,6579,A,BUY,137.5,318,43725.0
2023-06-02,2323,A,SELL,12.25,2587,31690.75
2023-06-02,2618,A,BUY,36.45,1200,43740.0
2023-06-02,2427,A,SELL,29.5,1260,37170.0
2023-06-02,5864,A,SELL,22.5,1639,36877.5
2023-06-02,8905,A,SELL,32.25,959,30927.75
2023-06-02,6124,A,BUY,35.05,1248,43742.399999999994
2023-06-02,2206,A,SELL,88.1,455,40085.5
2023-06-02,2352,A,BUY,42.4,1031,43714.4
2023-06-02,2421,A,SELL,87.9,292,25666.800000000003
2023-06-02,3231,A,SELL,71.1,412,29293.199999999997
2023-06-02,2376,A,BUY,203.0,215,43645.0
2023-06-02,8422,A,BUY,207.5,210,43575.0
2023-06-02,3231,B,BUY,71.1,922,65554.2
2023-06-02,3443,B,BUY,1425.0,76,108300.0
2023-06-02,2382,B,BUY,118.0,927,109386.0
2023-06-02,1519,B,BUY,158.0,692,109336.0
2023-06-09,2421,A,SELL,91.2,498,45417.6
2023-06-09,2427,A,SELL,25.8,1484,38287.200000000004
2023-06-09,3231,A,SELL,73.0,1538,112274.0
2023-06-09,8905,A,SELL,33.2,1357,45052.4
2023-06-09,1525,A,SELL,110.5,395,43647.5
2023-06-09,2493,A,SELL,68.8,638,43894.4
2023-06-09,6579,A,SELL,135.5,318,43089.0
2023-06-09,2618,A,SELL,35.85,1200,43020.0
2023-06-09,6124,A,SELL,36.8,1248,45926.399999999994
2023-06-09,8422,A,SELL,208.5,210,43785.0
2023-06-09,1519,B,SELL,153.5,692,106222.0
2023-06-09,2486,A,BUY,43.5,1033,44935.5
2023-06-09,9943,A,BUY,101.0,445,44945.0
2023-06-09,2704,A,BUY,52.3,859,44925.7
2023-06-09,2630,A,BUY,61.4,732,44944.799999999996
2023-06-09,8112,A,BUY,49.45,909,44950.05
2023-06-09,5508,A,BUY,70.3,639,44921.7
2023-06-09,6016,A,BUY,13.3,3380,44954.0
2023-06-09,6125,A,BUY,44.7,1005,44923.5
2023-06-09,4533,A,BUY,18.0,2498,44964.0
2023-06-09,2539,A,BUY,39.75,1131,44957.25
2023-06-09,3231,B,BUY,73.0,1539,112347.0
2023-06-09,2376,B,BUY,240.5,252,60606.0
2023-06-16,2206,A,SELL,91.8,497,45624.6
2023-06-16,9943,A,SELL,104.0,445,46280.0
2023-06-16,2704,A,SELL,53.2,859,45698.8
2023-06-16,2630,A,SELL,60.4,732,44212.799999999996
2023-06-16,8112,A,SELL,48.9,909,44450.1
2023-06-16,5508,A,SELL,71.6,639,45752.399999999994
2023-06-16,6125,A,SELL,47.85,1005,48089.25
2023-06-16,2539,A,SELL,41.4,1131,46823.4
2023-06-16,4533,A,SELL,25.15,588,14788.199999999999
2023-06-16,2376,A,SELL,254.5,278,70751.0
2023-06-16,4979,A,BUY,92.1,521,47984.1
2023-06-16,6189,A,BUY,44.25,1085,48011.25
2023-06-16,2618,A,BUY,40.2,1194,47998.8
2023-06-16,6235,A,BUY,167.5,286,47905.0
2023-06-16,2425,A,BUY,40.4,1188,47995.2
2023-06-16,2383,A,BUY,244.0,196,47824.0
2023-06-16,2382,A,SELL,149.0,604,89996.0
2023-06-16,8034,A,BUY,21.8,2202,48003.6
2023-06-16,2382,B,BUY,149.0,482,71818.0
2023-06-16,2376,B,BUY,254.5,282,71769.0
2023-06-21,5864,A,SELL,25.2,1945,49014.0
2023-06-21,2352,A,SELL,47.65,1031,49127.15
2023-06-21,6016,A,SELL,14.0,3380,47320.0
2023-06-21,6189,A,SELL,44.1,1085,47848.5
2023-06-21,2618,A,SELL,40.45,1194,48297.3
2023-06-21,6235,A,SELL,155.5,286,44473.0
2023-06-21,2425,A,SELL,40.8,1188,48470.399999999994
2023-06-21,2383,A,SELL,240.5,196,47138.0
2023-06-21,8034,A,SELL,22.45,2202,49434.9
2023-06-21,6125,A,BUY,63.5,761,48323.5
2023-06-21,2722,A,BUY,113.0,427,48251.0
2023-06-21,1234,A,BUY,42.25,1144,48334.0
2023-06-21,2371,A,BUY,51.7,935,48339.5
2023-06-21,2376,A,SELL,260.0,285,74100.0
2023-06-21,2468,A,BUY,43.9,1101,48333.9
2023-06-21,2610,A,BUY,27.9,1733,48350.7
2023-06-21,1103,A,BUY,22.85,2116,48350.600000000006
2023-06-21,1449,A,BUY,23.25,2079,48336.75
2023-06-21,2704,A,BUY,55.5,871,48340.5
2023-06-21,2618,B,BUY,40.45,2988,120864.6
2023-06-30,2323,A,SELL,14.1,3572,50365.2
2023-06-30,2376,A,SELL,243.5,186,45291.0
2023-06-30,3443,B,SELL,1605.0,76,121980.0
2023-06-30,2722,A,SELL,95.0,427,40565.0
2023-06-30,1234,A,SELL,41.25,1144,47190.0
2023-06-30,2610,A,SELL,26.2,1733,45404.6
2023-06-30,1103,A,SELL,21.5,2116,45494.0
2023-06-30,1449,A,SELL,21.5,2079,44698.5
2023-06-30,2704,A,SELL,52.8,871,45988.799999999996
2023-06-30,2059,A,BUY,663.0,72,47736.0
2023-06-30,8085,A,BUY,50.2,964,48392.8
2023-06-30,5356,A,BUY,31.7,1526,48374.2
2023-06-30,6191,A,BUY,45.9,1054,48378.6
2023-06-30,1522,A,BUY,37.15,1302,48369.299999999996
2023-06-30,6124,A,BUY,46.35,1044,48389.4
2023-06-30,2886,A,BUY,38.2,1266,48361.200000000004
2023-06-30,3231,A,SELL,90.8,1005,91254.0
2023-06-30,2425,A,BUY,40.65,1190,48373.5
2023-06-30,3231,B,BUY,90.8,798,72458.4
2023-06-30,2376,B,BUY,243.5,496,120776.0
2023-07-07,2486,A,SELL,45.7,1033,47208.100000000006
2023-07-07,2371,A,SELL,54.6,935,51051.0
2023-07-07,2468,A,SELL,36.85,1101,40571.85
2023-07-07,8085,A,SELL,48.55,964,46802.2
2023-07-07,5356,A,SELL,31.55,1526,48145.3
2023-07-07,1522,A,SELL,36.15,1302,47067.299999999996
2023-07-07,6124,A,SELL,47.1,1044,49172.4
2023-07-07,2886,A,SELL,37.3,1266,47221.799999999996
2023-07-07,2425,A,SELL,42.5,1190,50575.0
2023-07-07,4979,A,SELL,139.5,154,21483.0
2023-07-07,6451,A,BUY,122.5,417,51082.5
2023-07-07,5864,A,BUY,30.5,1674,51057.0
2023-07-07,3035,A,BUY,244.5,208,50856.0
2023-07-07,3231,A,SELL,106.0,850,90100.0
2023-07-07,1603,A,BUY,36.85,1386,51074.1
2023-07-07,4533,A,SELL,35.95,488,17543.600000000002
2023-07-07,4583,A,BUY,263.5,193,50855.5
2023-07-07,4207,A,BUY,17.15,2978,51072.7
2023-07-07,6187,A,BUY,109.0,468,51012.0
2023-07-07,3089,A,BUY,125.0,408,51000.0
2023-07-07,8050,A,BUY,97.1,526,51074.6
2023-07-07,3231,B,BUY,106.0,722,76532.0
2023-07-14,4533,A,SELL,31.2,1422,44366.4
2023-07-14,6125,A,SELL,79.9,761,60803.9
2023-07-14,6191,A,SELL,49.45,1054,52120.3
2023-07-14,5864,A,SELL,25.85,1674,43272.9
2023-07-14,1603,A,SELL,36.05,1386,49965.299999999996
2023-07-14,4583,A,SELL,258.0,193,49794.0
2023-07-14,4207,A,SELL,17.9,2978,53306.2
2023-07-14,6187,A,SELL,118.5,468,55458.0
2023-07-14,8050,A,SELL,103.5,526,54441.0
2023-07-14,3231,A,SELL,142.0,819,116298.0
2023-07-14,3284,A,BUY,20.55,2653,54519.15
2023-07-14,5234,A,BUY,143.5,380,54530.0
2023-07-14,2383,A,BUY,306.5,177,54250.5
2023-07-14,2382,A,SELL,198.0,529,104742.0
2023-07-14,1535,A,BUY,62.6,871,54524.6
2023-07-14,6139,A,BUY,81.4,670,54538.00000000001
2023-07-14,2539,A,BUY,45.9,1188,54529.2
2023-07-14,3289,A,BUY,117.0,466,54522.0
2023-07-14,1229,A,BUY,71.1,767,54533.7
2023-07-14,3231,B,BUY,142.0,575,81650.0
2023-07-14,2382,B,BUY,198.0,412,81576.0
2023-07-21,2618,B,SELL,37.1,2988,110854.8
2023-07-21,6451,A,SELL,120.0,417,50040.0
2023-07-21,3284,A,SELL,19.75,2653,52396.75
2023-07-21,5234,A,SELL,145.0,380,55100.0
2023-07-21,1535,A,SELL,56.4,871,49124.4
2023-07-21,6139,A,SELL,78.4,670,52528.00000000001
2023-07-21,3289,A,SELL,108.0,466,50328.0
2023-07-21,1229,A,SELL,69.6,767,53383.2
2023-07-21,3035,A,SELL,379.5,62,23529.0
2023-07-21,3483,A,BUY,151.5,364,55146.0
2023-07-21,6187,A,BUY,131.0,421,55151.0
2023-07-21,2382,A,SELL,226.0,443,100118.0
2023-07-21,6579,A,BUY,191.0,288,55008.0
2023-07-21,3013,A,BUY,56.8,971,55152.799999999996
2023-07-21,8210,A,BUY,225.5,244,55022.0
2023-07-21,2356,A,BUY,67.0,823,55141.0
2023-07-21,6442,A,BUY,75.1,734,55123.399999999994
2023-07-21,3231,A,SELL,147.5,586,86435.0
2023-07-21,2382,B,BUY,226.0,365,82490.0
2023-07-21,3231,B,BUY,147.5,560,82600.0
2023-07-28,3035,A,SELL,319.5,146,46647.0
2023-07-28,3013,A,SELL,48.6,971,47190.6
2023-07-28,8210,A,SELL,219.0,244,53436.0
2023-07-28,6442,A,SELL,76.4,734,56077.600000000006
2023-07-28,2383,A,SELL,418.0,38,15884.0
2023-07-28,4763,A,BUY,950.0,61,57950.0
2023-07-28,4953,A,BUY,167.0,347,57949.0
2023-07-28,3014,A,BUY,158.0,367,57986.0
2023-07-28,4979,A,SELL,198.5,74,14689.0
2023-07-28,3017,A,BUY,352.0,164,57728.0
2023-07-28,3338,A,BUY,70.7,820,57974.0
2023-07-28,6016,A,BUY,16.05,3613,57988.65
2023-08-04,2059,A,SELL,817.0,72,58824.0
2023-08-04,3483,A,SELL,143.5,364,52234.0
2023-08-04,6187,A,SELL,123.0,421,51783.0
2023-08-04,2356,A,SELL,58.0,823,47734.0
2023-08-04,4953,A,SELL,142.5,347,49447.5
2023-08-04,3338,A,SELL,62.8,820,51496.0
2023-08-04,6016,A,SELL,15.3,3613,55278.9
2023-08-04,6186,A,BUY,49.65,1029,51089.85
2023-08-04,2329,A,BUY,47.0,1087,51089.0
2023-08-04,5508,A,BUY,75.8,674,51089.2
2023-08-04,2851,A,BUY,23.65,2161,51107.649999999994
2023-08-04,3363,A,BUY,68.1,750,51074.99999999999
2023-08-04,2425,A,BUY,51.6,990,51084.0
2023-08-04,3056,A,BUY,51.0,1002,51102.0
2023-08-04,2886,A,BUY,39.6,1290,51084.0
2023-08-04,1535,A,BUY,58.5,873,51070.5
2023-08-04,2301,B,BUY,140.0,860,120400.0
2023-08-11,2382,B,SELL,223.5,610,136335.0
2023-08-11,3231,B,SELL,115.0,934,107410.0
2023-08-11,4979,A,SELL,141.0,293,41313.0
2023-08-11,2376,B,SELL,300.5,496,149048.0
2023-08-11,6579,A,SELL,165.5,288,47664.0
2023-08-11,4763,A,SELL,772.0,61,47092.0
2023-08-11,6186,A,SELL,49.15,1029,50575.35
2023-08-11,5508,A,SELL,71.3,674,48056.2
2023-08-11,3363,A,SELL,54.3,750,40725.0
2023-08-11,3056,A,SELL,52.2,1002,52304.4
2023-08-11,2886,A,SELL,37.65,1290,48568.5
2023-08-11,1535,A,SELL,57.2,873,49935.600000000006
2023-08-11,2301,B,SELL,137.0,860,117820.0
2023-08-11,8930,A,BUY,29.85,2771,82714.35
2023-08-11,2851,A,BUY,25.0,1148,28700.0
2023-08-11,2383,A,BUY,405.0,65,26325.0
2023-08-11,3483,A,BUY,146.5,564,82626.0
2023-08-11,6191,A,BUY,52.1,1587,82682.7
2023-08-11,2539,A,BUY,47.6,550,26180.0
2023-08-11,2329,A,BUY,45.4,735,33369.0
2023-08-11,3583,A,BUY,218.0,379,82622.0
2023-08-11,2425,A,BUY,53.5,556,29746.0
2023-08-11,1477,A,BUY,308.0,268,82544.0
2023-08-11,2301,A,BUY,137.0,603,82611.0
2023-08-11,3017,A,BUY,321.0,93,29853.0
2023-08-11,6535,A,BUY,62.2,1330,82726.0
2023-08-11,3014,A,BUY,137.0,236,32332.0
2023-08-11,2368,A,BUY,178.5,463,82645.5
2023-08-18,2539,A,SELL,45.5,1738,79079.0
2023-08-18,3014,A,SELL,134.5,603,81103.5
2023-08-18,2851,A,SELL,23.3,3309,77099.7
2023-08-18,3483,A,SELL,143.0,564,80652.0
2023-08-18,1477,A,SELL,298.0,268,79864.0
2023-08-18,6535,A,SELL,58.5,1330,77805.0
2023-08-18,2488,A,BUY,37.65,2227,83846.55
2023-08-18,2363,A,BUY,26.4,3176,83846.4
2023-08-18,6139,A,BUY,90.0,931,83790.0
2023-08-18,2059,A,BUY,906.0,92,83352.0
2023-08-18,3035,A,BUY,328.0,255,83640.0
2023-08-25,2425,A,SELL,50.1,1546,77454.6
2023-08-25,8930,A,SELL,27.55,2771,76341.05
2023-08-25,3583,A,SELL,226.0,379,85654.0
2023-08-25,2059,A,SELL,893.0,92,82156.0
2023-08-25,3035,A,SELL,334.0,255,85170.0
2023-08-25,2363,A,SELL,33.7,659,22208.300000000003
2023-08-25,2516,A,BUY,7.8,10873,84809.4
2023-08-25,1477,A,BUY,337.0,251,84587.0
2023-08-25,2538,A,BUY,15.0,5654,84810.0
2023-08-25,2360,A,BUY,281.5,301,84731.5
2023-08-25,2376,A,BUY,342.5,247,84597.5
2023-08-25,8210,A,BUY,226.5,374,84711.0
2023-09-01,3017,A,SELL,329.0,257,84553.0
2023-09-01,2301,A,SELL,134.5,603,81103.5
2023-09-01,2488,A,SELL,39.6,2227,88189.2
2023-09-01,2538,A,SELL,14.65,5654,82831.1
2023-09-01,2360,A,SELL,272.0,301,81872.0
2023-09-01,2376,A,SELL,323.0,247,79781.0
2023-09-01,8210,A,SELL,216.5,374,80971.0
2023-09-01,8927,A,BUY,65.0,1287,83655.0
2023-09-01,3311,A,BUY,42.6,1965,83709.0
2023-09-01,3715,A,BUY,56.9,1471,83699.9
2023-09-01,2331,A,BUY,40.25,2079,83679.75
2023-09-01,2816,A,BUY,27.0,3100,83700.0
2023-09-01,4763,A,BUY,990.0,84,83160.0
2023-09-01,8930,A,BUY,29.0,2886,83694.0
2023-09-08,2383,A,SELL,446.5,204,91086.0
2023-09-08,2329,A,SELL,44.25,1822,80623.5
2023-09-08,2368,A,SELL,208.5,463,96535.5
2023-09-08,6139,A,SELL,93.0,931,86583.0
2023-09-08,1477,A,SELL,344.0,251,86344.0
2023-09-08,2331,A,SELL,34.65,2079,72037.34999999999
2023-09-08,3548,A,BUY,118.5,730,86505.0
2023-09-08,6165,A,BUY,39.0,2220,86580.0
2023-09-08,2485,A,BUY,28.25,3065,86586.25
2023-09-08,6173,A,BUY,49.75,1740,86565.0
2023-09-08,4908,A,BUY,60.3,1436,86590.8
2023-09-08,3014,A,BUY,162.5,532,86450.0
2023-09-15,8927,A,SELL,60.2,1287,77477.40000000001
2023-09-15,6165,A,SELL,34.05,2220,75591.0
2023-09-15,2025,A,BUY,7.47,11924,89072.28
2023-09-15,1582,A,BUY,65.0,1370,89050.0
2023-09-22,6191,A,SELL,59.6,1587,94585.2
2023-09-22,2516,A,SELL,7.46,10873,81112.58
2023-09-22,3311,A,SELL,42.05,1965,82628.25
2023-09-22,3715,A,SELL,67.3,1471,98998.3
2023-09-22,4763,A,SELL,1090.0,84,91560.0
2023-09-22,8930,A,SELL,32.65,2886,94227.9
2023-09-22,2485,A,SELL,24.15,3065,74019.75
2023-09-22,6173,A,SELL,46.45,1740,80823.0
2023-09-22,3014,A,SELL,164.5,532,87514.0
2023-09-22,1582,A,SELL,64.2,1370,87954.0
2023-09-22,3709,A,BUY,34.55,2483,85787.65
2023-09-22,1522,A,BUY,43.5,1972,85782.0
2023-09-22,3090,A,BUY,60.4,1420,85768.0
2023-09-22,1319,A,BUY,79.4,1080,85752.0
2023-09-22,8068,A,BUY,45.6,1881,85773.6
2023-09-22,1339,A,BUY,55.6,1543,85790.8
2023-09-22,9929,A,BUY,15.25,5626,85796.5
2023-09-22,4908,A,SELL,75.5,299,22574.5
2023-09-22,5533,A,BUY,19.25,4457,85797.25
2023-09-22,9930,A,BUY,59.3,1446,85747.8
2023-09-22,8081,A,BUY,266.0,322,85652.0
2023-09-28,2816,A,SELL,27.15,3100,84165.0
2023-09-28,2025,A,SELL,7.81,11924,93126.44
2023-09-28,8068,A,SELL,41.1,1881,77309.1
2023-09-28,9930,A,SELL,57.8,1446,83578.8
2023-09-28,2543,A,BUY,14.4,5927,85348.8
2023-09-28,3036,A,BUY,111.5,765,85297.5
2023-09-28,3715,A,BUY,83.8,1018,85308.4
2023-09-28,8930,A,BUY,34.0,2510,85340.0
2023-10-06,3090,A,SELL,59.3,1420,84206.0
2023-10-06,9929,A,SELL,16.15,5626,90859.9
2023-10-06,8930,A,SELL,34.5,2510,86595.0
2023-10-06,2417,A,BUY,34.25,2545,87166.25
2023-10-06,2025,A,BUY,7.6,11471,87179.59999999999
2023-10-06,9930,A,BUY,58.5,1490,87165.0
2023-10-13,3709,A,SELL,30.2,2483,74986.59999999999
2023-10-13,1522,A,SELL,42.3,1972,83415.59999999999
2023-10-13,8081,A,SELL,264.0,322,85008.0
2023-10-13,9930,A,SELL,57.3,1490,85377.0
2023-10-13,2363,A,SELL,47.7,654,31195.800000000003
2023-10-13,1477,A,BUY,360.0,246,88560.0
2023-10-13,3051,A,BUY,31.3,2838,88829.40000000001
2023-10-13,3090,A,BUY,59.5,1493,88833.5
2023-10-13,2368,A,BUY,223.0,398,88754.0
2023-10-20,3548,A,SELL,141.5,730,103295.0
2023-10-20,5533,A,SELL,19.55,4457,87134.35
2023-10-20,2417,A,SELL,28.75,2545,73168.75
2023-10-20,2025,A,SELL,7.57,11471,86835.47
2023-10-20,3051,A,SELL,32.0,2838,90816.0
2023-10-20,3090,A,SELL,57.2,1493,85399.6
2023-10-20,2368,A,SELL,192.5,398,76615.0
2023-10-20,2233,A,BUY,140.5,624,87672.0
2023-10-20,3702,A,BUY,67.8,1293,87665.4
2023-10-20,9946,A,BUY,17.3,5070,87711.0
2023-10-20,3679,A,BUY,102.5,855,87637.5
2023-10-20,2516,A,BUY,9.1,9639,87714.9
2023-10-20,3276,A,BUY,23.35,3756,87702.6
2023-10-20,2816,A,BUY,34.15,2568,87697.2
2023-10-27,1319,A,SELL,76.4,1080,82512.0
2023-10-27,1339,A,SELL,62.1,1543,95820.3
2023-10-27,3715,A,SELL,81.9,1018,83374.20000000001
2023-10-27,5521,A,BUY,9.36,9462,88564.31999999999
2023-10-27,1582,A,BUY,67.0,1321,88507.0
2023-10-27,3548,A,BUY,139.5,634,88443.0
2023-11-03,1477,A,SELL,381.0,246,93726.0
2023-11-03,3679,A,SELL,97.5,855,83362.5
2023-11-03,3276,A,SELL,22.25,3756,83571.0
2023-11-03,2543,A,SELL,19.3,1227,23681.100000000002
2023-11-03,2417,A,BUY,34.8,2606,90688.79999999999
2023-11-03,8016,A,BUY,283.0,320,90560.0
2023-11-03,2025,A,BUY,7.88,11511,90706.68
2023-11-10,2363,A,SELL,45.1,1863,84021.3
2023-11-10,4908,A,SELL,89.7,1137,101988.90000000001
2023-11-10,2516,A,SELL,8.91,9639,85883.49
2023-11-10,2816,A,SELL,36.25,2568,93090.0
2023-11-10,5521,A,SELL,8.67,9462,82035.54
2023-11-10,2417,A,SELL,33.25,2606,86649.5
2023-11-10,8016,A,SELL,284.5,320,91040.0
2023-11-10,2025,A,SELL,7.5,11511,86332.5
2023-11-10,3376,A,BUY,112.0,484,54208.0
2023-11-10,5519,A,BUY,27.2,1994,54236.799999999996
2023-11-10,5508,A,BUY,86.2,629,54219.8
2023-11-10,9924,A,BUY,48.15,1126,54216.9
2023-11-10,1713,A,BUY,41.25,1315,54243.75
2023-11-10,9946,A,SELL,18.6,2152,40027.200000000004
2023-11-10,8163,A,BUY,51.4,1055,54227.0
2023-11-10,1582,A,SELL,72.8,575,41860.0
2023-11-10,3036,A,SELL,138.5,373,51660.5
2023-11-10,2850,A,BUY,71.0,764,54244.0
2023-11-10,2543,A,SELL,21.3,2152,45837.6
2023-11-10,3702,A,SELL,72.2,541,39060.200000000004
2023-11-10,3548,A,SELL,179.0,330,59070.0
2023-11-10,4967,A,BUY,87.1,622,54176.2
2023-11-10,2233,A,SELL,137.0,227,31099.0
2023-11-10,3661,B,BUY,3200.0,56,179200.0
2023-11-10,3715,B,BUY,80.7,2241,180848.7
2023-11-10,2363,B,BUY,45.1,4010,180851.0
2023-11-17,3036,A,SELL,114.0,392,44688.0
2023-11-17,2233,A,SELL,140.5,397,55778.5
2023-11-17,3702,A,SELL,71.2,752,53542.4
2023-11-17,3548,A,SELL,199.0,304,60496.0
2023-11-17,8163,A,SELL,51.6,1055,54438.0
2023-11-17,2850,A,SELL,69.5,764,53098.0
2023-11-17,4967,A,SELL,90.2,622,56104.4
2023-11-17,3661,B,SELL,3230.0,56,180880.0
2023-11-17,2385,A,BUY,152.5,380,57950.0
2023-11-17,2543,A,SELL,33.4,810,27054.0
2023-11-17,3402,A,BUY,59.0,983,57997.0
2023-11-17,5213,A,BUY,29.9,1940,58006.0
2023-11-17,2439,A,BUY,107.0,542,57994.0
2023-11-17,2387,A,BUY,58.2,996,57967.200000000004
2023-11-17,4129,A,BUY,82.7,701,57972.700000000004
2023-11-17,4766,A,BUY,270.0,214,57780.0
2023-11-17,2363,B,BUY,49.0,1910,93590.0
2023-11-17,3715,B,BUY,93.4,864,80697.6
2023-11-24,3376,A,SELL,123.0,484,59532.0
2023-11-24,5519,A,SELL,28.8,1994,57427.200000000004
2023-11-24,5508,A,SELL,91.2,629,57364.8
2023-11-24,1713,A,SELL,41.35,1315,54375.25
2023-11-24,2385,A,SELL,155.5,380,59090.0
2023-11-24,2387,A,SELL,56.0,996,55776.0
2023-11-24,4766,A,SELL,254.0,214,54356.0
2023-11-24,3545,A,BUY,125.0,462,57750.0
2023-11-24,5533,A,BUY,23.65,2446,57847.899999999994
2023-11-24,2547,A,BUY,9.75,5934,57856.5
2023-11-24,1515,A,BUY,60.3,959,57827.7
2023-11-24,2539,A,BUY,49.85,1160,57826.0
2023-11-24,2355,A,BUY,49.8,1161,57817.799999999996
2023-11-24,3005,A,BUY,102.0,567,57834.0
2023-12-01,9946,A,SELL,21.5,2918,62737.0
2023-12-01,9924,A,SELL,50.0,1126,56300.0
2023-12-01,4129,A,SELL,88.2,701,61828.200000000004
2023-12-01,5533,A,SELL,23.3,2446,56991.8
2023-12-01,2547,A,SELL,9.67,5934,57381.78
2023-12-01,1515,A,SELL,58.0,959,55622.0
2023-12-01,2539,A,SELL,49.1,1160,56956.0
2023-12-01,2355,A,SELL,51.2,1161,59443.200000000004
2023-12-01,3005,A,SELL,105.0,567,59535.0
2023-12-01,3437,A,BUY,32.85,1855,60936.75
2023-12-01,5478,A,BUY,174.5,349,60900.5
2023-12-01,2467,A,BUY,61.0,999,60939.0
2023-12-01,1733,A,BUY,29.15,2090,60923.5
2023-12-01,3266,A,BUY,17.45,3492,60935.399999999994
2023-12-01,2313,A,BUY,72.1,845,60924.49999999999
2023-12-01,2476,A,BUY,66.7,913,60897.100000000006
2023-12-01,8442,A,BUY,110.5,551,60885.5
2023-12-01,2313,B,BUY,72.1,1474,106275.4
2023-12-01,2363,B,SELL,48.3,1713,82737.9
2023-12-01,3715,B,SELL,109.0,1241,135269.0
2023-12-08,2543,A,SELL,28.0,1738,48664.0
2023-12-08,2363,B,SELL,44.85,4207,188683.95
2023-12-08,3402,A,SELL,69.7,983,68515.1
2023-12-08,2439,A,SELL,115.0,542,62330.0
2023-12-08,3545,A,SELL,121.5,462,56133.0
2023-12-08,1733,A,SELL,30.3,2090,63327.0
2023-12-08,2313,A,SELL,69.0,2319,160011.0
2023-12-08,8442,A,SELL,98.7,551,54383.700000000004
2023-12-08,2211,A,BUY,89.1,656,58449.6
2023-12-08,2385,A,BUY,176.0,332,58432.0
2023-12-08,3390,A,BUY,26.2,2234,58530.799999999996
2023-12-08,6121,A,BUY,418.0,140,58520.0
2023-12-08,2612,A,BUY,57.4,1019,58490.6
2023-12-08,1616,A,BUY,16.25,3602,58532.5
2023-12-08,2472,A,BUY,70.4,831,58502.4
2023-12-08,3051,A,BUY,42.1,1390,58519.0
2023-12-08,1519,B,BUY,367.0,398,146066.0
2023-12-08,2313,B,BUY,69.0,2120,146280.0
2023-12-08,2329,B,BUY,60.6,2414,146288.4
2023-12-15,1582,A,SELL,85.0,746,63410.0
2023-12-15,5213,A,SELL,33.1,1940,64214.0
2023-12-15,3437,A,SELL,31.0,1855,57505.0
2023-12-15,5478,A,SELL,179.0,349,62471.0
2023-12-15,2467,A,SELL,62.8,999,62737.2
2023-12-15,3266,A,SELL,19.6,3492,68443.20000000001
2023-12-15,2612,A,SELL,55.0,1019,56045.0
2023-12-15,1616,A,SELL,14.65,3602,52769.3
2023-12-15,3051,A,SELL,40.7,1390,56573.00000000001
2023-12-15,2329,B,SELL,58.5,2414,141219.0
2023-12-15,6239,A,BUY,152.5,381,58102.5
2023-12-15,5515,A,BUY,18.0,3232,58176.0
2023-12-15,8930,A,BUY,41.0,1418,58138.0
2023-12-15,8112,A,BUY,68.0,855,58140.0
2023-12-15,1514,A,BUY,87.2,667,58162.4
2023-12-15,5521,A,BUY,14.5,4012,58174.0
2023-12-15,4939,A,BUY,21.8,2668,58162.4
2023-12-15,1733,A,BUY,32.6,1784,58158.4
2023-12-15,2547,A,BUY,10.15,5731,58169.65
2023-12-15,3661,B,BUY,3440.0,42,144480.0
2023-12-22,3715,B,SELL,86.8,1864,161795.19999999998
2023-12-22,2476,A,SELL,71.1,913,64914.299999999996
2023-12-22,2385,A,SELL,174.5,332,57934.0
2023-12-22,3390,A,SELL,25.8,2234,57637.200000000004
2023-12-22,6121,A,SELL,407.0,140,56980.0
2023-12-22,2472,A,SELL,70.9,831,58917.9
2023-12-22,5515,A,SELL,17.8,3232,57529.600000000006
2023-12-22,8112,A,SELL,59.9,855,51214.5
2023-12-22,1514,A,SELL,79.9,667,53293.3
2023-12-22,4939,A,SELL,20.85,2668,55627.8
2023-12-22,2547,A,SELL,9.95,5731,57023.45
2023-12-22,3661,B,SELL,3370.0,42,141540.0
2023-12-22,2505,A,BUY,22.4,2513,56291.2
2023-12-22,5426,A,BUY,29.7,1895,56281.5
2023-12-22,2031,A,BUY,60.6,929,56297.4
2023-12-22,3296,A,BUY,19.75,2851,56307.25
2023-12-22,2636,A,BUY,95.1,592,56299.2
2023-12-22,5213,A,BUY,35.85,1570,56284.5
2023-12-22,3211,A,BUY,98.9,569,56274.100000000006
2023-12-22,4109,A,BUY,17.1,3292,56293.200000000004
2023-12-22,3008,A,BUY,2650.0,21,55650.0
2023-12-22,1104,A,BUY,29.8,1889,56292.200000000004
2023-12-22,1519,B,BUY,321.0,186,59706.0
2023-12-22,2329,B,BUY,55.2,3400,187680.0
2023-12-29,6239,A,SELL,141.0,381,53721.0
2023-12-29,8930,A,SELL,38.25,1418,54238.5
2023-12-29,5521,A,SELL,14.7,4012,58976.399999999994
2023-12-29,2031,A,SELL,57.7,929,53603.3
2023-12-29,2636,A,SELL,86.7,592,51326.4
2023-12-29,3211,A,SELL,89.9,569,51153.100000000006
2023-12-29,1104,A,SELL,29.7,1889,56103.299999999996
2023-12-29,2353,A,BUY,53.8,1042,56059.6
2023-12-29,2357,A,BUY,489.5,114,55803.0
2023-12-29,9935,A,BUY,22.25,2520,56070.0
2023-12-29,6873,A,BUY,130.5,429,55984.5
2023-12-29,1733,A,SELL,40.3,392,15797.599999999999
2023-12-29,3390,A,BUY,29.4,1907,56065.799999999996
2023-12-29,5403,A,BUY,114.5,489,55990.5
2023-12-29,1532,A,BUY,41.95,1336,56045.200000000004
2024-01-05,1733,A,SELL,37.05,1392,51573.6
2024-01-05,5426,A,SELL,24.4,1895,46238.0
2024-01-05,3296,A,SELL,20.7,2851,59015.7
2024-01-05,5213,A,SELL,34.55,1570,54243.49999999999
2024-01-05,3008,A,SELL,2595.0,21,54495.0
2024-01-05,2357,A,SELL,454.0,114,51756.0
2024-01-05,1532,A,SELL,41.0,1336,54776.0
2024-01-05,2611,A,BUY,18.35,3011,55251.850000000006
2024-01-05,1615,A,BUY,45.6,1211,55221.6
2024-01-05,1325,A,BUY,43.0,1285,55255.0
2024-01-05,8103,A,BUY,45.7,1209,55251.3
2024-01-05,3402,A,BUY,73.1,755,55190.49999999999
2024-01-05,2548,A,BUY,96.6,572,55255.2
2024-01-05,6186,A,BUY,59.5,928,55216.0
2024-01-05,1519,B,SELL,334.0,170,56780.0
2024-01-05,2353,B,BUY,48.25,1821,87863.25
2024-01-05,2329,B,SELL,54.2,851,46124.200000000004
2024-01-12,4109,A,SELL,16.6,3292,54647.200000000004
2024-01-12,2353,A,SELL,47.0,2863,134561.0
2024-01-12,9935,A,SELL,21.55,2520,54306.0
2024-01-12,3390,A,SELL,28.2,1907,53777.4
2024-01-12,2611,A,SELL,17.5,3011,52692.5
2024-01-12,1325,A,SELL,42.7,1285,54869.50000000001
2024-01-12,8103,A,SELL,43.95,1209,53135.55
2024-01-12,3402,A,SELL,71.9,755,54284.50000000001
2024-01-12,2548,A,SELL,95.4,572,54568.8
2024-01-12,6219,A,BUY,32.7,1676,54805.200000000004
2024-01-12,5244,A,BUY,46.5,1178,54777.0
2024-01-12,6416,A,BUY,111.0,493,54723.0
2024-01-12,5426,A,BUY,28.95,1893,54802.35
2024-01-12,2348,A,BUY,93.7,584,54720.8
2024-01-12,3293,A,BUY,767.0,71,54457.0
2024-01-12,2527,A,BUY,27.5,1993,54807.5
2024-01-12,2467,A,BUY,68.0,806,54808.0
2024-01-12,9939,A,BUY,125.5,436,54718.0
2024-01-12,2353,B,BUY,47.0,2915,137005.0
2024-01-19,2313,B,SELL,67.4,2120,142888.0
2024-01-19,2505,A,SELL,21.5,2513,54029.5
2024-01-19,6186,A,SELL,59.4,928,55123.2
2024-01-19,2348,A,SELL,95.4,584,55713.600000000006
2024-01-19,2527,A,SELL,27.05,1993,53910.65
2024-01-19,2467,A,SELL,69.3,806,55855.799999999996
2024-01-19,6120,A,BUY,16.9,3325,56192.49999999999
2024-01-19,4109,A,BUY,20.15,2789,56198.35
2024-01-19,5426,A,SELL,37.75,404,15251.0
2024-01-19,3702,A,BUY,86.7,648,56181.6
2024-01-19,3296,A,BUY,21.25,2645,56206.25
2024-01-19,1514,A,BUY,80.0,702,56160.0
2024-01-19,2353,B,BUY,45.95,1162,53393.9
2024-01-26,6416,A,SELL,108.5,493,53490.5
2024-01-26,3293,A,SELL,799.0,71,56729.0
2024-01-26,9939,A,SELL,131.5,436,57334.0
2024-01-26,6120,A,SELL,15.8,3325,52535.0
2024-01-26,1514,A,SELL,83.0,702,58266.0
2024-01-26,6869,A,BUY,121.0,473,57233.0
2024-01-26,8027,A,BUY,87.0,658,57246.0
2024-01-26,3265,A,BUY,118.0,485,57230.0
2024-01-26,4129,A,BUY,100.5,569,57184.5
2024-01-26,2527,A,BUY,29.3,1953,57222.9
2024-01-26,3661,B,BUY,3895.0,29,112955.0
2024-01-26,2353,B,SELL,45.7,945,43186.5
2024-02-02,5244,A,SELL,49.3,1178,58075.399999999994
2024-02-02,4109,A,SELL,19.95,2789,55640.549999999996
2024-02-02,3702,A,SELL,88.5,648,57348.0
2024-02-02,3296,A,SELL,21.8,2645,57661.0
2024-02-02,6869,A,SELL,110.0,473,52030.0
2024-02-02,4129,A,SELL,93.9,569,53429.100000000006
2024-02-02,3661,B,SELL,3985.0,29,115565.0
2024-02-02,3535,A,BUY,25.25,2337,59009.25
2024-02-02,3605,A,BUY,38.3,1541,59020.299999999996
2024-02-02,3376,A,BUY,174.5,338,58981.0
2024-02-02,2467,A,BUY,86.8,679,58937.2
2024-02-02,3293,A,BUY,838.0,70,58660.0
2024-02-02,9939,A,BUY,136.0,433,58888.0
2024-02-02,2353,B,BUY,45.95,1149,52796.55
2024-02-05,2211,A,SELL,111.5,656,73144.0
2024-02-05,5426,A,SELL,38.9,1489,57922.1
2024-02-05,9939,A,SELL,137.5,433,59537.5
2024-02-05,6265,A,BUY,14.25,4156,59223.0
2024-02-05,1713,A,BUY,46.9,1262,59187.799999999996
2024-02-05,2330,A,BUY,646.0,91,58786.0
2024-02-05,3017,B,BUY,485.5,202,98071.0
2024-02-05,1519,B,SELL,492.0,113,55596.0
2024-02-05,2353,B,SELL,46.3,1082,50096.6
2024-02-16,5403,A,SELL,132.0,489,64548.0
2024-02-16,1615,A,SELL,47.3,1211,57280.299999999996
2024-02-16,2353,B,SELL,48.65,3199,155631.35
2024-02-16,2527,A,SELL,29.95,1953,58492.35
2024-02-16,3535,A,SELL,24.1,2337,56321.700000000004
2024-02-16,3605,A,SELL,37.9,1541,58403.899999999994
2024-02-16,3293,A,SELL,835.0,70,58450.0
2024-02-16,6265,A,SELL,15.65,4156,65041.4
2024-02-16,1713,A,SELL,42.0,1262,53004.0
2024-02-16,6584,A,BUY,175.0,354,61950.0
2024-02-16,3289,A,BUY,131.5,471,61936.5
2024-02-16,6442,A,BUY,112.0,553,61936.0
2024-02-16,3017,A,SELL,510.0,80,40800.0
2024-02-16,6187,A,BUY,228.0,272,62016.0
2024-02-16,6201,A,BUY,64.0,969,62016.0
2024-02-16,1519,A,SELL,503.0,177,89031.0
2024-02-16,3402,A,BUY,92.0,674,62008.0
2024-02-16,3017,B,BUY,510.0,182,92820.0
2024-02-16,1519,B,BUY,503.0,184,92552.0
2024-02-16,3036,B,BUY,163.0,951,155013.0
2024-02-16,2329,B,SELL,77.4,545,42183.0
2024-02-23,6873,A,SELL,150.0,429,64350.0
2024-02-23,6219,A,SELL,36.2,1676,60671.200000000004
2024-02-23,8027,A,SELL,98.9,658,65076.200000000004
2024-02-23,3265,A,SELL,131.5,485,63777.5
2024-02-23,3376,A,SELL,166.0,338,56108.0
2024-02-23,2330,A,SELL,697.0,91,63427.0
2024-02-23,3289,A,SELL,130.5,471,61465.5
2024-02-23,6201,A,SELL,61.3,969,59399.7
2024-02-23,3402,A,SELL,97.5,674,65715.0
2024-02-23,3036,B,SELL,169.5,951,161194.5
2024-02-23,6442,A,SELL,145.5,112,16296.0
2024-02-23,8064,A,BUY,29.45,2176,64083.2
2024-02-23,5443,A,BUY,50.0,1282,64100.0
2024-02-23,3362,A,BUY,261.5,245,64067.5
2024-02-23,2539,A,BUY,62.0,1034,64108.0
2024-02-23,2467,A,SELL,136.0,207,28152.0
2024-02-23,3663,A,BUY,47.15,1359,64076.85
2024-02-23,6189,A,BUY,82.0,781,64042.0
2024-02-23,6290,A,BUY,88.8,721,64024.799999999996
2024-02-23,5225,A,BUY,91.1,703,64043.299999999996
2024-02-23,4994,A,BUY,77.1,831,64070.1
2024-02-23,1519,A,SELL,560.0,193,108080.0
2024-02-23,3661,B,BUY,3900.0,41,159900.0
2024-02-23,1519,B,BUY,560.0,171,95760.0
2024-03-01,2467,A,SELL,124.5,472,58764.0
2024-03-01,6187,A,SELL,252.0,272,68544.0
2024-03-01,2539,A,SELL,61.1,1034,63177.4
2024-03-01,3663,A,SELL,46.9,1359,63737.1
2024-03-01,6189,A,SELL,78.5,781,61308.5
2024-03-01,5225,A,SELL,95.9,703,67417.7
2024-03-01,3312,A,BUY,42.15,1555,65543.25
2024-03-01,3363,A,BUY,120.5,544,65552.0
2024-03-01,6227,A,BUY,59.9,1094,65530.6
2024-03-01,4303,A,BUY,46.0,1425,65550.0
2024-03-01,8931,A,BUY,59.8,1096,65540.8
2024-03-01,6165,A,BUY,49.55,1323,65554.65
2024-03-01,6776,A,BUY,68.6,955,65512.99999999999
2024-03-01,8473,A,BUY,41.4,1584,65577.59999999999
2024-03-08,1519,B,SELL,502.0,286,143572.0
2024-03-08,2329,B,SELL,67.3,2004,134869.19999999998
2024-03-08,6442,A,SELL,132.0,441,58212.0
2024-03-08,8064,A,SELL,26.6,2176,57881.600000000006
2024-03-08,3362,A,SELL,260.0,245,63700.0
2024-03-08,6290,A,SELL,86.8,721,62582.799999999996
2024-03-08,3661,B,SELL,3825.0,41,156825.0
2024-03-08,8931,A,SELL,54.3,1096,59512.799999999996
2024-03-08,6165,A,SELL,50.3,1323,66546.9
2024-03-08,8473,A,SELL,38.3,1584,60667.2
2024-03-08,4994,A,SELL,97.4,176,17142.4
2024-03-08,2809,A,BUY,47.85,1332,63736.200000000004
2024-03-08,2504,A,BUY,36.4,1751,63736.399999999994
2024-03-08,4707,A,BUY,13.7,4653,63746.1
2024-03-08,5234,A,BUY,151.0,422,63722.0
2024-03-08,8099,A,BUY,60.0,1062,63720.0
2024-03-08,5225,A,BUY,103.5,615,63652.5
2024-03-08,6023,A,BUY,69.2,921,63733.200000000004
2024-03-08,2379,A,BUY,587.0,108,63396.0
2024-03-08,2330,B,BUY,784.0,203,159152.0
2024-03-08,2454,B,BUY,1230.0,129,158670.0
2024-03-08,1513,B,BUY,161.5,853,137759.5
2024-03-15,6584,A,SELL,201.0,354,71154.0
2024-03-15,5443,A,SELL,49.65,1282,63651.299999999996
2024-03-15,3312,A,SELL,36.15,1555,56213.25
2024-03-15,3363,A,SELL,118.0,544,64192.0
2024-03-15,6227,A,SELL,51.3,1094,56122.2
2024-03-15,4303,A,SELL,42.9,1425,61132.5
2024-03-15,6776,A,SELL,65.9,955,62934.50000000001
2024-03-15,2504,A,SELL,36.15,1751,63298.649999999994
2024-03-15,4707,A,SELL,13.8,4653,64211.4
2024-03-15,5234,A,SELL,140.0,422,59080.0
2024-03-15,2379,A,SELL,594.0,108,64152.0
2024-03-15,2834,A,BUY,16.35,3866,63209.100000000006
2024-03-15,2527,A,BUY,35.05,1803,63195.149999999994
2024-03-15,2845,A,BUY,14.35,4404,63197.4
2024-03-15,2109,A,BUY,16.45,3842,63200.899999999994
2024-03-15,2548,A,BUY,106.5,593,63154.5
2024-03-15,3188,A,BUY,23.85,2650,63202.50000000001
2024-03-15,2883,A,BUY,14.15,4467,63208.05
2024-03-15,6005,A,BUY,18.6,3398,63202.8
2024-03-15,2597,A,BUY,150.0,421,63150.0
2024-03-15,2539,A,BUY,69.4,910,63154.00000000001
2024-03-22,3017,B,SELL,589.0,304,179056.0
2024-03-22,5225,A,SELL,113.5,615,69802.5
2024-03-22,2834,A,SELL,15.75,3866,60889.5
2024-03-22,2527,A,SELL,37.2,1803,67071.6
2024-03-22,2845,A,SELL,14.2,4404,62536.799999999996
2024-03-22,2109,A,SELL,17.3,3842,66466.6
2024-03-22,2883,A,SELL,14.05,4467,62761.350000000006
2024-03-22,6005,A,SELL,19.1,3398,64901.8
2024-03-22,2597,A,SELL,150.0,421,63150.0
2024-03-22,2539,A,SELL,69.0,910,62790.0
2024-03-22,2317,A,BUY,145.5,446,64893.0
2024-03-22,6128,A,BUY,39.15,1658,64910.7
2024-03-22,5312,A,BUY,106.0,612,64872.0
2024-03-22,1503,A,BUY,274.0,237,64938.0
2024-03-22,4994,A,SELL,131.0,159,20829.0
2024-03-22,2611,A,BUY,24.2,2683,64928.6
2024-03-22,4915,A,BUY,84.5,768,64896.0
2024-03-22,6239,A,BUY,195.0,333,64935.0
2024-03-22,6177,A,BUY,39.65,1637,64907.049999999996
2024-03-22,6026,A,BUY,15.7,4136,64935.2
2024-03-22,2317,B,BUY,145.5,669,97339.5
2024-03-29,4994,A,SELL,115.0,496,57040.0
2024-03-29,2809,A,SELL,51.6,1332,68731.2
2024-03-29,2454,B,SELL,1195.0,129,154155.0
2024-03-29,5312,A,SELL,105.0,612,64260.0
2024-03-29,1503,A,SELL,292.0,237,69204.0
2024-03-29,2611,A,SELL,23.45,2683,62916.35
2024-03-29,4915,A,SELL,83.7,768,64281.600000000006
2024-03-29,6239,A,SELL,200.5,333,66766.5
2024-03-29,6026,A,SELL,15.65,4136,64728.4
2024-03-29,2359,A,BUY,72.5,910,65975.0
2024-03-29,2317,A,SELL,150.0,674,101100.0
2024-03-29,1442,A,BUY,45.0,1467,66015.0
2024-03-29,2505,A,BUY,27.65,2388,66028.2
2024-03-29,8099,A,SELL,78.1,216,16869.6
2024-03-29,5534,A,BUY,88.4,747,66034.8
2024-03-29,4513,A,BUY,27.95,2362,66017.9
2024-03-29,9911,A,BUY,84.0,786,66024.0
2024-03-29,2903,A,BUY,29.6,2230,66008.0
2024-03-29,6605,A,BUY,219.5,300,65850.0
2024-03-29,2317,B,BUY,150.0,659,98850.0
2024-03-29,3017,B,BUY,546.0,302,164892.0
2024-04-03,8099,A,SELL,75.5,846,63873.0
2024-04-03,3188,A,SELL,26.5,2650,70225.0
2024-04-03,6177,A,SELL,43.8,1637,71700.59999999999
2024-04-03,1442,A,SELL,44.8,1467,65721.59999999999
2024-04-03,2505,A,SELL,26.7,2388,63759.6
2024-04-03,2903,A,SELL,30.0,2230,66900.0
2024-04-03,6605,A,SELL,223.0,300,66900.0
2024-04-03,2359,A,SELL,96.3,209,20126.7
2024-04-03,1215,A,BUY,112.0,602,67424.0
2024-04-03,2527,A,BUY,45.6,1479,67442.40000000001
2024-04-03,5434,A,BUY,239.0,282,67398.0
2024-04-03,2317,A,SELL,159.0,675,107325.0
2024-04-03,2535,A,BUY,58.4,1155,67452.0
2024-04-03,4958,A,BUY,129.5,520,67340.0
2024-04-03,2850,A,BUY,85.5,788,67374.0
2024-04-03,2317,B,BUY,159.0,635,100965.0
2024-04-12,6023,A,SELL,80.0,921,73680.0
2024-04-12,2317,A,SELL,150.5,1060,159530.0
2024-04-12,6128,A,SELL,42.55,1658,70547.9
2024-04-12,9911,A,SELL,89.3,786,70189.8
2024-04-12,1215,A,SELL,106.0,602,63812.0
2024-04-12,2527,A,SELL,49.5,1479,73210.5
2024-04-12,5434,A,SELL,248.5,282,70077.0
2024-04-12,2535,A,SELL,56.7,1155,65488.5
2024-04-12,4958,A,SELL,117.5,520,61100.0
2024-04-12,2850,A,SELL,88.7,788,69895.6
2024-04-12,4513,A,SELL,42.45,685,29078.250000000004
2024-04-12,2504,A,BUY,43.4,1639,71132.59999999999
2024-04-12,6005,A,BUY,21.75,3271,71144.25
2024-04-12,2348,A,BUY,163.5,435,71122.5
2024-04-12,5371,A,BUY,98.1,725,71122.5
2024-04-12,3703,A,BUY,32.55,2185,71121.75
2024-04-12,2393,A,BUY,60.7,1172,71140.40000000001
2024-04-12,2809,A,BUY,55.2,1288,71097.6
2024-04-12,2855,A,BUY,26.85,2649,71125.65000000001
2024-04-12,1442,A,BUY,48.05,1480,71114.0
2024-04-12,1514,A,BUY,168.0,423,71064.0
2024-04-12,2317,B,BUY,150.5,1181,177740.5
2024-04-19,2548,A,SELL,149.5,593,88653.5
2024-04-19,2359,A,SELL,91.2,701,63931.200000000004
2024-04-19,4513,A,SELL,37.9,1677,63558.299999999996
2024-04-19,2348,A,SELL,188.0,435,81780.0
2024-04-19,5371,A,SELL,95.7,725,69382.5
2024-04-19,2809,A,SELL,54.0,1288,69552.0
2024-04-19,2855,A,SELL,26.65,2649,70595.84999999999
2024-04-19,1514,A,SELL,165.0,423,69795.0
2024-04-19,5534,A,SELL,123.0,165,20295.0
2024-04-19,4935,A,BUY,60.6,1180,71508.0
2024-04-19,1612,A,BUY,41.1,1740,71514.0
2024-04-19,6186,A,BUY,79.0,905,71495.0
2024-04-19,1608,A,BUY,42.45,1685,71528.25
2024-04-19,3501,A,BUY,60.0,1192,71520.0
2024-04-19,6873,A,BUY,197.0,363,71511.0
2024-04-19,5508,A,BUY,163.0,438,71394.0
2024-04-19,2530,A,BUY,53.0,1349,71497.0
2024-04-19,6177,A,BUY,47.05,1520,71516.0
2024-04-26,3017,B,SELL,642.0,302,193884.0
2024-04-26,2504,A,SELL,46.95,1639,76951.05
2024-04-26,2393,A,SELL,61.2,1172,71726.40000000001
2024-04-26,1612,A,SELL,37.3,1740,64901.99999999999
2024-04-26,1608,A,SELL,37.1,1685,62513.5
2024-04-26,3501,A,SELL,59.5,1192,70924.0
2024-04-26,6873,A,SELL,181.0,363,65703.0
2024-04-26,5508,A,SELL,181.0,438,79278.0
2024-04-26,2530,A,SELL,50.5,1349,68124.5
2024-04-26,2101,A,BUY,59.5,1217,72411.5
2024-04-26,9946,A,BUY,37.5,1931,72412.5
2024-04-26,2536,A,BUY,39.05,1855,72437.75
2024-04-26,2501,A,BUY,37.8,1916,72424.79999999999
2024-04-26,2534,A,BUY,25.85,2802,72431.7
2024-04-26,1457,A,BUY,23.55,3076,72439.8
2024-04-26,2903,A,BUY,33.45,2165,72419.25
2024-04-26,2546,A,BUY,108.0,670,72360.0
2024-04-26,2371,B,BUY,67.5,2683,181102.5
2024-05-03,3703,A,SELL,39.6,2185,86526.0
2024-05-03,2536,A,SELL,39.85,1855,73921.75
2024-05-03,2501,A,SELL,40.5,1916,77598.0
2024-05-03,1457,A,SELL,24.7,3076,75977.2
2024-05-03,2903,A,SELL,34.35,2165,74367.75
2024-05-03,2546,A,SELL,116.5,670,78055.0
2024-05-03,2371,B,SELL,63.8,2683,171175.4
2024-05-03,6177,A,SELL,68.4,424,29001.600000000002
2024-05-03,5508,A,BUY,229.5,326,74817.0
2024-05-03,2520,A,BUY,61.0,1228,74908.0
2024-05-03,2540,A,BUY,145.5,515,74932.5
2024-05-03,2611,A,BUY,28.9,2593,74937.7
2024-05-03,3017,B,BUY,662.0,283,187346.0
2024-05-10,1513,B,SELL,178.0,853,151834.0
2024-05-10,5534,A,SELL,117.5,582,68385.0
2024-05-10,6005,A,SELL,24.8,3271,81120.8
2024-05-10,1442,A,SELL,54.6,1480,80808.0
2024-05-10,2101,A,SELL,54.9,1217,66813.3
2024-05-10,9946,A,SELL,36.9,1931,71253.9
2024-05-10,2534,A,SELL,26.3,2802,73692.6
2024-05-10,5508,A,SELL,203.5,326,66341.0
2024-05-10,2520,A,SELL,56.9,1228,69873.2
2024-05-10,2611,A,SELL,29.05,2593,75326.65000000001
2024-05-10,1614,A,BUY,49.6,1481,73457.6
2024-05-10,2852,A,BUY,25.05,2932,73446.6
2024-05-10,3491,A,BUY,213.0,344,73272.0
2024-05-10,6768,A,BUY,91.8,800,73440.0
2024-05-10,3501,A,BUY,63.0,1166,73458.0
2024-05-10,1446,A,BUY,51.8,1418,73452.4
2024-05-10,3030,A,BUY,123.5,594,73359.0
2024-05-10,5522,A,BUY,80.0,918,73440.0
2024-05-10,6024,A,BUY,60.0,1224,73440.0
2024-05-10,3679,A,BUY,142.5,515,73387.5
2024-05-10,3188,A,BUY,33.0,2226,73458.0
2024-05-10,2371,B,BUY,64.1,2865,183646.49999999997
2024-05-17,4935,A,SELL,66.8,1180,78824.0
2024-05-17,6186,A,SELL,92.5,905,83712.5
2024-05-17,6177,A,SELL,61.0,1096,66856.0
2024-05-17,1614,A,SELL,48.65,1481,72050.65
2024-05-17,5522,A,SELL,81.2,918,74541.6
2024-05-17,6024,A,SELL,61.2,1224,74908.8
2024-05-17,3679,A,SELL,142.0,515,73130.0
2024-05-17,3188,A,SELL,30.85,2226,68672.1
2024-05-17,2371,B,SELL,60.1,2865,172186.5
2024-05-17,2609,A,BUY,71.0,1044,74124.0
2024-05-17,4903,A,BUY,22.55,3288,74144.40000000001
2024-05-17,3303,A,BUY,42.7,1736,74127.20000000001
2024-05-17,2613,A,BUY,28.95,2561,74140.95
2024-05-17,2374,A,BUY,57.6,1287,74131.2
2024-05-17,2611,A,BUY,31.2,2376,74131.2
2024-05-17,6023,A,BUY,89.8,825,74085.0
2024-05-17,1522,A,BUY,61.5,1205,74107.5
2024-05-17,1519,B,BUY,741.0,250,185250.0
2024-05-24,2540,A,SELL,152.0,515,78280.0
2024-05-24,2852,A,SELL,24.55,2932,71980.6
2024-05-24,6768,A,SELL,96.4,800,77120.0
2024-05-24,3501,A,SELL,67.2,1166,78355.2
2024-05-24,1446,A,SELL,50.7,1418,71892.6
2024-05-24,4903,A,SELL,21.3,3288,70034.40000000001
2024-05-24,2611,A,SELL,30.85,2376,73299.6
2024-05-24,6023,A,SELL,90.6,825,74745.0
2024-05-24,1522,A,SELL,59.8,1205,72059.0
2024-05-24,1519,B,SELL,704.0,250,176000.0
2024-05-24,2392,A,BUY,72.2,1052,75954.40000000001
2024-05-24,3491,A,SELL,290.0,81,23490.0
2024-05-24,3030,A,SELL,170.5,148,25234.0
2024-05-24,6609,A,BUY,43.75,1737,75993.75
2024-05-24,2359,A,BUY,171.5,443,75974.5
2024-05-24,2451,A,BUY,112.0,678,75936.0
2024-05-24,2362,A,BUY,61.6,1233,75952.8
2024-05-24,2367,A,BUY,37.35,2035,76007.25
2024-05-24,6446,A,BUY,424.0,179,75896.0
2024-05-24,2867,A,BUY,7.04,10797,76010.88
2024-05-24,1227,A,BUY,41.7,1822,75977.40000000001
2024-05-24,2359,B,BUY,171.5,665,114047.5
2024-05-31,3491,A,SELL,287.0,263,75481.0
2024-05-31,3303,A,SELL,44.0,1736,76384.0
2024-05-31,2374,A,SELL,58.5,1287,75289.5
2024-05-31,2362,A,SELL,61.5,1233,75829.5
2024-05-31,2367,A,SELL,36.65,2035,74582.75
2024-05-31,6446,A,SELL,417.0,179,74643.0
2024-05-31,2867,A,SELL,7.6,10797,82057.2
2024-05-31,1227,A,SELL,41.9,1822,76341.8
2024-05-31,8374,A,BUY,65.7,1183,77723.1
2024-05-31,2615,A,BUY,79.7,975,77707.5
2024-05-31,3312,A,BUY,67.4,1154,77779.6
2024-05-31,6161,A,BUY,58.5,1329,77746.5
2024-05-31,2365,A,BUY,35.7,2178,77754.6
2024-05-31,2359,A,SELL,175.0,663,116025.0
2024-05-31,2613,A,SELL,40.35,633,25541.55
2024-05-31,9946,A,BUY,45.0,1728,77760.0
2024-05-31,3450,A,BUY,88.5,878,77703.0
2024-05-31,3705,A,BUY,55.7,1396,77757.2
2024-05-31,2609,B,BUY,71.5,1675,119762.5
2024-06-07,3030,A,SELL,168.0,446,74928.0
2024-06-07,2392,A,SELL,70.5,1052,74166.0
2024-06-07,2359,A,SELL,166.5,445,74092.5
2024-06-07,2451,A,SELL,122.0,678,82716.0
2024-06-07,3312,A,SELL,66.9,1154,77202.6
2024-06-07,2365,A,SELL,33.85,2178,73725.3
2024-06-07,9946,A,SELL,49.55,1728,85622.4
2024-06-07,3450,A,SELL,87.5,878,76825.0
2024-06-07,3705,A,SELL,55.3,1396,77198.8
2024-06-07,4566,A,BUY,81.2,969,78682.8
2024-06-07,3491,A,BUY,278.5,282,78537.0
2024-06-07,1446,A,BUY,60.4,1303,78701.2
2024-06-07,6442,A,BUY,246.5,319,78633.5
2024-06-07,3048,A,BUY,32.3,2437,78715.09999999999
2024-06-07,2609,A,SELL,82.9,1769,146650.1
2024-06-07,6446,A,BUY,484.0,162,78408.0
2024-06-07,2540,A,BUY,182.0,432,78624.0
2024-06-07,2374,A,BUY,61.7,1276,78729.2
2024-06-07,4915,A,BUY,107.5,732,78690.0
2024-06-07,2609,B,BUY,82.9,1424,118049.6
2024-06-14,3017,B,SELL,739.0,283,209137.0
2024-06-14,2609,A,SELL,75.4,2374,178999.6
2024-06-14,2613,A,SELL,46.8,1928,90230.4
2024-06-14,6609,A,SELL,44.25,1737,76862.25
2024-06-14,2615,A,SELL,92.8,975,90480.0
2024-06-14,6161,A,SELL,63.4,1329,84258.59999999999
2024-06-14,1446,A,SELL,56.2,1303,73228.6
2024-06-14,3048,A,SELL,37.5,2437,91387.5
2024-06-14,2540,A,SELL,196.0,432,84672.0
2024-06-14,2374,A,SELL,54.0,1276,68904.0
2024-06-14,4967,A,BUY,179.0,456,81624.0
2024-06-14,5263,A,BUY,161.0,507,81627.0
2024-06-14,8114,A,BUY,159.0,514,81726.0
2024-06-14,4534,A,BUY,16.4,4986,81770.4
2024-06-14,3501,A,BUY,74.0,1105,81770.0
2024-06-14,4938,A,BUY,115.5,708,81774.0
2024-06-14,2393,A,BUY,75.2,1087,81742.40000000001
2024-06-14,2392,A,BUY,79.7,1026,81772.2
2024-06-14,6223,A,BUY,537.0,152,81624.0
2024-06-14,2609,B,BUY,75.4,2711,204409.40000000002
2024-06-14,2359,B,BUY,169.5,1206,204417.0
2024-06-21,8374,A,SELL,84.0,1183,99372.0
2024-06-21,3491,A,SELL,291.0,282,82062.0
2024-06-21,6442,A,SELL,315.5,319,100644.5
2024-06-21,6446,A,SELL,482.5,162,78165.0
2024-06-21,4915,A,SELL,96.0,732,70272.0
2024-06-21,4967,A,SELL,148.0,456,67488.0
2024-06-21,8114,A,SELL,160.0,514,82240.0
2024-06-21,3501,A,SELL,75.3,1105,83206.5
2024-06-21,2393,A,SELL,78.9,1087,85764.3
2024-06-21,2392,A,SELL,77.7,1026,79720.2
2024-06-21,6223,A,SELL,528.0,152,80256.0
2024-06-21,2359,B,SELL,159.5,1206,192357.0
2024-06-21,3591,A,BUY,31.45,2645,83185.25
2024-06-21,3450,A,BUY,122.0,682,83204.0
2024-06-21,1231,A,BUY,108.5,766,83111.0
2024-06-21,2317,A,SELL,212.0,788,167056.0
2024-06-21,8028,A,BUY,85.3,975,83167.5
2024-06-21,3374,A,BUY,179.0,464,83056.0
2024-06-21,3048,A,BUY,41.1,2024,83186.40000000001
2024-06-21,3406,A,BUY,645.0,129,83205.0
2024-06-21,2451,A,BUY,132.0,630,83160.0
2024-06-21,2542,A,BUY,52.8,1575,83160.0
2024-06-21,8107,A,BUY,21.45,3879,83204.55
2024-06-21,2317,B,BUY,212.0,588,124656.0
2024-06-21,2454,B,BUY,1490.0,139,207110.0
2024-06-28,4566,A,SELL,97.5,969,94477.5
2024-06-28,5263,A,SELL,162.0,507,82134.0
2024-06-28,4534,A,SELL,19.2,4986,95731.2
2024-06-28,4938,A,SELL,104.5,708,73986.0
2024-06-28,3591,A,SELL,28.8,2645,76176.0
2024-06-28,3374,A,SELL,180.0,464,83520.0
2024-06-28,3048,A,SELL,40.2,2024,81364.8
2024-06-28,2451,A,SELL,115.0,630,72450.0
2024-06-28,8107,A,SELL,21.15,3879,82040.84999999999
2024-06-28,2454,B,SELL,1400.0,139,194600.0
2024-06-28,8114,A,BUY,174.5,468,81666.0
2024-06-28,8099,A,BUY,117.5,695,81662.5
2024-06-28,6446,A,BUY,560.0,145,81200.0
2024-06-28,6442,A,BUY,336.5,242,81433.0
2024-06-28,3652,A,BUY,48.15,1696,81662.4
2024-06-28,4707,A,BUY,15.5,5270,81685.0
2024-06-28,1785,A,BUY,65.3,1250,81625.0
2024-06-28,3501,A,BUY,80.3,1017,81665.09999999999
2024-06-28,2845,A,BUY,16.6,4920,81672.0
2024-06-28,2317,A,SELL,214.0,599,128186.0
2024-06-28,2317,B,BUY,214.0,572,122408.0
2024-06-28,2615,B,BUY,88.6,2304,204134.4
2024-07-05,2330,B,SELL,1005.0,203,204015.0
2024-07-05,3406,A,SELL,611.0,129,78819.0
2024-07-05,2542,A,SELL,55.3,1575,87097.5
2024-07-05,8099,A,SELL,122.0,695,84790.0
2024-07-05,6446,A,SELL,567.0,145,82215.0
2024-07-05,4707,A,SELL,16.05,5270,84583.5
2024-07-05,1785,A,SELL,75.3,1250,94125.0
2024-07-05,3501,A,SELL,78.6,1017,79936.2
2024-07-05,2845,A,SELL,17.2,4920,84624.0
2024-07-05,4534,A,BUY,30.35,2801,85010.35
2024-07-05,8028,A,SELL,121.5,275,33412.5
2024-07-05,8390,A,BUY,78.8,1078,84946.4
2024-07-05,5443,A,BUY,109.0,779,84911.0
2024-07-05,4722,A,BUY,52.5,1619,84997.5
2024-07-05,8374,A,BUY,131.0,648,84888.0
2024-07-05,1423,A,BUY,45.5,1868,84994.0
2024-07-05,3048,A,BUY,52.5,1619,84997.5
2024-07-05,2495,A,BUY,38.25,2222,84991.5
2024-07-05,2359,B,BUY,175.5,1211,212530.5
2024-07-12,2609,B,SELL,64.0,2711,173504.0
2024-07-12,3450,A,SELL,138.0,682,94116.0
2024-07-12,1231,A,SELL,117.0,766,89622.0
2024-07-12,3652,A,SELL,47.1,1696,79881.6
2024-07-12,5443,A,SELL,94.6,779,73693.4
2024-07-12,4722,A,SELL,51.9,1619,84026.09999999999
2024-07-12,8374,A,SELL,103.5,648,67068.0
2024-07-12,1423,A,SELL,44.8,1868,83686.4
2024-07-12,3048,A,SELL,49.85,1619,80707.15000000001
2024-07-12,2495,A,SELL,33.35,2222,74103.7
2024-07-12,4510,A,BUY,29.6,2756,81577.6
2024-07-12,2312,A,BUY,27.55,2961,81575.55
2024-07-12,6133,A,BUY,22.25,3667,81590.75
2024-07-12,3374,A,BUY,216.0,377,81432.0
2024-07-12,1569,A,BUY,32.15,2538,81596.7
2024-07-12,3029,A,BUY,109.5,745,81577.5
2024-07-12,2542,A,BUY,60.7,1344,81580.8
2024-07-12,4109,A,BUY,32.95,2476,81584.20000000001
2024-07-12,6442,A,SELL,474.5,70,33215.0
2024-07-12,2836,A,BUY,13.1,6228,81586.8
2024-07-12,3673,A,BUY,49.85,1636,81554.6
2024-07-12,2615,B,BUY,76.4,1256,95958.40000000001
2024-07-12,2359,B,BUY,164.0,447,73308.0
2024-07-19,8028,A,SELL,114.5,700,80150.0
2024-07-19,8114,A,SELL,195.0,468,91260.0
2024-07-19,2615,B,SELL,71.1,3560,253115.99999999997
2024-07-19,4534,A,SELL,28.55,2801,79968.55
2024-07-19,8390,A,SELL,74.1,1078,79879.79999999999
2024-07-19,6133,A,SELL,22.2,3667,81407.4
2024-07-19,3374,A,SELL,207.5,377,78227.5
2024-07-19,1569,A,SELL,30.25,2538,76774.5
2024-07-19,3029,A,SELL,114.0,745,84930.0
2024-07-19,2836,A,SELL,12.75,6228,79407.0
2024-07-19,3673,A,SELL,49.8,1636,81472.79999999999
2024-07-19,2477,A,BUY,28.3,2807,79438.1
2024-07-19,2243,A,BUY,31.35,2534,79440.90000000001
2024-07-19,6873,A,BUY,288.0,275,79200.0
2024-07-19,2365,A,BUY,63.8,1245,79431.0
2024-07-19,6446,A,BUY,648.0,122,79056.0
2024-07-19,4907,A,BUY,91.0,873,79443.0
2024-07-19,5263,A,BUY,181.0,439,79459.0
2024-07-19,2524,A,BUY,75.2,1056,79411.2
2024-07-19,3019,A,BUY,89.3,889,79387.7
2024-07-19,6186,A,BUY,111.0,715,79365.0
2024-07-19,2317,B,BUY,204.0,344,70176.0
2024-07-19,3450,B,BUY,137.0,1933,264821.0
2024-07-26,2317,B,SELL,192.0,1298,249216.0
2024-07-26,6442,A,SELL,430.0,172,73960.0
2024-07-26,2312,A,SELL,23.4,2961,69287.4
2024-07-26,2477,A,SELL,27.7,2807,77753.9
2024-07-26,5263,A,SELL,174.0,439,76386.0
2024-07-26,3019,A,SELL,85.6,889,76098.4
2024-07-26,6186,A,SELL,108.5,715,77577.5
2024-07-26,2467,A,BUY,205.0,374,76670.0
2024-07-26,3029,A,BUY,109.0,703,76627.0
2024-07-26,8374,A,BUY,122.5,626,76685.0
2024-07-26,6561,A,BUY,431.0,178,76718.0
2024-07-26,3189,A,BUY,120.0,639,76680.0
2024-07-26,6133,A,BUY,20.25,3789,76727.25
2024-07-26,3450,B,BUY,125.0,1136,142000.0
2024-07-26,2359,B,BUY,163.0,695,113285.0
2024-08-02,2359,B,SELL,159.5,2353,375303.5
2024-08-02,4109,A,SELL,30.65,2476,75889.4
2024-08-02,6873,A,SELL,225.0,275,61875.0
2024-08-02,2467,A,SELL,180.5,374,67507.0
2024-08-02,3029,A,SELL,98.1,703,68964.3
2024-08-02,8374,A,SELL,122.0,626,76372.0
2024-08-02,3189,A,SELL,104.5,639,66775.5
2024-08-02,6133,A,SELL,19.7,3789,74643.3
2024-08-02,3188,A,BUY,50.3,1516,76254.8
2024-08-02,2524,A,SELL,115.5,395,45622.5
2024-08-02,4510,A,SELL,38.25,762,29146.5
2024-08-02,3019,A,BUY,88.4,862,76200.8
2024-08-02,3374,A,BUY,225.0,338,76050.0
2024-08-02,2905,A,BUY,19.95,3823,76268.84999999999
2024-08-02,1110,A,BUY,23.6,3231,76251.6
2024-08-02,5263,A,BUY,182.0,419,76258.0
2024-08-02,4720,A,BUY,23.4,3259,76260.59999999999
2024-08-02,3450,B,BUY,118.5,3367,398989.5
2024-08-09,2542,A,SELL,52.9,1344,71097.59999999999
2024-08-09,4907,A,SELL,90.5,873,79006.5
2024-08-09,2524,A,SELL,108.0,661,71388.0
2024-08-09,3450,B,SELL,122.5,6436,788410.0
2024-08-09,3188,A,SELL,43.1,1516,65339.6
2024-08-09,1110,A,SELL,22.6,3231,73020.6
2024-08-09,5263,A,SELL,178.5,419,74791.5
2024-08-09,4720,A,SELL,22.3,3259,72675.7
2024-08-09,1540,A,BUY,40.6,3101,125900.6
2024-08-09,4510,A,BUY,38.35,1289,49433.15
2024-08-09,6561,A,BUY,488.5,79,38591.5
2024-08-09,3522,A,BUY,25.55,4928,125910.40000000001
2024-08-09,3019,A,BUY,95.4,457,43597.8
2024-08-09,6446,A,BUY,688.0,61,41968.0
2024-08-09,2243,A,BUY,27.4,2061,56471.399999999994
2024-08-09,2365,A,BUY,62.9,756,47552.4
2024-08-09,2905,A,BUY,19.7,2568,50589.6
2024-08-09,4534,A,BUY,26.65,4724,125894.59999999999
2024-08-09,4109,A,BUY,30.2,4169,125903.8
2024-08-09,2349,A,BUY,15.3,8230,125919.0
2024-08-09,8028,A,BUY,113.0,1114,125882.0
2024-08-09,3374,A,BUY,208.0,267,55536.0
2024-08-16,2243,A,SELL,28.25,4595,129808.75
2024-08-16,3374,A,SELL,250.5,605,151552.5
2024-08-16,4534,A,SELL,29.25,4724,138177.0
2024-08-16,4109,A,SELL,30.65,4169,127779.84999999999
2024-08-16,2349,A,SELL,15.25,8230,125507.5
2024-08-16,8043,A,BUY,46.4,1730,80272.0
2024-08-16,6754,A,BUY,87.6,916,80241.59999999999
2024-08-16,3019,A,SELL,121.0,655,79255.0
2024-08-16,3522,A,SELL,28.6,2120,60632.0
2024-08-16,2905,A,SELL,20.35,2445,49755.75
2024-08-16,4510,A,SELL,41.15,1331,54770.65
2024-08-16,6561,A,SELL,500.0,96,48000.0
2024-08-16,1540,A,SELL,37.95,985,37380.75
2024-08-16,8374,A,BUY,153.0,524,80172.0
2024-08-16,5263,A,BUY,201.0,399,80199.0
2024-08-16,6446,A,SELL,691.0,66,45606.0
2024-08-16,3188,A,BUY,49.9,1608,80239.2
2024-08-16,2365,A,SELL,64.4,754,48557.600000000006
2024-08-16,8028,A,SELL,133.5,512,68352.0
2024-08-16,5443,A,BUY,110.0,729,80190.0
2024-08-16,2365,B,BUY,64.4,11220,722568.0000000001
2024-08-23,2365,A,SELL,61.9,12467,771707.2999999999
2024-08-23,2905,A,SELL,20.5,3946,80893.0
2024-08-23,5263,A,SELL,202.0,399,80598.0
2024-08-23,3188,A,SELL,42.8,1608,68822.4
2024-08-23,8043,A,BUY,50.7,869,44058.3
2024-08-23,6754,A,BUY,84.5,643,54333.5
2024-08-23,3230,A,BUY,41.0,3215,131815.0
2024-08-23,2888,A,BUY,12.45,10587,131808.15
2024-08-23,6561,A,BUY,503.0,101,50803.0
2024-08-23,3522,A,BUY,29.75,1622,48254.5
2024-08-23,3019,A,BUY,121.5,420,51030.0
2024-08-23,4510,A,BUY,41.1,1255,51580.5
2024-08-23,3374,A,BUY,260.0,506,131560.0
2024-08-23,5443,A,BUY,130.0,284,36920.0
2024-08-23,8028,A,BUY,138.5,349,48336.5
2024-08-23,6446,A,BUY,687.0,74,50838.0
2024-08-23,1540,A,BUY,36.9,1456,53726.4
2024-08-23,1423,A,BUY,44.35,2972,131808.2
2024-08-23,8374,A,BUY,136.0,445,60520.0
2024-08-30,8374,A,SELL,138.0,969,133722.0
2024-08-30,1423,A,SELL,44.7,2972,132848.4
2024-08-30,6609,A,BUY,73.7,1860,137082.0
2024-08-30,2905,A,BUY,20.4,6723,137149.19999999998
2024-09-06,6446,A,SELL,690.0,191,131790.0
2024-09-06,3522,A,SELL,22.6,4430,100118.0
2024-09-06,8028,A,SELL,118.5,951,112693.5
2024-09-06,3374,A,SELL,229.5,506,116127.0
2024-09-06,2905,A,SELL,19.7,6723,132443.1
2024-09-06,4583,A,BUY,600.0,219,131400.0
2024-09-06,4510,A,SELL,52.0,673,34996.0
2024-09-06,1776,A,BUY,21.15,6227,131701.05
2024-09-06,1540,A,SELL,47.7,810,38637.0
2024-09-06,1423,A,BUY,44.5,2959,131675.5
2024-09-06,8374,A,BUY,139.0,947,131633.0
2024-09-06,4534,A,BUY,26.5,4970,131705.0
2024-09-13,6561,A,SELL,481.0,262,126022.0
2024-09-13,8043,A,SELL,41.3,2599,107338.7
2024-09-13,6754,A,SELL,76.5,1559,119263.5
2024-09-13,1776,A,SELL,20.4,6227,127030.79999999999
2024-09-13,4534,A,SELL,24.9,4970,123753.0
2024-09-13,1539,A,BUY,30.6,4341,132834.6
2024-09-13,6446,A,BUY,682.0,194,132308.0
2024-09-13,6606,A,BUY,30.9,4299,132839.1
2024-09-13,3374,A,BUY,241.0,551,132791.0
2024-09-20,6609,A,SELL,89.9,1860,167214.0
2024-09-20,6446,A,SELL,734.0,194,142396.0
2024-09-20,3374,A,SELL,237.0,551,130587.0
2024-09-20,8249,A,BUY,56.4,2413,136093.19999999998
2024-09-20,3230,A,SELL,54.3,707,38390.1
2024-09-20,4974,A,BUY,108.5,1254,136059.0
2024-09-20,8028,A,BUY,128.5,1059,136081.5
2024-09-27,2888,A,SELL,12.0,10587,127044.0
2024-09-27,8374,A,SELL,140.0,947,132580.0
2024-09-27,5234,A,BUY,236.5,569,134568.5
2024-09-27,8074,A,BUY,25.6,5258,134604.80000000002
2024-09-27,1776,A,BUY,23.6,5704,134614.4
2024-10-04,3019,A,SELL,113.0,1084,122492.0
2024-10-04,6606,A,SELL,29.2,4299,125530.8
2024-10-04,2033,A,BUY,22.9,5646,129293.4
2024-10-04,4527,A,BUY,57.4,2252,129264.8
2024-10-11,4510,A,SELL,37.8,2534,95785.2
2024-10-11,1540,A,SELL,39.85,2762,110065.7
2024-10-11,1423,A,SELL,43.1,2959,127532.90000000001
2024-10-11,1539,A,SELL,26.85,4341,116555.85
2024-10-11,1776,A,SELL,20.3,5704,115791.2
2024-10-11,8404,A,BUY,29.05,2441,70911.05
2024-10-11,3167,A,BUY,158.5,447,70849.5
2024-10-11,5234,A,SELL,238.5,271,64633.5
2024-10-11,4583,A,SELL,727.0,121,87967.0
2024-10-11,8429,A,BUY,11.2,6333,70929.59999999999
2024-10-11,3230,A,SELL,53.6,1184,63462.4
2024-10-11,8074,A,SELL,26.0,2529,65754.0
2024-10-11,4527,A,SELL,59.1,1051,62114.1
2024-10-11,2033,A,SELL,20.05,2108,42265.4
2024-10-11,8028,A,SELL,133.5,527,70354.5
2024-10-11,5443,A,SELL,138.5,500,69250.0
2024-10-11,4974,A,SELL,96.8,521,50432.799999999996
2024-10-11,2888,A,BUY,11.9,5960,70924.0
2024-10-11,3019,A,BUY,103.5,685,70897.5
2024-10-11,4909,B,BUY,149.5,1186,177307.0
2024-10-11,3450,B,BUY,207.5,854,177205.0
2024-10-11,6187,B,BUY,490.0,361,176890.0
2024-10-11,5443,B,BUY,138.5,767,106229.5
2024-10-18,8429,A,SELL,10.1,6333,63963.299999999996
2024-10-18,2888,A,SELL,11.6,5960,69136.0
2024-10-18,3019,A,SELL,102.5,685,70212.5
2024-10-18,6187,B,SELL,450.0,361,162450.0
2024-10-18,6438,A,BUY,213.0,332,70716.0
2024-10-18,3709,A,BUY,30.85,2296,70831.6
2024-10-18,1776,A,BUY,21.7,3264,70828.8
2024-10-18,5443,A,SELL,131.5,741,97441.5
2024-10-18,3363,B,BUY,231.5,765,177097.5
2024-10-18,8028,B,BUY,134.5,784,105448.0
2024-10-25,5443,A,SELL,121.5,539,65488.5
2024-10-25,3230,A,SELL,48.9,1324,64743.6
2024-10-25,4974,A,SELL,101.5,733,74399.5
2024-10-25,8028,A,SELL,128.5,1316,169106.0
2024-10-25,1776,A,SELL,21.5,3264,70176.0
2024-10-25,6165,A,BUY,50.2,1533,76956.6
2024-10-25,8240,A,BUY,48.5,1587,76969.5
2024-10-25,4956,A,BUY,42.0,1832,76944.0
2024-10-25,4576,A,BUY,145.0,530,76850.0
2024-10-25,3257,A,BUY,70.6,1090,76954.0
2024-10-25,8249,A,SELL,67.6,1274,86122.4
2024-10-25,3013,B,BUY,162.5,1184,192400.0
2024-11-01,5234,A,SELL,226.5,298,67497.0
2024-11-01,4527,A,SELL,60.3,1201,72420.3
2024-11-01,4909,B,SELL,129.0,1186,152994.0
2024-11-01,6535,A,BUY,361.5,205,74107.5
2024-11-01,1528,A,BUY,21.3,3485,74230.5
2024-11-01,6223,B,BUY,789.0,235,185415.0
2024-11-08,8074,A,SELL,25.05,2729,68361.45
2024-11-08,8404,A,SELL,28.6,2441,69812.6
2024-11-08,3363,B,SELL,213.0,765,162945.0
2024-11-08,4956,A,SELL,36.2,1832,66318.40000000001
2024-11-08,3257,A,SELL,60.8,1090,66272.0
2024-11-08,8937,A,BUY,120.0,623,74760.0
2024-11-08,2354,A,BUY,97.3,768,74726.4
2024-11-08,5234,A,BUY,245.5,304,74632.0
2024-11-08,3230,A,BUY,54.8,1364,74747.2
2024-11-08,6187,B,BUY,467.5,399,186532.5
2024-11-15,3167,A,SELL,130.5,447,58333.5
2024-11-15,3450,B,SELL,230.0,854,196420.0
2024-11-15,3709,A,SELL,29.3,2296,67272.8
2024-11-15,1528,A,SELL,18.7,3485,65169.5
2024-11-15,6223,B,SELL,791.0,235,185885.0
2024-11-15,5234,A,SELL,229.0,304,69616.0
2024-11-15,3230,A,SELL,51.0,1364,69564.0
2024-11-15,3706,A,BUY,68.4,1051,71888.40000000001
2024-11-15,6781,A,BUY,772.0,93,71796.0
2024-11-15,3211,A,BUY,150.0,479,71850.0
2024-11-15,1449,A,BUY,23.55,3054,71921.7
2024-11-15,8404,A,BUY,27.55,2611,71933.05
2024-11-15,2354,B,BUY,96.6,1093,105583.79999999999
2024-11-15,3363,B,BUY,203.5,883,179690.5
2024-11-22,4583,A,SELL,741.0,98,72618.0
2024-11-22,8249,A,SELL,58.3,1139,66403.7
2024-11-22,4576,A,SELL,129.0,530,68370.0
2024-11-22,2354,A,SELL,82.2,1861,152974.2
2024-11-22,6187,B,SELL,473.0,399,188727.0
2024-11-22,3363,B,SELL,206.0,883,181898.0
2024-11-22,8937,A,SELL,150.0,138,20700.0
2024-11-22,8429,A,BUY,12.2,5961,72724.2
2024-11-22,3230,A,BUY,55.8,1303,72707.4
2024-11-22,5234,A,BUY,235.0,309,72615.0
2024-11-22,4956,A,BUY,36.3,2003,72708.9
2024-11-22,2354,B,BUY,82.2,2949,242407.80000000002
2024-11-22,3706,B,BUY,83.0,1869,155127.0
2024-11-29,2033,A,SELL,23.15,3538,81904.7
2024-11-29,6438,A,SELL,212.0,332,70384.0
2024-11-29,6165,A,SELL,45.65,1533,69981.45
2024-11-29,8240,A,SELL,46.7,1587,74112.90000000001
2024-11-29,3013,B,SELL,146.0,1184,172864.0
2024-11-29,3230,A,SELL,56.4,1303,73489.2
2024-11-29,5234,A,SELL,204.5,309,63190.5
2024-11-29,4956,A,SELL,36.55,2003,73209.65
2024-11-29,2354,B,SELL,80.4,2949,237099.6
2024-11-29,3706,A,SELL,84.0,1550,130200.0
2024-11-29,8042,A,BUY,45.8,2512,115049.59999999999
2024-11-29,4931,A,BUY,60.5,1901,115010.5
2024-11-29,2404,A,BUY,428.5,268,114838.0
2024-11-29,6558,A,BUY,38.3,3004,115053.2
2024-11-29,6199,A,BUY,92.6,1242,115009.2
2024-11-29,8937,A,BUY,145.0,308,44660.0
2024-11-29,3712,A,BUY,69.9,1646,115055.40000000001
2024-11-29,8429,A,BUY,12.9,2958,38158.200000000004
2024-11-29,2545,A,BUY,75.9,1515,114988.50000000001
2024-11-29,1449,A,BUY,23.75,1790,42512.5
2024-11-29,8404,A,BUY,29.75,1256,37366.0
2024-12-06,6535,A,SELL,214.0,205,43870.0
2024-12-06,2545,A,SELL,74.5,1515,112867.5
2024-12-06,8042,A,SELL,56.9,1174,66800.59999999999
2024-12-06,3211,A,SELL,227.0,143,32461.0
2024-12-06,6558,A,SELL,45.2,1320,59664.00000000001
2024-12-06,4931,A,SELL,71.5,836,59774.0
2024-12-06,2404,A,SELL,456.5,101,46106.5
2024-12-06,3706,A,SELL,87.0,495,43065.0
2024-12-06,5244,A,BUY,55.0,1383,76065.0
2024-12-06,6199,A,SELL,115.0,580,66700.0
2024-12-06,8937,A,SELL,133.5,222,29637.0
2024-12-06,8429,A,SELL,13.3,3197,42520.100000000006
2024-12-06,3712,A,SELL,68.0,526,35768.0
2024-12-06,8404,A,SELL,30.9,1404,43383.6
2024-12-06,1449,A,SELL,26.5,1972,52258.0
2024-12-06,3230,A,BUY,56.6,1344,76070.40000000001
2024-12-06,3706,B,BUY,87.0,2040,177480.0
2024-12-06,2354,B,BUY,87.2,2908,253577.6
2024-12-06,3450,B,BUY,251.0,1010,253510.0
2024-12-13,8937,A,SELL,124.0,571,70804.0
2024-12-13,1449,A,SELL,22.85,2872,65625.2
2024-12-13,8404,A,SELL,27.2,2463,66993.59999999999
2024-12-13,4931,A,SELL,57.5,1065,61237.5
2024-12-13,8114,A,BUY,338.0,208,70304.0
2024-12-13,3029,A,BUY,154.0,457,70378.0
2024-12-13,2610,A,BUY,26.0,2709,70434.0
2024-12-13,3706,A,SELL,77.7,2008,156021.6
2024-12-13,4979,A,BUY,170.5,413,70416.5
2024-12-13,3706,B,BUY,77.7,1359,105594.3
2024-12-13,2354,B,SELL,80.0,706,56480.0
2024-12-13,3450,B,SELL,257.5,325,83687.5
2024-12-13,3211,B,BUY,192.5,578,111265.0
2024-12-20,8429,A,SELL,11.75,5722,67233.5
2024-12-20,8042,A,SELL,41.3,1338,55259.399999999994
2024-12-20,3712,A,SELL,63.0,1120,70560.0
2024-12-20,3230,A,SELL,57.3,1344,77011.2
2024-12-20,2354,B,SELL,76.7,2202,168893.4
2024-12-20,6691,A,BUY,399.5,173,69113.5
2024-12-20,6781,A,SELL,979.0,22,21538.0
2024-12-20,4931,A,BUY,63.7,1088,69305.6
2024-12-20,8937,A,BUY,130.5,531,69295.5
2024-12-20,3211,A,SELL,190.5,550,104775.0
2024-12-20,3706,A,SELL,72.3,1307,94496.09999999999
2024-12-20,8249,A,BUY,56.0,1237,69272.0
2024-12-20,3706,B,BUY,72.3,2236,161662.8
2024-12-20,3211,B,BUY,190.5,848,161544.0
2024-12-27,3706,A,SELL,70.0,3195,223650.0
2024-12-27,4979,A,SELL,180.5,413,74546.5
2024-12-27,3019,A,BUY,182.0,399,72618.0
2024-12-27,8482,A,BUY,90.1,806,72620.59999999999
2024-12-27,3211,A,SELL,210.5,866,182293.0
2024-12-27,3706,B,BUY,70.0,2593,181510.0
2024-12-27,3211,B,BUY,210.5,516,108618.0
2024-12-27,3019,B,BUY,182.0,598,108836.0
2025-01-03,6558,A,SELL,37.3,1684,62813.2
2025-01-03,5244,A,SELL,45.75,1383,63272.25
2025-01-03,3450,B,SELL,283.5,685,194197.5
2025-01-03,3029,A,SELL,132.0,457,60324.0
2025-01-03,8249,A,SELL,58.3,1237,72117.09999999999
2025-01-03,2233,A,BUY,271.0,262,71002.0
2025-01-03,4126,A,BUY,96.2,738,70995.6
2025-01-03,4974,A,BUY,131.0,542,71002.0
2025-01-03,3019,A,SELL,167.5,572,95810.0
2025-01-03,3211,A,SELL,208.5,521,108628.5
2025-01-03,2049,A,BUY,303.0,234,70902.0
2025-01-03,3706,B,BUY,67.1,2703,181371.3
2025-01-03,3211,B,BUY,208.5,1363,284185.5
2025-01-10,2610,A,SELL,25.7,2709,69621.3
2025-01-10,3019,A,SELL,156.5,425,66512.5
2025-01-10,4974,A,SELL,112.5,542,60975.0
2025-01-10,2049,A,SELL,285.0,234,66690.0
2025-01-10,3645,A,BUY,64.4,1082,69680.8
2025-01-10,6558,A,BUY,48.2,1446,69697.2
2025-01-10,6215,A,BUY,99.4,701,69679.40000000001
2025-01-10,4979,A,BUY,205.0,340,69700.0
2025-01-10,3211,A,SELL,192.0,1340,257280.0
2025-01-10,3450,B,BUY,314.5,554,174233.0
2025-01-10,3211,B,BUY,192.0,544,104448.0
2025-01-10,3019,B,BUY,156.5,488,76372.0
2025-01-10,3706,B,SELL,70.0,2805,196350.0
2025-01-17,3211,A,SELL,182.5,908,165710.0
2025-01-17,3706,B,SELL,66.0,2491,164406.0
2025-01-17,2233,A,SELL,220.0,262,57640.0
2025-01-17,4126,A,SELL,93.5,738,69003.0
2025-01-17,3450,B,SELL,313.0,554,173402.0
2025-01-17,8482,A,SELL,108.5,163,17685.5
2025-01-17,8937,A,SELL,164.5,106,17437.0
2025-01-17,2049,A,BUY,288.5,241,69528.5
2025-01-17,6535,A,BUY,237.5,293,69587.5
2025-01-17,3211,B,BUY,182.5,1911,348757.5
2025-01-17,3019,B,BUY,155.0,1762,273110.0
2025-01-22,8114,A,SELL,336.5,208,69992.0
2025-01-22,6535,A,SELL,237.0,293,69441.0
2025-01-22,6890,A,BUY,495.0,148,73260.0
2025-01-22,3019,A,SELL,158.0,1785,282030.0
2025-01-22,4126,A,BUY,94.6,775,73315.0
2025-01-22,3211,B,SELL,204.5,1013,207158.5
2025-01-22,6781,B,BUY,1215.0,80,97200.0
2025-01-22,4991,B,BUY,139.0,1320,183480.0
2025-01-22,3019,B,BUY,158.0,696,109968.0
2025-01-22,6781,A,SELL,1215.0,90,109350.0
2025-01-22,3019,A,SELL,158.0,696,109968.0
2025-01-22,6781,B,BUY,1215.0,89,108135.0
2025-01-22,3019,B,BUY,158.0,695,109810.0
2025-02-07,6781,A,SELL,1080.0,150,162000.0
2025-02-07,3211,B,SELL,182.0,898,163436.0
2025-02-07,4126,A,SELL,93.2,775,72230.0
2025-02-07,6215,A,SELL,135.5,150,20325.0
2025-02-07,5536,A,BUY,439.5,169,74275.5
2025-02-07,3019,A,SELL,186.0,758,140988.0
2025-02-07,6535,A,BUY,258.5,288,74448.0
2025-02-07,3019,B,BUY,186.0,601,111786.0
2025-02-07,6781,B,BUY,1080.0,172,185760.0
2025-02-07,6558,B,BUY,58.5,1743,101965.5
2025-02-14,2404,A,SELL,448.0,167,74816.0
2025-02-14,6199,A,SELL,117.0,662,77454.0
2025-02-14,6691,A,SELL,423.5,173,73265.5
2025-02-14,4931,A,SELL,63.3,1088,68870.4
2025-02-14,8937,A,SELL,178.5,425,75862.5
2025-02-14,4979,A,SELL,222.0,340,75480.0
2025-02-14,6890,A,SELL,441.5,148,65342.0
2025-02-14,6535,A,SELL,246.0,288,70848.0
2025-02-14,6781,B,SELL,1040.0,172,178880.0
2025-02-14,6206,A,BUY,133.0,541,71953.0
2025-02-14,4722,A,BUY,60.9,1182,71983.8
2025-02-14,1817,A,BUY,49.3,1460,71978.0
2025-02-14,5203,A,BUY,125.0,575,71875.0
2025-02-14,5312,A,BUY,138.5,519,71881.5
2025-02-14,5403,A,BUY,132.5,543,71947.5
2025-02-14,3019,A,SELL,195.0,633,123435.0
2025-02-14,2516,A,BUY,20.85,3453,71995.05
2025-02-14,6558,A,SELL,55.6,1894,105306.40000000001
2025-02-14,3450,B,BUY,300.5,598,179699.0
2025-02-14,3019,B,BUY,195.0,553,107835.0
2025-02-14,3645,B,BUY,77.7,1234,95881.8
2025-02-21,6215,A,SELL,131.5,551,72456.5
2025-02-21,5536,A,SELL,425.5,169,71909.5
2025-02-21,2516,A,SELL,20.95,3453,72340.34999999999
2025-02-21,3450,B,SELL,297.0,598,177606.0
2025-02-21,6206,A,SELL,172.5,110,18975.0
2025-02-21,8096,A,BUY,74.4,998,74251.20000000001
2025-02-21,8234,A,BUY,96.0,773,74208.0
2025-02-21,2032,A,BUY,18.5,4014,74259.0
2025-02-21,4164,A,BUY,57.0,1302,74214.0
2025-02-21,3019,A,SELL,204.0,558,113832.0
2025-02-21,3645,A,SELL,78.4,1368,107251.20000000001
2025-02-21,3019,B,BUY,204.0,545,111180.0
2025-02-21,3645,B,BUY,78.4,1420,111328.00000000001
2025-02-21,6215,B,BUY,131.5,1411,185546.5
2025-02-27,8482,A,SELL,107.5,643,69122.5
2025-02-27,3645,A,SELL,76.2,2368,180441.6
2025-02-27,3019,B,SELL,203.0,910,184730.0
2025-02-27,2049,A,SELL,313.0,241,75433.0
2025-02-27,4991,B,SELL,127.0,1320,167640.0
2025-02-27,5203,A,SELL,129.5,575,74462.5
2025-02-27,6215,B,SELL,126.5,1411,178491.5
2025-02-27,2032,A,BUY,21.45,1564,33547.799999999996
2025-02-27,4916,A,BUY,52.5,2279,119647.5
2025-02-27,1817,A,BUY,49.85,940,46859.0
2025-02-27,3022,A,BUY,108.5,1102,119567.0
2025-02-27,2852,A,BUY,27.2,4399,119652.8
2025-02-27,6206,A,BUY,152.5,353,53832.5
2025-02-27,8234,A,BUY,91.5,534,48861.0
2025-02-27,5403,A,BUY,132.5,360,47700.0
2025-02-27,5312,A,BUY,138.5,344,47644.0
2025-02-27,8096,A,BUY,69.5,723,50248.5
2025-02-27,2516,A,BUY,22.85,5236,119642.6
2025-02-27,3019,A,BUY,203.0,589,119567.0
2025-02-27,4722,A,BUY,62.3,738,45977.4
2025-02-27,6558,A,BUY,61.6,647,39855.200000000004
2025-02-27,4164,A,BUY,58.0,761,44138.0
2025-03-07,6558,A,SELL,58.8,1942,114189.59999999999
2025-03-07,6206,A,SELL,139.0,784,108976.0
2025-03-07,8096,A,SELL,67.6,1721,116339.59999999999
2025-03-07,8234,A,SELL,90.6,1307,118414.2
2025-03-07,4164,A,SELL,52.6,2063,108513.8
2025-03-07,3019,A,SELL,175.0,589,103075.0
2025-03-07,1463,A,BUY,28.4,4129,117263.59999999999
2025-03-07,4417,A,BUY,45.2,2594,117248.8
2025-03-07,2641,A,BUY,23.5,4990,117265.0
2025-03-07,1307,A,BUY,50.8,2308,117246.4
2025-03-07,1459,A,BUY,12.3,9535,117280.5
2025-03-07,5203,A,BUY,117.0,1002,117234.0
2025-03-14,4722,A,SELL,62.1,1920,119232.0
2025-03-14,1817,A,SELL,49.0,2400,117600.0
2025-03-14,5403,A,SELL,129.5,903,116938.5
2025-03-14,4916,A,SELL,44.15,2279,100617.84999999999
2025-03-14,3022,A,SELL,98.7,1102,108767.40000000001
2025-03-14,1463,A,SELL,28.4,4129,117263.59999999999
2025-03-14,4417,A,SELL,45.6,2594,118286.40000000001
2025-03-14,2641,A,SELL,23.05,4990,115019.5
2025-03-14,1307,A,SELL,46.5,2308,107322.0
2025-03-14,5203,A,SELL,123.0,1002,123246.0
2025-03-14,2832,A,BUY,32.45,3528,114483.6
2025-03-14,2838,A,BUY,17.15,6676,114493.4
2025-03-14,9907,A,BUY,17.95,6378,114485.09999999999
2025-03-14,8930,A,BUY,40.9,2799,114479.09999999999
2025-03-14,2851,A,BUY,28.4,4031,114480.4
2025-03-14,2812,A,BUY,20.6,5558,114494.8
2025-03-14,2535,A,BUY,60.7,1886,114480.20000000001
2025-03-14,4763,A,BUY,959.0,119,114121.0
2025-03-14,2247,A,BUY,319.5,358,114381.0
2025-03-14,8234,A,BUY,91.8,1247,114474.59999999999
2025-03-21,5312,A,SELL,139.0,863,119957.0
2025-03-21,2516,A,SELL,24.25,5236,126973.0
2025-03-21,1459,A,SELL,12.5,9535,119187.5
2025-03-21,4763,A,SELL,950.0,119,113050.0
2025-03-21,2247,A,SELL,315.0,358,112770.0
2025-03-21,8234,A,SELL,90.1,1247,112354.7
2025-03-21,5530,A,BUY,80.2,1430,114686.0
2025-03-21,1451,A,BUY,22.2,5166,114685.2
2025-03-21,6227,A,BUY,137.0,837,114669.0
2025-03-21,1466,A,BUY,17.3,6629,114681.70000000001
2025-03-21,8436,A,BUY,154.5,742,114639.0
2025-03-21,4417,A,BUY,46.25,2479,114653.75
2025-03-28,2032,A,SELL,18.6,5578,103750.8
2025-03-28,8930,A,SELL,37.35,2799,104542.65000000001
2025-03-28,2851,A,SELL,27.7,4031,111658.7
2025-03-28,2535,A,SELL,59.0,1886,111274.0
2025-03-28,5530,A,SELL,76.3,1430,109109.0
2025-03-28,6227,A,SELL,109.0,837,91233.0
2025-03-28,1466,A,SELL,16.85,6629,111698.65000000001
2025-03-28,4417,A,SELL,45.25,2479,112174.75
2025-03-28,2468,A,BUY,57.5,1924,110630.0
2025-03-28,2539,A,BUY,65.7,1684,110638.8
2025-03-28,9927,A,BUY,75.3,1469,110615.7
2025-03-28,8422,A,BUY,194.0,570,110580.0
2025-03-28,2547,A,BUY,13.85,7990,110661.5
2025-03-28,5439,A,BUY,187.5,590,110625.0
2025-03-28,4303,A,BUY,88.8,1246,110644.8
2025-03-28,5312,A,BUY,143.5,771,110638.5
2025-04-02,1451,A,SELL,21.5,5166,111069.0
2025-04-02,8436,A,SELL,151.5,742,112413.0
2025-04-02,5312,A,SELL,134.5,771,103699.5
2025-04-02,1459,A,BUY,12.9,8393,108269.7
2025-04-02,1466,A,BUY,17.1,6332,108277.20000000001
2025-04-02,5530,A,BUY,77.0,1406,108262.0
2025-04-11,2852,A,SELL,27.0,4399,118773.0
2025-04-11,2832,A,SELL,31.9,3528,112543.2
2025-04-11,2838,A,SELL,16.2,6676,108151.2
2025-04-11,9907,A,SELL,16.35,6378,104280.3
2025-04-11,2812,A,SELL,19.1,5558,106157.8
2025-04-11,2539,A,SELL,59.9,1684,100871.59999999999
2025-04-11,9927,A,SELL,69.0,1469,101361.0
2025-04-11,8422,A,SELL,185.0,570,105450.0
2025-04-11,2547,A,SELL,12.1,7990,96679.0
2025-04-11,4303,A,SELL,64.8,1246,80740.8
2025-04-11,1459,A,SELL,11.25,8393,94421.25
2025-04-11,1466,A,SELL,12.95,6332,81999.4
2025-04-11,5530,A,SELL,71.0,1406,99826.0
2025-04-11,2468,A,BUY,51.2,12296,629555.2000000001
2025-04-11,5439,A,BUY,149.0,4296,640104.0
2025-04-18,5439,A,SELL,133.5,4886,652281.0
2025-04-18,2468,A,BUY,61.0,10611,647271.0
2025-05-23,2615,A,BUY,126.5,630,79695.0
2025-05-23,2468,A,SELL,67.1,16591,1113256.0999999999
2025-05-29,1419,A,BUY,71.5,7447,532460.5
2025-05-29,2615,A,BUY,108.0,4300,464400.0
2025-06-06,1419,A,SELL,70.9,1892,134142.80000000002
2025-06-06,6191,A,BUY,79.1,3121,246871.09999999998
2025-06-06,2615,A,SELL,101.5,1050,106575.0
2025-06-06,2468,A,SELL,62.7,1959,122829.3
2025-06-13,2468,A,SELL,67.4,6281,423339.4
2025-06-13,6274,A,BUY,211.5,1479,312808.5
2025-06-13,2383,A,BUY,860.0,363,312180.0
2025-06-13,2615,A,SELL,101.0,781,78881.0
2025-06-20,8210,A,BUY,474.0,193,91482.0
2025-06-20,1616,A,BUY,42.65,303,12922.949999999999
2025-06-20,6274,A,SELL,208.0,1037,215696.0
2025-06-20,3017,A,BUY,734.0,125,91750.0
2025-06-20,2383,A,SELL,838.0,253,212014.0
2025-06-20,8932,A,BUY,127.0,722,91694.0
2025-06-20,6191,A,SELL,80.7,1983,160028.1
2025-06-20,1419,A,SELL,60.0,4025,241500.0
2025-06-20,2615,A,SELL,99.7,2178,217146.6
2025-06-20,2383,B,BUY,838.0,620,519560.0
2025-06-27,2615,A,SELL,92.0,921,84732.0
2025-06-27,8021,A,BUY,41.85,1869,78217.65000000001
2025-06-27,3040,A,BUY,65.4,1196,78218.40000000001
2025-06-27,6139,A,BUY,309.5,252,77994.0
2025-06-27,5234,A,BUY,274.0,285,78090.0
2025-06-27,6274,A,SELL,222.0,89,19758.0
2025-06-27,1616,A,BUY,39.6,1672,66211.2
2025-06-27,2383,A,SELL,866.0,639,553374.0
2025-06-27,1419,A,SELL,66.3,349,23138.7
2025-06-27,6191,A,SELL,88.6,254,22504.399999999998
2025-06-27,2383,B,BUY,866.0,631,546446.0
2025-07-04,8021,A,SELL,49.75,378,18805.5
2025-07-04,8210,A,SELL,487.5,40,19500.0
2025-07-04,2383,A,SELL,923.0,641,591643.0
2025-07-04,2360,A,BUY,435.0,170,73950.0
2025-07-04,3017,A,SELL,777.0,29,22533.0
2025-07-04,8932,A,SELL,132.5,162,21465.0
2025-07-04,2383,B,BUY,923.0,615,567645.0
2025-07-11,3577,A,BUY,92.5,705,65212.5
2025-07-11,2884,A,BUY,34.8,1875,65249.99999999999
2025-07-11,6274,A,SELL,253.0,95,24035.0
2025-07-11,2383,A,SELL,941.0,626,589066.0
2025-07-11,6191,A,SELL,93.0,182,16926.0
2025-07-11,2383,B,BUY,941.0,623,586243.0
2025-07-18,1419,A,SELL,59.2,1181,69915.2
2025-07-18,6191,A,SELL,91.5,702,64233.0
2025-07-18,1616,A,SELL,34.45,1975,68038.75
2025-07-18,5234,A,SELL,245.0,285,69825.0
2025-07-18,2801,A,BUY,20.6,3344,68886.40000000001
2025-07-18,8358,A,BUY,83.6,824,68886.4
2025-07-18,2404,A,BUY,759.0,90,68310.0
2025-07-18,3543,A,BUY,31.25,2204,68875.0
2025-07-18,6139,A,SELL,345.0,52,17940.0
2025-07-18,2383,A,SELL,1025.0,625,640625.0
2025-07-18,2383,B,BUY,1025.0,604,619100.0
2025-07-25,6274,A,SELL,253.5,258,65403.0
2025-07-25,2360,A,SELL,405.0,170,68850.0
2025-07-25,2884,A,SELL,32.55,1875,61031.24999999999
2025-07-25,2316,A,BUY,70.5,968,68244.0
2025-07-25,2308,A,BUY,517.0,132,68244.0
2025-07-25,6191,A,BUY,110.0,620,68200.0
2025-07-25,2383,A,SELL,994.0,603,599382.0
2025-07-25,2383,B,BUY,994.0,617,613298.0
2025-08-01,8210,A,SELL,529.0,153,80937.0
2025-08-01,3040,A,SELL,68.5,1196,81926.0
2025-08-01,6139,A,SELL,329.0,200,65800.0
2025-08-01,3577,A,SELL,101.0,705,71205.0
2025-08-01,2801,A,SELL,18.7,3344,62532.799999999996
2025-08-01,8358,A,SELL,113.0,165,18645.0
2025-08-01,3715,A,BUY,85.9,865,74303.5
2025-08-01,3708,A,BUY,124.0,599,74276.0
2025-08-01,8021,A,SELL,66.0,364,24024.0
2025-08-01,2383,A,SELL,1120.0,619,693280.0
2025-08-01,8932,A,SELL,166.5,113,18814.5
2025-08-01,3032,A,BUY,117.0,635,74295.0
2025-08-01,8046,A,BUY,176.0,422,74272.0
2025-08-01,6274,A,BUY,271.0,274,74254.0
2025-08-01,1815,B,BUY,54.8,4523,247860.4
2025-08-01,8358,B,BUY,113.0,1534,173342.0
2025-08-01,2383,B,BUY,1120.0,154,172480.0
2025-08-08,3543,A,SELL,36.2,2204,79784.8
2025-08-08,2316,A,SELL,74.7,968,72309.6
2025-08-08,6191,A,SELL,107.0,620,66340.0
2025-08-08,3032,A,SELL,108.5,635,68897.5
2025-08-08,8046,A,SELL,168.5,422,71107.0
2025-08-08,6274,A,SELL,275.0,274,75350.0
2025-08-08,5371,A,BUY,91.3,846,77239.8
2025-08-08,4916,A,BUY,62.2,1242,77252.40000000001
2025-08-08,2645,A,BUY,151.0,511,77161.0
2025-08-08,3017,A,SELL,1090.0,25,27250.0
2025-08-08,8033,A,BUY,101.0,764,77164.0
2025-08-08,2360,A,BUY,502.0,153,76806.0
2025-08-08,8358,A,SELL,125.0,1574,196750.0
2025-08-08,2383,A,SELL,1150.0,153,175950.0
2025-08-08,1815,A,SELL,55.9,3140,175526.0
2025-08-08,1815,B,BUY,55.9,2072,115824.8
2025-08-08,2308,B,BUY,637.0,171,108927.0
2025-08-08,3017,B,BUY,1090.0,106,115540.0
2025-08-08,8358,B,BUY,125.0,926,115750.0
2025-08-15,3017,A,SELL,1070.0,177,189390.0
2025-08-15,3708,A,SELL,123.0,599,73677.0
2025-08-15,5371,A,SELL,91.6,846,77493.59999999999
2025-08-15,4916,A,SELL,62.7,1242,77873.40000000001
2025-08-15,8033,A,SELL,119.5,764,91298.0
2025-08-15,2360,A,SELL,521.0,153,79713.0
2025-08-15,1815,A,SELL,78.9,2368,186835.2
2025-08-15,2308,A,SELL,686.0,178,122108.0
2025-08-15,8358,A,SELL,168.0,1034,173712.0
2025-08-15,2368,A,BUY,465.5,184,85652.0
2025-08-15,2059,A,BUY,3130.0,27,84510.0
2025-08-15,8074,A,BUY,37.0,2317,85729.0
2025-08-15,2630,A,BUY,61.0,1405,85705.0
2025-08-15,2316,A,BUY,92.8,923,85654.4
2025-08-15,6805,A,BUY,1060.0,80,84800.0
2025-08-15,1815,B,BUY,78.9,1629,128528.1
2025-08-15,2308,B,BUY,686.0,187,128282.0
2025-08-15,8358,B,BUY,168.0,764,128352.0
2025-08-15,3017,B,BUY,1070.0,200,214000.0
2025-08-22,2383,A,SELL,1205.0,68,81940.0
2025-08-22,8021,A,SELL,89.2,1127,100528.40000000001
2025-08-22,2308,A,SELL,664.0,312,207168.0
2025-08-22,3715,A,SELL,103.5,865,89527.5
2025-08-22,2368,A,SELL,459.0,184,84456.0
2025-08-22,2059,A,SELL,2955.0,27,79785.0
2025-08-22,8074,A,SELL,31.9,2317,73912.3
2025-08-22,2630,A,SELL,56.0,1405,78680.0
2025-08-22,6805,A,SELL,1040.0,80,83200.0
2025-08-22,1717,A,BUY,40.05,2100,84105.0
2025-08-22,2402,A,BUY,61.1,1376,84073.6
2025-08-22,3211,A,BUY,345.0,243,83835.0
2025-08-22,2423,A,BUY,56.2,1496,84075.2
2025-08-22,4722,A,BUY,117.0,719,84123.0
2025-08-22,5371,A,BUY,103.0,816,84048.0
2025-08-22,5536,A,BUY,749.0,112,83888.0
2025-08-22,3630,A,BUY,33.75,2492,84105.0
2025-08-22,2233,A,BUY,240.5,349,83934.5
2025-08-22,5309,A,BUY,56.2,1496,84075.2
2025-08-22,8358,A,SELL,180.5,808,145844.0
2025-08-22,2308,B,BUY,664.0,316,209824.0
2025-08-22,8358,B,BUY,180.5,698,125989.0
2025-08-29,8932,A,SELL,229.5,447,102586.5
2025-08-29,8358,A,SELL,217.5,1165,253387.5
2025-08-29,2645,A,SELL,185.0,511,94535.0
2025-08-29,2316,A,SELL,114.0,923,105222.0
2025-08-29,3017,B,SELL,1010.0,200,202000.0
2025-08-29,1717,A,SELL,43.8,2100,91980.0
2025-08-29,2233,A,SELL,255.0,349,88995.0
2025-08-29,5309,A,SELL,56.2,1496,84075.2
2025-08-29,8109,A,BUY,107.0,854,91378.0
2025-08-29,3219,A,BUY,108.0,846,91368.0
2025-08-29,6209,A,BUY,39.05,2340,91377.0
2025-08-29,8033,A,BUY,170.0,537,91290.0
2025-08-29,4958,A,BUY,196.5,465,91372.5
2025-08-29,5234,A,BUY,382.0,239,91298.0
2025-08-29,2328,A,BUY,58.8,1554,91375.2
2025-08-29,3706,B,BUY,97.1,2353,228476.3
2025-08-29,6274,B,BUY,368.0,620,228160.0
2025-09-05,2404,A,SELL,1035.0,90,93150.0
2025-09-05,1815,B,SELL,61.0,2716,165676.0
2025-09-05,2402,A,SELL,56.7,1376,78019.2
2025-09-05,2423,A,SELL,57.4,1496,85870.4
2025-09-05,6209,A,SELL,37.85,2340,88569.0
2025-09-05,4958,A,SELL,174.0,465,80910.0
2025-09-05,2328,A,SELL,54.5,1554,84693.0
2025-09-05,6456,A,BUY,65.9,1316,86724.40000000001
2025-09-05,3005,A,BUY,163.5,530,86655.0
2025-09-05,6753,A,BUY,180.5,480,86640.0
2025-09-05,6442,A,BUY,934.0,92,85928.0
2025-09-05,2645,A,BUY,193.0,449,86657.0
2025-09-05,2630,A,BUY,67.8,1279,86716.2
2025-09-12,4722,A,SELL,123.5,719,88796.5
2025-09-12,5371,A,SELL,119.5,816,97512.0
2025-09-12,5536,A,SELL,904.0,112,101248.0
2025-09-12,8109,A,SELL,104.0,854,88816.0
2025-09-12,3219,A,SELL,98.6,846,83415.59999999999
2025-09-12,3706,B,SELL,87.9,2353,206828.7
2025-09-12,6456,A,SELL,63.1,1316,83039.6
2025-09-12,3005,A,SELL,158.5,530,84005.0
2025-09-12,6753,A,SELL,184.0,480,88320.0
2025-09-12,6442,A,SELL,901.0,92,82892.0
2025-09-12,2645,A,SELL,185.5,449,83289.5
2025-09-12,2630,A,SELL,63.0,1279,80577.0
2025-09-12,2614,A,BUY,22.2,3888,86313.59999999999
2025-09-12,5309,A,BUY,71.8,1202,86303.59999999999
2025-09-12,2308,A,SELL,837.0,212,177444.0
2025-09-12,2476,A,BUY,112.5,767,86287.5
2025-09-12,6525,A,BUY,81.7,1056,86275.2
2025-09-12,5490,A,BUY,36.35,2374,86294.90000000001
2025-09-12,3653,A,BUY,2310.0,37,85470.0
2025-09-12,8358,A,BUY,233.5,369,86161.5
2025-09-12,6143,A,BUY,146.0,591,86286.0
2025-09-12,2374,A,BUY,95.3,905,86246.5
2025-09-12,2345,A,BUY,1105.0,78,86190.0
2025-09-12,8358,B,BUY,233.5,555,129592.5
2025-09-12,2308,B,BUY,837.0,153,128061.0
2025-09-12,3017,B,BUY,1050.0,205,215250.0
2025-09-19,3211,A,SELL,353.5,243,85900.5
2025-09-19,3630,A,SELL,36.15,2492,90085.8
2025-09-19,8033,A,SELL,140.0,537,75180.0
2025-09-19,5234,A,SELL,381.0,239,91059.0
2025-09-19,5309,A,SELL,65.8,1202,79091.59999999999
2025-09-19,2476,A,SELL,110.0,767,84370.0
2025-09-19,5490,A,SELL,32.9,2374,78104.59999999999
2025-09-19,8358,A,SELL,230.5,924,212982.0
2025-09-19,6143,A,SELL,147.0,591,86877.0
2025-09-19,2374,A,SELL,84.5,905,76472.5
2025-09-19,2345,A,SELL,1015.0,78,79170.0
2025-09-19,3260,A,BUY,139.0,596,82844.0
2025-09-19,2308,A,SELL,888.0,163,144744.0
2025-09-19,8299,A,BUY,722.0,114,82308.0
2025-09-19,5289,A,BUY,352.5,235,82837.5
2025-09-19,2360,A,BUY,598.0,138,82524.0
2025-09-19,6449,A,BUY,190.0,436,82840.0
2025-09-19,6209,A,BUY,39.95,2076,82936.20000000001
2025-09-19,4966,A,BUY,780.0,106,82680.0
2025-09-19,3005,A,BUY,159.0,521,82839.0
2025-09-19,2059,A,BUY,3335.0,24,80040.0
2025-09-19,1504,A,BUY,80.8,1026,82900.8
2025-09-19,2317,A,BUY,214.0,387,82818.0
2025-09-19,8358,B,BUY,230.5,899,207219.5
2025-09-19,2308,B,BUY,888.0,139,123432.0
2025-09-26,6274,B,SELL,298.0,620,184760.0
2025-09-26,3653,A,SELL,2195.0,37,81215.0
2025-09-26,2360,A,SELL,564.0,138,77832.0
2025-09-26,6449,A,SELL,186.5,436,81314.0
2025-09-26,6209,A,SELL,35.75,2076,74217.0
2025-09-26,4966,A,SELL,749.0,106,79394.0
2025-09-26,3005,A,SELL,153.0,521,79713.0
2025-09-26,2059,A,SELL,3100.0,24,74400.0
2025-09-26,2308,A,SELL,848.0,138,117024.0
2025-09-26,4722,A,BUY,175.0,458,80150.0
2025-09-26,6488,A,BUY,458.0,175,80150.0
2025-09-26,3625,A,BUY,24.25,3308,80219.0
2025-09-26,3026,A,BUY,94.0,853,80182.0
2025-09-26,4749,A,BUY,902.0,88,79376.0
2025-09-26,2850,A,BUY,119.0,674,80206.0
2025-09-26,8046,A,BUY,219.0,366,80154.0
2025-09-26,2308,B,BUY,848.0,141,119568.0
2025-09-26,2301,B,BUY,163.5,1226,200451.0
2025-10-03,2614,A,SELL,20.8,3888,80870.40000000001
2025-10-03,3017,B,SELL,1165.0,205,238825.0
2025-10-03,5289,A,SELL,339.5,235,79782.5
2025-10-03,4749,A,SELL,893.0,88,78584.0
2025-10-03,8046,A,SELL,254.0,366,92964.0
2025-10-03,6138,A,BUY,222.0,398,88356.0
2025-10-03,1504,A,SELL,113.5,246,27921.0
2025-10-03,2308,A,SELL,942.0,142,133764.0
2025-10-03,8021,A,BUY,120.0,737,88440.0
2025-10-03,2360,A,BUY,639.0,138,88182.0
2025-10-03,3653,A,BUY,2380.0,37,88060.0
2025-10-03,2308,B,BUY,942.0,140,131880.0
2025-10-03,3706,B,BUY,90.4,2447,221208.80000000002
2025-10-09,6525,A,SELL,80.8,1056,85324.8
2025-10-09,2317,A,SELL,221.5,387,85720.5
2025-10-09,2850,A,SELL,117.0,674,78858.0
2025-10-09,6138,A,SELL,216.0,398,85968.0
2025-10-09,2360,A,SELL,622.0,138,85836.0
2025-10-09,3653,A,SELL,2300.0,37,85100.0
2025-10-09,3706,B,SELL,95.5,2447,233688.5
2025-10-09,2308,A,SELL,999.0,144,143856.0
2025-10-09,3231,A,BUY,151.0,592,89392.0
2025-10-09,8046,A,BUY,265.0,337,89305.0
2025-10-09,6449,A,BUY,211.5,422,89253.0
2025-10-09,6209,A,BUY,43.05,2077,89414.84999999999
2025-10-09,2059,A,BUY,3745.0,23,86135.0
2025-10-09,2330,B,BUY,1440.0,155,223200.0
2025-10-09,2308,B,BUY,999.0,133,132867.0
2025-10-17,6488,A,SELL,490.0,175,85750.0
2025-10-17,3625,A,SELL,29.85,3308,98743.8
2025-10-17,2301,B,SELL,165.5,1226,202903.0
2025-10-17,8021,A,SELL,99.9,737,73626.3
2025-10-17,3231,A,SELL,136.5,592,80808.0
2025-10-17,6449,A,SELL,198.5,422,83767.0
2025-10-17,6209,A,SELL,39.55,2077,82145.34999999999
2025-10-17,8271,A,BUY,113.5,764,86714.0
2025-10-17,3260,A,SELL,188.0,134,25192.0
2025-10-17,4967,A,BUY,128.0,677,86656.0
2025-10-17,1795,A,BUY,299.5,289,86555.5
2025-10-17,2308,A,SELL,999.0,136,135864.0
2025-10-17,5289,A,BUY,413.0,210,86730.0
2025-10-17,6139,A,BUY,429.0,202,86658.0
2025-10-17,2360,A,BUY,662.0,131,86722.0
2025-10-17,2308,B,BUY,999.0,130,129870.0
2025-10-17,3706,B,BUY,91.4,2373,216892.2
2025-10-23,8299,A,SELL,880.0,114,100320.0
2025-10-23,1504,A,SELL,114.0,780,88920.0
2025-10-23,2059,A,SELL,3780.0,23,86940.0
2025-10-23,1795,A,SELL,284.5,289,82220.5
2025-10-23,6139,A,SELL,420.5,202,84941.0
2025-10-23,2360,A,SELL,692.0,131,90652.0
2025-10-23,8103,A,BUY,80.3,1081,86804.3
2025-10-23,2211,A,BUY,112.0,775,86800.0
2025-10-23,2838,A,BUY,20.25,4288,86832.0
2025-10-23,3002,A,BUY,24.15,3595,86819.25
2025-10-23,8996,A,BUY,505.0,171,86355.0
2025-10-23,2308,A,SELL,1010.0,131,132310.0
2025-10-23,3543,A,BUY,42.65,2035,86792.75
2025-10-23,3625,A,BUY,34.5,2516,86802.0
2025-10-23,2308,B,BUY,1010.0,128,129280.0
2025-10-31,8358,B,SELL,234.5,899,210815.5
2025-10-31,4722,A,SELL,181.0,458,82898.0
2025-10-31,8046,A,SELL,290.5,337,97898.5
2025-10-31,8271,A,SELL,103.5,764,79074.0
2025-10-31,4967,A,SELL,135.0,677,91395.0
2025-10-31,5289,A,SELL,431.0,210,90510.0
2025-10-31,3706,B,SELL,100.0,2373,237300.0
2025-10-31,2211,A,SELL,106.5,775,82537.5
2025-10-31,2838,A,SELL,18.55,4288,79542.40000000001
2025-10-31,3002,A,SELL,22.45,3595,80707.75
2025-10-31,3625,A,SELL,27.7,2516,69693.2
2025-10-31,8210,A,BUY,927.0,95,88065.0
2025-10-31,2327,A,BUY,249.0,356,88644.0
2025-10-31,8299,A,BUY,1065.0,83,88395.0
2025-10-31,6411,A,BUY,99.9,889,88811.1
2025-10-31,4764,A,BUY,73.5,1209,88861.5
2025-10-31,8112,A,BUY,66.0,1346,88836.0
2025-10-31,2317,A,BUY,257.5,345,88837.5
2025-10-31,2059,A,BUY,4110.0,21,86310.0
2025-10-31,2472,A,BUY,109.0,815,88835.0
2025-10-31,2375,A,BUY,93.8,947,88828.59999999999
2025-10-31,3017,B,BUY,1425.0,155,220875.0
2025-10-31,1504,B,BUY,116.5,1906,222049.0
2025-11-07,3260,A,SELL,195.0,462,90090.0
2025-11-07,3543,A,SELL,49.3,2035,100325.5
2025-11-07,8210,A,SELL,1010.0,95,95950.0
2025-11-07,6411,A,SELL,81.9,889,72809.1
2025-11-07,2317,A,SELL,244.0,345,84180.0
2025-11-07,2472,A,SELL,99.1,815,80766.5
2025-11-07,2375,A,SELL,85.3,947,80779.09999999999
2025-11-07,1504,B,SELL,109.0,1906,207754.0
2025-11-07,2515,A,BUY,17.0,5087,86479.0
2025-11-07,6290,A,BUY,191.0,452,86332.0
2025-11-07,3711,A,BUY,228.5,378,86373.0
2025-11-07,2211,A,BUY,113.0,765,86445.0
2025-11-07,5289,A,BUY,456.0,189,86184.0
2025-11-07,4967,A,BUY,137.0,631,86447.0
2025-11-07,6669,B,BUY,4075.0,53,215975.0
2025-11-14,3026,A,SELL,105.5,853,89991.5
2025-11-14,4764,A,SELL,70.7,1209,85476.3
2025-11-14,2059,A,SELL,3715.0,21,78015.0
2025-11-14,2211,A,SELL,109.0,765,83385.0
2025-11-14,6669,B,SELL,4280.0,53,226840.0
2025-11-14,6021,A,BUY,26.85,3197,85839.45000000001
2025-11-14,3260,A,BUY,213.5,402,85827.0
2025-11-14,1815,A,BUY,89.0,964,85796.0
2025-11-14,3709,A,BUY,60.8,1411,85788.8
2025-11-14,8271,A,BUY,114.0,753,85842.0
2025-11-14,3090,A,BUY,90.4,949,85789.6
2025-11-14,1815,B,BUY,89.0,1447,128783.0
2025-11-21,8103,A,SELL,72.3,1081,78156.3
2025-11-21,8112,A,SELL,68.2,1346,91797.2
2025-11-21,2515,A,SELL,14.75,5087,75033.25
2025-11-21,4967,A,SELL,126.0,631,79506.0
2025-11-21,6021,A,SELL,25.2,3197,80564.4
2025-11-21,3260,A,SELL,173.5,402,69747.0
2025-11-21,8271,A,SELL,95.8,753,72137.4
2025-11-21,3090,A,SELL,83.0,949,78767.0
2025-11-21,6023,A,BUY,93.9,839,78782.1
2025-11-21,6209,A,BUY,55.4,1422,78778.8
2025-11-21,2451,A,BUY,186.5,422,78703.0
2025-11-21,1303,A,BUY,52.5,1500,78750.0
2025-11-21,5515,A,BUY,30.95,2545,78767.75
2025-11-21,3622,A,BUY,67.5,1167,78772.5
2025-11-21,6265,A,BUY,16.25,4848,78780.0
2025-11-21,2375,A,BUY,93.2,845,78754.0
2025-11-21,1815,A,SELL,81.9,1449,118673.1
2025-11-21,2408,B,BUY,140.0,1359,190260.0
2025-11-28,2308,B,SELL,932.0,214,199448.0
2025-11-28,8996,A,SELL,515.0,171,88065.0
2025-11-28,8299,A,SELL,1120.0,83,92960.0
2025-11-28,5289,A,SELL,493.5,189,93271.5
2025-11-28,1815,A,SELL,81.7,962,78595.40000000001
2025-11-28,3709,A,SELL,54.6,1411,77040.6
2025-11-28,2375,A,SELL,93.6,845,79092.0
2025-11-28,8390,A,BUY,86.5,953,82434.5
2025-11-28,1795,A,BUY,312.0,264,82368.0
2025-11-28,2211,A,BUY,118.0,699,82482.0
2025-11-28,2838,A,BUY,19.75,4176,82476.0
2025-11-28,2472,A,BUY,106.5,774,82431.0
2025-11-28,8299,B,BUY,1120.0,184,206080.0
2025-12-05,3017,B,SELL,1385.0,155,214675.0
2025-12-05,6290,A,SELL,169.5,452,76614.0
2025-12-05,2451,A,SELL,176.5,422,74483.0
2025-12-05,3622,A,SELL,64.0,1167,74688.0
2025-12-05,1795,A,SELL,297.5,264,78540.0
2025-12-05,2838,A,SELL,19.5,4176,81432.0
2025-12-05,2472,A,SELL,103.5,774,80109.0
2025-12-05,8299,B,SELL,1080.0,184,198720.0
2025-12-05,6163,A,BUY,43.45,1891,82163.95000000001
2025-12-05,6220,A,BUY,26.05,3155,82187.75
2025-12-05,3709,A,BUY,54.1,1519,82177.90000000001
2025-12-05,3002,A,BUY,26.4,3113,82183.2
2025-12-05,6021,A,BUY,25.7,3198,82188.59999999999
2025-12-05,2375,A,BUY,95.1,864,82166.4
2025-12-05,2344,B,BUY,61.8,3325,205485.0
2025-12-05,1303,B,BUY,63.4,1741,110379.4
2025-12-12,2211,A,SELL,113.0,699,78987.0
2025-12-12,3709,A,SELL,56.6,1519,85975.40000000001
2025-12-12,6021,A,SELL,25.05,3198,80109.90000000001
2025-12-12,2375,A,SELL,93.2,864,80524.8
2025-12-12,3090,A,BUY,104.5,818,85481.0
2025-12-12,2491,A,BUY,20.2,4235,85547.0
2025-12-12,6290,A,BUY,183.5,466,85511.0
2025-12-12,1303,A,SELL,61.1,1840,112424.0
2025-12-12,8112,A,BUY,73.4,1165,85511.0
2025-12-12,1303,B,BUY,61.1,2099,128248.90000000001
2025-12-19,2330,B,SELL,1430.0,155,221650.0
2025-12-19,2327,A,SELL,222.0,356,79032.0
2025-12-19,3711,A,SELL,229.5,378,86751.0
2025-12-19,6209,A,SELL,62.8,1422,89301.59999999999
2025-12-19,2408,B,SELL,174.5,1359,237145.5
2025-12-19,2344,B,SELL,71.3,3325,237072.5
2025-12-19,3090,A,SELL,94.6,818,77382.79999999999
2025-12-19,6290,A,SELL,182.0,466,84812.0
2025-12-19,8112,A,SELL,70.1,1165,81666.5
2025-12-19,6603,A,BUY,28.6,4933,141083.80000000002
2025-12-19,1437,A,BUY,34.75,4060,141085.0
2025-12-19,2491,A,BUY,22.8,1953,44528.4
2025-12-19,5521,A,BUY,20.85,6767,141091.95
2025-12-19,5515,A,BUY,36.15,1358,49091.7
2025-12-19,6220,A,BUY,26.05,2261,58899.05
2025-12-19,6163,A,BUY,47.1,1104,51998.4
2025-12-19,8390,A,BUY,86.1,685,58978.49999999999
2025-12-19,6023,A,BUY,95.9,632,60608.8
2025-12-19,6265,A,BUY,20.55,2018,41469.9
2025-12-19,3163,A,BUY,354.0,398,140892.0
2025-12-19,2451,A,BUY,175.5,804,141102.0
2025-12-19,3260,A,BUY,188.5,748,140998.0
2025-12-19,3002,A,BUY,26.6,2191,58280.600000000006
2025-12-19,1303,A,SELL,59.9,1144,68525.59999999999
2025-12-26,6023,A,SELL,94.1,1471,138421.1
2025-12-26,1303,A,SELL,57.5,2356,135470.0
2025-12-26,3002,A,SELL,27.9,5304,147981.6
2025-12-26,5521,A,SELL,25.3,6767,171205.1
2025-12-26,2451,A,SELL,179.0,804,143916.0
2025-12-26,2891,A,BUY,49.8,1788,89042.4
2025-12-26,6163,A,SELL,59.6,1500,89400.0
2025-12-26,2882,A,BUY,74.8,1190,89012.0
2025-12-26,6603,A,SELL,27.2,1659,45124.799999999996
2025-12-26,1437,A,SELL,34.5,1478,50991.0
2025-12-26,6903,A,BUY,223.5,398,88953.0
2025-12-26,3163,A,SELL,391.0,170,66470.0
2025-12-26,3260,A,SELL,221.5,345,76417.5
2025-12-26,4967,A,BUY,159.5,558,89001.0
2025-12-26,5515,A,SELL,35.05,1362,47738.1
2025-12-26,6220,A,SELL,25.75,1957,50392.75
2025-12-26,8299,A,BUY,1310.0,67,87770.0
2025-12-26,6265,A,SELL,24.2,3186,77101.2
2025-12-26,8390,A,SELL,91.3,662,60440.6
2025-12-26,2491,A,SELL,21.15,1977,41813.549999999996
2025-12-26,2344,B,BUY,76.5,2910,222615.0
2025-12-26,2408,B,BUY,189.0,1177,222453.0
2025-12-26,8299,B,BUY,1310.0,102,133620.0
2025-12-26,1303,B,BUY,57.5,3871,222582.5
2026-01-02,5515,A,SELL,36.05,2541,91603.04999999999
2026-01-02,8390,A,SELL,92.2,976,89987.2
2026-01-02,6220,A,SELL,26.05,3459,90106.95
2026-01-02,2491,A,SELL,19.4,4211,81693.4
2026-01-02,1303,B,SELL,57.0,3871,220647.0
2026-01-02,6265,A,SELL,33.45,831,27796.95
2026-01-02,5498,A,BUY,53.0,1797,95241.0
2026-01-02,2413,A,BUY,46.1,2066,95242.6
2026-01-02,8299,A,SELL,1445.0,103,148835.0
2026-01-02,5521,A,BUY,24.35,3912,95257.20000000001
2026-01-02,5289,A,BUY,595.0,160,95200.0
2026-01-02,8299,B,BUY,1445.0,98,141610.0
2026-01-02,8021,B,BUY,189.5,1256,238012.0
2026-01-09,6163,A,SELL,59.7,1495,89251.5
2026-01-09,1437,A,SELL,32.9,2582,84947.8
2026-01-09,3163,A,SELL,371.5,228,84702.0
2026-01-09,2891,A,SELL,49.7,1788,88863.6
2026-01-09,2882,A,SELL,75.9,1190,90321.0
2026-01-09,6903,A,SELL,229.0,398,91142.0
2026-01-09,5498,A,SELL,51.2,1797,92006.40000000001
2026-01-09,2413,A,SELL,43.0,2066,88838.0
2026-01-09,5521,A,SELL,24.25,3912,94866.0
2026-01-09,5289,A,SELL,618.0,160,98880.0
2026-01-09,8021,B,SELL,215.5,1256,270668.0
2026-01-09,8438,A,BUY,50.8,1942,98653.59999999999
2026-01-09,3006,A,BUY,136.0,725,98600.0
2026-01-09,2344,A,SELL,97.8,1901,185917.8
2026-01-09,4720,A,BUY,17.6,5605,98648.00000000001
2026-01-09,3491,A,BUY,780.0,126,98280.0
2026-01-09,8299,A,SELL,1630.0,103,167890.0
2026-01-09,2451,A,BUY,241.5,408,98532.0
2026-01-09,8110,A,BUY,71.4,1381,98603.40000000001
2026-01-09,6205,A,BUY,60.2,1638,98607.6
2026-01-09,2330,B,BUY,1680.0,146,245280.0
2026-01-09,2344,B,BUY,97.8,1512,147873.6
2026-01-09,8299,B,BUY,1630.0,90,146700.0
2026-01-16,6603,A,SELL,30.95,3274,101330.3
2026-01-16,3260,A,SELL,294.5,403,118683.5
2026-01-16,4967,A,SELL,203.5,558,113553.0
2026-01-16,3006,A,SELL,154.5,725,112012.5
2026-01-16,4720,A,SELL,17.75,5605,99488.75
2026-01-16,2451,A,SELL,254.0,408,103632.0
2026-01-16,6205,A,SELL,57.8,1638,94676.4
2026-01-16,1789,A,BUY,26.25,4065,106706.25
2026-01-16,5498,A,BUY,70.0,1524,106680.0
2026-01-16,6265,A,SELL,47.9,621,29745.899999999998
2026-01-16,3481,A,BUY,26.6,4011,106692.6
2026-01-16,3711,A,BUY,303.5,351,106528.5
2026-01-16,6016,A,BUY,15.95,6690,106705.5
2026-01-16,6163,A,BUY,71.8,1486,106694.8
2026-01-16,3669,A,BUY,40.4,2641,106696.4
2026-01-16,3264,A,BUY,141.5,754,106691.0
2026-01-16,8422,A,BUY,42.1,2534,106681.40000000001
2026-01-16,8299,A,SELL,1890.0,94,177660.0
2026-01-16,8299,B,BUY,1890.0,84,158760.0
2026-01-23,8299,A,SELL,2000.0,141,282000.0
2026-01-23,8110,A,SELL,75.5,1381,104265.5
2026-01-23,1789,A,SELL,25.5,4065,103657.5
2026-01-23,3481,A,SELL,24.0,4011,96264.0
2026-01-23,3711,A,SELL,307.5,351,107932.5
2026-01-23,6163,A,SELL,68.0,1486,101048.0
2026-01-23,3669,A,SELL,38.2,2641,100886.20000000001
2026-01-23,3264,A,SELL,151.0,754,113854.0
2026-01-23,8422,A,SELL,40.4,2534,102373.59999999999
2026-01-23,3491,A,SELL,1080.0,25,27000.0
2026-01-23,3037,A,BUY,339.0,318,107802.0
2026-01-23,5347,A,BUY,146.5,737,107970.5
2026-01-23,5864,A,BUY,21.8,4958,108084.40000000001
2026-01-23,2303,A,BUY,64.8,1668,108086.4
2026-01-23,5340,A,BUY,94.5,1143,108013.5
2026-01-23,5289,A,BUY,745.0,145,108025.0
2026-01-23,1717,A,BUY,63.8,1694,108077.2
2026-01-23,1526,A,BUY,21.2,5099,108098.8
2026-01-23,6026,A,BUY,14.75,7329,108102.75
2026-01-23,2303,B,BUY,64.8,2502,162129.6
2026-01-30,6265,A,SELL,46.05,2228,102599.4
2026-01-30,5498,A,SELL,59.8,1524,91135.2
2026-01-30,5347,A,SELL,143.5,737,105759.5
2026-01-30,2303,A,SELL,62.4,4170,260208.0
2026-01-30,5340,A,SELL,94.5,1143,108013.5
2026-01-30,1717,A,SELL,61.7,1694,104519.8
2026-01-30,1526,A,SELL,20.3,5099,103509.7
2026-01-30,4534,A,BUY,23.85,4711,112357.35
2026-01-30,6021,A,BUY,31.6,3556,112369.6
2026-01-30,6285,A,BUY,185.0,607,112295.0
2026-01-30,3081,A,BUY,1000.0,112,112000.0
2026-01-30,2367,A,BUY,51.8,2169,112354.2
2026-01-30,2313,A,BUY,169.0,664,112216.0
2026-01-30,4533,A,BUY,36.8,3053,112350.4
2026-01-30,8436,A,BUY,151.5,741,112261.5
2026-01-30,2454,A,BUY,1760.0,63,110880.0
2026-01-30,2408,B,SELL,326.5,316,103174.0
2026-01-30,2303,B,BUY,62.4,4502,280924.8
2026-02-06,2344,B,SELL,97.8,2521,246553.8
2026-02-06,8438,A,SELL,52.7,1942,102343.40000000001
2026-02-06,6016,A,SELL,15.75,6690,105367.5
2026-02-06,6026,A,SELL,14.45,7329,105904.04999999999
2026-02-06,4534,A,SELL,21.4,4711,100815.4
2026-02-06,4533,A,SELL,32.85,3053,100291.05
2026-02-06,8436,A,SELL,141.5,741,104851.5
2026-02-06,1590,A,BUY,1195.0,87,103965.0
2026-02-06,6220,A,BUY,30.05,3475,104423.75
2026-02-06,5340,A,BUY,102.0,1023,104346.0
2026-02-06,6446,A,BUY,723.0,144,104112.0
2026-02-06,8046,A,BUY,379.0,275,104225.0
2026-02-06,3037,B,BUY,340.0,449,152660.0
2026-02-11,2330,B,SELL,1915.0,146,279590.0
2026-02-11,5289,A,SELL,726.0,145,105270.0
2026-02-11,6285,A,SELL,172.0,607,104404.0
2026-02-11,5340,A,SELL,99.8,1023,102095.4
2026-02-11,3491,A,SELL,1400.0,23,32200.0
2026-02-11,3163,A,BUY,589.0,184,108376.0
2026-02-11,3711,A,BUY,354.5,306,108477.0
2026-02-11,6202,A,BUY,56.5,1921,108536.5
2026-02-11,3037,A,SELL,369.0,472,174168.0
2026-02-11,3037,B,BUY,369.0,440,162360.0
2026-02-11,2344,B,BUY,105.5,2572,271346.0
2026-02-11,3037,A,SELL,369.0,440,162360.0
2026-02-11,3037,B,BUY,369.0,440,162360.0
2026-02-26,2367,A,SELL,64.5,2169,139900.5
2026-02-26,2313,A,SELL,204.5,664,135788.0
2026-02-26,2454,A,SELL,1945.0,63,122535.0
2026-02-26,2303,B,SELL,65.4,4502,294430.80000000005
2026-02-26,1590,A,SELL,1205.0,87,104835.0
2026-02-26,6446,A,SELL,724.0,144,104256.0
2026-02-26,5475,A,BUY,212.5,575,122187.5
2026-02-26,2897,A,BUY,9.8,12488,122382.40000000001
2026-02-26,4534,A,BUY,29.5,4148,122366.0
2026-02-26,3037,A,SELL,481.5,480,231120.0
2026-02-26,6016,A,BUY,18.05,6780,122379.0
2026-02-26,6285,A,BUY,187.0,654,122298.0
2026-02-26,3037,B,BUY,481.5,380,182970.0
2026-02-26,8299,B,BUY,1890.0,161,304290.0
2026-03-06,3491,A,SELL,1310.0,78,102180.0
2026-03-06,6021,A,SELL,32.5,3556,115570.0
2026-03-06,8046,A,SELL,469.5,275,129112.5
2026-03-06,3711,A,SELL,342.0,306,104652.0
2026-03-06,6016,A,SELL,16.7,6780,113226.0
2026-03-06,6285,A,SELL,166.0,654,108564.0
2026-03-06,8299,B,SELL,1770.0,161,284970.0
2026-03-06,6220,A,SELL,41.95,748,31378.600000000002
2026-03-06,6187,A,BUY,590.0,193,113870.0
2026-03-06,2367,A,BUY,69.0,1657,114333.0
2026-03-06,3081,A,SELL,1500.0,35,52500.0
2026-03-06,3363,A,BUY,592.0,193,114256.0
2026-03-06,4991,A,BUY,343.0,333,114219.0
2026-03-06,3037,A,SELL,432.0,370,159840.0
2026-03-06,2313,A,BUY,203.0,563,114289.0
2026-03-06,2408,B,BUY,233.0,366,85278.0
2026-03-06,3037,B,BUY,432.0,397,171504.0
2026-03-06,2313,B,BUY,203.0,845,171535.0
2026-03-13,2408,B,SELL,238.0,1227,292026.0
2026-03-13,5864,A,SELL,23.7,4958,117504.59999999999
2026-03-13,6202,A,SELL,53.9,1921,103541.9
2026-03-13,3363,A,SELL,624.0,193,120432.0
2026-03-13,4991,A,SELL,331.5,333,110389.5
2026-03-13,2313,A,SELL,211.5,1408,297792.0
2026-03-13,3036,A,BUY,235.5,504,118692.0
2026-03-13,1582,A,BUY,90.3,1314,118654.2
2026-03-13,6217,A,BUY,136.0,872,118592.0
2026-03-13,3163,A,SELL,888.0,50,44400.0
2026-03-13,3481,A,BUY,29.7,3996,118681.2
2026-03-13,5289,A,BUY,1015.0,116,117740.0
2026-03-13,2006,A,BUY,77.7,1527,118647.90000000001
2026-03-13,3037,A,SELL,508.0,428,217424.0
2026-03-13,2330,B,BUY,1865.0,159,296535.0
2026-03-13,3481,B,BUY,29.7,5995,178051.5
2026-03-13,3037,B,BUY,508.0,350,177800.0
2026-03-20,3081,A,SELL,1640.0,77,126280.0
2026-03-20,6220,A,SELL,33.5,2727,91354.5
2026-03-20,5475,A,SELL,206.5,575,118737.5
2026-03-20,4534,A,SELL,28.6,4148,118632.8
2026-03-20,3481,A,SELL,26.25,9991,262263.75
2026-03-20,2006,A,SELL,70.5,1527,107653.5
2026-03-20,3702,A,BUY,91.4,1326,121196.40000000001
2026-03-20,6217,A,SELL,190.0,233,44270.0
2026-03-20,2243,A,BUY,19.5,6217,121231.5
2026-03-20,6187,A,SELL,819.0,44,36036.0
2026-03-20,3037,A,SELL,554.0,365,202210.0
2026-03-20,3006,A,BUY,195.5,620,121210.0
2026-03-20,3363,A,BUY,734.0,165,121110.0
2026-03-20,8046,A,BUY,541.0,224,121184.0
2026-03-20,3481,B,BUY,26.25,11546,303082.5
2026-03-20,2313,B,BUY,222.0,1365,303030.0
2026-03-27,3037,A,SELL,505.0,219,110595.0
2026-03-27,3163,A,SELL,854.0,134,114436.0
2026-03-27,2344,B,SELL,92.4,2572,237652.80000000002
2026-03-27,5289,A,SELL,960.0,116,111360.0
2026-03-27,3006,A,SELL,172.0,620,106640.0
2026-03-27,3363,A,SELL,642.0,165,105930.0
2026-03-27,2485,A,BUY,80.4,1493,120037.20000000001
2026-03-27,4991,A,BUY,446.0,269,119974.0
2026-03-27,2313,A,SELL,270.0,920,248400.0
2026-03-27,3081,A,BUY,1720.0,69,118680.0
2026-03-27,5475,A,BUY,213.5,562,119987.0
2026-03-27,2308,B,BUY,1510.0,198,298980.0
2026-04-02,2367,A,SELL,71.5,1657,118475.5
2026-04-02,3036,A,SELL,224.0,504,112896.0
2026-04-02,2330,B,SELL,1810.0,159,287790.0
2026-04-02,8046,A,SELL,568.0,224,127232.0
2026-04-02,1905,A,BUY,15.05,7899,118879.95000000001
2026-04-02,3583,A,BUY,461.0,257,118477.0
2026-04-02,6451,A,BUY,295.5,402,118791.0
2026-04-02,1785,A,BUY,88.1,1349,118846.9
2026-04-02,2313,B,BUY,260.0,698,181480.0
2026-04-02,3017,B,BUY,2070.0,143,296010.0
2026-04-10,6187,A,SELL,974.0,149,145126.0
2026-04-10,1582,A,SELL,97.2,1314,127720.8
2026-04-10,3481,B,SELL,26.0,11546,300196.0
2026-04-10,2485,A,SELL,73.5,1493,109735.5
2026-04-10,2308,B,SELL,1735.0,198,343530.0
2026-04-10,1905,A,SELL,14.3,7899,112955.70000000001
2026-04-10,3017,B,SELL,2265.0,143,323895.0
2026-04-10,3583,A,SELL,673.0,57,38361.0
2026-04-10,3163,A,BUY,1260.0,106,133560.0
2026-04-10,6451,A,SELL,432.0,91,39312.0
2026-04-10,6208,A,BUY,55.0,2440,134200.0
2026-04-10,6285,A,BUY,225.5,595,134172.5
2026-04-10,2313,A,SELL,286.0,673,192478.0
2026-04-10,8046,A,BUY,667.0,201,134067.0
2026-04-10,2313,B,BUY,286.0,703,201058.0
2026-04-10,3105,B,BUY,464.0,723,335472.0
2026-04-10,8046,B,BUY,667.0,302,201434.0
2026-04-10,3037,B,BUY,638.0,526,335588.0
2026-04-17,2897,A,SELL,10.2,12488,127377.59999999999
2026-04-17,6217,A,SELL,244.0,639,155916.0
2026-04-17,2243,A,SELL,23.6,6217,146721.2
2026-04-17,3081,A,SELL,2600.0,69,179400.0
2026-04-17,3163,A,SELL,1225.0,106,129850.0
2026-04-17,6285,A,SELL,264.5,595,157377.5
2026-04-17,8046,A,SELL,724.0,503,364172.0
2026-04-17,3037,B,SELL,643.0,526,338218.0
2026-04-17,3026,A,BUY,233.5,628,146638.0
2026-04-17,3042,A,BUY,151.5,968,146652.0
2026-04-17,4707,A,BUY,15.05,9748,146707.4
2026-04-17,8383,A,BUY,62.4,2351,146702.4
2026-04-17,4576,A,BUY,196.0,748,146608.0
2026-04-17,1785,A,SELL,156.0,408,63648.0
2026-04-17,5475,A,SELL,368.5,163,60065.5
2026-04-17,3167,A,BUY,685.0,214,146590.0
2026-04-17,5243,A,BUY,124.0,1183,146692.0
2026-04-17,6147,A,BUY,115.0,1275,146625.0
2026-04-17,2330,B,BUY,2030.0,180,365400.0
2026-04-17,8046,B,BUY,724.0,506,366344.0
2026-04-24,3702,A,SELL,97.0,1326,128622.0
2026-04-24,4991,A,SELL,596.0,269,160324.0
2026-04-24,5475,A,SELL,335.5,399,133864.5
2026-04-24,1785,A,SELL,146.0,941,137386.0
2026-04-24,3105,B,SELL,547.0,723,395481.0
2026-04-24,3026,A,SELL,216.0,628,135648.0
2026-04-24,3167,A,SELL,702.0,214,150228.0
2026-04-24,8046,B,SELL,874.0,506,442244.0
2026-04-24,6208,A,SELL,83.1,666,55344.6
2026-04-24,3081,A,BUY,2820.0,52,146640.0
2026-04-24,3229,A,BUY,37.2,3960,147312.0
2026-04-24,6147,A,SELL,145.0,258,37410.0
2026-04-24,6217,A,BUY,295.0,499,147205.0
2026-04-24,6213,A,BUY,276.0,533,147108.0
2026-04-24,2313,B,BUY,214.5,544,116688.0
2026-04-24,2308,B,BUY,2075.0,177,367275.0
2026-04-30,2313,B,SELL,244.5,1717,419806.5
2026-04-30,3583,A,SELL,792.0,200,158400.0
2026-04-30,6451,A,SELL,431.0,311,134041.0
2026-04-30,6208,A,SELL,80.0,1774,141920.0
2026-04-30,3042,A,SELL,153.0,968,148104.0
2026-04-30,4707,A,SELL,15.2,9748,148169.6
2026-04-30,8383,A,SELL,62.9,2351,147877.9
2026-04-30,4576,A,SELL,222.0,748,166056.0
2026-04-30,5243,A,SELL,105.5,1183,124806.5
2026-04-30,3081,A,SELL,2640.0,52,137280.0
2026-04-30,6217,A,SELL,278.0,499,138722.0
2026-04-30,6213,A,SELL,270.0,533,143910.0
2026-04-30,6234,A,BUY,52.8,2849,150427.19999999998
2026-04-30,1785,A,BUY,165.5,908,150274.0
2026-04-30,2243,A,BUY,27.25,5520,150420.0
2026-04-30,2454,A,BUY,2610.0,57,148770.0
2026-04-30,8046,A,BUY,1005.0,149,149745.0
2026-04-30,6789,A,BUY,576.0,261,150336.0
2026-04-30,6278,A,BUY,168.0,895,150360.0
2026-04-30,6672,A,BUY,219.0,686,150234.0
2026-04-30,6531,A,BUY,840.0,179,150360.0
2026-04-30,3167,A,BUY,861.0,174,149814.0
2026-04-30,6664,A,BUY,464.5,323,150033.5
2026-04-30,2383,A,BUY,4545.0,33,149985.0
2026-04-30,2454,B,BUY,2610.0,87,227070.0
2026-04-30,3105,B,BUY,536.0,701,375736.0
2026-05-08,1785,A,SELL,167.0,908,151636.0
2026-05-08,2243,A,SELL,23.8,5520,131376.0
2026-05-08,8046,A,SELL,854.0,149,127246.0
2026-05-08,6789,A,SELL,603.0,261,157383.0
2026-05-08,6278,A,SELL,201.0,895,179895.0
2026-05-08,6672,A,SELL,208.0,686,142688.0
2026-05-08,6531,A,SELL,875.0,179,156625.0
2026-05-08,3167,A,SELL,684.0,174,119016.0
2026-05-08,6664,A,SELL,443.0,323,143089.0
2026-05-08,3105,B,SELL,492.5,701,345242.5
2026-05-08,2454,A,SELL,3630.0,100,363000.0
2026-05-08,6274,A,BUY,1370.0,114,156180.0
2026-05-08,1597,A,BUY,173.0,905,156565.0
2026-05-08,3443,A,BUY,5210.0,30,156300.0
2026-05-08,3016,A,BUY,117.0,1338,156546.0
2026-05-08,3088,A,BUY,124.5,1257,156496.5
2026-05-08,7750,A,BUY,2545.0,61,155245.0
2026-05-08,5864,A,BUY,34.9,4487,156596.3
2026-05-08,6147,A,SELL,198.0,226,44748.0
2026-05-08,4576,A,BUY,228.0,686,156408.0
2026-05-08,6016,A,BUY,21.9,7150,156585.0
2026-05-08,4958,A,BUY,401.0,390,156390.0
2026-05-08,2454,B,BUY,3630.0,63,228690.0
2026-05-08,2313,B,BUY,253.5,1544,391404.0
2026-05-15,6147,A,SELL,205.0,791,162155.0
2026-05-15,2330,B,SELL,2265.0,180,407700.0
2026-05-15,2308,B,SELL,2075.0,177,367275.0
2026-05-15,6234,A,SELL,52.5,2849,149572.5
2026-05-15,2454,A,SELL,3260.0,107,348820.0
2026-05-15,2383,A,SELL,4615.0,33,152295.0
2026-05-15,1597,A,SELL,179.5,905,162447.5
2026-05-15,3443,A,SELL,4845.0,30,145350.0
2026-05-15,7750,A,SELL,2555.0,61,155855.0
2026-05-15,5864,A,SELL,30.2,4487,135507.4
2026-05-15,4576,A,SELL,265.5,686,182133.0
2026-05-15,6016,A,SELL,22.1,7150,158015.0
2026-05-15,4958,A,SELL,401.0,390,156390.0
2026-05-15,2313,B,SELL,235.5,1544,363612.0
2026-05-15,6173,A,BUY,155.0,975,151125.0
2026-05-15,8027,A,BUY,247.0,612,151164.0
2026-05-15,3026,A,BUY,327.0,462,151074.0
2026-05-15,3033,A,BUY,47.9,3157,151220.3
2026-05-15,5285,A,BUY,74.2,2038,151219.6
2026-05-15,2472,A,BUY,217.0,696,151032.0
2026-05-15,6278,A,BUY,220.5,685,151042.5
2026-05-15,6206,A,BUY,130.0,1163,151190.0
2026-05-15,6263,A,BUY,171.0,884,151164.0
2026-05-15,5410,A,BUY,36.95,4092,151199.40000000002
2026-05-15,6208,A,BUY,99.8,1515,151197.0
2026-05-15,6531,A,BUY,1080.0,140,151200.0
2026-05-15,2454,B,BUY,3260.0,115,374900.0
2026-05-15,2303,B,BUY,110.0,3436,377960.0
2026-05-15,4958,B,BUY,401.0,942,377742.0
2026-05-15,3037,B,BUY,821.0,460,377660.0
2026-05-22,3229,A,SELL,39.6,3960,156816.0
2026-05-22,6274,A,SELL,1455.0,114,165870.0
2026-05-22,3016,A,SELL,121.0,1338,161898.0
2026-05-22,8027,A,SELL,244.5,612,149634.0
2026-05-22,6278,A,SELL,245.0,685,167825.0
2026-05-22,6206,A,SELL,140.0,1163,162820.0
2026-05-22,6263,A,SELL,182.0,884,160888.0
2026-05-22,5410,A,SELL,38.8,4092,158769.59999999998
2026-05-22,6208,A,SELL,99.0,1515,149985.0
2026-05-22,6531,A,SELL,963.0,140,134820.0
2026-05-22,4958,B,SELL,516.0,942,486072.0
2026-05-22,3090,A,BUY,215.0,792,170280.0
2026-05-22,3577,A,BUY,145.5,1170,170235.0
2026-05-22,3048,A,BUY,74.5,2285,170232.5
2026-05-22,6166,A,BUY,127.0,1340,170180.0
2026-05-22,3209,A,BUY,78.0,2183,170274.0
2026-05-22,3624,A,BUY,91.5,1861,170281.5
2026-05-22,3026,A,SELL,476.5,104,49556.0
2026-05-22,8042,A,BUY,123.0,1384,170232.0
2026-05-22,6147,A,BUY,215.5,790,170245.0
2026-05-29,3088,A,SELL,141.0,1257,177237.0
2026-05-29,6173,A,SELL,237.0,975,231075.0
2026-05-29,3033,A,SELL,50.3,3157,158797.09999999998
2026-05-29,2303,B,SELL,144.5,3436,496502.0
2026-05-29,3037,B,SELL,1055.0,460,485300.0
2026-05-29,3090,A,SELL,229.0,792,181368.0
2026-05-29,3577,A,SELL,157.5,1170,184275.0
2026-05-29,3048,A,SELL,72.0,2285,164520.0
2026-05-29,6166,A,SELL,132.0,1340,176880.0
2026-05-29,3209,A,SELL,76.1,2183,166126.3
2026-05-29,2492,A,BUY,394.0,485,191090.0
2026-05-29,2428,A,BUY,292.0,654,190968.0
2026-05-29,3479,A,BUY,135.0,1415,191025.0
2026-05-29,2472,A,SELL,371.0,180,66780.0
2026-05-29,6182,A,BUY,99.5,1920,191040.0
2026-05-29,6175,A,BUY,103.0,1855,191065.0
2026-05-29,2327,A,BUY,738.0,258,190404.0
2026-05-29,6449,A,BUY,395.0,483,190785.0
2026-05-29,2375,A,BUY,166.5,1147,190975.5
2026-05-29,6147,A,SELL,305.5,164,50102.0
2026-05-29,2327,B,BUY,738.0,389,287082.0
2026-05-29,4958,B,BUY,515.0,927,477405.0
2026-06-05,2472,A,SELL,363.5,516,187566.0
2026-06-05,3624,A,SELL,108.0,1861,200988.0
2026-06-05,8042,A,SELL,145.5,1384,201372.0
2026-06-05,6147,A,SELL,270.0,626,169020.0
2026-06-05,2492,A,SELL,416.0,485,201760.0
2026-06-05,2428,A,SELL,283.0,654,185082.0
2026-06-05,3479,A,SELL,129.0,1415,182535.0
2026-06-05,6182,A,SELL,85.5,1920,164160.0
2026-06-05,6175,A,SELL,96.6,1855,179193.0
2026-06-05,2327,A,SELL,769.0,647,497543.0
2026-06-05,6449,A,SELL,371.0,483,179193.0
2026-06-05,2375,A,SELL,156.0,1147,178932.0
2026-06-05,4958,B,SELL,504.0,927,467208.0
2026-06-05,6207,A,BUY,144.5,1293,186838.5
2026-06-05,6016,A,BUY,36.0,5192,186912.0
2026-06-05,5864,A,BUY,53.6,3487,186903.2
2026-06-05,2855,A,BUY,59.1,3162,186874.2
2026-06-05,3528,A,BUY,138.0,1354,186852.0
2026-06-05,6015,A,BUY,22.6,8270,186902.0
2026-06-05,4973,A,BUY,171.5,1089,186763.5
2026-06-05,2883,A,BUY,27.6,6772,186907.2
2026-06-05,2881,A,BUY,118.0,1584,186912.0
2026-06-05,1563,A,BUY,65.3,2862,186888.6
2026-06-05,2885,A,BUY,65.3,2862,186888.6
2026-06-05,3481,B,BUY,53.7,8702,467297.4
2026-06-05,2327,B,BUY,769.0,607,466783.0
2026-06-05,6770,B,BUY,74.6,6264,467294.39999999997
2026-06-12,5285,A,SELL,89.7,2038,182808.6
2026-06-12,6207,A,SELL,124.0,1293,160332.0
2026-06-12,6016,A,SELL,28.45,5192,147712.4
2026-06-12,5864,A,SELL,47.2,3487,164586.40000000002
2026-06-12,2855,A,SELL,50.5,3162,159681.0
2026-06-12,3528,A,SELL,119.5,1354,161803.0
2026-06-12,6015,A,SELL,18.5,8270,152995.0
2026-06-12,2883,A,SELL,27.45,6772,185891.4
2026-06-12,1563,A,SELL,60.1,2862,172006.2
2026-06-12,2885,A,SELL,63.9,2862,182881.8
2026-06-12,6770,B,SELL,67.2,6264,420940.80000000005
2026-06-12,6890,A,BUY,256.0,703,179968.0
2026-06-12,2478,A,BUY,171.5,1049,179903.5
2026-06-12,3026,A,SELL,764.0,122,93208.0
2026-06-12,6585,A,BUY,136.0,1324,180064.0
2026-06-12,8454,A,BUY,356.5,505,180032.5
2026-06-12,5410,A,BUY,45.65,3944,180043.6
2026-06-12,5426,A,BUY,32.4,5557,180046.8
2026-06-12,2327,A,SELL,855.0,396,338580.0
2026-06-12,8163,A,BUY,42.85,4202,180055.7
2026-06-12,8926,A,BUY,74.2,2426,180009.2
2026-06-12,2882,A,BUY,100.5,1791,179995.5
2026-06-12,2303,B,BUY,133.5,3372,450162.0
2026-06-12,2327,B,BUY,855.0,315,269325.0
2026-06-18,4973,A,SELL,193.5,1089,210721.5
2026-06-18,6890,A,SELL,238.0,703,167314.0
2026-06-18,8454,A,SELL,341.0,505,172205.0
2026-06-18,5410,A,SELL,44.75,3944,176494.0
2026-06-18,8163,A,SELL,44.95,4202,188879.90000000002
2026-06-18,8926,A,SELL,79.0,2426,191654.0
2026-06-18,1714,A,BUY,20.35,9780,199023.0
2026-06-18,2327,A,SELL,1080.0,341,368280.0
2026-06-18,2492,A,BUY,561.0,354,198594.0
2026-06-18,2491,A,BUY,41.0,4854,199014.0
2026-06-18,4306,A,BUY,15.85,12556,199012.6
2026-06-18,8042,A,BUY,195.0,1020,198900.0
2026-06-18,6173,A,BUY,316.0,629,198764.0
2026-06-18,2327,B,BUY,1080.0,275,297000.0
2026-06-26,3026,A,SELL,729.0,236,172044.0
2026-06-26,6585,A,SELL,129.0,1324,170796.0
2026-06-26,5426,A,SELL,32.55,5557,180880.34999999998
2026-06-26,2882,A,SELL,106.0,1791,189846.0
2026-06-26,1714,A,SELL,18.55,9780,181419.0
2026-06-26,2491,A,SELL,39.05,4854,189548.69999999998
2026-06-26,4306,A,SELL,15.9,12556,199640.4
2026-06-26,2305,A,BUY,35.1,5429,190557.9
2026-06-26,4551,A,BUY,225.0,847,190575.0
2026-06-26,2483,A,BUY,55.7,3421,190549.7
2026-06-26,2493,A,BUY,272.0,700,190400.0
2026-06-26,2327,A,SELL,1015.0,272,276080.0
2026-06-26,2243,A,BUY,53.0,3595,190535.0
2026-06-26,6834,A,BUY,121.0,1575,190575.0
2026-06-26,3114,A,BUY,52.0,3664,190528.0
2026-06-26,5328,A,BUY,70.2,2714,190522.80000000002
2026-06-26,1303,A,BUY,148.0,1287,190476.0
2026-06-26,6197,A,BUY,364.0,523,190372.0
2026-06-26,6182,A,BUY,119.5,1594,190483.0
2026-06-26,2327,B,BUY,1015.0,170,172550.0
2026-07-03,2881,A,SELL,121.0,1584,191664.0
2026-07-03,3481,B,SELL,66.0,8702,574332.0
2026-07-03,2478,A,SELL,238.0,1049,249662.0
2026-07-03,2492,A,SELL,563.0,354,199302.0
2026-07-03,8042,A,SELL,210.5,1020,214710.0
2026-07-03,6173,A,SELL,350.5,629,220464.5
2026-07-03,2305,A,SELL,38.8,5429,210645.19999999998
2026-07-03,4551,A,SELL,265.0,847,224455.0
2026-07-03,6834,A,SELL,132.0,1575,207900.0
2026-07-03,3114,A,SELL,47.9,3664,175505.6
2026-07-03,6197,A,SELL,372.5,523,194817.5
2026-07-03,6226,A,BUY,24.0,8725,209400.0
2026-07-03,6446,A,BUY,1395.0,150,209250.0
2026-07-03,2415,A,BUY,37.9,5525,209397.5
2026-07-03,3284,A,BUY,30.15,6945,209391.75
2026-07-03,8261,A,BUY,320.0,654,209280.0
2026-07-03,8476,A,BUY,24.45,8565,209414.25
2026-07-03,2302,A,BUY,52.0,4027,209404.0
2026-07-03,4306,A,BUY,16.55,12653,209407.15000000002
2026-07-03,2327,B,BUY,1045.0,142,148390.0
2026-07-03,2344,B,BUY,184.5,2837,523426.5
2026-07-09,2493,A,SELL,274.0,700,191800.0
2026-07-09,2243,A,SELL,51.0,3595,183345.0
2026-07-09,5328,A,SELL,70.5,2714,191337.0
2026-07-09,1303,A,SELL,181.5,1287,233590.5
2026-07-09,2415,A,SELL,38.3,5525,211607.49999999997
2026-07-09,2302,A,SELL,46.35,4027,186651.45
2026-07-09,4306,A,SELL,15.5,12653,196121.5
2026-07-09,2466,A,BUY,98.5,1996,196606.0
2026-07-09,4707,A,BUY,36.25,5426,196692.5
2026-07-09,1515,A,BUY,40.15,4899,196694.85
2026-07-09,1617,A,BUY,23.5,8370,196695.0
2026-07-09,1718,A,BUY,14.2,13851,196684.19999999998
2026-07-09,2236,A,BUY,176.0,1117,196592.0
2026-07-09,6182,A,SELL,172.5,453,78142.5
2026-07-09,4716,A,BUY,22.85,8608,196692.80000000002
2026-07-09,6213,A,BUY,385.0,510,196350.0
2026-07-17,2454,B,SELL,3370.0,115,387550.0
2026-07-17,6446,A,SELL,1195.0,150,179250.0
2026-07-17,3284,A,SELL,23.8,6945,165291.0
2026-07-17,8261,A,SELL,251.0,654,164154.0
2026-07-17,8476,A,SELL,23.85,8565,204275.25
2026-07-17,2344,B,SELL,155.0,2837,439735.0
2026-07-17,2236,A,SELL,161.0,1117,179837.0
2026-07-17,4716,A,SELL,18.8,8608,161830.4
2026-07-17,6213,A,SELL,319.0,510,162690.0
2026-07-17,2466,A,SELL,122.0,554,67588.0
2026-07-17,1709,A,BUY,26.05,6750,175837.5
2026-07-17,2887,A,BUY,35.55,4946,175830.3
2026-07-17,1303,A,BUY,199.0,883,175717.0
2026-07-17,8383,A,BUY,89.0,1975,175775.0
2026-07-17,8033,A,BUY,219.0,802,175638.0
2026-07-17,3033,A,BUY,48.8,3603,175826.4
2026-07-17,3532,A,BUY,424.0,414,175536.0
2026-07-17,8050,A,BUY,57.2,3074,175832.80000000002
2026-07-17,3481,B,BUY,52.6,8357,439578.2
2026-07-17,4958,B,BUY,521.0,843,439203.0
2026-07-24,2327,B,SELL,642.0,500,321000.0
2026-07-24,2483,A,SELL,40.15,3421,137353.15
2026-07-24,6182,A,SELL,114.0,1141,130074.0
2026-07-24,6226,A,SELL,18.8,8725,164030.0
2026-07-24,4707,A,SELL,35.3,5426,191537.8
2026-07-24,1515,A,SELL,33.95,4899,166321.05000000002
2026-07-24,1617,A,SELL,18.15,8370,151915.5
2026-07-24,1718,A,SELL,11.0,13851,152361.0
2026-07-24,8033,A,SELL,187.0,802,149974.0
2026-07-24,3033,A,SELL,50.0,3603,180150.0
2026-07-24,4958,B,SELL,482.0,843,406326.0
2026-07-24,6414,A,BUY,500.0,317,158500.0
2026-07-24,2395,A,BUY,581.0,273,158613.0
2026-07-24,8476,A,BUY,23.25,6822,158611.5
2026-07-24,3577,A,BUY,146.5,1082,158513.0
2026-07-24,3479,A,BUY,156.5,1013,158534.5
2026-07-24,2377,A,BUY,146.5,1082,158513.0
2026-07-24,4939,A,BUY,62.7,2529,158568.30000000002
2026-07-24,2881,A,BUY,127.5,1244,158610.0
2026-07-24,5328,A,BUY,61.1,2596,158615.6
2026-07-24,8046,B,BUY,1110.0,357,396270.0
2026-07-24,3711,B,BUY,613.0,566,346958.0
2026-07-31,2303,B,SELL,121.0,3372,408012.0
2026-07-31,8383,A,SELL,68.5,1975,135287.5
2026-07-31,3532,A,SELL,271.5,414,112401.0
2026-07-31,8050,A,SELL,54.6,3074,167840.4
2026-07-31,3481,B,SELL,45.5,8357,380243.5
2026-07-31,8476,A,SELL,19.35,6822,132005.7
2026-07-31,3577,A,SELL,117.0,1082,126594.0
2026-07-31,3479,A,SELL,130.5,1013,132196.5
2026-07-31,4939,A,SELL,50.8,2529,128473.2
2026-07-31,8046,B,SELL,920.0,357,328440.0
2026-07-31,3711,B,SELL,555.0,566,314130.0
2026-07-31,2546,A,BUY,101.5,2492,252938.0
2026-07-31,2466,A,BUY,91.1,1334,121527.4
2026-07-31,2395,A,BUY,563.0,176,99088.0
2026-07-31,6505,A,BUY,70.8,3572,252897.59999999998
2026-07-31,2887,A,BUY,35.95,2089,75099.55
2026-07-31,6226,A,BUY,19.6,12905,252938.00000000003
2026-07-31,2881,A,BUY,130.0,701,91130.0
2026-07-31,6414,A,BUY,405.0,307,124335.0
2026-07-31,5328,A,BUY,63.8,1368,87278.4
2026-07-31,2882,A,BUY,101.5,2492,252938.0
2026-07-31,2535,A,BUY,88.2,2867,252869.4
2026-07-31,2377,A,BUY,142.0,699,99258.0
2026-07-31,1709,A,BUY,23.1,4199,96996.90000000001
2026-08-07,2395,A,SELL,634.0,198,125532.0
2026-08-07,1709,A,SELL,27.8,5233,145477.4
2026-08-07,2535,A,SELL,90.1,1103,99380.29999999999
2026-08-07,6414,A,SELL,474.0,288,136512.0
2026-08-07,2546,A,SELL,99.1,888,88000.79999999999
2026-08-07,2377,A,SELL,153.0,742,113526.0
2026-08-07,2466,A,SELL,91.4,1037,94781.8
2026-08-07,6226,A,SELL,22.05,5698,125640.90000000001
2026-08-07,2887,A,SELL,35.15,2514,88367.09999999999
2026-08-07,2881,A,SELL,127.0,693,88011.0
2026-08-07,5328,A,SELL,60.8,1350,82080.0
2026-08-07,2882,A,SELL,99.4,893,88764.20000000001
2026-08-07,6505,A,SELL,71.0,1333,94643.0
2026-08-07,1303,B,BUY,188.0,7005,1316940.0
2026-08-14,2546,A,SELL,99.8,1604,160079.19999999998
2026-08-14,2535,A,SELL,88.3,1764,155761.19999999998
2026-08-14,2395,A,BUY,683.0,220,150260.0
2026-08-14,1709,A,BUY,30.35,4901,148745.35
2026-08-14,2377,A,BUY,159.0,987,156933.0
2026-08-14,2887,A,BUY,37.75,4014,151528.5
2026-08-14,1303,A,SELL,207.5,6335,1314512.5
2026-08-14,5328,A,BUY,67.2,2181,146563.2
2026-08-14,6414,A,BUY,407.0,455,185185.0
2026-08-14,2881,A,BUY,129.5,1236,160062.0
2026-08-14,2466,A,BUY,89.7,1853,166214.1
2026-08-14,2882,A,BUY,101.5,1575,159862.5
2026-08-14,6505,A,BUY,70.9,2305,163424.5
2026-08-14,6226,A,BUY,19.05,9707,184918.35
2026-08-21,6414,A,SELL,395.0,791,312445.0
2026-08-21,2377,A,SELL,141.5,2026,286679.0
2026-08-21,2882,A,SELL,100.5,3174,318987.0
2026-08-21,2059,A,BUY,13385.0,24,321240.0
2026-08-21,2915,A,BUY,61.1,5306,324196.60000000003
2026-08-21,3605,A,BUY,108.5,2988,324198.0
2026-08-28,2059,A,SELL,14300.0,11,157300.0
2026-08-28,6226,A,SELL,34.0,11547,392598.0
2026-08-28,2615,A,BUY,111.5,1636,182414.0
2026-08-28,6108,A,BUY,25.7,7100,182470.0
2026-08-28,1303,A,SELL,220.5,725,159862.5
2026-08-28,2881,A,SELL,144.0,1220,175680.0
2026-08-28,1709,A,SELL,36.15,5569,201319.35
2026-08-28,2915,A,SELL,57.3,2121,121533.29999999999
2026-08-28,2395,A,SELL,669.0,198,132462.0
2026-08-28,3605,A,SELL,131.0,1595,208945.0
2026-08-28,2466,A,SELL,104.5,1845,192802.5
2026-08-28,2887,A,SELL,37.5,3669,137587.5
2026-08-28,6505,A,SELL,71.4,1988,141943.2
2026-08-28,5328,A,SELL,63.0,1898,119574.0
2026-08-28,1303,B,BUY,220.5,6895,1520347.5
2026-09-04,2395,A,SELL,711.0,273,194103.0
2026-09-04,5328,A,SELL,61.0,2897,176717.0
2026-09-04,3406,A,BUY,1055.0,173,182515.0
2026-09-04,3008,A,BUY,7400.0,24,177600.0
2026-09-04,1303,A,SELL,225.5,6910,1558205.0
2026-09-04,1303,B,BUY,225.5,2978,671539.0
2026-09-04,3008,B,BUY,7400.0,91,673400.0
2026-09-11,2884,A,BUY,46.3,3643,168670.9
2026-09-11,6505,A,SELL,83.6,537,44893.2
2026-09-11,1303,A,SELL,234.5,3071,720149.5
2026-09-11,3008,A,SELL,6660.0,89,592740.0
2026-09-11,1303,B,BUY,234.5,2877,674656.5
2026-09-11,3008,B,BUY,6660.0,100,666000.0
2026-09-18,6226,A,SELL,45.7,1537,70240.90000000001
2026-09-18,1303,A,SELL,238.0,2861,680918.0
2026-09-18,3008,A,SELL,6430.0,98,630140.0
2026-09-18,1303,B,BUY,238.0,2940,699720.0
2026-09-18,3008,B,BUY,6430.0,108,694440.0
2026-09-24,2881,A,SELL,150.0,1268,190200.0
2026-09-24,2059,A,SELL,12350.0,13,160550.0
2026-09-24,3008,A,SELL,6245.0,136,849320.0
2026-09-24,2305,A,BUY,62.9,2793,175679.69999999998
2026-09-24,3605,A,SELL,183.5,435,79822.5
2026-09-24,6168,A,BUY,44.0,3993,175692.0
2026-09-24,6218,A,BUY,63.6,2762,175663.2
2026-09-24,1303,A,SELL,238.0,2937,699006.0
2026-09-24,1303,B,BUY,238.0,2952,702576.0
2026-09-24,3008,B,BUY,6245.0,140,874300.0
2026-10-01,2887,A,SELL,41.25,4866,200722.5
2026-10-01,2915,A,SELL,58.3,3185,185685.5
2026-10-01,2615,A,SELL,112.5,1636,184050.0
2026-10-01,3406,A,SELL,950.0,173,164350.0
2026-10-01,6199,A,BUY,128.0,1414,180992.0
2026-10-01,5465,A,BUY,33.85,5348,181029.80000000002
2026-10-01,3443,A,BUY,7900.0,22,173800.0
2026-10-01,1709,A,SELL,53.2,1645,87514.0
2026-10-01,1303,A,SELL,254.0,2978,756412.0
2026-10-01,1303,B,BUY,254.0,2850,723900.0
